come_here,0.663218080997467,0.5420490503311157,-1.891457657166029e-07,0.7022063732147217,0.44374513626098633,0.02170080691576004,0.6955015659332275,0.3469161093235016,0.025029025971889496,0.661163866519928,0.287833034992218,0.023159440606832504,0.6217868328094482,0.2578338384628296,0.018429292365908623,0.7025025486946106,0.2930316627025604,0.009647025726735592,0.6389765739440918,0.21548596024513245,0.007884349673986435,0.6129608154296875,0.2072744369506836,0.00936347059905529,0.6062923073768616,0.2006203532218933,0.010375041514635086,0.6653649210929871,0.30091962218284607,-0.0071534994058310986,0.6074696183204651,0.2124595046043396,-0.007102896925061941,0.5842219591140747,0.1940149962902069,-0.002416058210656047,0.5774940848350525,0.1786264032125473,0.0003877094713971019,0.6245438456535339,0.32311704754829407,-0.022350328043103218,0.5740134716033936,0.22901758551597595,-0.02620403654873371,0.5522675514221191,0.19467948377132416,-0.022163942456245422,0.545301079750061,0.1662101000547409,-0.01916210539638996,0.583214282989502,0.3564377427101135,-0.03502571955323219,0.5471034049987793,0.2709940969944,-0.040337640792131424,0.5294111967086792,0.2336277812719345,-0.03599070385098457,0.5203650593757629,0.1992265284061432,-0.03097553737461567,0.0,0.0,0.0,0.0,0.0,0.0,0.0,0.0,0.0,0.0,0.0,0.0,0.0,0.0,0.0,0.0,0.0,0.0,0.0,0.0,0.0,0.0,0.0,0.0,0.0,0.0,0.0,0.0,0.0,0.0,0.0,0.0,0.0,0.0,0.0,0.0,0.0,0.0,0.0,0.0,0.0,0.0,0.0,0.0,0.0,0.0,0.0,0.0,0.0,0.0,0.0,0.0,0.0,0.0,0.0,0.0,0.0,0.0,0.0,0.0,0.0,0.0,0.0
come_here,0.6245251297950745,0.5016975998878479,-3.69808560662932e-07,0.6567870378494263,0.40548089146614075,0.027856670320034027,0.6500723958015442,0.31113603711128235,0.035855624824762344,0.6171689629554749,0.2567306458950043,0.03739657998085022,0.5718149542808533,0.23541045188903809,0.03440922126173973,0.6499969363212585,0.2524504065513611,0.019548682495951653,0.5803749561309814,0.17796602845191956,0.019760914146900177,0.5401982665061951,0.15864649415016174,0.01807299628853798,0.5143177509307861,0.14313556253910065,0.01779533177614212,0.6161631941795349,0.2632598876953125,0.003244217252358794,0.5495722889900208,0.18682852387428284,0.00873201061040163,0.5124595761299133,0.16179537773132324,0.009595882147550583,0.4846535325050354,0.1434905230998993,0.008796827867627144,0.579877495765686,0.2853454053401947,-0.010187892243266106,0.5227128863334656,0.21331042051315308,-0.004963860381394625,0.49329736828804016,0.18235722184181213,-0.003278161631897092,0.4711835980415344,0.1583806872367859,-0.003401339752599597,0.5405805110931396,0.31695660948753357,-0.020852476358413696,0.4989238381385803,0.2516258656978607,-0.015763260424137115,0.47894567251205444,0.223149836063385,-0.007995450869202614,0.4636232852935791,0.19873160123825073,-0.0013478922192007303,0.0,0.0,0.0,0.0,0.0,0.0,0.0,0.0,0.0,0.0,0.0,0.0,0.0,0.0,0.0,0.0,0.0,0.0,0.0,0.0,0.0,0.0,0.0,0.0,0.0,0.0,0.0,0.0,0.0,0.0,0.0,0.0,0.0,0.0,0.0,0.0,0.0,0.0,0.0,0.0,0.0,0.0,0.0,0.0,0.0,0.0,0.0,0.0,0.0,0.0,0.0,0.0,0.0,0.0,0.0,0.0,0.0,0.0,0.0,0.0,0.0,0.0,0.0
come_here,0.5183570981025696,0.45474058389663696,-1.7963989762392885e-07,0.5567795038223267,0.3685510456562042,0.014452720992267132,0.5532366037368774,0.2779415249824524,0.017383916303515434,0.5202078223228455,0.2184320092201233,0.015831833705306053,0.4803231954574585,0.19556105136871338,0.011333012953400612,0.5393624901771545,0.20897319912910461,0.011440456844866276,0.4678816497325897,0.14753705263137817,0.002754717133939266,0.4325430393218994,0.13539400696754456,-0.004730259068310261,0.41384562849998474,0.12887194752693176,-0.007876169867813587,0.5040196776390076,0.21912196278572083,-0.0005540780839510262,0.43743833899497986,0.15285643935203552,-0.001907551777549088,0.4056820869445801,0.14042016863822937,-0.0005083948490209877,0.3883879482746124,0.1349439024925232,0.0007997302454896271,0.4668513536453247,0.24238334596157074,-0.012258771806955338,0.41007742285728455,0.1783497929573059,-0.014934594742953777,0.3846955895423889,0.15731708705425262,-0.009912661276757717,0.37169840931892395,0.14264225959777832,-0.005528113339096308,0.42722025513648987,0.2765439748764038,-0.02270379848778248,0.38807493448257446,0.22143499553203583,-0.024291718378663063,0.37356269359588623,0.1979972869157791,-0.01723998412489891,0.366108238697052,0.17786774039268494,-0.009674886241555214,0.0,0.0,0.0,0.0,0.0,0.0,0.0,0.0,0.0,0.0,0.0,0.0,0.0,0.0,0.0,0.0,0.0,0.0,0.0,0.0,0.0,0.0,0.0,0.0,0.0,0.0,0.0,0.0,0.0,0.0,0.0,0.0,0.0,0.0,0.0,0.0,0.0,0.0,0.0,0.0,0.0,0.0,0.0,0.0,0.0,0.0,0.0,0.0,0.0,0.0,0.0,0.0,0.0,0.0,0.0,0.0,0.0,0.0,0.0,0.0,0.0,0.0,0.0
come_here,0.36905017495155334,0.48397207260131836,-2.3923152525640035e-07,0.417874276638031,0.4013608694076538,0.02308613806962967,0.42557501792907715,0.3169386386871338,0.03651351481676102,0.39081981778144836,0.26481351256370544,0.04434289410710335,0.34969791769981384,0.2518116235733032,0.05089600011706352,0.3732050657272339,0.21228821575641632,0.040201641619205475,0.3035376965999603,0.15760108828544617,0.04955447092652321,0.28468599915504456,0.18456168472766876,0.05271616205573082,0.29251137375831604,0.20628751814365387,0.05458834022283554,0.3309035897254944,0.22590383887290955,0.02983209490776062,0.261715292930603,0.16824489831924438,0.04157094657421112,0.25021499395370483,0.1984729766845703,0.04944466054439545,0.2630697786808014,0.22438302636146545,0.053977563977241516,0.29482501745224,0.2566972076892853,0.02019922249019146,0.23473867774009705,0.19787602126598358,0.02511054277420044,0.23086301982402802,0.22445230185985565,0.0328083336353302,0.24505113065242767,0.2511627972126007,0.038683418184518814,0.263269305229187,0.30071088671684265,0.012556943111121655,0.22372499108314514,0.2458670437335968,0.019791746512055397,0.2252911478281021,0.26495909690856934,0.032863833010196686,0.2383662909269333,0.2894290089607239,0.04405801370739937,0.0,0.0,0.0,0.0,0.0,0.0,0.0,0.0,0.0,0.0,0.0,0.0,0.0,0.0,0.0,0.0,0.0,0.0,0.0,0.0,0.0,0.0,0.0,0.0,0.0,0.0,0.0,0.0,0.0,0.0,0.0,0.0,0.0,0.0,0.0,0.0,0.0,0.0,0.0,0.0,0.0,0.0,0.0,0.0,0.0,0.0,0.0,0.0,0.0,0.0,0.0,0.0,0.0,0.0,0.0,0.0,0.0,0.0,0.0,0.0,0.0,0.0,0.0
come_here,0.2872917056083679,0.5638245940208435,-2.7701538840574358e-08,0.3498508334159851,0.4747508466243744,0.018280277028679848,0.3729986846446991,0.3798532783985138,0.03453104570508003,0.3443893790245056,0.3105871379375458,0.046942684799432755,0.3079639673233032,0.28043821454048157,0.05838704854249954,0.309857040643692,0.2713749408721924,0.05552585422992706,0.2697083652019501,0.20094789564609528,0.07113492488861084,0.247322216629982,0.18675783276557922,0.07242368906736374,0.23494912683963776,0.1803109347820282,0.07246901839971542,0.2573535740375519,0.28768110275268555,0.04876232519745827,0.22239026427268982,0.2165064513683319,0.06951095908880234,0.20589612424373627,0.19510996341705322,0.07049201428890228,0.19660702347755432,0.18443065881729126,0.06815943121910095,0.21744394302368164,0.3181670308113098,0.04144030809402466,0.1916879415512085,0.24736858904361725,0.054457783699035645,0.18225882947444916,0.21898573637008667,0.05532632768154144,0.17687825858592987,0.20593573153018951,0.05467319115996361,0.1852254420518875,0.35859963297843933,0.035315077751874924,0.17031367123126984,0.2892059087753296,0.04671217501163483,0.16391707956790924,0.2572516202926636,0.055577028542757034,0.16031807661056519,0.23413117229938507,0.062372010201215744,0.0,0.0,0.0,0.0,0.0,0.0,0.0,0.0,0.0,0.0,0.0,0.0,0.0,0.0,0.0,0.0,0.0,0.0,0.0,0.0,0.0,0.0,0.0,0.0,0.0,0.0,0.0,0.0,0.0,0.0,0.0,0.0,0.0,0.0,0.0,0.0,0.0,0.0,0.0,0.0,0.0,0.0,0.0,0.0,0.0,0.0,0.0,0.0,0.0,0.0,0.0,0.0,0.0,0.0,0.0,0.0,0.0,0.0,0.0,0.0,0.0,0.0,0.0
come_here,0.293293297290802,0.5897090435028076,3.263926373620052e-08,0.3583962023258209,0.5078328251838684,0.02695184014737606,0.3798801600933075,0.41674476861953735,0.050515078008174896,0.34892815351486206,0.34468841552734375,0.07082408666610718,0.3166538178920746,0.31353768706321716,0.09103066474199295,0.3131979703903198,0.3052116334438324,0.06363797187805176,0.2747694253921509,0.2271614670753479,0.09236706793308258,0.2541447877883911,0.20875029265880585,0.10879824310541153,0.24331706762313843,0.20280548930168152,0.11991973221302032,0.2610646188259125,0.3213004171848297,0.058517396450042725,0.22713007032871246,0.24139054119586945,0.09131389856338501,0.2128254473209381,0.22163531184196472,0.1074206754565239,0.2082129716873169,0.21627238392829895,0.11783662438392639,0.22147417068481445,0.3521534502506256,0.0540354922413826,0.19865915179252625,0.27259981632232666,0.07591795921325684,0.19104860723018646,0.24239391088485718,0.089917853474617,0.1885450780391693,0.2313723862171173,0.10024239122867584,0.1897432804107666,0.39411866664886475,0.051402587443590164,0.17728900909423828,0.31893977522850037,0.06957869976758957,0.1741005927324295,0.2855934500694275,0.08547382056713104,0.1736176759004593,0.26215633749961853,0.09923544526100159,0.0,0.0,0.0,0.0,0.0,0.0,0.0,0.0,0.0,0.0,0.0,0.0,0.0,0.0,0.0,0.0,0.0,0.0,0.0,0.0,0.0,0.0,0.0,0.0,0.0,0.0,0.0,0.0,0.0,0.0,0.0,0.0,0.0,0.0,0.0,0.0,0.0,0.0,0.0,0.0,0.0,0.0,0.0,0.0,0.0,0.0,0.0,0.0,0.0,0.0,0.0,0.0,0.0,0.0,0.0,0.0,0.0,0.0,0.0,0.0,0.0,0.0,0.0
come_here,0.35011404752731323,0.6029190421104431,-1.784158172313255e-07,0.4068797826766968,0.5105335116386414,0.021598607301712036,0.42014652490615845,0.4170703589916229,0.03140183165669441,0.38691842555999756,0.35923969745635986,0.035828251391649246,0.3409651219844818,0.3401641547679901,0.037311725318431854,0.3831876814365387,0.32869753241539,0.03078913688659668,0.32010796666145325,0.24664950370788574,0.03940125182271004,0.2887096107006073,0.24891754984855652,0.041199248284101486,0.28254571557044983,0.2605837285518646,0.041267164051532745,0.33738577365875244,0.33213409781455994,0.020566802471876144,0.2761472463607788,0.25066572427749634,0.0349188931286335,0.2526921033859253,0.2603300213813782,0.03963874652981758,0.2522261142730713,0.280103862285614,0.039667896926403046,0.29799097776412964,0.35393714904785156,0.012150057591497898,0.2478797733783722,0.2816431522369385,0.022352168336510658,0.2365798056125641,0.2904466986656189,0.02426530048251152,0.2413240373134613,0.3109484910964966,0.022620482370257378,0.26555609703063965,0.3893912434577942,0.005728254560381174,0.23634161055088043,0.34229499101638794,0.015168393030762672,0.2330661118030548,0.3528326749801636,0.02417227067053318,0.23785105347633362,0.3718843460083008,0.030298791825771332,0.0,0.0,0.0,0.0,0.0,0.0,0.0,0.0,0.0,0.0,0.0,0.0,0.0,0.0,0.0,0.0,0.0,0.0,0.0,0.0,0.0,0.0,0.0,0.0,0.0,0.0,0.0,0.0,0.0,0.0,0.0,0.0,0.0,0.0,0.0,0.0,0.0,0.0,0.0,0.0,0.0,0.0,0.0,0.0,0.0,0.0,0.0,0.0,0.0,0.0,0.0,0.0,0.0,0.0,0.0,0.0,0.0,0.0,0.0,0.0,0.0,0.0,0.0
come_here,0.43382108211517334,0.5208495259284973,-1.8465391349309357e-07,0.47139668464660645,0.4448069930076599,0.01672915183007717,0.47560182213783264,0.3691035509109497,0.025682175531983376,0.4463384449481964,0.3297466039657593,0.029643166810274124,0.41411635279655457,0.3243327736854553,0.032331716269254684,0.4235553741455078,0.27383267879486084,0.032130640000104904,0.3565038740634918,0.250897079706192,0.03210555762052536,0.3568090498447418,0.2821436822414398,0.02576669305562973,0.3753792345523834,0.30339330434799194,0.021671749651432037,0.38895800709724426,0.28933829069137573,0.020720403641462326,0.3238179683685303,0.2668791711330414,0.025608226656913757,0.3288193345069885,0.2977992296218872,0.023764248937368393,0.3482086956501007,0.32100072503089905,0.021074246615171432,0.3586012125015259,0.321565717458725,0.009376629255712032,0.2994060516357422,0.2884887754917145,0.009910758584737778,0.30438828468322754,0.3150670826435089,0.012052995152771473,0.32256847620010376,0.33710777759552,0.013731135986745358,0.33152469992637634,0.36629924178123474,-0.0008882156107574701,0.2848680019378662,0.32268548011779785,0.00026231896481476724,0.2869107723236084,0.3373231887817383,0.008851616643369198,0.300437331199646,0.35393866896629333,0.016947640106081963,0.0,0.0,0.0,0.0,0.0,0.0,0.0,0.0,0.0,0.0,0.0,0.0,0.0,0.0,0.0,0.0,0.0,0.0,0.0,0.0,0.0,0.0,0.0,0.0,0.0,0.0,0.0,0.0,0.0,0.0,0.0,0.0,0.0,0.0,0.0,0.0,0.0,0.0,0.0,0.0,0.0,0.0,0.0,0.0,0.0,0.0,0.0,0.0,0.0,0.0,0.0,0.0,0.0,0.0,0.0,0.0,0.0,0.0,0.0,0.0,0.0,0.0,0.0
come_here,0.505094051361084,0.3971041440963745,-2.5826483351920615e-07,0.5315806865692139,0.348551869392395,-0.004040624015033245,0.5354505181312561,0.2777869999408722,-0.0047282446175813675,0.5396603941917419,0.2404465526342392,-0.007634573616087437,0.5476219654083252,0.23000888526439667,-0.01290925219655037,0.5079897046089172,0.21284222602844238,0.010625411756336689,0.46329203248023987,0.22272498905658722,0.0011708780657500029,0.44819730520248413,0.24499288201332092,-0.015045230276882648,0.4461394250392914,0.2632993161678314,-0.026097970083355904,0.47395357489585876,0.21889905631542206,0.007771361153572798,0.43066170811653137,0.22863702476024628,0.004712589550763369,0.41278862953186035,0.24839815497398376,-0.008355573751032352,0.40812742710113525,0.2659617066383362,-0.019373716786503792,0.44099217653274536,0.24138143658638,0.0035862266086041927,0.40230682492256165,0.24125859141349792,-0.0028006145730614662,0.38557350635528564,0.2557147443294525,-0.01230563037097454,0.38100144267082214,0.26864251494407654,-0.019096091389656067,0.41152462363243103,0.27472978830337524,-0.0009078538278117776,0.37782254815101624,0.26656436920166016,-0.005140355788171291,0.3611140251159668,0.2683103084564209,-0.006094176322221756,0.3520318567752838,0.2671763598918915,-0.0061415801756083965,0.0,0.0,0.0,0.0,0.0,0.0,0.0,0.0,0.0,0.0,0.0,0.0,0.0,0.0,0.0,0.0,0.0,0.0,0.0,0.0,0.0,0.0,0.0,0.0,0.0,0.0,0.0,0.0,0.0,0.0,0.0,0.0,0.0,0.0,0.0,0.0,0.0,0.0,0.0,0.0,0.0,0.0,0.0,0.0,0.0,0.0,0.0,0.0,0.0,0.0,0.0,0.0,0.0,0.0,0.0,0.0,0.0,0.0,0.0,0.0,0.0,0.0,0.0
come_here,0.5499750971794128,0.40719181299209595,-3.588001504795102e-07,0.580439567565918,0.3458324670791626,0.0176978912204504,0.5776676535606384,0.2858182489871979,0.02507738769054413,0.5533421635627747,0.24733564257621765,0.02678656205534935,0.5328801274299622,0.23671722412109375,0.02696257270872593,0.540868878364563,0.19553616642951965,0.022411221638321877,0.4786055386066437,0.17211183905601501,0.018376722931861877,0.4714236557483673,0.203166201710701,0.013264245353639126,0.4830774962902069,0.22494378685951233,0.010420277714729309,0.5091587901115417,0.20513728260993958,0.009883517399430275,0.4448454976081848,0.18343524634838104,0.006393550895154476,0.4381628632545471,0.21446987986564636,0.004785787779837847,0.4518325924873352,0.23476330935955048,0.004198016598820686,0.4786891043186188,0.23209460079669952,-0.002265657065436244,0.41947078704833984,0.20554231107234955,-0.009508820250630379,0.4117812514305115,0.2302549183368683,-0.00901813805103302,0.42262011766433716,0.24612818658351898,-0.007086575031280518,0.4493526220321655,0.2720699608325958,-0.012598991394042969,0.40007519721984863,0.23927082121372223,-0.0178897213190794,0.3868749141693115,0.2379445880651474,-0.015089660882949829,0.38723522424697876,0.23483145236968994,-0.010850968770682812,0.0,0.0,0.0,0.0,0.0,0.0,0.0,0.0,0.0,0.0,0.0,0.0,0.0,0.0,0.0,0.0,0.0,0.0,0.0,0.0,0.0,0.0,0.0,0.0,0.0,0.0,0.0,0.0,0.0,0.0,0.0,0.0,0.0,0.0,0.0,0.0,0.0,0.0,0.0,0.0,0.0,0.0,0.0,0.0,0.0,0.0,0.0,0.0,0.0,0.0,0.0,0.0,0.0,0.0,0.0,0.0,0.0,0.0,0.0,0.0,0.0,0.0,0.0
come_here,0.7013956308364868,0.5171526670455933,-5.244877456789254e-07,0.736055850982666,0.43014031648635864,0.03408029302954674,0.7328084707260132,0.34224733710289,0.04547286406159401,0.705206036567688,0.28571951389312744,0.04752087593078613,0.6637466549873352,0.25863876938819885,0.04408111423254013,0.7505907416343689,0.28103938698768616,0.029474634677171707,0.6776803731918335,0.20918822288513184,0.028946127742528915,0.6346126794815063,0.19988292455673218,0.02511414885520935,0.6111109256744385,0.20000040531158447,0.023819880560040474,0.7203024625778198,0.2776917815208435,0.010119713842868805,0.6496007442474365,0.20251381397247314,0.01653803326189518,0.6115756630897522,0.18719419836997986,0.014378558844327927,0.5871748328208923,0.18365508317947388,0.01034776121377945,0.6839989423751831,0.2854931056499481,-0.006439324468374252,0.6221467852592468,0.21548554301261902,-0.001492242212407291,0.5920510292053223,0.19681239128112793,-0.0037778005935251713,0.5744082927703857,0.18679194152355194,-0.00755517790094018,0.6408499479293823,0.30396056175231934,-0.019794877618551254,0.6014801859855652,0.23884813487529755,-0.01361927017569542,0.5806623697280884,0.21293070912361145,-0.007251325063407421,0.5656697750091553,0.19071581959724426,-0.0028780146967619658,0.0,0.0,0.0,0.0,0.0,0.0,0.0,0.0,0.0,0.0,0.0,0.0,0.0,0.0,0.0,0.0,0.0,0.0,0.0,0.0,0.0,0.0,0.0,0.0,0.0,0.0,0.0,0.0,0.0,0.0,0.0,0.0,0.0,0.0,0.0,0.0,0.0,0.0,0.0,0.0,0.0,0.0,0.0,0.0,0.0,0.0,0.0,0.0,0.0,0.0,0.0,0.0,0.0,0.0,0.0,0.0,0.0,0.0,0.0,0.0,0.0,0.0,0.0
come_here,0.7393431067466736,0.6039255261421204,-5.000607075089647e-07,0.7917695641517639,0.5328329205513,0.03539572283625603,0.8086759448051453,0.4555808901786804,0.049220018088817596,0.8024254441261292,0.3984470069408417,0.05505974590778351,0.7845181226730347,0.36488932371139526,0.056230563670396805,0.8055339455604553,0.36373651027679443,0.031100371852517128,0.7383244037628174,0.30074408650398254,0.040231853723526,0.6986735463142395,0.2965340316295624,0.04377298802137375,0.6806424260139465,0.2909700274467468,0.04492240771651268,0.7717002034187317,0.3604053854942322,0.012241209857165813,0.7019139528274536,0.2968636751174927,0.02422918565571308,0.6709840297698975,0.2932307720184326,0.026326779276132584,0.6569952964782715,0.2926256060600281,0.02387787215411663,0.7325887680053711,0.3705575466156006,-0.0028697876259684563,0.6698204278945923,0.3053666651248932,0.005522261839359999,0.6449805498123169,0.29086244106292725,0.00762507040053606,0.6338517069816589,0.28148719668388367,0.00538085401058197,0.6897194981575012,0.39205601811408997,-0.014698348939418793,0.6468297243118286,0.3290114402770996,-0.006950218230485916,0.6276876330375671,0.30536049604415894,0.0022031760308891535,0.6152440905570984,0.28328394889831543,0.007997524924576283,0.0,0.0,0.0,0.0,0.0,0.0,0.0,0.0,0.0,0.0,0.0,0.0,0.0,0.0,0.0,0.0,0.0,0.0,0.0,0.0,0.0,0.0,0.0,0.0,0.0,0.0,0.0,0.0,0.0,0.0,0.0,0.0,0.0,0.0,0.0,0.0,0.0,0.0,0.0,0.0,0.0,0.0,0.0,0.0,0.0,0.0,0.0,0.0,0.0,0.0,0.0,0.0,0.0,0.0,0.0,0.0,0.0,0.0,0.0,0.0,0.0,0.0,0.0
come_here,0.767374575138092,0.6394703388214111,-4.2224172602800536e-07,0.8265420794487,0.5624465346336365,0.03837757557630539,0.8489329814910889,0.47922632098197937,0.05232694000005722,0.8379657864570618,0.4221564531326294,0.05834682658314705,0.8047821521759033,0.3848921060562134,0.05787665396928787,0.8669188022613525,0.40511348843574524,0.02402811497449875,0.8077573180198669,0.3039265275001526,0.029767721891403198,0.7691680192947388,0.274742066860199,0.033784978091716766,0.7490788102149963,0.2571827173233032,0.035965368151664734,0.8386216163635254,0.39867693185806274,0.0010410473914816976,0.7833136320114136,0.2920040488243103,0.010511312633752823,0.751404345035553,0.256208211183548,0.014114372432231903,0.7275046110153198,0.2335515171289444,0.013762665912508965,0.8004398345947266,0.4023304283618927,-0.017839889973402023,0.752196729183197,0.2992813289165497,-0.012550974264740944,0.728429913520813,0.25604695081710815,-0.010750522837042809,0.7132989168167114,0.2260037511587143,-0.011983148753643036,0.7533137798309326,0.41695964336395264,-0.0330406092107296,0.7210686802864075,0.327711284160614,-0.034616440534591675,0.703497588634491,0.2844386100769043,-0.030229955911636353,0.6915907263755798,0.24709869921207428,-0.02591720037162304,0.0,0.0,0.0,0.0,0.0,0.0,0.0,0.0,0.0,0.0,0.0,0.0,0.0,0.0,0.0,0.0,0.0,0.0,0.0,0.0,0.0,0.0,0.0,0.0,0.0,0.0,0.0,0.0,0.0,0.0,0.0,0.0,0.0,0.0,0.0,0.0,0.0,0.0,0.0,0.0,0.0,0.0,0.0,0.0,0.0,0.0,0.0,0.0,0.0,0.0,0.0,0.0,0.0,0.0,0.0,0.0,0.0,0.0,0.0,0.0,0.0,0.0,0.0
come_here,0.7574716210365295,0.6090961694717407,-4.904609340883326e-07,0.8161066770553589,0.5309451222419739,0.038278304040431976,0.8342903852462769,0.45249924063682556,0.05183011293411255,0.8254894614219666,0.39911678433418274,0.056712135672569275,0.7982984185218811,0.36685529351234436,0.05562031641602516,0.8410744667053223,0.37476468086242676,0.028674378991127014,0.7791001200675964,0.291168212890625,0.03421779349446297,0.7381904721260071,0.2679953873157501,0.03600766137242317,0.715722382068634,0.25078731775283813,0.03653108701109886,0.8088932633399963,0.37032270431518555,0.0068494766019284725,0.7450245022773743,0.28119465708732605,0.01663971319794655,0.7128114104270935,0.25655049085617065,0.016705961897969246,0.6931706666946411,0.24040885269641876,0.012953589670360088,0.7697651386260986,0.3772248923778534,-0.01086157001554966,0.7134097814559937,0.29292628169059753,-0.004712698515504599,0.6888514161109924,0.2588842511177063,-0.006107339635491371,0.6732490062713623,0.2343907505273819,-0.010117984376847744,0.7256913185119629,0.393616259098053,-0.024833818897604942,0.6890486478805542,0.3197285830974579,-0.019797179847955704,0.6725713014602661,0.28626805543899536,-0.012721355073153973,0.6604623198509216,0.2561497092247009,-0.008043089881539345,0.0,0.0,0.0,0.0,0.0,0.0,0.0,0.0,0.0,0.0,0.0,0.0,0.0,0.0,0.0,0.0,0.0,0.0,0.0,0.0,0.0,0.0,0.0,0.0,0.0,0.0,0.0,0.0,0.0,0.0,0.0,0.0,0.0,0.0,0.0,0.0,0.0,0.0,0.0,0.0,0.0,0.0,0.0,0.0,0.0,0.0,0.0,0.0,0.0,0.0,0.0,0.0,0.0,0.0,0.0,0.0,0.0,0.0,0.0,0.0,0.0,0.0,0.0
come_here,0.7449888586997986,0.603861391544342,-5.039220241087605e-07,0.7989327311515808,0.5323216915130615,0.03536485880613327,0.8158989548683167,0.456241250038147,0.04755222797393799,0.8046499490737915,0.4015173614025116,0.05098656192421913,0.7709203362464905,0.3700946867465973,0.047779254615306854,0.82688969373703,0.3773171305656433,0.029069583863019943,0.7629697322845459,0.305289089679718,0.03281818702816963,0.719845712184906,0.28792640566825867,0.030179429799318314,0.6927676200866699,0.27743062376976013,0.02756703644990921,0.7963562607765198,0.3689671456813812,0.008118143305182457,0.7298170328140259,0.2962911128997803,0.01648833230137825,0.6926555037498474,0.2780703902244568,0.012033282779157162,0.6661056876182556,0.2704143524169922,0.005184464156627655,0.7582324743270874,0.3747381567955017,-0.009058639407157898,0.6995639204978943,0.3049754202365875,-0.0036522671580314636,0.6712445020675659,0.281313419342041,-0.008532488718628883,0.6527215838432312,0.26730626821517944,-0.014931420795619488,0.7142360806465149,0.393222451210022,-0.022835219278931618,0.6736741065979004,0.3295004069805145,-0.018504157662391663,0.6527872085571289,0.30185407400131226,-0.013559426181018353,0.6375449895858765,0.2773200273513794,-0.010604675859212875,0.0,0.0,0.0,0.0,0.0,0.0,0.0,0.0,0.0,0.0,0.0,0.0,0.0,0.0,0.0,0.0,0.0,0.0,0.0,0.0,0.0,0.0,0.0,0.0,0.0,0.0,0.0,0.0,0.0,0.0,0.0,0.0,0.0,0.0,0.0,0.0,0.0,0.0,0.0,0.0,0.0,0.0,0.0,0.0,0.0,0.0,0.0,0.0,0.0,0.0,0.0,0.0,0.0,0.0,0.0,0.0,0.0,0.0,0.0,0.0,0.0,0.0,0.0
come_here,0.761439859867096,0.6351960897445679,-4.6802864517303533e-07,0.8142334818840027,0.5542411804199219,0.032318372279405594,0.8296467065811157,0.4631612300872803,0.04033994302153587,0.8074867129325867,0.4024830758571625,0.03899097815155983,0.7700432538986206,0.3647085428237915,0.03172367438673973,0.8588246703147888,0.40766480565071106,0.026007603853940964,0.801505446434021,0.3130224347114563,0.022242078557610512,0.7606786489486694,0.28786811232566833,0.015363032929599285,0.7382009029388428,0.27477705478668213,0.011274452321231365,0.8279134035110474,0.39980751276016235,0.003366671036928892,0.7740429639816284,0.30250269174575806,0.007328069303184748,0.7416213750839233,0.2766426205635071,0.003978500608354807,0.7193018198013306,0.262859582901001,-0.0010345675982534885,0.7886092066764832,0.4010617733001709,-0.01692246086895466,0.7425304055213928,0.30756720900535583,-0.014685077592730522,0.7176257371902466,0.27588406205177307,-0.01739436201751232,0.703037440776825,0.25504907965660095,-0.021469876170158386,0.7421777844429016,0.4107426404953003,-0.03441772237420082,0.7122865319252014,0.32741570472717285,-0.0326446034014225,0.6962261199951172,0.2875385582447052,-0.027619777247309685,0.6865012049674988,0.25244998931884766,-0.024013515561819077,0.0,0.0,0.0,0.0,0.0,0.0,0.0,0.0,0.0,0.0,0.0,0.0,0.0,0.0,0.0,0.0,0.0,0.0,0.0,0.0,0.0,0.0,0.0,0.0,0.0,0.0,0.0,0.0,0.0,0.0,0.0,0.0,0.0,0.0,0.0,0.0,0.0,0.0,0.0,0.0,0.0,0.0,0.0,0.0,0.0,0.0,0.0,0.0,0.0,0.0,0.0,0.0,0.0,0.0,0.0,0.0,0.0,0.0,0.0,0.0,0.0,0.0,0.0
come_here,0.7511416077613831,0.6356185674667358,-4.817659942091268e-07,0.800604522228241,0.5481059551239014,0.0338587611913681,0.8135150074958801,0.4550156593322754,0.04245561361312866,0.7926514148712158,0.39460015296936035,0.042637746781110764,0.7514283657073975,0.35777509212493896,0.03630794212222099,0.8433266282081604,0.4064250588417053,0.016289690509438515,0.7856696844100952,0.30144232511520386,0.014375169761478901,0.7426530122756958,0.2742208242416382,0.013045432977378368,0.7172908186912537,0.26316747069358826,0.012862304225564003,0.8137139678001404,0.39949676394462585,-0.0063613178208470345,0.7605682015419006,0.2888016104698181,-0.0019660850521177053,0.7270316481590271,0.25893235206604004,-0.001793194329366088,0.7020460963249207,0.24346992373466492,-0.0038993859197944403,0.77463698387146,0.40172266960144043,-0.02534365840256214,0.7286159992218018,0.2938171923160553,-0.02256196364760399,0.7034280300140381,0.2535763084888458,-0.022985799238085747,0.6882032752037048,0.22594483196735382,-0.025573577731847763,0.7270033955574036,0.4136889576911926,-0.04092446714639664,0.7010013461112976,0.3208071291446686,-0.042611971497535706,0.6868504285812378,0.2774643301963806,-0.03844555467367172,0.6780868768692017,0.23979811370372772,-0.034581393003463745,0.0,0.0,0.0,0.0,0.0,0.0,0.0,0.0,0.0,0.0,0.0,0.0,0.0,0.0,0.0,0.0,0.0,0.0,0.0,0.0,0.0,0.0,0.0,0.0,0.0,0.0,0.0,0.0,0.0,0.0,0.0,0.0,0.0,0.0,0.0,0.0,0.0,0.0,0.0,0.0,0.0,0.0,0.0,0.0,0.0,0.0,0.0,0.0,0.0,0.0,0.0,0.0,0.0,0.0,0.0,0.0,0.0,0.0,0.0,0.0,0.0,0.0,0.0
come_here,0.7211130857467651,0.5888528823852539,-5.106924731990148e-07,0.7749916315078735,0.52520352602005,0.035155221819877625,0.7925090193748474,0.45229917764663696,0.04869174584746361,0.7885814309120178,0.39964762330055237,0.05380246788263321,0.7710866928100586,0.3686464726924896,0.05321350321173668,0.7948765158653259,0.3674642741680145,0.03066958673298359,0.7352631092071533,0.3021423816680908,0.03839130327105522,0.6959490180015564,0.28873464465141296,0.03922317177057266,0.6735023260116577,0.276147723197937,0.038464631885290146,0.763645589351654,0.3591655492782593,0.011173137463629246,0.6989153623580933,0.2950405478477478,0.023265987634658813,0.6641680002212524,0.2808406949043274,0.020374277606606483,0.6429924368858337,0.27229994535446167,0.013538181781768799,0.7266384363174438,0.3644934296607971,-0.0043070814572274685,0.6686385869979858,0.30256620049476624,0.003655061824247241,0.6397597193717957,0.2833773195743561,-0.00046932039549574256,0.6211957335472107,0.2710161805152893,-0.007489102892577648,0.685222864151001,0.3802175223827362,-0.016330795362591743,0.645370364189148,0.3230379819869995,-0.009715579450130463,0.6249115467071533,0.29938292503356934,-0.0038276594132184982,0.6092697381973267,0.277498334646225,-0.0009276825585402548,0.0,0.0,0.0,0.0,0.0,0.0,0.0,0.0,0.0,0.0,0.0,0.0,0.0,0.0,0.0,0.0,0.0,0.0,0.0,0.0,0.0,0.0,0.0,0.0,0.0,0.0,0.0,0.0,0.0,0.0,0.0,0.0,0.0,0.0,0.0,0.0,0.0,0.0,0.0,0.0,0.0,0.0,0.0,0.0,0.0,0.0,0.0,0.0,0.0,0.0,0.0,0.0,0.0,0.0,0.0,0.0,0.0,0.0,0.0,0.0,0.0,0.0,0.0
come_here,0.7184785008430481,0.5960153937339783,-4.65555018536179e-07,0.7700984477996826,0.5248402953147888,0.0337209589779377,0.7856693267822266,0.4477570354938507,0.046031828969717026,0.7758601307868958,0.3975276052951813,0.05047536641359329,0.7472084760665894,0.3693418800830841,0.04854220151901245,0.7868832349777222,0.37003853917121887,0.02645771950483322,0.7251474261283875,0.30406028032302856,0.03308824822306633,0.6861752867698669,0.2868157923221588,0.03331374004483223,0.663262128829956,0.2695976495742798,0.03214474394917488,0.7568132281303406,0.36478662490844727,0.007177204359322786,0.6893725991249084,0.3003886342048645,0.0182582326233387,0.6538284420967102,0.28331175446510315,0.0143416877835989,0.6299675703048706,0.2714655101299286,0.007071962580084801,0.7208424210548401,0.37276217341423035,-0.007869378663599491,0.6610851287841797,0.31201469898223877,-0.0007783099426887929,0.6314634680747986,0.2903120517730713,-0.006685384549200535,0.6113386154174805,0.27482855319976807,-0.014357323758304119,0.6803667545318604,0.38982343673706055,-0.019423944875597954,0.6386957168579102,0.33630821108818054,-0.01365088764578104,0.6178189516067505,0.3149905204772949,-0.008722164668142796,0.6017696857452393,0.29443681240081787,-0.006124987732619047,0.0,0.0,0.0,0.0,0.0,0.0,0.0,0.0,0.0,0.0,0.0,0.0,0.0,0.0,0.0,0.0,0.0,0.0,0.0,0.0,0.0,0.0,0.0,0.0,0.0,0.0,0.0,0.0,0.0,0.0,0.0,0.0,0.0,0.0,0.0,0.0,0.0,0.0,0.0,0.0,0.0,0.0,0.0,0.0,0.0,0.0,0.0,0.0,0.0,0.0,0.0,0.0,0.0,0.0,0.0,0.0,0.0,0.0,0.0,0.0,0.0,0.0,0.0
come_here,0.755365788936615,0.6544357538223267,-4.993422635379829e-07,0.8066967725753784,0.5705345869064331,0.033988263458013535,0.8226096630096436,0.4773966073989868,0.041435420513153076,0.8040066361427307,0.4145146608352661,0.03996798023581505,0.7651873230934143,0.37465816736221313,0.03178955242037773,0.8530851006507874,0.43430182337760925,0.017258595675230026,0.7970422506332397,0.32773882150650024,0.01208527758717537,0.7547365427017212,0.29461920261383057,0.007069089449942112,0.7288756966590881,0.27702826261520386,0.005142992828041315,0.8245382308959961,0.4262586832046509,-0.006055597215890884,0.774405837059021,0.3163832724094391,-0.0031763475853949785,0.7406420111656189,0.28023266792297363,-0.005047127138823271,0.7145206928253174,0.2573607265949249,-0.008137187920510769,0.7869842052459717,0.42610418796539307,-0.025836123153567314,0.7446004152297974,0.3185715079307556,-0.02358792908489704,0.71889328956604,0.27395254373550415,-0.024539954960346222,0.702346920967102,0.24087980389595032,-0.02706332691013813,0.7400720715522766,0.4341728091239929,-0.04227260872721672,0.7145822048187256,0.34094586968421936,-0.042341701686382294,0.6995516419410706,0.2974244952201843,-0.03657480329275131,0.6894748210906982,0.25960057973861694,-0.031313132494688034,0.0,0.0,0.0,0.0,0.0,0.0,0.0,0.0,0.0,0.0,0.0,0.0,0.0,0.0,0.0,0.0,0.0,0.0,0.0,0.0,0.0,0.0,0.0,0.0,0.0,0.0,0.0,0.0,0.0,0.0,0.0,0.0,0.0,0.0,0.0,0.0,0.0,0.0,0.0,0.0,0.0,0.0,0.0,0.0,0.0,0.0,0.0,0.0,0.0,0.0,0.0,0.0,0.0,0.0,0.0,0.0,0.0,0.0,0.0,0.0,0.0,0.0,0.0
come_here,0.7356057167053223,0.5694151520729065,-4.4429097556530905e-07,0.7801904678344727,0.4912797212600708,0.03367380052804947,0.7895035743713379,0.40772727131843567,0.043927691876888275,0.7720024585723877,0.3541865944862366,0.044950950890779495,0.7389535903930664,0.32233095169067383,0.039939187467098236,0.8117784261703491,0.35299524664878845,0.0278073251247406,0.7569563984870911,0.2649335265159607,0.022017765790224075,0.7183747291564941,0.23599761724472046,0.013130688108503819,0.6932917833328247,0.22212079167366028,0.008499602787196636,0.785368800163269,0.34273457527160645,0.006043992470949888,0.733966052532196,0.2520589232444763,0.008311736397445202,0.6990469694137573,0.22134855389595032,0.00340692768804729,0.6716480255126953,0.2064499855041504,-0.001816509640775621,0.7507886290550232,0.34181225299835205,-0.013343781232833862,0.7054831385612488,0.25534525513648987,-0.01223644707351923,0.6771978735923767,0.2236984521150589,-0.016248444095253944,0.6579574346542358,0.20485848188400269,-0.020598191767930984,0.7089506387710571,0.35089266300201416,-0.029610829427838326,0.677885890007019,0.2731415033340454,-0.02977696619927883,0.6587347984313965,0.23974497616291046,-0.026263870298862457,0.6447121500968933,0.21280309557914734,-0.023030918091535568,0.0,0.0,0.0,0.0,0.0,0.0,0.0,0.0,0.0,0.0,0.0,0.0,0.0,0.0,0.0,0.0,0.0,0.0,0.0,0.0,0.0,0.0,0.0,0.0,0.0,0.0,0.0,0.0,0.0,0.0,0.0,0.0,0.0,0.0,0.0,0.0,0.0,0.0,0.0,0.0,0.0,0.0,0.0,0.0,0.0,0.0,0.0,0.0,0.0,0.0,0.0,0.0,0.0,0.0,0.0,0.0,0.0,0.0,0.0,0.0,0.0,0.0,0.0
come_here,0.7451047301292419,0.590092658996582,-4.982730388292111e-07,0.7952208518981934,0.5095580816268921,0.03173573687672615,0.8105354309082031,0.41941142082214355,0.039896875619888306,0.7906197905540466,0.36164242029190063,0.03906357288360596,0.751741886138916,0.32756295800209045,0.032025497406721115,0.8379582762718201,0.36843445897102356,0.023540087044239044,0.7808390259742737,0.2744215130805969,0.016661256551742554,0.7368050813674927,0.2502390146255493,0.007579391356557608,0.7093971967697144,0.2421916425228119,0.0031711426563560963,0.8086031079292297,0.3622576892375946,0.002451416105031967,0.7562780380249023,0.2653370499610901,0.005663134157657623,0.7214105725288391,0.2403235137462616,0.0023046282585710287,0.695027232170105,0.23268842697143555,-0.0023020717781037092,0.7714157700538635,0.3642677068710327,-0.016310974955558777,0.7271513938903809,0.2729342579841614,-0.013516065664589405,0.6997259259223938,0.24179530143737793,-0.016812944784760475,0.6813828945159912,0.22703339159488678,-0.02111693285405636,0.7276304364204407,0.3733825385570526,-0.032208241522312164,0.6993293762207031,0.2936077117919922,-0.02956569194793701,0.6821757555007935,0.2585062086582184,-0.024864977225661278,0.6696791648864746,0.23206569254398346,-0.021298330277204514,0.0,0.0,0.0,0.0,0.0,0.0,0.0,0.0,0.0,0.0,0.0,0.0,0.0,0.0,0.0,0.0,0.0,0.0,0.0,0.0,0.0,0.0,0.0,0.0,0.0,0.0,0.0,0.0,0.0,0.0,0.0,0.0,0.0,0.0,0.0,0.0,0.0,0.0,0.0,0.0,0.0,0.0,0.0,0.0,0.0,0.0,0.0,0.0,0.0,0.0,0.0,0.0,0.0,0.0,0.0,0.0,0.0,0.0,0.0,0.0,0.0,0.0,0.0
come_here,0.7062602639198303,0.4820977747440338,-3.8039468108763685e-07,0.7603058815002441,0.41926541924476624,0.037283580750226974,0.78108149766922,0.34677568078041077,0.05443153530359268,0.7752943634986877,0.2944622337818146,0.06352248042821884,0.7497813105583191,0.2577650249004364,0.0673612728714943,0.7910446524620056,0.2728908360004425,0.034158121794462204,0.743533730506897,0.18386292457580566,0.04081942141056061,0.7107294201850891,0.15338052809238434,0.04529847204685211,0.6910703182220459,0.13483233749866486,0.04849015176296234,0.7609112858772278,0.26029980182647705,0.013021974824368954,0.7196922898292542,0.1612989902496338,0.020475059747695923,0.6930458545684814,0.12880544364452362,0.024816561490297318,0.6724903583526611,0.10969170928001404,0.027711063623428345,0.7230828404426575,0.2615067660808563,-0.005253303330391645,0.6880850791931152,0.16545401513576508,-0.003462941851466894,0.669440507888794,0.1241757720708847,-0.00021502019080799073,0.6568499803543091,0.09579786658287048,0.0026277429424226284,0.6793408989906311,0.2751552164554596,-0.019969506189227104,0.6598424911499023,0.18929153680801392,-0.023449121043086052,0.6492995023727417,0.14578010141849518,-0.018761085346341133,0.6431531310081482,0.10894498229026794,-0.012520333752036095,0.0,0.0,0.0,0.0,0.0,0.0,0.0,0.0,0.0,0.0,0.0,0.0,0.0,0.0,0.0,0.0,0.0,0.0,0.0,0.0,0.0,0.0,0.0,0.0,0.0,0.0,0.0,0.0,0.0,0.0,0.0,0.0,0.0,0.0,0.0,0.0,0.0,0.0,0.0,0.0,0.0,0.0,0.0,0.0,0.0,0.0,0.0,0.0,0.0,0.0,0.0,0.0,0.0,0.0,0.0,0.0,0.0,0.0,0.0,0.0,0.0,0.0,0.0
come_here,0.7582668662071228,0.6018010377883911,-3.8677021052535565e-07,0.818136990070343,0.5352271795272827,0.032040487974882126,0.8454257249832153,0.44634199142456055,0.042232055217027664,0.8382682204246521,0.37685662508010864,0.04513014853000641,0.8076531887054443,0.3263867497444153,0.041664496064186096,0.8764456510543823,0.3975074291229248,0.017989972606301308,0.8331790566444397,0.28381553292274475,0.01728340983390808,0.8015996217727661,0.2371748387813568,0.01685222052037716,0.7812539935112,0.2076956331729889,0.017199253663420677,0.8494884371757507,0.3872126042842865,-0.004296476487070322,0.8195037841796875,0.2661307156085968,-0.00044049244024790823,0.7950735688209534,0.21552152931690216,0.00109834223985672,0.7709612250328064,0.18073886632919312,0.001368876313790679,0.8128231763839722,0.38438287377357483,-0.023199187591671944,0.7873311042785645,0.26903077960014343,-0.023640142753720284,0.7718916535377502,0.21531786024570465,-0.021968547254800797,0.7600889801979065,0.17583119869232178,-0.020879164338111877,0.7646849155426025,0.3884674608707428,-0.038845159113407135,0.7528318166732788,0.29079669713974,-0.04437515512108803,0.7438867092132568,0.24439403414726257,-0.03926602005958557,0.7371785044670105,0.20547375082969666,-0.032784249633550644,0.0,0.0,0.0,0.0,0.0,0.0,0.0,0.0,0.0,0.0,0.0,0.0,0.0,0.0,0.0,0.0,0.0,0.0,0.0,0.0,0.0,0.0,0.0,0.0,0.0,0.0,0.0,0.0,0.0,0.0,0.0,0.0,0.0,0.0,0.0,0.0,0.0,0.0,0.0,0.0,0.0,0.0,0.0,0.0,0.0,0.0,0.0,0.0,0.0,0.0,0.0,0.0,0.0,0.0,0.0,0.0,0.0,0.0,0.0,0.0,0.0,0.0,0.0
come_here,0.713757336139679,0.5807744264602661,-4.394348991354491e-07,0.7516194581985474,0.49999627470970154,0.026589883491396904,0.760323166847229,0.4074574112892151,0.034456655383110046,0.7426804900169373,0.34671464562416077,0.03493791073560715,0.7080283761024475,0.312050998210907,0.030076099559664726,0.7920005321502686,0.3725137412548065,0.017559941858053207,0.7426873445510864,0.27929794788360596,0.011969211511313915,0.7060689926147461,0.24390044808387756,0.0056664422154426575,0.6808664202690125,0.22314998507499695,0.003030804917216301,0.7672209739685059,0.3642280101776123,-0.0013920991914346814,0.7200803160667419,0.2728423476219177,0.0008971159113571048,0.6868069171905518,0.23202760517597198,-0.0038062261883169413,0.6579861640930176,0.20289599895477295,-0.008636807091534138,0.73294597864151,0.3624851703643799,-0.017806265503168106,0.6920152902603149,0.2741813063621521,-0.01709146983921528,0.6640699505805969,0.23620417714118958,-0.02046593464910984,0.6436365842819214,0.20627839863300323,-0.02386106736958027,0.6877319812774658,0.3689397871494293,-0.031548209488391876,0.6609106063842773,0.2901439070701599,-0.03302646800875664,0.6436476707458496,0.2560749053955078,-0.02917870134115219,0.630250096321106,0.2265724390745163,-0.02480837143957615,0.0,0.0,0.0,0.0,0.0,0.0,0.0,0.0,0.0,0.0,0.0,0.0,0.0,0.0,0.0,0.0,0.0,0.0,0.0,0.0,0.0,0.0,0.0,0.0,0.0,0.0,0.0,0.0,0.0,0.0,0.0,0.0,0.0,0.0,0.0,0.0,0.0,0.0,0.0,0.0,0.0,0.0,0.0,0.0,0.0,0.0,0.0,0.0,0.0,0.0,0.0,0.0,0.0,0.0,0.0,0.0,0.0,0.0,0.0,0.0,0.0,0.0,0.0
come_here,0.7044992446899414,0.6091935038566589,-3.596580029352481e-07,0.7469385862350464,0.5294654369354248,0.029590273275971413,0.7536510825157166,0.4430517256259918,0.03710458427667618,0.7280328869819641,0.38853055238723755,0.03710488602519035,0.6844377517700195,0.36110880970954895,0.030553150922060013,0.7730206251144409,0.39261394739151,0.01660909503698349,0.7237659692764282,0.3045380413532257,0.015746772289276123,0.6926685571670532,0.2591036558151245,0.010747747495770454,0.6722174882888794,0.22518983483314514,0.0054515451192855835,0.7429086565971375,0.3859178125858307,-0.0032667897175997496,0.6824632883071899,0.32128217816352844,-0.001489922869950533,0.6526777148246765,0.3244779706001282,-0.007002874277532101,0.6359314918518066,0.3300894498825073,-0.013985860161483288,0.7043476700782776,0.39362046122550964,-0.019642725586891174,0.6503990888595581,0.3287011384963989,-0.02114388346672058,0.620377779006958,0.32364121079444885,-0.028638916090130806,0.6016861200332642,0.3196532130241394,-0.03645949438214302,0.6606703996658325,0.41021808981895447,-0.032582540065050125,0.6198562383651733,0.3513839840888977,-0.03796253725886345,0.5954636335372925,0.3313172459602356,-0.04026784747838974,0.5773017406463623,0.31227970123291016,-0.04205308109521866,0.0,0.0,0.0,0.0,0.0,0.0,0.0,0.0,0.0,0.0,0.0,0.0,0.0,0.0,0.0,0.0,0.0,0.0,0.0,0.0,0.0,0.0,0.0,0.0,0.0,0.0,0.0,0.0,0.0,0.0,0.0,0.0,0.0,0.0,0.0,0.0,0.0,0.0,0.0,0.0,0.0,0.0,0.0,0.0,0.0,0.0,0.0,0.0,0.0,0.0,0.0,0.0,0.0,0.0,0.0,0.0,0.0,0.0,0.0,0.0,0.0,0.0,0.0
come_here,0.7337124347686768,0.6519744992256165,-3.806421489116474e-07,0.7787342667579651,0.5609784126281738,0.029321398586034775,0.7920752167701721,0.46317148208618164,0.0344805009663105,0.7750515341758728,0.400836318731308,0.03175825625658035,0.7398627400398254,0.36533376574516296,0.02399524301290512,0.8212467432022095,0.4332684874534607,0.014067120850086212,0.7732436060905457,0.32833075523376465,0.005543515086174011,0.7388584613800049,0.28670138120651245,-0.0016188889276236296,0.7195090651512146,0.25831079483032227,-0.00499234301969409,0.7921971678733826,0.42749083042144775,-0.007801062893122435,0.7490700483322144,0.31873220205307007,-0.0083519471809268,0.7201058864593506,0.27285781502723694,-0.008334946818649769,0.6990730166435242,0.23846521973609924,-0.008662546053528786,0.7530068159103394,0.4290737509727478,-0.027267271652817726,0.7184511423110962,0.3224392533302307,-0.02753625065088272,0.695598304271698,0.2759539484977722,-0.022854063659906387,0.6821289658546448,0.23874960839748383,-0.01986384578049183,0.7057291865348816,0.43675777316093445,-0.04418744146823883,0.6800551414489746,0.3437902629375458,-0.04647812992334366,0.6664043664932251,0.3019246459007263,-0.038799598813056946,0.6586548089981079,0.2649523615837097,-0.030665626749396324,0.0,0.0,0.0,0.0,0.0,0.0,0.0,0.0,0.0,0.0,0.0,0.0,0.0,0.0,0.0,0.0,0.0,0.0,0.0,0.0,0.0,0.0,0.0,0.0,0.0,0.0,0.0,0.0,0.0,0.0,0.0,0.0,0.0,0.0,0.0,0.0,0.0,0.0,0.0,0.0,0.0,0.0,0.0,0.0,0.0,0.0,0.0,0.0,0.0,0.0,0.0,0.0,0.0,0.0,0.0,0.0,0.0,0.0,0.0,0.0,0.0,0.0,0.0
come_here,0.6884961724281311,0.6140782833099365,-4.492919174481358e-07,0.7289972305297852,0.5283054113388062,0.027749836444854736,0.7379361391067505,0.4305177330970764,0.034483652561903,0.7169691324234009,0.3685707449913025,0.03475555405020714,0.6757102012634277,0.33266690373420715,0.02866775169968605,0.7609657049179077,0.3899335265159607,0.008898966014385223,0.699542224407196,0.297040730714798,0.00013230484910309315,0.657310962677002,0.2600284218788147,-0.0066933161579072475,0.6285712718963623,0.2376495599746704,-0.009341881610453129,0.7356237769126892,0.3873842656612396,-0.012009790167212486,0.6804498434066772,0.28975117206573486,-0.0117471469566226,0.6426560282707214,0.2497020959854126,-0.014303725212812424,0.6108552813529968,0.2262774556875229,-0.017393149435520172,0.7023760676383972,0.3917444944381714,-0.02972671203315258,0.6548218727111816,0.2980077862739563,-0.03043700009584427,0.6228394508361816,0.26461684703826904,-0.03055577352643013,0.6012376546859741,0.24105484783649445,-0.03167366981506348,0.6600761413574219,0.4063011705875397,-0.04453245550394058,0.6284649968147278,0.32729870080947876,-0.04871619865298271,0.6071409583091736,0.29877009987831116,-0.04332781955599785,0.5905383229255676,0.27705061435699463,-0.03712353855371475,0.0,0.0,0.0,0.0,0.0,0.0,0.0,0.0,0.0,0.0,0.0,0.0,0.0,0.0,0.0,0.0,0.0,0.0,0.0,0.0,0.0,0.0,0.0,0.0,0.0,0.0,0.0,0.0,0.0,0.0,0.0,0.0,0.0,0.0,0.0,0.0,0.0,0.0,0.0,0.0,0.0,0.0,0.0,0.0,0.0,0.0,0.0,0.0,0.0,0.0,0.0,0.0,0.0,0.0,0.0,0.0,0.0,0.0,0.0,0.0,0.0,0.0,0.0
come_here,0.6810988187789917,0.6434535980224609,-4.791192509401299e-07,0.726661741733551,0.5517517328262329,0.035244252532720566,0.732319176197052,0.46220895648002625,0.04503163695335388,0.7060344815254211,0.4064282774925232,0.045629873871803284,0.6601110100746155,0.37856805324554443,0.03913569822907448,0.7486068606376648,0.3994309902191162,0.027025975286960602,0.6817322373390198,0.3255296051502228,0.025609783828258514,0.6346538662910461,0.3061492145061493,0.01936674676835537,0.6045790910720825,0.2918594777584076,0.015281313098967075,0.717846691608429,0.3979046940803528,0.00429559126496315,0.6521480083465576,0.3173476457595825,0.010935550555586815,0.6120716333389282,0.29521292448043823,0.004726931918412447,0.5827860236167908,0.28307047486305237,-0.003379344241693616,0.6802037954330444,0.4076359272003174,-0.014840317890048027,0.6228077411651611,0.3303680419921875,-0.01009113248437643,0.5898931622505188,0.3017866313457489,-0.01692330837249756,0.5669044256210327,0.28334516286849976,-0.024793783202767372,0.6366254687309265,0.42788422107696533,-0.0304659865796566,0.598351240158081,0.3587324023246765,-0.02689223177731037,0.5774526596069336,0.3298802673816681,-0.022557443007826805,0.5615228414535522,0.3049951195716858,-0.019968440756201744,0.0,0.0,0.0,0.0,0.0,0.0,0.0,0.0,0.0,0.0,0.0,0.0,0.0,0.0,0.0,0.0,0.0,0.0,0.0,0.0,0.0,0.0,0.0,0.0,0.0,0.0,0.0,0.0,0.0,0.0,0.0,0.0,0.0,0.0,0.0,0.0,0.0,0.0,0.0,0.0,0.0,0.0,0.0,0.0,0.0,0.0,0.0,0.0,0.0,0.0,0.0,0.0,0.0,0.0,0.0,0.0,0.0,0.0,0.0,0.0,0.0,0.0,0.0
come_here,0.7134444117546082,0.6539523601531982,-4.81416748243646e-07,0.7589974999427795,0.5705503821372986,0.02804802544414997,0.7695429921150208,0.4717298448085785,0.032309334725141525,0.7477670311927795,0.40199771523475647,0.02916736900806427,0.7081042528152466,0.3604225516319275,0.02037772163748741,0.8050295114517212,0.43235209584236145,0.007587087340652943,0.7530248165130615,0.3302934765815735,-0.002988038817420602,0.7120304107666016,0.29223793745040894,-0.011693285778164864,0.6818855404853821,0.26876184344291687,-0.01580582931637764,0.7757511138916016,0.4272346794605255,-0.013617736287415028,0.7258605360984802,0.32269638776779175,-0.01700928620994091,0.688962459564209,0.2835147976875305,-0.022253481671214104,0.6567213535308838,0.2581576406955719,-0.02729620225727558,0.7366085052490234,0.42892295122146606,-0.03171055391430855,0.6949504613876343,0.3283868134021759,-0.03491172194480896,0.6647138595581055,0.28933951258659363,-0.03734399005770683,0.6403871774673462,0.26056206226348877,-0.040071215480566025,0.6885496973991394,0.43809008598327637,-0.046685706824064255,0.6614240407943726,0.349373459815979,-0.05130520462989807,0.6425997018814087,0.31170928478240967,-0.047753799706697464,0.6267528533935547,0.2788788080215454,-0.04350459948182106,0.0,0.0,0.0,0.0,0.0,0.0,0.0,0.0,0.0,0.0,0.0,0.0,0.0,0.0,0.0,0.0,0.0,0.0,0.0,0.0,0.0,0.0,0.0,0.0,0.0,0.0,0.0,0.0,0.0,0.0,0.0,0.0,0.0,0.0,0.0,0.0,0.0,0.0,0.0,0.0,0.0,0.0,0.0,0.0,0.0,0.0,0.0,0.0,0.0,0.0,0.0,0.0,0.0,0.0,0.0,0.0,0.0,0.0,0.0,0.0,0.0,0.0,0.0
come_here,0.734209418296814,0.7077631950378418,-4.601444061336224e-07,0.7959446310997009,0.6266173124313354,0.03556149825453758,0.8260943293571472,0.5327864289283752,0.04546143114566803,0.8231464624404907,0.46425169706344604,0.04898378252983093,0.790587306022644,0.4148731231689453,0.04563068598508835,0.8559825420379639,0.4824008345603943,0.00365201267413795,0.8145220875740051,0.3486276865005493,0.0023042738903313875,0.7842035889625549,0.2933387756347656,0.006744763348251581,0.7640821933746338,0.25470247864723206,0.011752274818718433,0.8308460116386414,0.47706377506256104,-0.01927073299884796,0.802657425403595,0.33676981925964355,-0.01403570082038641,0.7798001170158386,0.2740001678466797,-0.0062966360710561275,0.7553389072418213,0.22674277424812317,-0.0015626585809513927,0.7941584587097168,0.47685351967811584,-0.0369526743888855,0.7715558409690857,0.34303751587867737,-0.03423147648572922,0.757749080657959,0.27928173542022705,-0.026146747171878815,0.7469527721405029,0.23111429810523987,-0.021011149510741234,0.7430964112281799,0.4810503423213959,-0.050749000161886215,0.7327609062194824,0.36760830879211426,-0.055100079625844955,0.7264721989631653,0.3147900104522705,-0.04622303321957588,0.7210741639137268,0.2715277671813965,-0.03618152439594269,0.0,0.0,0.0,0.0,0.0,0.0,0.0,0.0,0.0,0.0,0.0,0.0,0.0,0.0,0.0,0.0,0.0,0.0,0.0,0.0,0.0,0.0,0.0,0.0,0.0,0.0,0.0,0.0,0.0,0.0,0.0,0.0,0.0,0.0,0.0,0.0,0.0,0.0,0.0,0.0,0.0,0.0,0.0,0.0,0.0,0.0,0.0,0.0,0.0,0.0,0.0,0.0,0.0,0.0,0.0,0.0,0.0,0.0,0.0,0.0,0.0,0.0,0.0
come_here,0.6238758563995361,0.6615340113639832,-4.705702281171398e-07,0.6847800612449646,0.5699201822280884,0.037447184324264526,0.7049253582954407,0.4706539213657379,0.04867163673043251,0.6857270002365112,0.4011387825012207,0.0511728934943676,0.6419342160224915,0.35944610834121704,0.046811722218990326,0.7278337478637695,0.4100923240184784,0.025455119088292122,0.6703836917877197,0.30081886053085327,0.03004009835422039,0.6269494295120239,0.26899704337120056,0.03053925558924675,0.6017507314682007,0.2486603856086731,0.030334578827023506,0.694011390209198,0.401737779378891,0.0030509228818118572,0.6371580958366394,0.2900990843772888,0.015571841038763523,0.6020097732543945,0.2581556737422943,0.015405493788421154,0.5783178210258484,0.23886950314044952,0.01077419612556696,0.6509617567062378,0.40556591749191284,-0.015009002760052681,0.5999367833137512,0.3027082085609436,-0.005270015448331833,0.5748656392097473,0.26011091470718384,-0.007593355141580105,0.558430552482605,0.2305155247449875,-0.013500068336725235,0.6005947589874268,0.4185140132904053,-0.029318641871213913,0.5706641674041748,0.3299991488456726,-0.021837014704942703,0.5552510023117065,0.29047149419784546,-0.014305831864476204,0.5439202785491943,0.2563941180706024,-0.009769104421138763,0.0,0.0,0.0,0.0,0.0,0.0,0.0,0.0,0.0,0.0,0.0,0.0,0.0,0.0,0.0,0.0,0.0,0.0,0.0,0.0,0.0,0.0,0.0,0.0,0.0,0.0,0.0,0.0,0.0,0.0,0.0,0.0,0.0,0.0,0.0,0.0,0.0,0.0,0.0,0.0,0.0,0.0,0.0,0.0,0.0,0.0,0.0,0.0,0.0,0.0,0.0,0.0,0.0,0.0,0.0,0.0,0.0,0.0,0.0,0.0,0.0,0.0,0.0
come_here,0.5167816281318665,0.6945669054985046,-4.1348917534378415e-07,0.5789087414741516,0.5938896536827087,0.03964032977819443,0.5999978184700012,0.48699095845222473,0.0542529821395874,0.578545093536377,0.4112960398197174,0.06121020019054413,0.5343952178955078,0.3682965934276581,0.06146401911973953,0.6168140172958374,0.4152546226978302,0.02209555171430111,0.5548219680786133,0.2993597388267517,0.029565097764134407,0.5143131613731384,0.26073992252349854,0.0378146767616272,0.48868057131767273,0.23266327381134033,0.043703045696020126,0.5807214975357056,0.41454842686653137,-0.0019676273223012686,0.5255008935928345,0.29327887296676636,0.009960025548934937,0.49145203828811646,0.24062480032444,0.01493485365062952,0.46174073219299316,0.19930943846702576,0.01571439579129219,0.5375457406044006,0.42616602778434753,-0.021021097898483276,0.4890924096107483,0.3086966872215271,-0.014184211380779743,0.46494829654693604,0.25380778312683105,-0.0120534123852849,0.4464761018753052,0.20952442288398743,-0.0124711524695158,0.4841011166572571,0.4492068886756897,-0.03589924797415733,0.45362165570259094,0.34422987699508667,-0.03578299283981323,0.43759864568710327,0.2959170341491699,-0.029058897867798805,0.42465174198150635,0.2521122694015503,-0.022222645580768585,0.0,0.0,0.0,0.0,0.0,0.0,0.0,0.0,0.0,0.0,0.0,0.0,0.0,0.0,0.0,0.0,0.0,0.0,0.0,0.0,0.0,0.0,0.0,0.0,0.0,0.0,0.0,0.0,0.0,0.0,0.0,0.0,0.0,0.0,0.0,0.0,0.0,0.0,0.0,0.0,0.0,0.0,0.0,0.0,0.0,0.0,0.0,0.0,0.0,0.0,0.0,0.0,0.0,0.0,0.0,0.0,0.0,0.0,0.0,0.0,0.0,0.0,0.0
come_here,0.5049815773963928,0.6969321966171265,-5.002518150831747e-07,0.5599969029426575,0.580217182636261,0.03854504972696304,0.5717111825942993,0.46002405881881714,0.04796665906906128,0.5429149866104126,0.3821880519390106,0.04885309934616089,0.49079111218452454,0.34000176191329956,0.042654238641262054,0.6011808514595032,0.41275009512901306,0.018778936937451363,0.5383203625679016,0.29351484775543213,0.015535491518676281,0.491291344165802,0.2569684386253357,0.012368233874440193,0.46098554134368896,0.23200461268424988,0.011601082049310207,0.564153790473938,0.41339966654777527,-0.006962793879210949,0.508368968963623,0.2910952568054199,-0.0012736852513626218,0.46824726462364197,0.2437008172273636,-0.0015210332348942757,0.4342729449272156,0.20656314492225647,-0.0032640299759805202,0.5187143087387085,0.4259229004383087,-0.028193853795528412,0.47205138206481934,0.3066963255405426,-0.023882845416665077,0.4443225562572479,0.2518972158432007,-0.022740481421351433,0.42426687479019165,0.2071630358695984,-0.023079466074705124,0.4631398916244507,0.4499936103820801,-0.04525570943951607,0.43811461329460144,0.3394722640514374,-0.04487511143088341,0.4243738055229187,0.2886645793914795,-0.036023806780576706,0.41440343856811523,0.24518755078315735,-0.026945345103740692,0.0,0.0,0.0,0.0,0.0,0.0,0.0,0.0,0.0,0.0,0.0,0.0,0.0,0.0,0.0,0.0,0.0,0.0,0.0,0.0,0.0,0.0,0.0,0.0,0.0,0.0,0.0,0.0,0.0,0.0,0.0,0.0,0.0,0.0,0.0,0.0,0.0,0.0,0.0,0.0,0.0,0.0,0.0,0.0,0.0,0.0,0.0,0.0,0.0,0.0,0.0,0.0,0.0,0.0,0.0,0.0,0.0,0.0,0.0,0.0,0.0,0.0,0.0
come_here,0.5794944167137146,0.7110563516616821,-3.971055946294655e-07,0.6506659388542175,0.620241641998291,0.03405805677175522,0.6829224228858948,0.5138874650001526,0.044365424662828445,0.6764819622039795,0.4357414245605469,0.0486748069524765,0.6428844928741455,0.3854067325592041,0.04612317308783531,0.7046911716461182,0.4548336863517761,0.008447127416729927,0.6622534394264221,0.3172583281993866,0.012085760943591595,0.6316094398498535,0.26164716482162476,0.016747815534472466,0.6117131114006042,0.22131556272506714,0.02006465196609497,0.6632022261619568,0.45100581645965576,-0.013182290829718113,0.6289844512939453,0.3097316026687622,-0.003912817686796188,0.6055043935775757,0.24464917182922363,-0.00040587331750430167,0.585182785987854,0.19386497139930725,-0.0015133052365854383,0.6156357526779175,0.4562652111053467,-0.02965228632092476,0.5898106098175049,0.32102224230766296,-0.02280408889055252,0.5768674612045288,0.2568310499191284,-0.021503955125808716,0.5673499703407288,0.20633283257484436,-0.02382260374724865,0.5593211650848389,0.47029227018356323,-0.04227183014154434,0.5481545329093933,0.35351723432540894,-0.04215293005108833,0.5390198826789856,0.3005446791648865,-0.035602349787950516,0.5324001312255859,0.2550756335258484,-0.029749834910035133,0.0,0.0,0.0,0.0,0.0,0.0,0.0,0.0,0.0,0.0,0.0,0.0,0.0,0.0,0.0,0.0,0.0,0.0,0.0,0.0,0.0,0.0,0.0,0.0,0.0,0.0,0.0,0.0,0.0,0.0,0.0,0.0,0.0,0.0,0.0,0.0,0.0,0.0,0.0,0.0,0.0,0.0,0.0,0.0,0.0,0.0,0.0,0.0,0.0,0.0,0.0,0.0,0.0,0.0,0.0,0.0,0.0,0.0,0.0,0.0,0.0,0.0,0.0
come_here,0.5531063079833984,0.7092595100402832,-4.077868425156339e-07,0.6201997399330139,0.618694543838501,0.04000290483236313,0.6490423679351807,0.5200249552726746,0.057175252586603165,0.6394361853599548,0.446468710899353,0.06734997779130936,0.6058021783828735,0.4030856490135193,0.07097163051366806,0.6642337441444397,0.4400900602340698,0.026374101638793945,0.6131134033203125,0.31797337532043457,0.03588252514600754,0.5778610110282898,0.2716112732887268,0.04417578503489494,0.5548301935195923,0.23714476823806763,0.04982803761959076,0.6256804466247559,0.4376610517501831,0.003829911118373275,0.5816637873649597,0.3091508746147156,0.016497327014803886,0.5528866052627563,0.2527558207511902,0.021286917850375175,0.5275671482086182,0.20912304520606995,0.02203756384551525,0.5806418657302856,0.4469149112701416,-0.01390624139457941,0.5432040095329285,0.3235539197921753,-0.006580938119441271,0.52466881275177,0.2647109627723694,-0.004607416223734617,0.5105491280555725,0.2184431552886963,-0.004944790154695511,0.5273370146751404,0.4662865400314331,-0.027493949979543686,0.5060832500457764,0.35993504524230957,-0.02763126790523529,0.4937576353549957,0.310167133808136,-0.021831994876265526,0.4851687550544739,0.26501139998435974,-0.0156701747328043,0.0,0.0,0.0,0.0,0.0,0.0,0.0,0.0,0.0,0.0,0.0,0.0,0.0,0.0,0.0,0.0,0.0,0.0,0.0,0.0,0.0,0.0,0.0,0.0,0.0,0.0,0.0,0.0,0.0,0.0,0.0,0.0,0.0,0.0,0.0,0.0,0.0,0.0,0.0,0.0,0.0,0.0,0.0,0.0,0.0,0.0,0.0,0.0,0.0,0.0,0.0,0.0,0.0,0.0,0.0,0.0,0.0,0.0,0.0,0.0,0.0,0.0,0.0
come_here,0.5511861443519592,0.6802713871002197,-3.429469757065817e-07,0.6108033061027527,0.5878878235816956,0.03375209495425224,0.6287327408790588,0.4870928227901459,0.04515690729022026,0.6073994636535645,0.41457173228263855,0.05003492534160614,0.565372109413147,0.3737226128578186,0.048846546560525894,0.6434162259101868,0.4327225685119629,0.018458805978298187,0.5913495421409607,0.32138121128082275,0.019483407959342003,0.5568827986717224,0.27553099393844604,0.02145540527999401,0.5314499139785767,0.24431411921977997,0.023993032053112984,0.6071471571922302,0.4310646057128906,-0.0035508766304701567,0.5592849254608154,0.31528669595718384,0.0018569501116871834,0.5272569060325623,0.2646976709365845,0.0037894423585385084,0.49820539355278015,0.22609195113182068,0.004835248924791813,0.5652748346328735,0.4424141049385071,-0.02163807861506939,0.5218806266784668,0.3328711986541748,-0.01996292546391487,0.4997953176498413,0.280304491519928,-0.0190433282405138,0.4826057553291321,0.2371862828731537,-0.017995579168200493,0.5148423910140991,0.4646238684654236,-0.03592705726623535,0.4871414005756378,0.3647296726703644,-0.03949485719203949,0.4717489182949066,0.3163759112358093,-0.03439423069357872,0.4603159725666046,0.2737419009208679,-0.02734833024442196,0.0,0.0,0.0,0.0,0.0,0.0,0.0,0.0,0.0,0.0,0.0,0.0,0.0,0.0,0.0,0.0,0.0,0.0,0.0,0.0,0.0,0.0,0.0,0.0,0.0,0.0,0.0,0.0,0.0,0.0,0.0,0.0,0.0,0.0,0.0,0.0,0.0,0.0,0.0,0.0,0.0,0.0,0.0,0.0,0.0,0.0,0.0,0.0,0.0,0.0,0.0,0.0,0.0,0.0,0.0,0.0,0.0,0.0,0.0,0.0,0.0,0.0,0.0
come_here,0.5428555011749268,0.7025099992752075,-4.570572400552919e-07,0.609094500541687,0.6081858277320862,0.044372569769620895,0.6378768682479858,0.5123111009597778,0.06423740833997726,0.6239886283874512,0.4357319474220276,0.0763128325343132,0.586430549621582,0.3914889693260193,0.08172130584716797,0.650251567363739,0.4302555322647095,0.030662482604384422,0.5959013104438782,0.30839264392852783,0.0418461374938488,0.5594461560249329,0.26581496000289917,0.052419114857912064,0.53630131483078,0.23548346757888794,0.05957581847906113,0.6114168763160706,0.43095558881759644,0.006232597399502993,0.5627133846282959,0.30002546310424805,0.019317328929901123,0.5321624279022217,0.2451762706041336,0.025679418817162514,0.5054091215133667,0.20452389121055603,0.02779315784573555,0.5671308040618896,0.44349512457847595,-0.013215159066021442,0.5251673460006714,0.3168586790561676,-0.006471650674939156,0.5051931738853455,0.2569076418876648,-0.00303738028742373,0.48947256803512573,0.21181264519691467,-0.0019417927833274007,0.514080286026001,0.4661634862422943,-0.028096720576286316,0.48995935916900635,0.35424989461898804,-0.03033808246254921,0.4770585596561432,0.29987695813179016,-0.025275379419326782,0.4675201177597046,0.2512618899345398,-0.019113458693027496,0.0,0.0,0.0,0.0,0.0,0.0,0.0,0.0,0.0,0.0,0.0,0.0,0.0,0.0,0.0,0.0,0.0,0.0,0.0,0.0,0.0,0.0,0.0,0.0,0.0,0.0,0.0,0.0,0.0,0.0,0.0,0.0,0.0,0.0,0.0,0.0,0.0,0.0,0.0,0.0,0.0,0.0,0.0,0.0,0.0,0.0,0.0,0.0,0.0,0.0,0.0,0.0,0.0,0.0,0.0,0.0,0.0,0.0,0.0,0.0,0.0,0.0,0.0
come_here,0.5710232853889465,0.7194386124610901,-4.544822331808973e-07,0.6419339179992676,0.6352741122245789,0.04372851178050041,0.6779741644859314,0.5441046357154846,0.0622776634991169,0.6752928495407104,0.46318989992141724,0.07530923932790756,0.650628387928009,0.41635599732398987,0.0818021297454834,0.6907108426094055,0.45344609022140503,0.017768271267414093,0.6505943536758423,0.3178551197052002,0.03000781685113907,0.6224026679992676,0.25982630252838135,0.04322195053100586,0.6041997671127319,0.21998882293701172,0.05127435177564621,0.6463240385055542,0.4508199095726013,-0.004723378922790289,0.6078594923019409,0.3046591281890869,0.006553991697728634,0.5835211873054504,0.239180326461792,0.012670982629060745,0.5665948390960693,0.19149243831634521,0.012789043597877026,0.5981303453445435,0.45863044261932373,-0.021097220480442047,0.565894365310669,0.31945163011550903,-0.015347536653280258,0.5502194762229919,0.252570241689682,-0.015210738405585289,0.5405548810958862,0.20291614532470703,-0.01861882023513317,0.5451421737670898,0.47801199555397034,-0.03221480920910835,0.5299800634384155,0.3562607169151306,-0.03586580231785774,0.5184916257858276,0.2978789210319519,-0.03487585484981537,0.5126437544822693,0.2456386387348175,-0.03366762027144432,0.0,0.0,0.0,0.0,0.0,0.0,0.0,0.0,0.0,0.0,0.0,0.0,0.0,0.0,0.0,0.0,0.0,0.0,0.0,0.0,0.0,0.0,0.0,0.0,0.0,0.0,0.0,0.0,0.0,0.0,0.0,0.0,0.0,0.0,0.0,0.0,0.0,0.0,0.0,0.0,0.0,0.0,0.0,0.0,0.0,0.0,0.0,0.0,0.0,0.0,0.0,0.0,0.0,0.0,0.0,0.0,0.0,0.0,0.0,0.0,0.0,0.0,0.0
come_here,0.5690361857414246,0.7150406837463379,-4.025096131954342e-07,0.6413053870201111,0.6293653249740601,0.042676448822021484,0.674584150314331,0.5302447080612183,0.0610090047121048,0.6644712686538696,0.443630188703537,0.0738973543047905,0.6301085352897644,0.3923884630203247,0.07989108562469482,0.6869043111801147,0.44973471760749817,0.018829194828867912,0.6427565813064575,0.3100753426551819,0.032168153673410416,0.6145713925361633,0.2506568133831024,0.045591335743665695,0.5974031686782837,0.20847070217132568,0.05391105264425278,0.6417059898376465,0.4474831819534302,-0.003149456810206175,0.6046701669692993,0.2990708351135254,0.010176858864724636,0.5808408856391907,0.23244988918304443,0.017077578231692314,0.5613188743591309,0.1829480230808258,0.01841585710644722,0.5933191180229187,0.4559841752052307,-0.018926745280623436,0.56214439868927,0.3157687783241272,-0.0112093985080719,0.5476477742195129,0.24897617101669312,-0.009209503419697285,0.5379751920700073,0.19931349158287048,-0.01066667027771473,0.5396908521652222,0.4756738841533661,-0.029652513563632965,0.5265539288520813,0.35294675827026367,-0.03195510059595108,0.5159419775009155,0.2961880564689636,-0.028696857392787933,0.5099594593048096,0.24662849307060242,-0.025041881948709488,0.0,0.0,0.0,0.0,0.0,0.0,0.0,0.0,0.0,0.0,0.0,0.0,0.0,0.0,0.0,0.0,0.0,0.0,0.0,0.0,0.0,0.0,0.0,0.0,0.0,0.0,0.0,0.0,0.0,0.0,0.0,0.0,0.0,0.0,0.0,0.0,0.0,0.0,0.0,0.0,0.0,0.0,0.0,0.0,0.0,0.0,0.0,0.0,0.0,0.0,0.0,0.0,0.0,0.0,0.0,0.0,0.0,0.0,0.0,0.0,0.0,0.0,0.0
come_here,0.5674218535423279,0.7178918123245239,-4.161670688063168e-07,0.6402754783630371,0.6327263116836548,0.04296122118830681,0.6739903092384338,0.5327258706092834,0.06086709722876549,0.664432942867279,0.4447004199028015,0.07322578877210617,0.630665123462677,0.3922853171825409,0.07866306602954865,0.6882416009902954,0.45309606194496155,0.016818532720208168,0.6458488702774048,0.313623309135437,0.030037397518754005,0.6171503067016602,0.2537267804145813,0.04365851730108261,0.5990316867828369,0.21123012900352478,0.05181867256760597,0.6432267427444458,0.4488331973552704,-0.0057286848314106464,0.6069738864898682,0.30002206563949585,0.007376614958047867,0.5830509662628174,0.23379480838775635,0.014332953840494156,0.5635047554969788,0.18583360314369202,0.015267877839505672,0.5946553349494934,0.45615917444229126,-0.02195466309785843,0.5647397041320801,0.31582698225975037,-0.014223882928490639,0.5501610636711121,0.24997800588607788,-0.012386837974190712,0.5399094820022583,0.2009735405445099,-0.014522239565849304,0.5404853820800781,0.47500166296958923,-0.03312041983008385,0.5278346538543701,0.3537031412124634,-0.0356891043484211,0.5170042514801025,0.29683220386505127,-0.032993704080581665,0.5110861659049988,0.24631068110466003,-0.030166378244757652,0.0,0.0,0.0,0.0,0.0,0.0,0.0,0.0,0.0,0.0,0.0,0.0,0.0,0.0,0.0,0.0,0.0,0.0,0.0,0.0,0.0,0.0,0.0,0.0,0.0,0.0,0.0,0.0,0.0,0.0,0.0,0.0,0.0,0.0,0.0,0.0,0.0,0.0,0.0,0.0,0.0,0.0,0.0,0.0,0.0,0.0,0.0,0.0,0.0,0.0,0.0,0.0,0.0,0.0,0.0,0.0,0.0,0.0,0.0,0.0,0.0,0.0,0.0
come_here,0.5812785625457764,0.7061097621917725,-4.081184954429773e-07,0.6515167951583862,0.6252068281173706,0.035823509097099304,0.6833128929138184,0.5252752304077148,0.050171859562397,0.6781368255615234,0.4434920847415924,0.05918978527188301,0.6499650478363037,0.3928912281990051,0.06196393817663193,0.7001990079879761,0.4524605870246887,0.013749168254435062,0.6606020331382751,0.31976211071014404,0.02014695666730404,0.6304988861083984,0.26236462593078613,0.026584377512335777,0.6099746823310852,0.22279760241508484,0.030474649742245674,0.657645583152771,0.4471784830093384,-0.006315994076430798,0.6220411062240601,0.3077186346054077,0.0025285715237259865,0.5979679822921753,0.24454426765441895,0.004983491264283657,0.5788491368293762,0.19860512018203735,0.002800452522933483,0.6104807257652283,0.452256441116333,-0.021339062601327896,0.5802290439605713,0.3197736144065857,-0.016053035855293274,0.5658449530601501,0.25715887546539307,-0.01785789057612419,0.5554417371749878,0.21001771092414856,-0.022554485127329826,0.5571984648704529,0.4680732488632202,-0.032106976956129074,0.5438871383666992,0.3533143997192383,-0.033751752227544785,0.5329948663711548,0.299741268157959,-0.03161478787660599,0.526291012763977,0.2535974979400635,-0.02983146160840988,0.0,0.0,0.0,0.0,0.0,0.0,0.0,0.0,0.0,0.0,0.0,0.0,0.0,0.0,0.0,0.0,0.0,0.0,0.0,0.0,0.0,0.0,0.0,0.0,0.0,0.0,0.0,0.0,0.0,0.0,0.0,0.0,0.0,0.0,0.0,0.0,0.0,0.0,0.0,0.0,0.0,0.0,0.0,0.0,0.0,0.0,0.0,0.0,0.0,0.0,0.0,0.0,0.0,0.0,0.0,0.0,0.0,0.0,0.0,0.0,0.0,0.0,0.0
come_here,0.6238527297973633,0.6542671918869019,-3.142015998491843e-07,0.6966770887374878,0.5813779830932617,0.02661825902760029,0.7382393479347229,0.5021053552627563,0.038342323154211044,0.7300499677658081,0.42684733867645264,0.04572920501232147,0.6964141130447388,0.37877601385116577,0.04735395312309265,0.7407740950584412,0.4011358618736267,0.017170101404190063,0.7069259285926819,0.2809557318687439,0.0233854278922081,0.679392397403717,0.22982539236545563,0.026994379237294197,0.6597084403038025,0.19358381628990173,0.028689473867416382,0.6961342692375183,0.39496809244155884,0.0011893905466422439,0.662144660949707,0.26675376296043396,0.009678442031145096,0.6394557356834412,0.21132923662662506,0.007864502258598804,0.6228346824645996,0.16966372728347778,0.002152861561626196,0.6488974690437317,0.4021911919116974,-0.011271797120571136,0.6212599277496338,0.27747246623039246,-0.008645124733448029,0.6082620024681091,0.2166542112827301,-0.015034203417599201,0.5981383323669434,0.17186245322227478,-0.022417277097702026,0.5966360569000244,0.41820386052131653,-0.020234107971191406,0.5850638151168823,0.3116413950920105,-0.02283523790538311,0.5768088102340698,0.257770299911499,-0.022714298218488693,0.5717487335205078,0.21017026901245117,-0.022780174389481544,0.0,0.0,0.0,0.0,0.0,0.0,0.0,0.0,0.0,0.0,0.0,0.0,0.0,0.0,0.0,0.0,0.0,0.0,0.0,0.0,0.0,0.0,0.0,0.0,0.0,0.0,0.0,0.0,0.0,0.0,0.0,0.0,0.0,0.0,0.0,0.0,0.0,0.0,0.0,0.0,0.0,0.0,0.0,0.0,0.0,0.0,0.0,0.0,0.0,0.0,0.0,0.0,0.0,0.0,0.0,0.0,0.0,0.0,0.0,0.0,0.0,0.0,0.0
come_here,0.6479095816612244,0.6419364213943481,-2.9239836862871016e-07,0.719325065612793,0.5689671039581299,0.027531730011105537,0.7549792528152466,0.48060131072998047,0.03814014419913292,0.7496183514595032,0.4060046076774597,0.04301825165748596,0.7164450883865356,0.3569193482398987,0.04186010733246803,0.7671020030975342,0.3939850330352783,0.022021273151040077,0.7355045676231384,0.2719336748123169,0.02568032033741474,0.708525538444519,0.2224941849708557,0.02454611100256443,0.6913113594055176,0.1871967315673828,0.022944750264286995,0.7251553535461426,0.38584452867507935,0.004928056616336107,0.6945322155952454,0.25719887018203735,0.013425993733108044,0.6740972399711609,0.19788984954357147,0.009618893265724182,0.660149097442627,0.15058693289756775,0.0022425169590860605,0.6788108348846436,0.3894203305244446,-0.009126237593591213,0.6539850234985352,0.26573610305786133,-0.005263006314635277,0.6425859332084656,0.20497457683086395,-0.012411086820065975,0.6346335411071777,0.15876802802085876,-0.020623745396733284,0.6271861791610718,0.40153470635414124,-0.019969673827290535,0.616791307926178,0.29741591215133667,-0.01967030018568039,0.6095662117004395,0.24529117345809937,-0.01816515438258648,0.6050785183906555,0.20028017461299896,-0.017587201669812202,0.0,0.0,0.0,0.0,0.0,0.0,0.0,0.0,0.0,0.0,0.0,0.0,0.0,0.0,0.0,0.0,0.0,0.0,0.0,0.0,0.0,0.0,0.0,0.0,0.0,0.0,0.0,0.0,0.0,0.0,0.0,0.0,0.0,0.0,0.0,0.0,0.0,0.0,0.0,0.0,0.0,0.0,0.0,0.0,0.0,0.0,0.0,0.0,0.0,0.0,0.0,0.0,0.0,0.0,0.0,0.0,0.0,0.0,0.0,0.0,0.0,0.0,0.0
come_here,0.6931599974632263,0.6180601716041565,-3.1571138947583677e-07,0.7653920650482178,0.5577664971351624,0.03172089532017708,0.8015729188919067,0.4782971739768982,0.046890195459127426,0.7982582449913025,0.41052597761154175,0.056379906833171844,0.7702286839485168,0.3662567436695099,0.06015847250819206,0.8120903372764587,0.38581371307373047,0.026272475719451904,0.7783540487289429,0.27019020915031433,0.03404616564512253,0.7535768747329712,0.21930429339408875,0.03842643275856972,0.7387431859970093,0.18194636702537537,0.04084036126732826,0.7752415537834167,0.3779720067977905,0.00902339443564415,0.7460551261901855,0.25782904028892517,0.01989157497882843,0.7273696660995483,0.19982044398784637,0.02127113752067089,0.7130304574966431,0.15528717637062073,0.01879642717540264,0.7335788607597351,0.3804261386394501,-0.004745048470795155,0.709969162940979,0.2649379372596741,-0.00017283236957155168,0.699055016040802,0.2076050192117691,-0.0024405857548117638,0.6910157203674316,0.16579821705818176,-0.005865080282092094,0.6852482557296753,0.3911040127277374,-0.015012867748737335,0.6736358404159546,0.29322922229766846,-0.016080716624855995,0.6648585796356201,0.24486719071865082,-0.012962833046913147,0.6582791209220886,0.20410789549350739,-0.009667452424764633,0.0,0.0,0.0,0.0,0.0,0.0,0.0,0.0,0.0,0.0,0.0,0.0,0.0,0.0,0.0,0.0,0.0,0.0,0.0,0.0,0.0,0.0,0.0,0.0,0.0,0.0,0.0,0.0,0.0,0.0,0.0,0.0,0.0,0.0,0.0,0.0,0.0,0.0,0.0,0.0,0.0,0.0,0.0,0.0,0.0,0.0,0.0,0.0,0.0,0.0,0.0,0.0,0.0,0.0,0.0,0.0,0.0,0.0,0.0,0.0,0.0,0.0,0.0
come_here,0.7183935046195984,0.7095053195953369,-4.81977451727289e-07,0.7931902408599854,0.6349717974662781,0.0438363179564476,0.8292193412780762,0.5493157505989075,0.06224743276834488,0.8285342454910278,0.481487512588501,0.07287129759788513,0.7985684871673584,0.4329730272293091,0.07647129148244858,0.8500697016716003,0.4665387272834778,0.023757798597216606,0.8063179850578308,0.33558404445648193,0.03290983662009239,0.7742652297019958,0.28203630447387695,0.044018518179655075,0.7553809285163879,0.24291232228279114,0.05185747519135475,0.817530632019043,0.4621105492115021,-0.0006388665642589331,0.7795004844665527,0.3217655122280121,0.012103038839995861,0.7566048502922058,0.25956475734710693,0.020681150257587433,0.7356123924255371,0.2123182713985443,0.024001462385058403,0.7752457857131958,0.46488338708877563,-0.01983295939862728,0.7444496154785156,0.3277747929096222,-0.013727161101996899,0.7296432256698608,0.26397886872291565,-0.008081616833806038,0.7184416651725769,0.21548151969909668,-0.00581064959987998,0.7226840257644653,0.4729419946670532,-0.03454817458987236,0.7074803113937378,0.35922354459762573,-0.040143951773643494,0.6992010474205017,0.3037014603614807,-0.03576827794313431,0.6929430365562439,0.2555393576622009,-0.02952617220580578,0.0,0.0,0.0,0.0,0.0,0.0,0.0,0.0,0.0,0.0,0.0,0.0,0.0,0.0,0.0,0.0,0.0,0.0,0.0,0.0,0.0,0.0,0.0,0.0,0.0,0.0,0.0,0.0,0.0,0.0,0.0,0.0,0.0,0.0,0.0,0.0,0.0,0.0,0.0,0.0,0.0,0.0,0.0,0.0,0.0,0.0,0.0,0.0,0.0,0.0,0.0,0.0,0.0,0.0,0.0,0.0,0.0,0.0,0.0,0.0,0.0,0.0,0.0
come_here,0.6630547046661377,0.7152701020240784,-4.956309567205608e-07,0.7232958674430847,0.6184422969818115,0.031481459736824036,0.7430047988891602,0.5086320042610168,0.036314528435468674,0.720445990562439,0.4347837269306183,0.03408193588256836,0.6695014238357544,0.39239564538002014,0.024570100009441376,0.7763824462890625,0.4585772156715393,0.006806807592511177,0.709639847278595,0.3366115093231201,0.0016260346164926887,0.660179853439331,0.29854822158813477,-0.0032863453961908817,0.6297436356544495,0.27904701232910156,-0.006004043854773045,0.7412338852882385,0.4529917240142822,-0.01551701221615076,0.6828011274337769,0.3265550136566162,-0.010966792702674866,0.6423718929290771,0.2893892526626587,-0.010733816772699356,0.6101518869400024,0.27109572291374207,-0.01368230115622282,0.6962215304374695,0.45671072602272034,-0.0335189513862133,0.6464489102363586,0.3391216993331909,-0.028234822675585747,0.6178659796714783,0.295809805393219,-0.027508433908224106,0.5994257926940918,0.26841503381729126,-0.03042145073413849,0.6416283845901489,0.4710344672203064,-0.04830094799399376,0.6139765977859497,0.3703175187110901,-0.046630535274744034,0.5974794626235962,0.32647258043289185,-0.0394054614007473,0.5856705904006958,0.2917059063911438,-0.03365321084856987,0.0,0.0,0.0,0.0,0.0,0.0,0.0,0.0,0.0,0.0,0.0,0.0,0.0,0.0,0.0,0.0,0.0,0.0,0.0,0.0,0.0,0.0,0.0,0.0,0.0,0.0,0.0,0.0,0.0,0.0,0.0,0.0,0.0,0.0,0.0,0.0,0.0,0.0,0.0,0.0,0.0,0.0,0.0,0.0,0.0,0.0,0.0,0.0,0.0,0.0,0.0,0.0,0.0,0.0,0.0,0.0,0.0,0.0,0.0,0.0,0.0,0.0,0.0
come_here,0.5335927605628967,0.7424938678741455,-4.7080379772523884e-07,0.6255254745483398,0.6617917418479919,0.024561649188399315,0.6751053333282471,0.5503545999526978,0.028075741603970528,0.6725924611091614,0.4576445519924164,0.027052948251366615,0.6343706846237183,0.3967544138431549,0.01931745931506157,0.695168137550354,0.4786681830883026,-0.0024051473010331392,0.6524704694747925,0.3250734210014343,-0.006753707770258188,0.6199311017990112,0.2607796788215637,-0.010595716536045074,0.6003240942955017,0.21557271480560303,-0.01384888868778944,0.6388989090919495,0.47492897510528564,-0.021473068743944168,0.5977626442909241,0.3186587393283844,-0.020498819649219513,0.5734018087387085,0.2464991956949234,-0.02550937607884407,0.5574615001678467,0.1908704936504364,-0.03405650332570076,0.5802333354949951,0.4807800054550171,-0.036262352019548416,0.5483744740486145,0.3348669707775116,-0.037218064069747925,0.5354198217391968,0.2587829828262329,-0.04429478570818901,0.5283427834510803,0.19973185658454895,-0.052806541323661804,0.5176430940628052,0.4933033883571625,-0.04751128330826759,0.5054517984390259,0.3655537962913513,-0.05129685625433922,0.4985421299934387,0.29835790395736694,-0.05011199414730072,0.49633896350860596,0.24199992418289185,-0.04930470138788223,0.0,0.0,0.0,0.0,0.0,0.0,0.0,0.0,0.0,0.0,0.0,0.0,0.0,0.0,0.0,0.0,0.0,0.0,0.0,0.0,0.0,0.0,0.0,0.0,0.0,0.0,0.0,0.0,0.0,0.0,0.0,0.0,0.0,0.0,0.0,0.0,0.0,0.0,0.0,0.0,0.0,0.0,0.0,0.0,0.0,0.0,0.0,0.0,0.0,0.0,0.0,0.0,0.0,0.0,0.0,0.0,0.0,0.0,0.0,0.0,0.0,0.0,0.0
come_here,0.4933137893676758,0.7420578598976135,-3.182442469551461e-07,0.5820670127868652,0.6719738841056824,0.026071542873978615,0.6399295330047607,0.5796847939491272,0.03305833041667938,0.6498526334762573,0.4918120503425598,0.03759715333580971,0.626789391040802,0.4358430504798889,0.03586665168404579,0.6394676566123962,0.4906001687049866,-0.010921274311840534,0.6149436831474304,0.3278943598270416,-0.015242145396769047,0.5930771827697754,0.24979931116104126,-0.015572106465697289,0.577921986579895,0.19728758931159973,-0.016194775700569153,0.5811020731925964,0.48388946056365967,-0.029818832874298096,0.5593981146812439,0.3140014410018921,-0.03345892205834389,0.5431826710700989,0.22860047221183777,-0.03576857969164848,0.5327305793762207,0.16839858889579773,-0.041194550693035126,0.5216134786605835,0.4857354760169983,-0.04402456805109978,0.5076180696487427,0.32982438802719116,-0.050462570041418076,0.5020984411239624,0.24289759993553162,-0.056321438401937485,0.49981415271759033,0.17923912405967712,-0.06281498819589615,0.4610191583633423,0.4966457188129425,-0.053928177803754807,0.462083637714386,0.3630988597869873,-0.0650142952799797,0.4588632881641388,0.29141008853912354,-0.06786239892244339,0.4599756598472595,0.2304295003414154,-0.06956855207681656,0.0,0.0,0.0,0.0,0.0,0.0,0.0,0.0,0.0,0.0,0.0,0.0,0.0,0.0,0.0,0.0,0.0,0.0,0.0,0.0,0.0,0.0,0.0,0.0,0.0,0.0,0.0,0.0,0.0,0.0,0.0,0.0,0.0,0.0,0.0,0.0,0.0,0.0,0.0,0.0,0.0,0.0,0.0,0.0,0.0,0.0,0.0,0.0,0.0,0.0,0.0,0.0,0.0,0.0,0.0,0.0,0.0,0.0,0.0,0.0,0.0,0.0,0.0
come_here,0.38269102573394775,0.7241564989089966,-1.0864807364896478e-07,0.47102949023246765,0.6763353943824768,0.008975460194051266,0.5331478118896484,0.5906510353088379,0.005087603349238634,0.5596065521240234,0.5163941979408264,0.0004461711796466261,0.5526885390281677,0.4554179906845093,-0.00945940613746643,0.5235066413879395,0.5225019454956055,-0.032968174666166306,0.5026675462722778,0.3567349910736084,-0.052107397466897964,0.4875216782093048,0.270415335893631,-0.06670070439577103,0.4786607027053833,0.20578673481941223,-0.07658704370260239,0.45751696825027466,0.515470564365387,-0.04809724539518356,0.4485955238342285,0.3461342751979828,-0.0684857964515686,0.44597914814949036,0.24624773859977722,-0.08451792597770691,0.4443346858024597,0.1707988977432251,-0.09826519340276718,0.39633825421333313,0.5101679563522339,-0.05930083990097046,0.3941495418548584,0.35785138607025146,-0.07770072668790817,0.39845332503318787,0.26587390899658203,-0.08803505450487137,0.4022523760795593,0.19754555821418762,-0.09527871757745743,0.34172359108924866,0.5075237154960632,-0.0676337257027626,0.35147082805633545,0.3845379650592804,-0.08107337355613708,0.35393577814102173,0.3134346008300781,-0.0820249691605568,0.35775935649871826,0.256439745426178,-0.08194492757320404,0.0,0.0,0.0,0.0,0.0,0.0,0.0,0.0,0.0,0.0,0.0,0.0,0.0,0.0,0.0,0.0,0.0,0.0,0.0,0.0,0.0,0.0,0.0,0.0,0.0,0.0,0.0,0.0,0.0,0.0,0.0,0.0,0.0,0.0,0.0,0.0,0.0,0.0,0.0,0.0,0.0,0.0,0.0,0.0,0.0,0.0,0.0,0.0,0.0,0.0,0.0,0.0,0.0,0.0,0.0,0.0,0.0,0.0,0.0,0.0,0.0,0.0,0.0
come_here,0.5944468975067139,0.8174371123313904,4.6510049855896796e-07,0.524110734462738,0.7566660642623901,-0.00932689942419529,0.47548842430114746,0.6684830784797668,-0.029028287157416344,0.46833252906799316,0.5914272665977478,-0.04682855308055878,0.48855316638946533,0.5427213311195374,-0.06536194682121277,0.5060773491859436,0.6114559769630432,-0.07259513437747955,0.5308715105056763,0.4465063214302063,-0.10538272559642792,0.5510376691818237,0.359774649143219,-0.11614448577165604,0.5671250820159912,0.29680702090263367,-0.11885857582092285,0.5637483596801758,0.6219059228897095,-0.08143271505832672,0.5832273960113525,0.44205909967422485,-0.1141616627573967,0.5985376238822937,0.34350574016571045,-0.1235736608505249,0.6088436245918274,0.2702339291572571,-0.12654851377010345,0.620006263256073,0.6318427920341492,-0.08757823705673218,0.6294353604316711,0.4653868079185486,-0.11356326937675476,0.6356472969055176,0.36752229928970337,-0.12151145190000534,0.6366021633148193,0.2945826053619385,-0.12327119708061218,0.6704498529434204,0.6417084336280823,-0.09245291352272034,0.6740603446960449,0.5048199892044067,-0.11276862025260925,0.6725456118583679,0.4290885627269745,-0.11654762923717499,0.6678436398506165,0.367139995098114,-0.11518271267414093,0.0,0.0,0.0,0.0,0.0,0.0,0.0,0.0,0.0,0.0,0.0,0.0,0.0,0.0,0.0,0.0,0.0,0.0,0.0,0.0,0.0,0.0,0.0,0.0,0.0,0.0,0.0,0.0,0.0,0.0,0.0,0.0,0.0,0.0,0.0,0.0,0.0,0.0,0.0,0.0,0.0,0.0,0.0,0.0,0.0,0.0,0.0,0.0,0.0,0.0,0.0,0.0,0.0,0.0,0.0,0.0,0.0,0.0,0.0,0.0,0.0,0.0,0.0
come_here,0.5943107604980469,0.7633816003799438,3.4030608730972745e-07,0.5322854518890381,0.7065210938453674,-0.004017838276922703,0.48767203092575073,0.6221380233764648,-0.01657968759536743,0.4799306392669678,0.5461111068725586,-0.028504500165581703,0.49749523401260376,0.505211353302002,-0.0404311940073967,0.5208978056907654,0.56371009349823,-0.0487908311188221,0.5488377213478088,0.42905497550964355,-0.07225286960601807,0.5695650577545166,0.35905730724334717,-0.07926639169454575,0.5861380696296692,0.31001606583595276,-0.08008286356925964,0.5678700804710388,0.571297287940979,-0.0561063252389431,0.5915501117706299,0.4235694110393524,-0.07664293795824051,0.6087512373924255,0.3424140512943268,-0.08056758344173431,0.6212308406829834,0.28206583857536316,-0.08070968836545944,0.6165893077850342,0.5824291110038757,-0.06167425587773323,0.6326714754104614,0.4466528296470642,-0.07703620195388794,0.6421414613723755,0.3718207776546478,-0.08033821731805801,0.6465334296226501,0.3180350661277771,-0.07999525964260101,0.6620498895645142,0.5961208343505859,-0.06648420542478561,0.6688565015792847,0.48285627365112305,-0.07821192592382431,0.6707574129104614,0.4208936393260956,-0.07941292226314545,0.6708523631095886,0.3699664771556854,-0.07701819390058517,0.0,0.0,0.0,0.0,0.0,0.0,0.0,0.0,0.0,0.0,0.0,0.0,0.0,0.0,0.0,0.0,0.0,0.0,0.0,0.0,0.0,0.0,0.0,0.0,0.0,0.0,0.0,0.0,0.0,0.0,0.0,0.0,0.0,0.0,0.0,0.0,0.0,0.0,0.0,0.0,0.0,0.0,0.0,0.0,0.0,0.0,0.0,0.0,0.0,0.0,0.0,0.0,0.0,0.0,0.0,0.0,0.0,0.0,0.0,0.0,0.0,0.0,0.0
come_here,0.5091074705123901,0.7330111265182495,5.687174393642636e-07,0.4491771459579468,0.6805037260055542,-0.0069811237044632435,0.4197208881378174,0.5847036838531494,-0.020473841577768326,0.4323061406612396,0.4945761561393738,-0.03227508068084717,0.4552149772644043,0.43442702293395996,-0.04396166279911995,0.4078865647315979,0.5667829513549805,-0.0541890412569046,0.43043527007102966,0.4242570400238037,-0.08155302703380585,0.4545244872570038,0.3480529487133026,-0.09132938086986542,0.47440704703330994,0.2917800545692444,-0.09391650557518005,0.4526399075984955,0.5745239853858948,-0.06202748790383339,0.4702059328556061,0.422438383102417,-0.08697324991226196,0.48922276496887207,0.3360268473625183,-0.0950218066573143,0.5041611194610596,0.27042943239212036,-0.09796596318483353,0.5035451650619507,0.5799615979194641,-0.06800955533981323,0.5114596486091614,0.4401509761810303,-0.08631850779056549,0.5230754613876343,0.35597431659698486,-0.09305788576602936,0.5314053297042847,0.29358741641044617,-0.09558385610580444,0.5554062128067017,0.5833806991577148,-0.07330595701932907,0.5566244125366211,0.4713418185710907,-0.08641352504491806,0.5583381652832031,0.40543392300605774,-0.0893733873963356,0.559831976890564,0.35161900520324707,-0.08912604302167892,0.0,0.0,0.0,0.0,0.0,0.0,0.0,0.0,0.0,0.0,0.0,0.0,0.0,0.0,0.0,0.0,0.0,0.0,0.0,0.0,0.0,0.0,0.0,0.0,0.0,0.0,0.0,0.0,0.0,0.0,0.0,0.0,0.0,0.0,0.0,0.0,0.0,0.0,0.0,0.0,0.0,0.0,0.0,0.0,0.0,0.0,0.0,0.0,0.0,0.0,0.0,0.0,0.0,0.0,0.0,0.0,0.0,0.0,0.0,0.0,0.0,0.0,0.0
come_here,0.5311846137046814,0.7090239524841309,4.5142772364670236e-07,0.4726327955722809,0.6712831258773804,-0.004051928408443928,0.4312112331390381,0.5980781316757202,-0.015753421932458878,0.42333120107650757,0.5279371738433838,-0.026491815224289894,0.43892234563827515,0.48761317133903503,-0.03772842139005661,0.44010332226753235,0.5530269742012024,-0.047571633011102676,0.4542599320411682,0.41903433203697205,-0.07087720930576324,0.47211772203445435,0.3451767563819885,-0.0783991888165474,0.48689004778862,0.2933703362941742,-0.07936959713697433,0.4826442301273346,0.554997444152832,-0.05441255494952202,0.4949127435684204,0.41298285126686096,-0.07590499520301819,0.5090962648391724,0.33301234245300293,-0.08198679238557816,0.5201519131660461,0.27287015318870544,-0.08293026685714722,0.5284179449081421,0.5561004877090454,-0.05899156257510185,0.5336982011795044,0.4287306070327759,-0.07432124763727188,0.5413755774497986,0.3515840470790863,-0.0784061849117279,0.5466151237487793,0.2958081364631653,-0.07826237380504608,0.57180255651474,0.5579978227615356,-0.06254977732896805,0.570522665977478,0.45423048734664917,-0.07253894954919815,0.57109534740448,0.39422130584716797,-0.07219742238521576,0.5716972351074219,0.34677496552467346,-0.06875531375408173,0.0,0.0,0.0,0.0,0.0,0.0,0.0,0.0,0.0,0.0,0.0,0.0,0.0,0.0,0.0,0.0,0.0,0.0,0.0,0.0,0.0,0.0,0.0,0.0,0.0,0.0,0.0,0.0,0.0,0.0,0.0,0.0,0.0,0.0,0.0,0.0,0.0,0.0,0.0,0.0,0.0,0.0,0.0,0.0,0.0,0.0,0.0,0.0,0.0,0.0,0.0,0.0,0.0,0.0,0.0,0.0,0.0,0.0,0.0,0.0,0.0,0.0,0.0
come_here,0.5354499816894531,0.7550935745239258,4.7544631343043875e-07,0.46488019824028015,0.7025985717773438,-0.008088942617177963,0.4231613576412201,0.6075329184532166,-0.022797560319304466,0.42694467306137085,0.5188088417053223,-0.0353027880191803,0.44678929448127747,0.46436890959739685,-0.04773639887571335,0.42407092452049255,0.5956872701644897,-0.061013780534267426,0.4338643550872803,0.44005024433135986,-0.08744234591722488,0.449693888425827,0.359388142824173,-0.09420137852430344,0.4642714262008667,0.30116310715675354,-0.09447062760591507,0.47421708703041077,0.5969070196151733,-0.06790471822023392,0.48050457239151,0.42924758791923523,-0.09149964153766632,0.49202635884284973,0.33712226152420044,-0.09634582698345184,0.5012512803077698,0.2714821994304657,-0.09751032292842865,0.5256937146186829,0.5951963067054749,-0.07265802472829819,0.522949755191803,0.4410673975944519,-0.0904771015048027,0.5254637002944946,0.3541916608810425,-0.0960220918059349,0.5251380205154419,0.29164475202560425,-0.09803985059261322,0.5742784142494202,0.5912656784057617,-0.07657630741596222,0.5679835677146912,0.4687193036079407,-0.09033771604299545,0.5639420747756958,0.40087297558784485,-0.09330272674560547,0.5589855313301086,0.3464140295982361,-0.09328656643629074,0.0,0.0,0.0,0.0,0.0,0.0,0.0,0.0,0.0,0.0,0.0,0.0,0.0,0.0,0.0,0.0,0.0,0.0,0.0,0.0,0.0,0.0,0.0,0.0,0.0,0.0,0.0,0.0,0.0,0.0,0.0,0.0,0.0,0.0,0.0,0.0,0.0,0.0,0.0,0.0,0.0,0.0,0.0,0.0,0.0,0.0,0.0,0.0,0.0,0.0,0.0,0.0,0.0,0.0,0.0,0.0,0.0,0.0,0.0,0.0,0.0,0.0,0.0
come_here,0.5684973001480103,0.7739729881286621,1.3358830130982824e-07,0.5031073093414307,0.7099523544311523,-0.015756044536828995,0.462249755859375,0.6217596530914307,-0.03223102539777756,0.45575377345085144,0.5457020401954651,-0.04571271687746048,0.4613448679447174,0.5071289539337158,-0.05895771458745003,0.4889906644821167,0.5953087210655212,-0.06278856098651886,0.4998592734336853,0.4427686333656311,-0.08871713280677795,0.5110085606575012,0.3622439503669739,-0.09586530178785324,0.5201817750930786,0.3031446933746338,-0.09747642278671265,0.541250467300415,0.5981361269950867,-0.06641964614391327,0.5457587242126465,0.4315972626209259,-0.09070857614278793,0.5502469539642334,0.3399878442287445,-0.09564586728811264,0.5531582236289978,0.27456358075141907,-0.09727741032838821,0.588927149772644,0.5983057618141174,-0.0689731016755104,0.5842015147209167,0.44436973333358765,-0.08800174295902252,0.5830416679382324,0.3591727614402771,-0.09126048535108566,0.581017255783081,0.29792672395706177,-0.09151779115200043,0.6292650103569031,0.5959169268608093,-0.07203855365514755,0.6220002770423889,0.47791969776153564,-0.08582223951816559,0.6175130605697632,0.41114336252212524,-0.08733588457107544,0.6139395833015442,0.3588201403617859,-0.08646174520254135,0.0,0.0,0.0,0.0,0.0,0.0,0.0,0.0,0.0,0.0,0.0,0.0,0.0,0.0,0.0,0.0,0.0,0.0,0.0,0.0,0.0,0.0,0.0,0.0,0.0,0.0,0.0,0.0,0.0,0.0,0.0,0.0,0.0,0.0,0.0,0.0,0.0,0.0,0.0,0.0,0.0,0.0,0.0,0.0,0.0,0.0,0.0,0.0,0.0,0.0,0.0,0.0,0.0,0.0,0.0,0.0,0.0,0.0,0.0,0.0,0.0,0.0,0.0
come_here,0.6355039477348328,0.832381010055542,-1.6485124376686144e-08,0.5710904598236084,0.7668033838272095,-0.03358306363224983,0.5309973955154419,0.6761269569396973,-0.06131278723478317,0.527127742767334,0.6012214422225952,-0.0820762887597084,0.5401908755302429,0.5544589161872864,-0.10292143374681473,0.5825762152671814,0.6458053588867188,-0.0935792475938797,0.5965203046798706,0.48498106002807617,-0.12854571640491486,0.6052970886230469,0.39786219596862793,-0.14049333333969116,0.6139297485351562,0.3329877257347107,-0.14492428302764893,0.6400876045227051,0.6544528007507324,-0.09145264327526093,0.6456021070480347,0.47150710225105286,-0.12699998915195465,0.6479576230049133,0.3721123933792114,-0.1378607153892517,0.6505359411239624,0.29998674988746643,-0.14250719547271729,0.6873580813407898,0.6567807197570801,-0.08814406394958496,0.6836095452308655,0.4869495630264282,-0.11756285279989243,0.6791799068450928,0.39320701360702515,-0.12517735362052917,0.6748780608177185,0.3216710686683655,-0.1265110820531845,0.7228336334228516,0.6548611521720886,-0.08596643060445786,0.7175827026367188,0.5191274881362915,-0.10753186047077179,0.7115328907966614,0.44486677646636963,-0.11114341020584106,0.7069437503814697,0.3876425325870514,-0.11028609424829483,0.0,0.0,0.0,0.0,0.0,0.0,0.0,0.0,0.0,0.0,0.0,0.0,0.0,0.0,0.0,0.0,0.0,0.0,0.0,0.0,0.0,0.0,0.0,0.0,0.0,0.0,0.0,0.0,0.0,0.0,0.0,0.0,0.0,0.0,0.0,0.0,0.0,0.0,0.0,0.0,0.0,0.0,0.0,0.0,0.0,0.0,0.0,0.0,0.0,0.0,0.0,0.0,0.0,0.0,0.0,0.0,0.0,0.0,0.0,0.0,0.0,0.0,0.0
come_here,0.6894204616546631,0.8593056797981262,-9.162101122228705e-08,0.6224428415298462,0.797858476638794,-0.044272568076848984,0.5804651975631714,0.7146086096763611,-0.08012062311172485,0.571579098701477,0.6409845352172852,-0.10739246755838394,0.5845627188682556,0.5891382098197937,-0.13443775475025177,0.6499524116516113,0.6843791604042053,-0.10608106106519699,0.6648984551429749,0.5197162628173828,-0.14459334313869476,0.6759194731712341,0.42994266748428345,-0.15931636095046997,0.6884422898292542,0.3651990592479706,-0.16581682860851288,0.7123949527740479,0.6925123333930969,-0.09976963698863983,0.7266522645950317,0.50417160987854,-0.13570109009742737,0.7292744517326355,0.4011252820491791,-0.1467348039150238,0.7309481501579285,0.32859474420547485,-0.15318499505519867,0.7616547346115112,0.6929643750190735,-0.09281303733587265,0.7685147523880005,0.5179073214530945,-0.12317558377981186,0.7628865838050842,0.42328941822052,-0.12926533818244934,0.7573866248130798,0.3516218960285187,-0.1306796669960022,0.7960238456726074,0.6880406737327576,-0.08794337511062622,0.8012145757675171,0.5505182147026062,-0.10976359248161316,0.7960361838340759,0.47801417112350464,-0.1117384061217308,0.7922391295433044,0.42370420694351196,-0.1104901134967804,0.0,0.0,0.0,0.0,0.0,0.0,0.0,0.0,0.0,0.0,0.0,0.0,0.0,0.0,0.0,0.0,0.0,0.0,0.0,0.0,0.0,0.0,0.0,0.0,0.0,0.0,0.0,0.0,0.0,0.0,0.0,0.0,0.0,0.0,0.0,0.0,0.0,0.0,0.0,0.0,0.0,0.0,0.0,0.0,0.0,0.0,0.0,0.0,0.0,0.0,0.0,0.0,0.0,0.0,0.0,0.0,0.0,0.0,0.0,0.0,0.0,0.0,0.0
come_here,0.7403988838195801,0.837547242641449,-1.6861680762758624e-07,0.6740641593933105,0.7600681185722351,-0.05390189588069916,0.6420840620994568,0.666894257068634,-0.0939832255244255,0.6547031998634338,0.5979326963424683,-0.12208197265863419,0.6843813061714172,0.5613395571708679,-0.14888431131839752,0.7259249687194824,0.6517340540885925,-0.12504719197750092,0.7612773180007935,0.4804232716560364,-0.1652057021856308,0.7802800536155701,0.39162391424179077,-0.1791960746049881,0.7983306050300598,0.3266541361808777,-0.1855429708957672,0.7929624915122986,0.6728852987289429,-0.11154845356941223,0.8252725601196289,0.4812791347503662,-0.1489371359348297,0.832553505897522,0.3782925009727478,-0.15725167095661163,0.8387560844421387,0.30605363845825195,-0.16190823912620544,0.840915858745575,0.6831939220428467,-0.09712808579206467,0.860682487487793,0.508868932723999,-0.12859925627708435,0.8613172173500061,0.4102203845977783,-0.1335071623325348,0.86344313621521,0.33679261803627014,-0.134683758020401,0.8710610866546631,0.6847614049911499,-0.08516424894332886,0.8800995349884033,0.5478129982948303,-0.10762733221054077,0.8749726414680481,0.4722016751766205,-0.1103074923157692,0.8724367618560791,0.41361597180366516,-0.10998066514730453,0.0,0.0,0.0,0.0,0.0,0.0,0.0,0.0,0.0,0.0,0.0,0.0,0.0,0.0,0.0,0.0,0.0,0.0,0.0,0.0,0.0,0.0,0.0,0.0,0.0,0.0,0.0,0.0,0.0,0.0,0.0,0.0,0.0,0.0,0.0,0.0,0.0,0.0,0.0,0.0,0.0,0.0,0.0,0.0,0.0,0.0,0.0,0.0,0.0,0.0,0.0,0.0,0.0,0.0,0.0,0.0,0.0,0.0,0.0,0.0,0.0,0.0,0.0
come_here,0.7396407723426819,0.8222139477729797,-1.4985491247898608e-07,0.675909161567688,0.7430843114852905,-0.04928009957075119,0.6433296203613281,0.6498913764953613,-0.08566460013389587,0.6536457538604736,0.5751211047172546,-0.1119202971458435,0.6808121800422668,0.5297877192497253,-0.13592900335788727,0.7329800128936768,0.6206094026565552,-0.10675754398107529,0.7654374241828918,0.45616960525512695,-0.1444525420665741,0.7839862108230591,0.37354806065559387,-0.1575690507888794,0.7996088266372681,0.3127635717391968,-0.16262447834014893,0.7952995300292969,0.6408398151397705,-0.09393919259309769,0.8238237500190735,0.45842117071151733,-0.1301724910736084,0.831649899482727,0.3615523874759674,-0.13715483248233795,0.8358811140060425,0.2919326722621918,-0.13959074020385742,0.8397700786590576,0.6512091755867004,-0.08118029683828354,0.8571721315383911,0.48428982496261597,-0.11084748804569244,0.8577783107757568,0.39222007989883423,-0.11337821185588837,0.8583288788795471,0.3217397630214691,-0.11170035600662231,0.8674235343933105,0.6544713973999023,-0.07117239385843277,0.8757644891738892,0.521559476852417,-0.09119148552417755,0.8713099360466003,0.4475412964820862,-0.09268060326576233,0.8683789968490601,0.388084352016449,-0.09079655259847641,0.0,0.0,0.0,0.0,0.0,0.0,0.0,0.0,0.0,0.0,0.0,0.0,0.0,0.0,0.0,0.0,0.0,0.0,0.0,0.0,0.0,0.0,0.0,0.0,0.0,0.0,0.0,0.0,0.0,0.0,0.0,0.0,0.0,0.0,0.0,0.0,0.0,0.0,0.0,0.0,0.0,0.0,0.0,0.0,0.0,0.0,0.0,0.0,0.0,0.0,0.0,0.0,0.0,0.0,0.0,0.0,0.0,0.0,0.0,0.0,0.0,0.0,0.0
come_here,0.6462874412536621,0.7749053239822388,1.8073652086059155e-07,0.5861003994941711,0.7033742666244507,-0.023569483309984207,0.5492734909057617,0.6168659329414368,-0.04711555689573288,0.5477748513221741,0.5461053252220154,-0.06658340245485306,0.5644773244857788,0.5036249756813049,-0.08547176420688629,0.5986164212226868,0.5806335210800171,-0.07618146389722824,0.6338288187980652,0.42851966619491577,-0.10730156302452087,0.6564310193061829,0.35061582922935486,-0.11658015102148056,0.674818754196167,0.2936285436153412,-0.11858329176902771,0.6539291143417358,0.5995696783065796,-0.07772572338581085,0.6848163604736328,0.42991364002227783,-0.1072981208562851,0.7025231122970581,0.3408147096633911,-0.1138727068901062,0.7157915234565735,0.27587154507637024,-0.11561273783445358,0.7014263272285461,0.6133301854133606,-0.0785188302397728,0.7216752171516418,0.45451807975769043,-0.10184633731842041,0.7324202060699463,0.36987292766571045,-0.10527696460485458,0.7400792241096497,0.30782896280288696,-0.10423683375120163,0.7395836710929871,0.6218053698539734,-0.08023331314325333,0.7536144256591797,0.494634747505188,-0.09616103768348694,0.7604522109031677,0.4275600016117096,-0.09676172584295273,0.7660874128341675,0.37485381960868835,-0.09409642964601517,0.0,0.0,0.0,0.0,0.0,0.0,0.0,0.0,0.0,0.0,0.0,0.0,0.0,0.0,0.0,0.0,0.0,0.0,0.0,0.0,0.0,0.0,0.0,0.0,0.0,0.0,0.0,0.0,0.0,0.0,0.0,0.0,0.0,0.0,0.0,0.0,0.0,0.0,0.0,0.0,0.0,0.0,0.0,0.0,0.0,0.0,0.0,0.0,0.0,0.0,0.0,0.0,0.0,0.0,0.0,0.0,0.0,0.0,0.0,0.0,0.0,0.0,0.0
come_here,0.6341557502746582,0.692908525466919,3.7387866314020357e-07,0.5753823518753052,0.6306535601615906,-0.012932920828461647,0.5406978726387024,0.5533225536346436,-0.029810523614287376,0.5395060181617737,0.48602086305618286,-0.044205427169799805,0.5532938241958618,0.44032716751098633,-0.0585348941385746,0.5746005773544312,0.4924505949020386,-0.058595310896635056,0.6129814982414246,0.3592207431793213,-0.0838252380490303,0.6359681487083435,0.2893730103969574,-0.0906408429145813,0.6531436443328857,0.23952656984329224,-0.09107009321451187,0.6247042417526245,0.5088715553283691,-0.06268421560525894,0.6591801047325134,0.3610948324203491,-0.08779611438512802,0.6793908476829529,0.2795335650444031,-0.09388979524374008,0.6936883330345154,0.21968916058540344,-0.09452138096094131,0.6719030141830444,0.5259944796562195,-0.06544406712055206,0.6961418986320496,0.38654136657714844,-0.08493436872959137,0.7091532945632935,0.308794766664505,-0.08929577469825745,0.717427134513855,0.2517218291759491,-0.08828412741422653,0.7137458324432373,0.5429776310920715,-0.06795142590999603,0.7291316390037537,0.4283561706542969,-0.08077716827392578,0.7360553741455078,0.3650495707988739,-0.0813627615571022,0.7395839691162109,0.31325897574424744,-0.07800906896591187,0.0,0.0,0.0,0.0,0.0,0.0,0.0,0.0,0.0,0.0,0.0,0.0,0.0,0.0,0.0,0.0,0.0,0.0,0.0,0.0,0.0,0.0,0.0,0.0,0.0,0.0,0.0,0.0,0.0,0.0,0.0,0.0,0.0,0.0,0.0,0.0,0.0,0.0,0.0,0.0,0.0,0.0,0.0,0.0,0.0,0.0,0.0,0.0,0.0,0.0,0.0,0.0,0.0,0.0,0.0,0.0,0.0,0.0,0.0,0.0,0.0,0.0,0.0
come_here,0.6179124712944031,0.704472005367279,3.904864627202187e-07,0.5603031516075134,0.6491165161132812,-0.016571983695030212,0.5263702869415283,0.5775914788246155,-0.035424716770648956,0.5207600593566895,0.5139783620834351,-0.05151478573679924,0.5268793106079102,0.46610283851623535,-0.06764587014913559,0.5599132180213928,0.5158683061599731,-0.05993768945336342,0.5883264541625977,0.37827080488204956,-0.08743579685688019,0.6079937815666199,0.3057817220687866,-0.0969185084104538,0.6241174340248108,0.25424325466156006,-0.09912801533937454,0.6090019345283508,0.5295636057853699,-0.06385661661624908,0.6347836256027222,0.3797470033168793,-0.09124767780303955,0.6514912247657776,0.2951064705848694,-0.10047939419746399,0.663422167301178,0.2302647829055786,-0.103160560131073,0.6542475819587708,0.5425524115562439,-0.06691776216030121,0.6722730994224548,0.40288516879081726,-0.08845853805541992,0.682458758354187,0.3196377456188202,-0.09531251341104507,0.6896570324897766,0.2563021779060364,-0.09598599374294281,0.6937589645385742,0.5557207465171814,-0.07002062350511551,0.7060333490371704,0.4445544183254242,-0.08501259982585907,0.7124016880989075,0.3788684606552124,-0.08695287257432938,0.7165884375572205,0.32555627822875977,-0.08442190289497375,0.0,0.0,0.0,0.0,0.0,0.0,0.0,0.0,0.0,0.0,0.0,0.0,0.0,0.0,0.0,0.0,0.0,0.0,0.0,0.0,0.0,0.0,0.0,0.0,0.0,0.0,0.0,0.0,0.0,0.0,0.0,0.0,0.0,0.0,0.0,0.0,0.0,0.0,0.0,0.0,0.0,0.0,0.0,0.0,0.0,0.0,0.0,0.0,0.0,0.0,0.0,0.0,0.0,0.0,0.0,0.0,0.0,0.0,0.0,0.0,0.0,0.0,0.0
come_here,0.593172013759613,0.6946234703063965,4.275823926036537e-07,0.5360661745071411,0.6397334337234497,-0.0065851882100105286,0.49843600392341614,0.5625087022781372,-0.021562965586781502,0.49306249618530273,0.4933749735355377,-0.035416871309280396,0.5028002858161926,0.44776031374931335,-0.050007134675979614,0.513440728187561,0.5026400685310364,-0.055917542427778244,0.5471028089523315,0.37102657556533813,-0.08298448473215103,0.5708351135253906,0.2991180121898651,-0.09303402155637741,0.5894438028335571,0.24706947803497314,-0.09585858136415482,0.559339702129364,0.5110150575637817,-0.06326067447662354,0.5908896923065186,0.36274611949920654,-0.08679832518100739,0.6129803657531738,0.2820240259170532,-0.09416122734546661,0.6281479001045227,0.22191670536994934,-0.09689560532569885,0.6090708374977112,0.5225496292114258,-0.06855829060077667,0.629616379737854,0.3833194375038147,-0.08544592559337616,0.6432247757911682,0.30506545305252075,-0.09103747457265854,0.6511807441711426,0.2472270429134369,-0.09274504333734512,0.6570085883140564,0.5367799997329712,-0.0731433779001236,0.6671624779701233,0.4221147298812866,-0.0852472186088562,0.6716710329055786,0.3585517406463623,-0.0872800424695015,0.6745105385780334,0.30548733472824097,-0.08596734702587128,0.0,0.0,0.0,0.0,0.0,0.0,0.0,0.0,0.0,0.0,0.0,0.0,0.0,0.0,0.0,0.0,0.0,0.0,0.0,0.0,0.0,0.0,0.0,0.0,0.0,0.0,0.0,0.0,0.0,0.0,0.0,0.0,0.0,0.0,0.0,0.0,0.0,0.0,0.0,0.0,0.0,0.0,0.0,0.0,0.0,0.0,0.0,0.0,0.0,0.0,0.0,0.0,0.0,0.0,0.0,0.0,0.0,0.0,0.0,0.0,0.0,0.0,0.0
come_here,0.5624145865440369,0.6914995908737183,4.1227727365367173e-07,0.506210446357727,0.6373561024665833,-0.0011832655873149633,0.4706694185733795,0.5601575970649719,-0.011183044873178005,0.46457958221435547,0.49452856183052063,-0.02066444605588913,0.4741905927658081,0.4549659490585327,-0.030754895880818367,0.480036199092865,0.5116963982582092,-0.0455591045320034,0.5076897740364075,0.3801119327545166,-0.06774508953094482,0.5288386344909668,0.3100026249885559,-0.07454551011323929,0.5448165535926819,0.2599330544471741,-0.07516338676214218,0.5266580581665039,0.5204052925109863,-0.05373368039727211,0.550356388092041,0.3770751953125,-0.0737869143486023,0.5697464942932129,0.29760512709617615,-0.08000774681568146,0.5834120512008667,0.23703715205192566,-0.08200355619192123,0.5751703977584839,0.5298605561256409,-0.05962752550840378,0.5921710133552551,0.4012148976325989,-0.07520357519388199,0.604312002658844,0.32628944516181946,-0.08170699328184128,0.6107478737831116,0.2700064182281494,-0.08367122709751129,0.6205835938453674,0.5390182137489319,-0.06404473632574081,0.628271222114563,0.4327545464038849,-0.07545407116413116,0.6313851475715637,0.37158045172691345,-0.07765518873929977,0.6313613057136536,0.32084062695503235,-0.0763443186879158,0.0,0.0,0.0,0.0,0.0,0.0,0.0,0.0,0.0,0.0,0.0,0.0,0.0,0.0,0.0,0.0,0.0,0.0,0.0,0.0,0.0,0.0,0.0,0.0,0.0,0.0,0.0,0.0,0.0,0.0,0.0,0.0,0.0,0.0,0.0,0.0,0.0,0.0,0.0,0.0,0.0,0.0,0.0,0.0,0.0,0.0,0.0,0.0,0.0,0.0,0.0,0.0,0.0,0.0,0.0,0.0,0.0,0.0,0.0,0.0,0.0,0.0,0.0
come_here,0.510238528251648,0.660524845123291,2.682363060557691e-07,0.46008455753326416,0.598005473613739,-0.0044682202860713005,0.4330485463142395,0.5196914672851562,-0.012403246946632862,0.43064790964126587,0.4508518576622009,-0.018337856978178024,0.4385857582092285,0.4054487943649292,-0.024683061987161636,0.4336245059967041,0.5015683770179749,-0.043136317282915115,0.43700459599494934,0.3773595094680786,-0.06104351580142975,0.4463466703891754,0.31463831663131714,-0.06459275633096695,0.4555608630180359,0.26883643865585327,-0.06392639130353928,0.46689867973327637,0.5028307437896729,-0.048565611243247986,0.4734184741973877,0.3739384412765503,-0.06784603744745255,0.48209673166275024,0.30168086290359497,-0.07164032757282257,0.49099546670913696,0.24998289346694946,-0.07166559994220734,0.5009095072746277,0.5072774887084961,-0.052382104098796844,0.5085024237632751,0.389518678188324,-0.0676550418138504,0.5148230791091919,0.32215988636016846,-0.07181035727262497,0.5205714106559753,0.271712064743042,-0.0720018818974495,0.5326430201530457,0.5147541761398315,-0.05514969304203987,0.5387677550315857,0.4205843508243561,-0.06586600095033646,0.541853666305542,0.36600667238235474,-0.06674782186746597,0.5444039702415466,0.3227002024650574,-0.06499399244785309,0.0,0.0,0.0,0.0,0.0,0.0,0.0,0.0,0.0,0.0,0.0,0.0,0.0,0.0,0.0,0.0,0.0,0.0,0.0,0.0,0.0,0.0,0.0,0.0,0.0,0.0,0.0,0.0,0.0,0.0,0.0,0.0,0.0,0.0,0.0,0.0,0.0,0.0,0.0,0.0,0.0,0.0,0.0,0.0,0.0,0.0,0.0,0.0,0.0,0.0,0.0,0.0,0.0,0.0,0.0,0.0,0.0,0.0,0.0,0.0,0.0,0.0,0.0
come_here,0.475958913564682,0.6661438345909119,5.990078761897166e-07,0.4182787239551544,0.6288221478462219,-0.0013769040815532207,0.382931649684906,0.5494949221611023,-0.012663992121815681,0.38508179783821106,0.46667513251304626,-0.023096628487110138,0.40422701835632324,0.4102109670639038,-0.03347894176840782,0.36377453804016113,0.5303412079811096,-0.04556107521057129,0.3791414499282837,0.40089094638824463,-0.0677715539932251,0.39758867025375366,0.32981836795806885,-0.07452162355184555,0.4136047065258026,0.2798299193382263,-0.07538718730211258,0.40280210971832275,0.5299714207649231,-0.05421094596385956,0.4130348861217499,0.39253687858581543,-0.07388971745967865,0.42939385771751404,0.31408804655075073,-0.07891564816236496,0.44217610359191895,0.26054251194000244,-0.08032224327325821,0.44853341579437256,0.52698814868927,-0.06068367138504982,0.4520820379257202,0.4032753109931946,-0.07437839359045029,0.46180689334869385,0.3291410207748413,-0.07909827679395676,0.4678165316581726,0.2771525979042053,-0.08111076056957245,0.49450984597206116,0.5228887796401978,-0.06605816632509232,0.49196064472198486,0.4230843484401703,-0.07658170163631439,0.49157750606536865,0.36358416080474854,-0.07895660400390625,0.49071234464645386,0.31443944573402405,-0.07859644293785095,0.0,0.0,0.0,0.0,0.0,0.0,0.0,0.0,0.0,0.0,0.0,0.0,0.0,0.0,0.0,0.0,0.0,0.0,0.0,0.0,0.0,0.0,0.0,0.0,0.0,0.0,0.0,0.0,0.0,0.0,0.0,0.0,0.0,0.0,0.0,0.0,0.0,0.0,0.0,0.0,0.0,0.0,0.0,0.0,0.0,0.0,0.0,0.0,0.0,0.0,0.0,0.0,0.0,0.0,0.0,0.0,0.0,0.0,0.0,0.0,0.0,0.0,0.0
come_here,0.5058050155639648,0.5585986971855164,2.73363980340946e-07,0.5473470687866211,0.5674455761909485,-0.039450787007808685,0.5954389572143555,0.5564019680023193,-0.06531164795160294,0.6380106210708618,0.5587139129638672,-0.08779751509428024,0.6723020672798157,0.5633450746536255,-0.11055908352136612,0.5681856274604797,0.4414341449737549,-0.04530017077922821,0.5723587274551392,0.3838581144809723,-0.06788606941699982,0.5707884430885315,0.3539747893810272,-0.08552289754152298,0.5694109797477722,0.3276940584182739,-0.09810151904821396,0.5381141304969788,0.4176836311817169,-0.040270280092954636,0.543127715587616,0.34938377141952515,-0.0596548393368721,0.5445286631584167,0.312938928604126,-0.0733107179403305,0.5439084768295288,0.2840000092983246,-0.08374445140361786,0.5094606876373291,0.4081053137779236,-0.03907616436481476,0.5157800912857056,0.34350401163101196,-0.05606280639767647,0.5205664038658142,0.31059324741363525,-0.06467371433973312,0.5235827565193176,0.28262418508529663,-0.07068856805562973,0.48215219378471375,0.4100974500179291,-0.0415399931371212,0.4890664219856262,0.358611524105072,-0.05345704406499863,0.49342116713523865,0.3318759500980377,-0.05675939843058586,0.4987964630126953,0.3085024952888489,-0.05932571366429329,0.0,0.0,0.0,0.0,0.0,0.0,0.0,0.0,0.0,0.0,0.0,0.0,0.0,0.0,0.0,0.0,0.0,0.0,0.0,0.0,0.0,0.0,0.0,0.0,0.0,0.0,0.0,0.0,0.0,0.0,0.0,0.0,0.0,0.0,0.0,0.0,0.0,0.0,0.0,0.0,0.0,0.0,0.0,0.0,0.0,0.0,0.0,0.0,0.0,0.0,0.0,0.0,0.0,0.0,0.0,0.0,0.0,0.0,0.0,0.0,0.0,0.0,0.0
come_here,0.623281717300415,0.8162622451782227,1.549745576312489e-07,0.5651531219482422,0.751983642578125,-0.017521271482110023,0.5269568562507629,0.6673921346664429,-0.03733188658952713,0.5190449357032776,0.5959446430206299,-0.05464019998908043,0.5269450545310974,0.5464922189712524,-0.0715491771697998,0.5565372109413147,0.6316827535629272,-0.06400690972805023,0.5780134201049805,0.4734545946121216,-0.09394697099924088,0.5931384563446045,0.392123281955719,-0.1032312884926796,0.6072554588317871,0.33307749032974243,-0.10559311509132385,0.6103838682174683,0.6415311098098755,-0.0691242441534996,0.62508225440979,0.46851104497909546,-0.0984622910618782,0.6359371542930603,0.3742859959602356,-0.10661889612674713,0.6445674896240234,0.30522340536117554,-0.10933548212051392,0.6589532494544983,0.6476883888244629,-0.07372639328241348,0.6646752953529358,0.4865335524082184,-0.09788556396961212,0.6694478988647461,0.3962246775627136,-0.1032848209142685,0.6721482276916504,0.3277669847011566,-0.10345769673585892,0.7007156610488892,0.6504374742507935,-0.0786319226026535,0.7030566930770874,0.5234038829803467,-0.09638850390911102,0.703957200050354,0.4518619775772095,-0.09849637746810913,0.7048680186271667,0.3936958312988281,-0.09678488224744797,0.0,0.0,0.0,0.0,0.0,0.0,0.0,0.0,0.0,0.0,0.0,0.0,0.0,0.0,0.0,0.0,0.0,0.0,0.0,0.0,0.0,0.0,0.0,0.0,0.0,0.0,0.0,0.0,0.0,0.0,0.0,0.0,0.0,0.0,0.0,0.0,0.0,0.0,0.0,0.0,0.0,0.0,0.0,0.0,0.0,0.0,0.0,0.0,0.0,0.0,0.0,0.0,0.0,0.0,0.0,0.0,0.0,0.0,0.0,0.0,0.0,0.0,0.0
come_here,0.6579774022102356,0.822589099407196,5.113818257740377e-09,0.5943272709846497,0.765834391117096,-0.03960930183529854,0.5542425513267517,0.690149188041687,-0.07368377596139908,0.5435376763343811,0.625677227973938,-0.1014791876077652,0.5545617341995239,0.5775467157363892,-0.12989550828933716,0.6052446365356445,0.6529276371002197,-0.09771398454904556,0.6212300658226013,0.4924377501010895,-0.1368265599012375,0.631367027759552,0.4060942828655243,-0.1525811403989792,0.6431570053100586,0.34442591667175293,-0.15970997512340546,0.6610432863235474,0.6660928726196289,-0.09613898396492004,0.6714674234390259,0.4847051799297333,-0.13443920016288757,0.6761682629585266,0.3847527801990509,-0.1494321972131729,0.6812589764595032,0.3141036927700043,-0.1578429788351059,0.7081646919250488,0.6719331741333008,-0.09446576982736588,0.7108002305030823,0.5035756230354309,-0.12722967565059662,0.7087455987930298,0.4108434021472931,-0.13800270855426788,0.7079852223396301,0.3403685986995697,-0.14195550978183746,0.7453870177268982,0.6724609136581421,-0.09449824690818787,0.7478713393211365,0.5389719605445862,-0.11987416446208954,0.7452101111412048,0.4655054807662964,-0.12545146048069,0.7427359223365784,0.40935707092285156,-0.12623928487300873,0.0,0.0,0.0,0.0,0.0,0.0,0.0,0.0,0.0,0.0,0.0,0.0,0.0,0.0,0.0,0.0,0.0,0.0,0.0,0.0,0.0,0.0,0.0,0.0,0.0,0.0,0.0,0.0,0.0,0.0,0.0,0.0,0.0,0.0,0.0,0.0,0.0,0.0,0.0,0.0,0.0,0.0,0.0,0.0,0.0,0.0,0.0,0.0,0.0,0.0,0.0,0.0,0.0,0.0,0.0,0.0,0.0,0.0,0.0,0.0,0.0,0.0,0.0
come_here,0.6538870930671692,0.631606936454773,4.2267768662895833e-07,0.6244689226150513,0.6273637413978577,-0.05234266445040703,0.5934575200080872,0.5975640416145325,-0.08639124035835266,0.5645421743392944,0.5629059672355652,-0.11265328526496887,0.5452796816825867,0.5264507532119751,-0.13896819949150085,0.6447662115097046,0.5014326572418213,-0.0727100744843483,0.6584757566452026,0.4362087547779083,-0.10184776037931442,0.6652529239654541,0.3905697464942932,-0.12306245416402817,0.6695327162742615,0.3510423004627228,-0.13827002048492432,0.6613491177558899,0.4882378578186035,-0.06151773780584335,0.6747622489929199,0.4155723452568054,-0.09077773243188858,0.6815032362937927,0.36183005571365356,-0.1093560978770256,0.6868981122970581,0.3177475929260254,-0.12209241092205048,0.673488438129425,0.4875618815422058,-0.05378219857811928,0.6827538013458252,0.41851478815078735,-0.0773930698633194,0.6874579191207886,0.37042000889778137,-0.0897926464676857,0.6919804215431213,0.3307054042816162,-0.09804308414459229,0.6823071241378784,0.49370625615119934,-0.05020865425467491,0.6908048391342163,0.44227415323257446,-0.06886553019285202,0.6944534182548523,0.4042307138442993,-0.07775621116161346,0.697930097579956,0.370350182056427,-0.0835849791765213,0.0,0.0,0.0,0.0,0.0,0.0,0.0,0.0,0.0,0.0,0.0,0.0,0.0,0.0,0.0,0.0,0.0,0.0,0.0,0.0,0.0,0.0,0.0,0.0,0.0,0.0,0.0,0.0,0.0,0.0,0.0,0.0,0.0,0.0,0.0,0.0,0.0,0.0,0.0,0.0,0.0,0.0,0.0,0.0,0.0,0.0,0.0,0.0,0.0,0.0,0.0,0.0,0.0,0.0,0.0,0.0,0.0,0.0,0.0,0.0,0.0,0.0,0.0
come_here,0.5662132501602173,0.7801823616027832,3.918835318472702e-07,0.4997519552707672,0.7192436456680298,-0.005772658158093691,0.4533628523349762,0.6361678242683411,-0.022917965427041054,0.4410340487957001,0.5636635422706604,-0.038420744240283966,0.44458675384521484,0.5188321471214294,-0.05412430316209793,0.46720150113105774,0.6057906150817871,-0.07021285593509674,0.4810267686843872,0.4430113434791565,-0.10335146635770798,0.4982420802116394,0.35849785804748535,-0.11485272645950317,0.5127997398376465,0.2944919764995575,-0.11815235018730164,0.5191069841384888,0.6121348738670349,-0.07966222614049911,0.5307130217552185,0.4316824972629547,-0.10919302701950073,0.5445409417152405,0.3355411887168884,-0.1156064122915268,0.5543767213821411,0.26358741521835327,-0.11779824644327164,0.5727578997612,0.6145874857902527,-0.0863625556230545,0.575181245803833,0.44739726185798645,-0.10802055895328522,0.579262912273407,0.3571927547454834,-0.11078008264303207,0.5803294777870178,0.29108014702796936,-0.11047761142253876,0.6228534579277039,0.6138532161712646,-0.09233538061380386,0.6174828410148621,0.4822782278060913,-0.10939740389585495,0.6128656268119812,0.409534215927124,-0.11118718236684799,0.6077049374580383,0.3491480350494385,-0.10976991057395935,0.0,0.0,0.0,0.0,0.0,0.0,0.0,0.0,0.0,0.0,0.0,0.0,0.0,0.0,0.0,0.0,0.0,0.0,0.0,0.0,0.0,0.0,0.0,0.0,0.0,0.0,0.0,0.0,0.0,0.0,0.0,0.0,0.0,0.0,0.0,0.0,0.0,0.0,0.0,0.0,0.0,0.0,0.0,0.0,0.0,0.0,0.0,0.0,0.0,0.0,0.0,0.0,0.0,0.0,0.0,0.0,0.0,0.0,0.0,0.0,0.0,0.0,0.0
come_here,0.5428626537322998,0.7746162414550781,5.12005726704956e-07,0.4767407476902008,0.7255184650421143,-0.008495512418448925,0.42558348178863525,0.6396239995956421,-0.0250944085419178,0.40788978338241577,0.5607612729072571,-0.039868634194135666,0.40707817673683167,0.5127749443054199,-0.05548688396811485,0.4342223107814789,0.6113024950027466,-0.06519024819135666,0.4417980909347534,0.4479690194129944,-0.0958159863948822,0.4570305645465851,0.3613799810409546,-0.10680293291807175,0.47011059522628784,0.2983954846858978,-0.10989750176668167,0.48413676023483276,0.6129416823387146,-0.07387790828943253,0.4902400076389313,0.4381016492843628,-0.10272322595119476,0.5023020505905151,0.34003981947898865,-0.11182719469070435,0.5106580853462219,0.269096702337265,-0.11528555303812027,0.5363890528678894,0.6113972067832947,-0.08021397143602371,0.5328724384307861,0.4512062072753906,-0.10184253752231598,0.5362724661827087,0.3573026955127716,-0.10865695029497147,0.5372501015663147,0.28998813033103943,-0.11063847690820694,0.5861840844154358,0.6068241000175476,-0.08568379282951355,0.5772184729576111,0.48139527440071106,-0.10155745595693588,0.573594868183136,0.40728166699409485,-0.10412018746137619,0.5708094239234924,0.34900063276290894,-0.10314040631055832,0.0,0.0,0.0,0.0,0.0,0.0,0.0,0.0,0.0,0.0,0.0,0.0,0.0,0.0,0.0,0.0,0.0,0.0,0.0,0.0,0.0,0.0,0.0,0.0,0.0,0.0,0.0,0.0,0.0,0.0,0.0,0.0,0.0,0.0,0.0,0.0,0.0,0.0,0.0,0.0,0.0,0.0,0.0,0.0,0.0,0.0,0.0,0.0,0.0,0.0,0.0,0.0,0.0,0.0,0.0,0.0,0.0,0.0,0.0,0.0,0.0,0.0,0.0
come_here,0.4930177330970764,0.7553991079330444,5.905458806410024e-07,0.4347315728664398,0.7159119844436646,-0.0062088556587696075,0.38412123918533325,0.6303372979164124,-0.024372082203626633,0.37035447359085083,0.546655535697937,-0.041734494268894196,0.37323373556137085,0.4862721264362335,-0.06028883904218674,0.3662327229976654,0.6120650768280029,-0.0687781348824501,0.36511504650115967,0.45439162850379944,-0.10321712493896484,0.3756815791130066,0.3651912808418274,-0.11818146705627441,0.38409224152565,0.29723691940307617,-0.12473595887422562,0.40809524059295654,0.6116721034049988,-0.08156485110521317,0.40878990292549133,0.43937236070632935,-0.113628089427948,0.4181711673736572,0.33907851576805115,-0.12470164149999619,0.42551571130752563,0.2648799419403076,-0.13041292130947113,0.4588158428668976,0.6065894961357117,-0.09187985211610794,0.45523127913475037,0.4482511281967163,-0.11488540470600128,0.4576999545097351,0.35360753536224365,-0.12205807864665985,0.4578540027141571,0.28496628999710083,-0.1256970316171646,0.510453999042511,0.5976517200469971,-0.10155464708805084,0.5006942749023438,0.4748789668083191,-0.11908550560474396,0.4932093322277069,0.4006681740283966,-0.12367690354585648,0.48608285188674927,0.3401331305503845,-0.12527231872081757,0.0,0.0,0.0,0.0,0.0,0.0,0.0,0.0,0.0,0.0,0.0,0.0,0.0,0.0,0.0,0.0,0.0,0.0,0.0,0.0,0.0,0.0,0.0,0.0,0.0,0.0,0.0,0.0,0.0,0.0,0.0,0.0,0.0,0.0,0.0,0.0,0.0,0.0,0.0,0.0,0.0,0.0,0.0,0.0,0.0,0.0,0.0,0.0,0.0,0.0,0.0,0.0,0.0,0.0,0.0,0.0,0.0,0.0,0.0,0.0,0.0,0.0,0.0
come_here,0.4621640145778656,0.74632728099823,6.21010485701845e-07,0.39394450187683105,0.7006604671478271,-0.0010639580432325602,0.35117805004119873,0.6105270385742188,-0.01683659292757511,0.3507784605026245,0.5168401002883911,-0.03148512914776802,0.36379700899124146,0.44855138659477234,-0.04676128178834915,0.32521435618400574,0.6063032746315002,-0.06746477633714676,0.3211490511894226,0.4457222819328308,-0.09950130432844162,0.3280065953731537,0.3586771488189697,-0.11097180843353271,0.33355841040611267,0.2936243414878845,-0.11489152908325195,0.3670772910118103,0.60450679063797,-0.07985477894544601,0.3629363477230072,0.43014711141586304,-0.10987997055053711,0.3701592981815338,0.3313598930835724,-0.11839727312326431,0.37516143918037415,0.260989785194397,-0.12276434153318405,0.41720354557037354,0.5951452255249023,-0.0891008973121643,0.40849557518959045,0.433627188205719,-0.11072327941656113,0.40676119923591614,0.34064847230911255,-0.1178131029009819,0.40202128887176514,0.27343273162841797,-0.12178464233875275,0.46822118759155273,0.5820074677467346,-0.09695262461900711,0.4554305970668793,0.45639100670814514,-0.1143314316868782,0.44507545232772827,0.38268929719924927,-0.12029094994068146,0.4336905777454376,0.3219040036201477,-0.12301762402057648,0.0,0.0,0.0,0.0,0.0,0.0,0.0,0.0,0.0,0.0,0.0,0.0,0.0,0.0,0.0,0.0,0.0,0.0,0.0,0.0,0.0,0.0,0.0,0.0,0.0,0.0,0.0,0.0,0.0,0.0,0.0,0.0,0.0,0.0,0.0,0.0,0.0,0.0,0.0,0.0,0.0,0.0,0.0,0.0,0.0,0.0,0.0,0.0,0.0,0.0,0.0,0.0,0.0,0.0,0.0,0.0,0.0,0.0,0.0,0.0,0.0,0.0,0.0
come_here,0.48154416680336,0.7020549774169922,5.503691795638588e-07,0.4196729063987732,0.662427544593811,-0.007394564803689718,0.38113388419151306,0.5757113099098206,-0.023335518315434456,0.3840373158454895,0.4867158532142639,-0.037402085959911346,0.39981356263160706,0.42366325855255127,-0.05150248482823372,0.3605525493621826,0.5679970979690552,-0.059879500418901443,0.3609974682331085,0.424688458442688,-0.08826012909412384,0.37091347575187683,0.34335267543792725,-0.09942945092916489,0.3796217739582062,0.28161168098449707,-0.10358060896396637,0.40029746294021606,0.5647264122962952,-0.06891938298940659,0.3994632363319397,0.41016092896461487,-0.0937027633190155,0.40674957633018494,0.31829601526260376,-0.10165368020534515,0.41404005885124207,0.2495560348033905,-0.10590209066867828,0.4465038776397705,0.5589284896850586,-0.07594361156225204,0.44497838616371155,0.4234766364097595,-0.09365759044885635,0.4493228495121002,0.34080517292022705,-0.09942551702260971,0.4524288773536682,0.28054842352867126,-0.10269467532634735,0.49211424589157104,0.5513643026351929,-0.0825604572892189,0.483314573764801,0.4465778172016144,-0.0959128886461258,0.4769400358200073,0.3808632791042328,-0.09967100620269775,0.4714803397655487,0.32593050599098206,-0.10113561898469925,0.0,0.0,0.0,0.0,0.0,0.0,0.0,0.0,0.0,0.0,0.0,0.0,0.0,0.0,0.0,0.0,0.0,0.0,0.0,0.0,0.0,0.0,0.0,0.0,0.0,0.0,0.0,0.0,0.0,0.0,0.0,0.0,0.0,0.0,0.0,0.0,0.0,0.0,0.0,0.0,0.0,0.0,0.0,0.0,0.0,0.0,0.0,0.0,0.0,0.0,0.0,0.0,0.0,0.0,0.0,0.0,0.0,0.0,0.0,0.0,0.0,0.0,0.0
come_here,0.46773743629455566,0.6687895059585571,3.726923125668691e-07,0.4094236195087433,0.6334810256958008,-0.017686566337943077,0.383852481842041,0.5464208722114563,-0.03428277745842934,0.39683249592781067,0.46179187297821045,-0.04574010521173477,0.4158083498477936,0.40434205532073975,-0.05693204700946808,0.3801840841770172,0.5448877811431885,-0.06714702397584915,0.38559895753860474,0.40883857011795044,-0.09240176528692245,0.39709606766700745,0.3335930109024048,-0.10068171471357346,0.4060481786727905,0.27774348855018616,-0.10344037413597107,0.42280954122543335,0.5434134602546692,-0.06865145266056061,0.426313579082489,0.39868664741516113,-0.09093105792999268,0.434038370847702,0.3128736615180969,-0.09778673201799393,0.4402669370174408,0.24864205718040466,-0.1019861027598381,0.4654303789138794,0.539573609828949,-0.06863852590322495,0.4631645977497101,0.40660467743873596,-0.08484823256731033,0.4663603901863098,0.3249364495277405,-0.09089615941047668,0.46863406896591187,0.2651415765285492,-0.09481342136859894,0.5020968914031982,0.5319311022758484,-0.0688239187002182,0.4979861378669739,0.4313697814941406,-0.08190370351076126,0.4963182806968689,0.3658159077167511,-0.08708617836236954,0.49540483951568604,0.3124573528766632,-0.09013959020376205,0.0,0.0,0.0,0.0,0.0,0.0,0.0,0.0,0.0,0.0,0.0,0.0,0.0,0.0,0.0,0.0,0.0,0.0,0.0,0.0,0.0,0.0,0.0,0.0,0.0,0.0,0.0,0.0,0.0,0.0,0.0,0.0,0.0,0.0,0.0,0.0,0.0,0.0,0.0,0.0,0.0,0.0,0.0,0.0,0.0,0.0,0.0,0.0,0.0,0.0,0.0,0.0,0.0,0.0,0.0,0.0,0.0,0.0,0.0,0.0,0.0,0.0,0.0
come_here,0.4967634677886963,0.6625370383262634,5.757390226790449e-07,0.43706804513931274,0.6389623880386353,-0.01184882689267397,0.38982588052749634,0.5726920962333679,-0.028747688978910446,0.38027068972587585,0.49951425194740295,-0.04192224144935608,0.39736586809158325,0.44899511337280273,-0.055225953459739685,0.3929782807826996,0.5441997051239014,-0.06097343564033508,0.39688876271247864,0.41533011198043823,-0.08697101473808289,0.4082316756248474,0.3416316509246826,-0.09777498245239258,0.41893628239631653,0.28698667883872986,-0.10212823748588562,0.4348808526992798,0.5413611531257629,-0.0652281865477562,0.43745893239974976,0.40664759278297424,-0.08760922402143478,0.4463071823120117,0.32805874943733215,-0.09600736200809479,0.45367923378944397,0.2694009244441986,-0.1008797362446785,0.4780360758304596,0.5373835563659668,-0.06718862056732178,0.4795188009738922,0.42036107182502747,-0.08305330574512482,0.48330265283584595,0.347623735666275,-0.08802042156457901,0.4847458004951477,0.29404330253601074,-0.09083430469036102,0.5160855650901794,0.5327981114387512,-0.06865584850311279,0.5099588632583618,0.4411494731903076,-0.08125124126672745,0.5066562294960022,0.3825184106826782,-0.0838121771812439,0.5032678842544556,0.33318018913269043,-0.08405769616365433,0.0,0.0,0.0,0.0,0.0,0.0,0.0,0.0,0.0,0.0,0.0,0.0,0.0,0.0,0.0,0.0,0.0,0.0,0.0,0.0,0.0,0.0,0.0,0.0,0.0,0.0,0.0,0.0,0.0,0.0,0.0,0.0,0.0,0.0,0.0,0.0,0.0,0.0,0.0,0.0,0.0,0.0,0.0,0.0,0.0,0.0,0.0,0.0,0.0,0.0,0.0,0.0,0.0,0.0,0.0,0.0,0.0,0.0,0.0,0.0,0.0,0.0,0.0
come_here,0.4791421890258789,0.6636890172958374,3.950537177388469e-07,0.42627424001693726,0.6279801726341248,-0.010925250127911568,0.3995200991630554,0.5519151091575623,-0.02314622327685356,0.4075152277946472,0.4762544631958008,-0.03258198872208595,0.4258807301521301,0.427120178937912,-0.04151805490255356,0.3893941044807434,0.5312662720680237,-0.04902387410402298,0.39804694056510925,0.40849724411964417,-0.07057391852140427,0.41258588433265686,0.33925050497055054,-0.07806248962879181,0.42513686418533325,0.2884383797645569,-0.0801488608121872,0.42817291617393494,0.5312044620513916,-0.052380818873643875,0.434697687625885,0.405251681804657,-0.07071056962013245,0.4458366632461548,0.3301582932472229,-0.0772169828414917,0.455182820558548,0.27356255054473877,-0.0806807354092598,0.46971407532691956,0.5308176875114441,-0.054393041878938675,0.47143465280532837,0.417826384305954,-0.06732445955276489,0.4778963625431061,0.3466586470603943,-0.07194855809211731,0.4829433560371399,0.29464492201805115,-0.07420576363801956,0.5083270072937012,0.5291886329650879,-0.05642658472061157,0.5052374005317688,0.43973684310913086,-0.06608026474714279,0.503921627998352,0.3822151720523834,-0.06862625479698181,0.5027502179145813,0.33604609966278076,-0.06887590140104294,0.0,0.0,0.0,0.0,0.0,0.0,0.0,0.0,0.0,0.0,0.0,0.0,0.0,0.0,0.0,0.0,0.0,0.0,0.0,0.0,0.0,0.0,0.0,0.0,0.0,0.0,0.0,0.0,0.0,0.0,0.0,0.0,0.0,0.0,0.0,0.0,0.0,0.0,0.0,0.0,0.0,0.0,0.0,0.0,0.0,0.0,0.0,0.0,0.0,0.0,0.0,0.0,0.0,0.0,0.0,0.0,0.0,0.0,0.0,0.0,0.0,0.0,0.0
come_here,0.4346013069152832,0.6840397119522095,6.986649623286212e-07,0.375973641872406,0.6580448150634766,-0.008967390283942223,0.33444204926490784,0.5803302526473999,-0.026189401745796204,0.32840588688850403,0.4968182146549225,-0.04099145531654358,0.3334710896015167,0.43233197927474976,-0.056076254695653915,0.31181514263153076,0.5813153982162476,-0.061915572732686996,0.3132486343383789,0.4468589425086975,-0.09026355296373367,0.3213779628276825,0.3668827414512634,-0.10195083171129227,0.32813510298728943,0.3068629801273346,-0.10651563853025436,0.3494386076927185,0.5806248188018799,-0.07056096941232681,0.3510800302028656,0.43423062562942505,-0.09582597017288208,0.3556446135044098,0.3432694375514984,-0.10352127999067307,0.3592413663864136,0.27516382932662964,-0.10759802162647247,0.39222320914268494,0.5740479826927185,-0.07729906588792801,0.3939279019832611,0.4440479278564453,-0.09515678882598877,0.3952133357524872,0.3615989685058594,-0.09958259016275406,0.39525413513183594,0.30095550417900085,-0.10191541910171509,0.43480536341667175,0.5635477304458618,-0.08384164422750473,0.42784383893013,0.46179139614105225,-0.09662158042192459,0.42258572578430176,0.39925435185432434,-0.09897468984127045,0.41789406538009644,0.3486155867576599,-0.09956449270248413,0.0,0.0,0.0,0.0,0.0,0.0,0.0,0.0,0.0,0.0,0.0,0.0,0.0,0.0,0.0,0.0,0.0,0.0,0.0,0.0,0.0,0.0,0.0,0.0,0.0,0.0,0.0,0.0,0.0,0.0,0.0,0.0,0.0,0.0,0.0,0.0,0.0,0.0,0.0,0.0,0.0,0.0,0.0,0.0,0.0,0.0,0.0,0.0,0.0,0.0,0.0,0.0,0.0,0.0,0.0,0.0,0.0,0.0,0.0,0.0,0.0,0.0,0.0
come_here,0.43230241537094116,0.5836907029151917,1.9061953082655236e-07,0.47601330280303955,0.5837383270263672,-0.03611528128385544,0.5184334516525269,0.564005970954895,-0.05734218284487724,0.5356192588806152,0.5453590154647827,-0.075892873108387,0.5489574074745178,0.5258186459541321,-0.09475695341825485,0.49540606141090393,0.44995397329330444,-0.036708734929561615,0.4956699013710022,0.38618120551109314,-0.05992944538593292,0.4908290505409241,0.34847843647003174,-0.07959891110658646,0.48649346828460693,0.3124265670776367,-0.09401330351829529,0.4646110534667969,0.43074342608451843,-0.03349713236093521,0.46877217292785645,0.359659343957901,-0.055877555161714554,0.46787434816360474,0.3134685754776001,-0.07469730824232101,0.4653015434741974,0.271944522857666,-0.08862757682800293,0.4363166093826294,0.42458486557006836,-0.03395232558250427,0.44136857986450195,0.35708484053611755,-0.054986514151096344,0.4435073137283325,0.31619793176651,-0.0670851618051529,0.44338440895080566,0.28070884943008423,-0.07484040409326553,0.4090697169303894,0.42861002683639526,-0.037592340260744095,0.4142692983150482,0.3729274868965149,-0.054710231721401215,0.41686707735061646,0.33896777033805847,-0.061404891312122345,0.4202735424041748,0.3089450001716614,-0.06555687636137009,0.0,0.0,0.0,0.0,0.0,0.0,0.0,0.0,0.0,0.0,0.0,0.0,0.0,0.0,0.0,0.0,0.0,0.0,0.0,0.0,0.0,0.0,0.0,0.0,0.0,0.0,0.0,0.0,0.0,0.0,0.0,0.0,0.0,0.0,0.0,0.0,0.0,0.0,0.0,0.0,0.0,0.0,0.0,0.0,0.0,0.0,0.0,0.0,0.0,0.0,0.0,0.0,0.0,0.0,0.0,0.0,0.0,0.0,0.0,0.0,0.0,0.0,0.0
come_here,0.5778337717056274,0.8205872774124146,4.480693007735681e-07,0.5111197233200073,0.7526864409446716,-0.012367695569992065,0.4644933342933655,0.6642631888389587,-0.03581482172012329,0.4572294056415558,0.5889942646026611,-0.05717174708843231,0.47718727588653564,0.5428234934806824,-0.07828320562839508,0.48440808057785034,0.6376745104789734,-0.0772324874997139,0.506878674030304,0.47096502780914307,-0.11356990784406662,0.526618480682373,0.3855133354663849,-0.12709659337997437,0.5434525012969971,0.31994348764419556,-0.1321716010570526,0.5378581285476685,0.6483777761459351,-0.08624209463596344,0.5577857494354248,0.46655529737472534,-0.1211257055401802,0.5748483538627625,0.366508424282074,-0.13076889514923096,0.5874516367912292,0.2910953760147095,-0.13502584397792816,0.5909863114356995,0.6554519534111023,-0.09308431297540665,0.5998278260231018,0.4865037202835083,-0.11955452710390091,0.6088749766349792,0.3913198709487915,-0.12423095852136612,0.6131837964057922,0.31929630041122437,-0.1248677670955658,0.639353334903717,0.6574854850769043,-0.09968787431716919,0.6410611271858215,0.5265328288078308,-0.11963912844657898,0.6414809823036194,0.44971802830696106,-0.12260337173938751,0.6406664252281189,0.38544580340385437,-0.12206720560789108,0.0,0.0,0.0,0.0,0.0,0.0,0.0,0.0,0.0,0.0,0.0,0.0,0.0,0.0,0.0,0.0,0.0,0.0,0.0,0.0,0.0,0.0,0.0,0.0,0.0,0.0,0.0,0.0,0.0,0.0,0.0,0.0,0.0,0.0,0.0,0.0,0.0,0.0,0.0,0.0,0.0,0.0,0.0,0.0,0.0,0.0,0.0,0.0,0.0,0.0,0.0,0.0,0.0,0.0,0.0,0.0,0.0,0.0,0.0,0.0,0.0,0.0,0.0
come_here,0.6491473317146301,0.8361110091209412,3.373579602339305e-07,0.5888124108314514,0.7581775784492493,-0.031146997585892677,0.5520261526107788,0.6723116636276245,-0.0624869242310524,0.552714467048645,0.6014925837516785,-0.08739269524812698,0.5796605944633484,0.5579778552055359,-0.11102301627397537,0.6035139560699463,0.6563626527786255,-0.10229519009590149,0.6481192111968994,0.49244314432144165,-0.14300623536109924,0.6748118996620178,0.4050106406211853,-0.1556502878665924,0.6977531313896179,0.3398074209690094,-0.1587812751531601,0.6640702486038208,0.6820139288902283,-0.1012784093618393,0.7027881741523743,0.495649516582489,-0.14056570827960968,0.7269145250320435,0.39518535137176514,-0.14884956181049347,0.7454220652580261,0.3212279975414276,-0.15118944644927979,0.7159497141838074,0.6968276500701904,-0.0987677350640297,0.7440145611763,0.5230454206466675,-0.12880784273147583,0.7595405578613281,0.43244123458862305,-0.13076072931289673,0.7690820693969727,0.36306628584861755,-0.12755614519119263,0.7551701068878174,0.6994143128395081,-0.09719382971525192,0.77385014295578,0.5608481764793396,-0.11773809790611267,0.783582329750061,0.4875638484954834,-0.11806629598140717,0.7892502546310425,0.4279235005378723,-0.11429796367883682,0.0,0.0,0.0,0.0,0.0,0.0,0.0,0.0,0.0,0.0,0.0,0.0,0.0,0.0,0.0,0.0,0.0,0.0,0.0,0.0,0.0,0.0,0.0,0.0,0.0,0.0,0.0,0.0,0.0,0.0,0.0,0.0,0.0,0.0,0.0,0.0,0.0,0.0,0.0,0.0,0.0,0.0,0.0,0.0,0.0,0.0,0.0,0.0,0.0,0.0,0.0,0.0,0.0,0.0,0.0,0.0,0.0,0.0,0.0,0.0,0.0,0.0,0.0
come_here,0.618909478187561,0.8150711059570312,1.7275678487749246e-07,0.5654395222663879,0.7382307648658752,-0.03798987343907356,0.5361251831054688,0.6467452049255371,-0.0732126235961914,0.540915846824646,0.5781276226043701,-0.1003996953368187,0.5682076215744019,0.5351739525794983,-0.12690503895282745,0.5819572806358337,0.6462104320526123,-0.11872043460607529,0.6398308873176575,0.48198360204696655,-0.16404308378696442,0.6749496459960938,0.394724577665329,-0.1788785606622696,0.7050147652626038,0.3329094350337982,-0.1835070252418518,0.6412574052810669,0.6819404363632202,-0.11587289720773697,0.6993637681007385,0.49385762214660645,-0.1607179194688797,0.7306221723556519,0.39151620864868164,-0.1722276359796524,0.7540223002433777,0.3187989592552185,-0.17679455876350403,0.6939094066619873,0.7020895481109619,-0.11129535734653473,0.7376565337181091,0.5243161916732788,-0.14658908545970917,0.7599292397499084,0.4240897297859192,-0.15274198353290558,0.7783379554748535,0.3464251458644867,-0.15261217951774597,0.7352238297462463,0.7073042392730713,-0.10770150274038315,0.7639134526252747,0.563126802444458,-0.1318853199481964,0.7770344614982605,0.48733189702033997,-0.13402949273586273,0.7878601551055908,0.4267478287220001,-0.13206732273101807,0.0,0.0,0.0,0.0,0.0,0.0,0.0,0.0,0.0,0.0,0.0,0.0,0.0,0.0,0.0,0.0,0.0,0.0,0.0,0.0,0.0,0.0,0.0,0.0,0.0,0.0,0.0,0.0,0.0,0.0,0.0,0.0,0.0,0.0,0.0,0.0,0.0,0.0,0.0,0.0,0.0,0.0,0.0,0.0,0.0,0.0,0.0,0.0,0.0,0.0,0.0,0.0,0.0,0.0,0.0,0.0,0.0,0.0,0.0,0.0,0.0,0.0,0.0
come_here,0.6028100848197937,0.7574480175971985,3.4442052765371045e-08,0.5572847127914429,0.6862682104110718,-0.029512062668800354,0.5359216332435608,0.6001177430152893,-0.05710531026124954,0.5378113985061646,0.5303036570549011,-0.07935341447591782,0.5405750870704651,0.4753895401954651,-0.10212564468383789,0.5736920833587646,0.5818865895271301,-0.09147421270608902,0.6333042979240417,0.43091660737991333,-0.1263069212436676,0.6655680537223816,0.3529622256755829,-0.13702774047851562,0.691551148891449,0.2967872619628906,-0.13992704451084137,0.628156304359436,0.6148977875709534,-0.0922003984451294,0.6868953108787537,0.4414237439632416,-0.12661808729171753,0.7158619165420532,0.34927767515182495,-0.13625997304916382,0.7369214296340942,0.2830069661140442,-0.14026638865470886,0.6764814853668213,0.6370036602020264,-0.09159916639328003,0.7204888463020325,0.47255122661590576,-0.12085830420255661,0.7412825226783752,0.3829619288444519,-0.12728318572044373,0.7566255331039429,0.3145589232444763,-0.12802113592624664,0.7158185243606567,0.6469473838806152,-0.091652050614357,0.7440282702445984,0.5131358504295349,-0.11220671236515045,0.756816565990448,0.44386565685272217,-0.11364675313234329,0.7678049206733704,0.3906104564666748,-0.11174436658620834,0.0,0.0,0.0,0.0,0.0,0.0,0.0,0.0,0.0,0.0,0.0,0.0,0.0,0.0,0.0,0.0,0.0,0.0,0.0,0.0,0.0,0.0,0.0,0.0,0.0,0.0,0.0,0.0,0.0,0.0,0.0,0.0,0.0,0.0,0.0,0.0,0.0,0.0,0.0,0.0,0.0,0.0,0.0,0.0,0.0,0.0,0.0,0.0,0.0,0.0,0.0,0.0,0.0,0.0,0.0,0.0,0.0,0.0,0.0,0.0,0.0,0.0,0.0
come_here,0.6019129753112793,0.7255513072013855,3.3888107964230585e-07,0.5553544759750366,0.6492552757263184,-0.016956496983766556,0.5307505130767822,0.5615665912628174,-0.03711579740047455,0.5301693677902222,0.49312666058540344,-0.05495433136820793,0.5400976538658142,0.44505345821380615,-0.07224876433610916,0.5618283748626709,0.5197128653526306,-0.06353428214788437,0.6108124256134033,0.3745955228805542,-0.09234053641557693,0.6405313611030579,0.30187222361564636,-0.10147946327924728,0.6652347445487976,0.2480665147304535,-0.10349274426698685,0.6128169298171997,0.5470025539398193,-0.06846635043621063,0.65989089012146,0.3882524073123932,-0.09544767439365387,0.689306914806366,0.30216801166534424,-0.1039622575044632,0.711588978767395,0.2363314926624298,-0.10741785913705826,0.6593186259269714,0.5711181163787842,-0.0725458562374115,0.6973995566368103,0.42052462697029114,-0.09361040592193604,0.7201389074325562,0.3396678864955902,-0.09846483170986176,0.7358244061470032,0.27801522612571716,-0.09870454668998718,0.699277400970459,0.5878856182098389,-0.0769033282995224,0.7256970405578613,0.4679203927516937,-0.0920136496424675,0.7415794730186462,0.3993533253669739,-0.09365829080343246,0.7529730796813965,0.34178611636161804,-0.09170088917016983,0.0,0.0,0.0,0.0,0.0,0.0,0.0,0.0,0.0,0.0,0.0,0.0,0.0,0.0,0.0,0.0,0.0,0.0,0.0,0.0,0.0,0.0,0.0,0.0,0.0,0.0,0.0,0.0,0.0,0.0,0.0,0.0,0.0,0.0,0.0,0.0,0.0,0.0,0.0,0.0,0.0,0.0,0.0,0.0,0.0,0.0,0.0,0.0,0.0,0.0,0.0,0.0,0.0,0.0,0.0,0.0,0.0,0.0,0.0,0.0,0.0,0.0,0.0
come_here,0.598039984703064,0.679012656211853,4.203455148399371e-07,0.551544189453125,0.6142967939376831,-0.011405822820961475,0.5276181101799011,0.5315782427787781,-0.027448197826743126,0.5286063551902771,0.46655699610710144,-0.04191551357507706,0.5426930785179138,0.43150725960731506,-0.05701756849884987,0.5597015619277954,0.4810281991958618,-0.05163135379552841,0.5995110273361206,0.3555671274662018,-0.07822099328041077,0.6274885535240173,0.28999412059783936,-0.0889926552772522,0.650256872177124,0.24384738504886627,-0.09251489490270615,0.6040346026420593,0.5026625990867615,-0.0577932670712471,0.6443457007408142,0.36654454469680786,-0.08255957067012787,0.6725430488586426,0.2910171449184418,-0.0922863781452179,0.6935709714889526,0.23236092925071716,-0.0960313081741333,0.6473730206489563,0.5264350771903992,-0.06293118000030518,0.6801990270614624,0.3964245319366455,-0.08285271376371384,0.7007943391799927,0.32029324769973755,-0.08984765410423279,0.7153797149658203,0.2626156210899353,-0.09130706638097763,0.6869473457336426,0.5500993132591248,-0.06772570312023163,0.709628164768219,0.44504761695861816,-0.082692451775074,0.7231469750404358,0.38208088278770447,-0.08529980480670929,0.7339550852775574,0.3303161859512329,-0.08363808691501617,0.0,0.0,0.0,0.0,0.0,0.0,0.0,0.0,0.0,0.0,0.0,0.0,0.0,0.0,0.0,0.0,0.0,0.0,0.0,0.0,0.0,0.0,0.0,0.0,0.0,0.0,0.0,0.0,0.0,0.0,0.0,0.0,0.0,0.0,0.0,0.0,0.0,0.0,0.0,0.0,0.0,0.0,0.0,0.0,0.0,0.0,0.0,0.0,0.0,0.0,0.0,0.0,0.0,0.0,0.0,0.0,0.0,0.0,0.0,0.0,0.0,0.0,0.0
come_here,0.5771034955978394,0.6692924499511719,2.0577040515945555e-07,0.526411235332489,0.6207131147384644,-0.025588776916265488,0.5028223991394043,0.5477806329727173,-0.04907935485243797,0.4995024800300598,0.49073153734207153,-0.06735790520906448,0.5032332539558411,0.45075735449790955,-0.08605114370584488,0.5476016998291016,0.5275042653083801,-0.0837034359574318,0.580073356628418,0.38393738865852356,-0.11394014954566956,0.6017166376113892,0.31638970971107483,-0.12290702015161514,0.6191580295562744,0.2669784426689148,-0.1252797544002533,0.5923557281494141,0.5440673828125,-0.0844523161649704,0.62698894739151,0.3853372633457184,-0.11524159461259842,0.6478112936019897,0.30679523944854736,-0.1233690083026886,0.6650728583335876,0.24976956844329834,-0.12646672129631042,0.6303851008415222,0.5563285946846008,-0.08390922844409943,0.6584171056747437,0.40838637948036194,-0.10897307097911835,0.6722959280014038,0.33171284198760986,-0.1154077798128128,0.6836856007575989,0.2750670611858368,-0.11656953394412994,0.660723090171814,0.562886118888855,-0.08374879509210587,0.6816253066062927,0.453264445066452,-0.10191367566585541,0.6938382387161255,0.39190447330474854,-0.10578557103872299,0.7029423713684082,0.34410279989242554,-0.10613245517015457,0.0,0.0,0.0,0.0,0.0,0.0,0.0,0.0,0.0,0.0,0.0,0.0,0.0,0.0,0.0,0.0,0.0,0.0,0.0,0.0,0.0,0.0,0.0,0.0,0.0,0.0,0.0,0.0,0.0,0.0,0.0,0.0,0.0,0.0,0.0,0.0,0.0,0.0,0.0,0.0,0.0,0.0,0.0,0.0,0.0,0.0,0.0,0.0,0.0,0.0,0.0,0.0,0.0,0.0,0.0,0.0,0.0,0.0,0.0,0.0,0.0,0.0,0.0
come_here,0.5449736714363098,0.6906047463417053,4.559867647913052e-07,0.49727314710617065,0.6238781213760376,-0.007405499927699566,0.46917399764060974,0.5386426448822021,-0.023202108219265938,0.4683566987514496,0.46941065788269043,-0.03770896792411804,0.4830368757247925,0.42455175518989563,-0.05227414146065712,0.47742515802383423,0.4929221570491791,-0.05810292437672615,0.5200289487838745,0.35823875665664673,-0.08743505924940109,0.5500514507293701,0.2885807752609253,-0.09802955389022827,0.57329922914505,0.23841246962547302,-0.10077118128538132,0.5197312235832214,0.5106332898139954,-0.06523630768060684,0.5618844032287598,0.3616943955421448,-0.09217104315757751,0.5914938449859619,0.28402796387672424,-0.10001145303249359,0.6119102239608765,0.22624963521957397,-0.10260579735040665,0.5665125846862793,0.5289737582206726,-0.07055851072072983,0.5997668504714966,0.3899202346801758,-0.09026890248060226,0.6213703751564026,0.3131716549396515,-0.09508358687162399,0.6346784234046936,0.25554323196411133,-0.09562980383634567,0.6121257543563843,0.5456467866897583,-0.07518593966960907,0.633252739906311,0.4331817924976349,-0.08846213668584824,0.6445978283882141,0.3699331283569336,-0.09010104835033417,0.6518721580505371,0.316478967666626,-0.08848458528518677,0.0,0.0,0.0,0.0,0.0,0.0,0.0,0.0,0.0,0.0,0.0,0.0,0.0,0.0,0.0,0.0,0.0,0.0,0.0,0.0,0.0,0.0,0.0,0.0,0.0,0.0,0.0,0.0,0.0,0.0,0.0,0.0,0.0,0.0,0.0,0.0,0.0,0.0,0.0,0.0,0.0,0.0,0.0,0.0,0.0,0.0,0.0,0.0,0.0,0.0,0.0,0.0,0.0,0.0,0.0,0.0,0.0,0.0,0.0,0.0,0.0,0.0,0.0
come_here,0.38654568791389465,0.6859936714172363,8.833715128275799e-07,0.34141629934310913,0.6405048370361328,-0.01069728471338749,0.3114393949508667,0.5537188053131104,-0.03227191045880318,0.31617408990859985,0.47136402130126953,-0.05274477228522301,0.32897865772247314,0.4076119363307953,-0.07366104423999786,0.272152304649353,0.5558313131332397,-0.06546127051115036,0.2929043769836426,0.42822855710983276,-0.10235952585935593,0.3191272020339966,0.3502649664878845,-0.12122830748558044,0.3421713709831238,0.2955703139305115,-0.12959855794906616,0.30130988359451294,0.570983350276947,-0.07706376910209656,0.3223782479763031,0.4272710680961609,-0.11113640666007996,0.34846583008766174,0.3373451232910156,-0.12289632856845856,0.3713313043117523,0.275437593460083,-0.12820971012115479,0.3431369960308075,0.5776069760322571,-0.08760326355695724,0.36282968521118164,0.437255859375,-0.11232432723045349,0.38375943899154663,0.35000985860824585,-0.1183265820145607,0.40067175030708313,0.2895168662071228,-0.11993071436882019,0.39070925116539,0.5767092704772949,-0.09834376722574234,0.40237513184547424,0.4616796374320984,-0.1142234057188034,0.4111190438270569,0.39128759503364563,-0.11714111268520355,0.4188593029975891,0.33810463547706604,-0.11723639816045761,0.0,0.0,0.0,0.0,0.0,0.0,0.0,0.0,0.0,0.0,0.0,0.0,0.0,0.0,0.0,0.0,0.0,0.0,0.0,0.0,0.0,0.0,0.0,0.0,0.0,0.0,0.0,0.0,0.0,0.0,0.0,0.0,0.0,0.0,0.0,0.0,0.0,0.0,0.0,0.0,0.0,0.0,0.0,0.0,0.0,0.0,0.0,0.0,0.0,0.0,0.0,0.0,0.0,0.0,0.0,0.0,0.0,0.0,0.0,0.0,0.0,0.0,0.0
come_here,0.3562435209751129,0.6154522895812988,8.482863904646365e-07,0.3166255056858063,0.5650832056999207,-0.009713061153888702,0.29050108790397644,0.47586333751678467,-0.030044741928577423,0.29587674140930176,0.3971943259239197,-0.0500500351190567,0.3087952733039856,0.33497947454452515,-0.06964431703090668,0.24730214476585388,0.4729694426059723,-0.058670926839113235,0.2764304578304291,0.3443063795566559,-0.09410392493009567,0.3059002161026001,0.2687709331512451,-0.11172665655612946,0.33057698607444763,0.21592342853546143,-0.119217149913311,0.27105700969696045,0.491839200258255,-0.07036400586366653,0.30397549271583557,0.34699875116348267,-0.10285749286413193,0.3355787694454193,0.2597460150718689,-0.11341995000839233,0.3619703948497772,0.20001618564128876,-0.11780809611082077,0.3084298074245453,0.5022345781326294,-0.08145647495985031,0.3393176794052124,0.3608458936214447,-0.10475534945726395,0.36473211646080017,0.27738192677497864,-0.1095203086733818,0.3841273784637451,0.2193104326725006,-0.11045783758163452,0.35248130559921265,0.5056761503219604,-0.09299948066473007,0.37552356719970703,0.39330238103866577,-0.10800013691186905,0.389758825302124,0.32506173849105835,-0.11069633811712265,0.3997644782066345,0.2724561095237732,-0.11081457883119583,0.0,0.0,0.0,0.0,0.0,0.0,0.0,0.0,0.0,0.0,0.0,0.0,0.0,0.0,0.0,0.0,0.0,0.0,0.0,0.0,0.0,0.0,0.0,0.0,0.0,0.0,0.0,0.0,0.0,0.0,0.0,0.0,0.0,0.0,0.0,0.0,0.0,0.0,0.0,0.0,0.0,0.0,0.0,0.0,0.0,0.0,0.0,0.0,0.0,0.0,0.0,0.0,0.0,0.0,0.0,0.0,0.0,0.0,0.0,0.0,0.0,0.0,0.0
come_here,0.3588411808013916,0.5147957801818848,8.30018450415082e-07,0.3112117648124695,0.4718690812587738,-0.007211127784103155,0.2880856692790985,0.3897801637649536,-0.023704828694462776,0.29872846603393555,0.3097575306892395,-0.03878109157085419,0.31618356704711914,0.25235843658447266,-0.053734272718429565,0.2558504641056061,0.378374308347702,-0.0535152330994606,0.2834266424179077,0.2599004805088043,-0.0829305648803711,0.3099638521671295,0.1880384385585785,-0.09675435721874237,0.33237987756729126,0.1369256228208542,-0.1021631583571434,0.28826993703842163,0.38722965121269226,-0.06320326775312424,0.3148733973503113,0.2548695206642151,-0.08997862040996552,0.34100106358528137,0.17307250201702118,-0.09977514296770096,0.3620312511920929,0.11675438284873962,-0.10405584424734116,0.3309672474861145,0.39202916622161865,-0.07122871279716492,0.35424110293388367,0.2699584364891052,-0.09053245931863785,0.3752080798149109,0.19325070083141327,-0.0965387150645256,0.39013248682022095,0.13928735256195068,-0.0986228659749031,0.3767056465148926,0.39404574036598206,-0.07889815419912338,0.39137277007102966,0.2946743071079254,-0.09124022722244263,0.3994758725166321,0.2334509789943695,-0.09309516847133636,0.40494006872177124,0.1842932552099228,-0.09242502599954605,0.0,0.0,0.0,0.0,0.0,0.0,0.0,0.0,0.0,0.0,0.0,0.0,0.0,0.0,0.0,0.0,0.0,0.0,0.0,0.0,0.0,0.0,0.0,0.0,0.0,0.0,0.0,0.0,0.0,0.0,0.0,0.0,0.0,0.0,0.0,0.0,0.0,0.0,0.0,0.0,0.0,0.0,0.0,0.0,0.0,0.0,0.0,0.0,0.0,0.0,0.0,0.0,0.0,0.0,0.0,0.0,0.0,0.0,0.0,0.0,0.0,0.0,0.0
come_here,0.3931148648262024,0.5463312864303589,3.03644043242457e-07,0.3422854542732239,0.4870263338088989,0.0037481628824025393,0.3216419517993927,0.40667733550071716,-0.0033927438780665398,0.3303501605987549,0.3338605463504791,-0.011662623845040798,0.3493068814277649,0.28702983260154724,-0.019057145342230797,0.29756614565849304,0.3726716637611389,-0.03084843046963215,0.3130485415458679,0.24626430869102478,-0.052272241562604904,0.33906078338623047,0.1921101212501526,-0.060508642345666885,0.3615735173225403,0.1581348031759262,-0.06245112419128418,0.32911503314971924,0.3736802637577057,-0.04119791090488434,0.3474102318286896,0.2385876178741455,-0.05876784771680832,0.3681815564632416,0.16814246773719788,-0.06496649980545044,0.3848555088043213,0.11802919209003448,-0.06822500377893448,0.36860036849975586,0.3751944303512573,-0.05024382099509239,0.38381874561309814,0.2564840614795685,-0.06134665012359619,0.39488092064857483,0.18736720085144043,-0.06642019003629684,0.4029747545719147,0.13713890314102173,-0.06971492618322372,0.4110274612903595,0.3791637420654297,-0.058556169271469116,0.41906678676605225,0.2844175398349762,-0.06473877280950546,0.4229062795639038,0.22891536355018616,-0.06607149541378021,0.4264668822288513,0.18367719650268555,-0.06643074005842209,0.0,0.0,0.0,0.0,0.0,0.0,0.0,0.0,0.0,0.0,0.0,0.0,0.0,0.0,0.0,0.0,0.0,0.0,0.0,0.0,0.0,0.0,0.0,0.0,0.0,0.0,0.0,0.0,0.0,0.0,0.0,0.0,0.0,0.0,0.0,0.0,0.0,0.0,0.0,0.0,0.0,0.0,0.0,0.0,0.0,0.0,0.0,0.0,0.0,0.0,0.0,0.0,0.0,0.0,0.0,0.0,0.0,0.0,0.0,0.0,0.0,0.0,0.0
come_here,0.4051033854484558,0.6257176399230957,7.352529109994066e-07,0.3517914116382599,0.5722616314888,-0.0024467965122312307,0.3256835341453552,0.483064204454422,-0.01730448007583618,0.33525514602661133,0.3965340852737427,-0.03097064048051834,0.35216403007507324,0.3340071439743042,-0.04442857578396797,0.28848111629486084,0.47661739587783813,-0.058290038257837296,0.3114202618598938,0.3383411765098572,-0.08702108263969421,0.33726778626441956,0.2623608112335205,-0.09651656448841095,0.3588564693927765,0.21093258261680603,-0.09804609417915344,0.32476577162742615,0.48588860034942627,-0.06895334273576736,0.3455626368522644,0.33431029319763184,-0.09611101448535919,0.37082070112228394,0.2474900782108307,-0.10274478048086166,0.38974881172180176,0.1911555826663971,-0.10432836413383484,0.3715655505657196,0.489094614982605,-0.07704991102218628,0.3866386413574219,0.3500189185142517,-0.09579592198133469,0.404276043176651,0.26770931482315063,-0.09994937479496002,0.4152223467826843,0.211902916431427,-0.10034707933664322,0.4210098087787628,0.48808667063713074,-0.08405128121376038,0.4277274012565613,0.37199217081069946,-0.09584622085094452,0.4326134920120239,0.3050536513328552,-0.09679015725851059,0.43458840250968933,0.2540850043296814,-0.09507909417152405,0.0,0.0,0.0,0.0,0.0,0.0,0.0,0.0,0.0,0.0,0.0,0.0,0.0,0.0,0.0,0.0,0.0,0.0,0.0,0.0,0.0,0.0,0.0,0.0,0.0,0.0,0.0,0.0,0.0,0.0,0.0,0.0,0.0,0.0,0.0,0.0,0.0,0.0,0.0,0.0,0.0,0.0,0.0,0.0,0.0,0.0,0.0,0.0,0.0,0.0,0.0,0.0,0.0,0.0,0.0,0.0,0.0,0.0,0.0,0.0,0.0,0.0,0.0
come_here,0.48905298113822937,0.6064336895942688,9.338800310842998e-08,0.44032564759254456,0.541498064994812,0.005389111116528511,0.42327284812927246,0.45386606454849243,-0.0011569153284654021,0.43961670994758606,0.3808402121067047,-0.009253040887415409,0.46275031566619873,0.3399870991706848,-0.016782423481345177,0.4096558094024658,0.41331133246421814,-0.03171525150537491,0.43466079235076904,0.28626278042793274,-0.05150990933179855,0.4627675414085388,0.2504200041294098,-0.05803483724594116,0.4850039780139923,0.23151198029518127,-0.05923200771212578,0.44198113679885864,0.4221860468387604,-0.04243786260485649,0.4688063859939575,0.28291481733322144,-0.05880776420235634,0.49152672290802,0.22212493419647217,-0.06311716884374619,0.5088882446289062,0.18222258985042572,-0.06556352227926254,0.4814661741256714,0.433891624212265,-0.05155128613114357,0.502945601940155,0.3078239858150482,-0.06305941939353943,0.515632152557373,0.24124783277511597,-0.06774159520864487,0.5228292346000671,0.19420765340328217,-0.07091251015663147,0.522771954536438,0.447913259267807,-0.05955858528614044,0.5380423069000244,0.3500198423862457,-0.06713937222957611,0.5428082942962646,0.2931520342826843,-0.06928611546754837,0.5451030731201172,0.24708107113838196,-0.0702764168381691,0.0,0.0,0.0,0.0,0.0,0.0,0.0,0.0,0.0,0.0,0.0,0.0,0.0,0.0,0.0,0.0,0.0,0.0,0.0,0.0,0.0,0.0,0.0,0.0,0.0,0.0,0.0,0.0,0.0,0.0,0.0,0.0,0.0,0.0,0.0,0.0,0.0,0.0,0.0,0.0,0.0,0.0,0.0,0.0,0.0,0.0,0.0,0.0,0.0,0.0,0.0,0.0,0.0,0.0,0.0,0.0,0.0,0.0,0.0,0.0,0.0,0.0,0.0
come_here,0.5361478924751282,0.5933457016944885,7.176500105288142e-08,0.4855654835700989,0.5316280126571655,0.011928847059607506,0.4617564380168915,0.4549802839756012,0.010590484365820885,0.47337430715560913,0.3880091905593872,0.009087621234357357,0.5008406639099121,0.3578908443450928,0.007861585356295109,0.46548640727996826,0.40255510807037354,-0.024996386840939522,0.49034130573272705,0.28992193937301636,-0.0319436639547348,0.509654700756073,0.23961612582206726,-0.02873256802558899,0.5241103172302246,0.20745722949504852,-0.025023678317666054,0.5020748376846313,0.40657055377960205,-0.03402775526046753,0.528124988079071,0.2863794267177582,-0.042716171592473984,0.5469856262207031,0.2296084761619568,-0.042778130620718,0.5637349486351013,0.1903565526008606,-0.04211011528968811,0.5426008701324463,0.41705530881881714,-0.03941504284739494,0.5629040002822876,0.30675920844078064,-0.044212762266397476,0.5772719979286194,0.24544265866279602,-0.04540723189711571,0.5896860361099243,0.20201648771762848,-0.04654623568058014,0.5820801258087158,0.43348589539527893,-0.04245845600962639,0.5931313037872314,0.3442803919315338,-0.043584324419498444,0.5985685586929321,0.29453879594802856,-0.04198836535215378,0.6048567295074463,0.2535209357738495,-0.040301620960235596,0.0,0.0,0.0,0.0,0.0,0.0,0.0,0.0,0.0,0.0,0.0,0.0,0.0,0.0,0.0,0.0,0.0,0.0,0.0,0.0,0.0,0.0,0.0,0.0,0.0,0.0,0.0,0.0,0.0,0.0,0.0,0.0,0.0,0.0,0.0,0.0,0.0,0.0,0.0,0.0,0.0,0.0,0.0,0.0,0.0,0.0,0.0,0.0,0.0,0.0,0.0,0.0,0.0,0.0,0.0,0.0,0.0,0.0,0.0,0.0,0.0,0.0,0.0
come_here,0.5365673303604126,0.6181185245513916,3.0097544367890805e-07,0.48269152641296387,0.5662540793418884,0.003774770302698016,0.4571772813796997,0.4819251596927643,-0.0021838925313204527,0.464720219373703,0.40856096148490906,-0.006562644615769386,0.48936861753463745,0.3799888789653778,-0.011646551080048084,0.476104736328125,0.44174283742904663,-0.04453233256936073,0.5052245855331421,0.31571054458618164,-0.05821302533149719,0.5314850807189941,0.25588834285736084,-0.05631217360496521,0.552055835723877,0.21910624206066132,-0.051619403064250946,0.5194875597953796,0.4531669020652771,-0.05095605179667473,0.5458499789237976,0.31755197048187256,-0.06719598174095154,0.5680292844772339,0.24906417727470398,-0.0675458088517189,0.5861086845397949,0.2012333869934082,-0.06447536498308182,0.5620709657669067,0.46320414543151855,-0.05347496643662453,0.5821526050567627,0.34182125329971313,-0.06413601338863373,0.5974318385124207,0.2703462839126587,-0.06464642286300659,0.6091340184211731,0.2180306315422058,-0.06261299550533295,0.5984475612640381,0.47528699040412903,-0.0539645291864872,0.6110955476760864,0.3743998408317566,-0.059358950704336166,0.6192837953567505,0.31681206822395325,-0.057083263993263245,0.6268556118011475,0.26923325657844543,-0.05301995947957039,0.0,0.0,0.0,0.0,0.0,0.0,0.0,0.0,0.0,0.0,0.0,0.0,0.0,0.0,0.0,0.0,0.0,0.0,0.0,0.0,0.0,0.0,0.0,0.0,0.0,0.0,0.0,0.0,0.0,0.0,0.0,0.0,0.0,0.0,0.0,0.0,0.0,0.0,0.0,0.0,0.0,0.0,0.0,0.0,0.0,0.0,0.0,0.0,0.0,0.0,0.0,0.0,0.0,0.0,0.0,0.0,0.0,0.0,0.0,0.0,0.0,0.0,0.0
come_here,0.5197494626045227,0.666262149810791,4.103783624032076e-07,0.4622005522251129,0.6177598834037781,-0.005937216803431511,0.4207874834537506,0.5352811813354492,-0.020510613918304443,0.41111665964126587,0.45898452401161194,-0.033099230378866196,0.4281148910522461,0.4130439758300781,-0.04581696540117264,0.4394295811653137,0.4892033338546753,-0.05956137552857399,0.4613828659057617,0.3436087369918823,-0.0832800343632698,0.48514634370803833,0.26995712518692017,-0.08793868869543076,0.5038599371910095,0.22077232599258423,-0.08682765811681747,0.4813442528247833,0.4933914840221405,-0.06531909108161926,0.5002430081367493,0.34060347080230713,-0.08894108980894089,0.5201329588890076,0.2595537006855011,-0.09374256432056427,0.5363134145736694,0.20208169519901276,-0.09400651603937149,0.5252954363822937,0.4973788857460022,-0.06812972575426102,0.537566602230072,0.36000823974609375,-0.08418183028697968,0.5504127740859985,0.27987220883369446,-0.08762884140014648,0.5602450966835022,0.22215871512889862,-0.08777674287557602,0.5653186440467834,0.5031453371047974,-0.06989390403032303,0.5740450620651245,0.39306947588920593,-0.08062134683132172,0.5803605318069458,0.3299303352832794,-0.08143657445907593,0.5850569009780884,0.27862173318862915,-0.07944595813751221,0.0,0.0,0.0,0.0,0.0,0.0,0.0,0.0,0.0,0.0,0.0,0.0,0.0,0.0,0.0,0.0,0.0,0.0,0.0,0.0,0.0,0.0,0.0,0.0,0.0,0.0,0.0,0.0,0.0,0.0,0.0,0.0,0.0,0.0,0.0,0.0,0.0,0.0,0.0,0.0,0.0,0.0,0.0,0.0,0.0,0.0,0.0,0.0,0.0,0.0,0.0,0.0,0.0,0.0,0.0,0.0,0.0,0.0,0.0,0.0,0.0,0.0,0.0
come_here,0.5645869374275208,0.7084084749221802,3.8853298178764817e-07,0.5088858604431152,0.6508099436759949,-0.006266776006668806,0.4762420058250427,0.5667849183082581,-0.01803578808903694,0.47198811173439026,0.4963306784629822,-0.028307566419243813,0.48181048035621643,0.451866090297699,-0.038928184658288956,0.4992395043373108,0.5088093280792236,-0.05229363963007927,0.5336700081825256,0.3701481223106384,-0.07781238853931427,0.5585339665412903,0.297835111618042,-0.08545157313346863,0.5775073766708374,0.24667373299598694,-0.08612418174743652,0.5463221669197083,0.5235586762428284,-0.05865198001265526,0.5793122053146362,0.37228867411613464,-0.08345590531826019,0.6035229563713074,0.2903282940387726,-0.09033987671136856,0.6209031939506531,0.2258450984954834,-0.09164077788591385,0.5951597690582275,0.5394129157066345,-0.06327406316995621,0.6183464527130127,0.40218088030815125,-0.08256635069847107,0.6342418193817139,0.32345086336135864,-0.08815095573663712,0.6448954343795776,0.2629336714744568,-0.08839094638824463,0.6405205130577087,0.5547881126403809,-0.06697451323270798,0.6522905826568604,0.4408324360847473,-0.08161649852991104,0.6592280864715576,0.3746017813682556,-0.08470632135868073,0.6643620729446411,0.31912878155708313,-0.08324261754751205,0.0,0.0,0.0,0.0,0.0,0.0,0.0,0.0,0.0,0.0,0.0,0.0,0.0,0.0,0.0,0.0,0.0,0.0,0.0,0.0,0.0,0.0,0.0,0.0,0.0,0.0,0.0,0.0,0.0,0.0,0.0,0.0,0.0,0.0,0.0,0.0,0.0,0.0,0.0,0.0,0.0,0.0,0.0,0.0,0.0,0.0,0.0,0.0,0.0,0.0,0.0,0.0,0.0,0.0,0.0,0.0,0.0,0.0,0.0,0.0,0.0,0.0,0.0
come_here,0.5979301333427429,0.7258169651031494,1.9288012254037312e-07,0.5429263114929199,0.6619262099266052,-0.013387558050453663,0.5165112018585205,0.5801724195480347,-0.0286718662828207,0.5093680024147034,0.5116798281669617,-0.0427151583135128,0.5080377459526062,0.4634392261505127,-0.056751471012830734,0.5544278621673584,0.5306267738342285,-0.046259839087724686,0.5796923637390137,0.3852890729904175,-0.07027948647737503,0.5965354442596436,0.3111898899078369,-0.07895811647176743,0.6107944250106812,0.25842106342315674,-0.08148244768381119,0.6004663705825806,0.5410764217376709,-0.05209023877978325,0.6250907778739929,0.3869175612926483,-0.07533200830221176,0.6412913799285889,0.3003194332122803,-0.08434686064720154,0.6533012986183167,0.23648402094841003,-0.08799897134304047,0.642083466053009,0.5523399114608765,-0.05775086209177971,0.6616804003715515,0.406394362449646,-0.07674594223499298,0.6721267104148865,0.32543545961380005,-0.08342316746711731,0.6788917183876038,0.2654764950275421,-0.08487837016582489,0.6780691742897034,0.5627475380897522,-0.06369912624359131,0.6939301490783691,0.45090457797050476,-0.0784425437450409,0.7016342282295227,0.38341444730758667,-0.08177713304758072,0.7071883678436279,0.32974687218666077,-0.08093631267547607,0.0,0.0,0.0,0.0,0.0,0.0,0.0,0.0,0.0,0.0,0.0,0.0,0.0,0.0,0.0,0.0,0.0,0.0,0.0,0.0,0.0,0.0,0.0,0.0,0.0,0.0,0.0,0.0,0.0,0.0,0.0,0.0,0.0,0.0,0.0,0.0,0.0,0.0,0.0,0.0,0.0,0.0,0.0,0.0,0.0,0.0,0.0,0.0,0.0,0.0,0.0,0.0,0.0,0.0,0.0,0.0,0.0,0.0,0.0,0.0,0.0,0.0,0.0
come_here,0.5909509062767029,0.772691011428833,2.959633604859846e-07,0.5325769186019897,0.6958430409431458,-0.017616398632526398,0.49899375438690186,0.5985412001609802,-0.037673261016607285,0.5007814764976501,0.5212756991386414,-0.05432260036468506,0.5168458223342896,0.48017215728759766,-0.07098155468702316,0.5295202136039734,0.5777602195739746,-0.0746510848402977,0.5685338973999023,0.4213566184043884,-0.10575386136770248,0.5932353138923645,0.3405216336250305,-0.11473540961742401,0.6137503385543823,0.28005924820899963,-0.11668816953897476,0.5851223468780518,0.597579300403595,-0.07932005077600479,0.621124804019928,0.42478325963020325,-0.10967279970645905,0.642316997051239,0.3289896845817566,-0.11741261929273605,0.6568466424942017,0.2575807571411133,-0.1199653223156929,0.6358358860015869,0.6114288568496704,-0.08231720328330994,0.6622457504272461,0.4465995132923126,-0.10694430023431778,0.6766943335533142,0.3562062978744507,-0.11197688430547714,0.6836178302764893,0.28827574849128723,-0.11185596883296967,0.6784952878952026,0.6179969310760498,-0.0852447897195816,0.6967341899871826,0.486036092042923,-0.10359694808721542,0.7055466771125793,0.4141717553138733,-0.10544263571500778,0.7092089653015137,0.3569220304489136,-0.10338626056909561,0.0,0.0,0.0,0.0,0.0,0.0,0.0,0.0,0.0,0.0,0.0,0.0,0.0,0.0,0.0,0.0,0.0,0.0,0.0,0.0,0.0,0.0,0.0,0.0,0.0,0.0,0.0,0.0,0.0,0.0,0.0,0.0,0.0,0.0,0.0,0.0,0.0,0.0,0.0,0.0,0.0,0.0,0.0,0.0,0.0,0.0,0.0,0.0,0.0,0.0,0.0,0.0,0.0,0.0,0.0,0.0,0.0,0.0,0.0,0.0,0.0,0.0,0.0
come_here,0.6205196380615234,0.7663534283638,2.1845167452738679e-07,0.5683763027191162,0.692108154296875,-0.022050919011235237,0.5428355932235718,0.6043903231620789,-0.043572451919317245,0.5445420742034912,0.5347991585731506,-0.061812613159418106,0.5538261532783508,0.4878535270690918,-0.0794396847486496,0.5884609222412109,0.5640701055526733,-0.06608329713344574,0.6304857134819031,0.4158519506454468,-0.09519130736589432,0.6561512351036072,0.34117984771728516,-0.1047971099615097,0.6769377589225769,0.28611743450164795,-0.10742100328207016,0.6379244923591614,0.5860276818275452,-0.06891567260026932,0.6798787713050842,0.4247680604457855,-0.09722205996513367,0.7036988735198975,0.3368593454360962,-0.10508917272090912,0.7209799289703369,0.26969605684280396,-0.10763610899448395,0.6815375089645386,0.6039248704910278,-0.07148503512144089,0.7146187424659729,0.4505910277366638,-0.0948733389377594,0.7318546175956726,0.3668001890182495,-0.09950634092092514,0.7431252598762512,0.3024652600288391,-0.09899856150150299,0.7173410654067993,0.6167833209037781,-0.0749148428440094,0.741992712020874,0.49316343665122986,-0.09244940429925919,0.754375696182251,0.42627280950546265,-0.09420319646596909,0.7635328769683838,0.3723238408565521,-0.09201601892709732,0.0,0.0,0.0,0.0,0.0,0.0,0.0,0.0,0.0,0.0,0.0,0.0,0.0,0.0,0.0,0.0,0.0,0.0,0.0,0.0,0.0,0.0,0.0,0.0,0.0,0.0,0.0,0.0,0.0,0.0,0.0,0.0,0.0,0.0,0.0,0.0,0.0,0.0,0.0,0.0,0.0,0.0,0.0,0.0,0.0,0.0,0.0,0.0,0.0,0.0,0.0,0.0,0.0,0.0,0.0,0.0,0.0,0.0,0.0,0.0,0.0,0.0,0.0
come_here,0.6269707679748535,0.7567354440689087,9.745046014586478e-08,0.5755746364593506,0.6921378374099731,-0.031173134222626686,0.5505591034889221,0.6106046438217163,-0.05758030340075493,0.5494794845581055,0.5451819896697998,-0.07884938269853592,0.5523498058319092,0.4959965646266937,-0.10025908797979355,0.5986320376396179,0.5670400857925415,-0.07839009165763855,0.6327414512634277,0.4222903251647949,-0.11170941591262817,0.6535595059394836,0.34695005416870117,-0.12512800097465515,0.6711671352386475,0.2925889194011688,-0.1305554360151291,0.6469054818153381,0.5855370759963989,-0.07794585078954697,0.6797540783882141,0.4257681965827942,-0.1092706248164177,0.6977083683013916,0.33917465806007385,-0.12057337164878845,0.7123643159866333,0.2774779796600342,-0.12591688334941864,0.6875421404838562,0.6005908250808716,-0.07756149023771286,0.7128452062606812,0.4492630958557129,-0.10294577479362488,0.7250891327857971,0.3670588433742523,-0.11090055108070374,0.7353906035423279,0.3057849407196045,-0.11317133903503418,0.720199465751648,0.6116620302200317,-0.07874353975057602,0.7391465306282043,0.4904773235321045,-0.09844020754098892,0.7485470771789551,0.4242321848869324,-0.1026233434677124,0.7570763826370239,0.37345099449157715,-0.1024271547794342,0.0,0.0,0.0,0.0,0.0,0.0,0.0,0.0,0.0,0.0,0.0,0.0,0.0,0.0,0.0,0.0,0.0,0.0,0.0,0.0,0.0,0.0,0.0,0.0,0.0,0.0,0.0,0.0,0.0,0.0,0.0,0.0,0.0,0.0,0.0,0.0,0.0,0.0,0.0,0.0,0.0,0.0,0.0,0.0,0.0,0.0,0.0,0.0,0.0,0.0,0.0,0.0,0.0,0.0,0.0,0.0,0.0,0.0,0.0,0.0,0.0,0.0,0.0
come_here,0.6236546635627747,0.8046680092811584,1.7639901273014402e-07,0.5705480575561523,0.7266793251037598,-0.024731718003749847,0.5452191829681396,0.6355186700820923,-0.049240902066230774,0.547654926776886,0.5624375939369202,-0.06939375400543213,0.5550389885902405,0.5073217153549194,-0.08932725340127945,0.5859298706054688,0.6118905544281006,-0.08391953259706497,0.6370863318443298,0.4543883502483368,-0.11760208755731583,0.6665514707565308,0.3739452660083771,-0.12749433517456055,0.6897621154785156,0.3141864240169525,-0.12950105965137482,0.6412143111228943,0.6375714540481567,-0.08597378432750702,0.6870459318161011,0.4597582221031189,-0.1182134598493576,0.7126100659370422,0.36481577157974243,-0.12541931867599487,0.7313938140869141,0.29408136010169983,-0.12752117216587067,0.689909815788269,0.6548106670379639,-0.08695344626903534,0.7237745523452759,0.48660600185394287,-0.11272691190242767,0.7421120405197144,0.39529383182525635,-0.11715854704380035,0.7547699213027954,0.3241742253303528,-0.11676475405693054,0.7292764186859131,0.6633413434028625,-0.08866673707962036,0.7524974346160889,0.5296932458877563,-0.10706138610839844,0.7641201019287109,0.4570322632789612,-0.10850542038679123,0.7723017334938049,0.3982611298561096,-0.1064831092953682,0.0,0.0,0.0,0.0,0.0,0.0,0.0,0.0,0.0,0.0,0.0,0.0,0.0,0.0,0.0,0.0,0.0,0.0,0.0,0.0,0.0,0.0,0.0,0.0,0.0,0.0,0.0,0.0,0.0,0.0,0.0,0.0,0.0,0.0,0.0,0.0,0.0,0.0,0.0,0.0,0.0,0.0,0.0,0.0,0.0,0.0,0.0,0.0,0.0,0.0,0.0,0.0,0.0,0.0,0.0,0.0,0.0,0.0,0.0,0.0,0.0,0.0,0.0
come_here,0.6475080251693726,0.7692738771438599,2.2213319539332588e-07,0.5949903726577759,0.6983646154403687,-0.026396244764328003,0.5667871236801147,0.6154007315635681,-0.0512738972902298,0.5681124329566956,0.5484775304794312,-0.07219981402158737,0.5848850607872009,0.5036828517913818,-0.092128686606884,0.6245546340942383,0.5749680995941162,-0.07271341979503632,0.6706746816635132,0.42970430850982666,-0.10331955552101135,0.6971996426582336,0.35664084553718567,-0.11341928690671921,0.7177248597145081,0.30287671089172363,-0.11589747667312622,0.6758518815040588,0.5982105135917664,-0.0732281506061554,0.719976544380188,0.43790170550346375,-0.10137733817100525,0.7445074915885925,0.3532135486602783,-0.10815754532814026,0.7617617845535278,0.2903567850589752,-0.10985375195741653,0.7204433679580688,0.6175984144210815,-0.07370293885469437,0.7532742619514465,0.46483054757118225,-0.09566567093133926,0.7693880796432495,0.3841172456741333,-0.09824459999799728,0.780654788017273,0.32397329807281494,-0.09637504816055298,0.7564212083816528,0.6325199007987976,-0.07562531530857086,0.7804054617881775,0.5094186067581177,-0.09181006997823715,0.7916134595870972,0.44252830743789673,-0.0926169604063034,0.7997409701347351,0.38907748460769653,-0.08942665159702301,0.0,0.0,0.0,0.0,0.0,0.0,0.0,0.0,0.0,0.0,0.0,0.0,0.0,0.0,0.0,0.0,0.0,0.0,0.0,0.0,0.0,0.0,0.0,0.0,0.0,0.0,0.0,0.0,0.0,0.0,0.0,0.0,0.0,0.0,0.0,0.0,0.0,0.0,0.0,0.0,0.0,0.0,0.0,0.0,0.0,0.0,0.0,0.0,0.0,0.0,0.0,0.0,0.0,0.0,0.0,0.0,0.0,0.0,0.0,0.0,0.0,0.0,0.0
come_here,0.6274974346160889,0.7472643256187439,2.3272140481367387e-07,0.5757689476013184,0.6726058721542358,-0.015795543789863586,0.5455223321914673,0.5891863107681274,-0.03482852131128311,0.5456896424293518,0.5208558440208435,-0.051346272230148315,0.5593926906585693,0.471882164478302,-0.06740155816078186,0.5908530354499817,0.5373106598854065,-0.060982272028923035,0.6351882219314575,0.3977728486061096,-0.08834590017795563,0.6608713865280151,0.32582521438598633,-0.09610569477081299,0.6816620826721191,0.2741208076477051,-0.09743474423885345,0.6432660818099976,0.5595106482505798,-0.0651085376739502,0.6844775676727295,0.40489697456359863,-0.09160443395376205,0.7088989019393921,0.32072851061820984,-0.09887157380580902,0.7268879413604736,0.25730979442596436,-0.1011752039194107,0.688650369644165,0.5794826149940491,-0.06847261637449265,0.7194797992706299,0.4341098964214325,-0.08991467952728271,0.7370324730873108,0.352155476808548,-0.09588628262281418,0.7489925026893616,0.2896272838115692,-0.09677892178297043,0.7261757254600525,0.597850501537323,-0.07193159312009811,0.7475602030754089,0.4821704030036926,-0.08799934387207031,0.7590958476066589,0.4152491092681885,-0.09129276126623154,0.7676767706871033,0.35926195979118347,-0.09032372385263443,0.0,0.0,0.0,0.0,0.0,0.0,0.0,0.0,0.0,0.0,0.0,0.0,0.0,0.0,0.0,0.0,0.0,0.0,0.0,0.0,0.0,0.0,0.0,0.0,0.0,0.0,0.0,0.0,0.0,0.0,0.0,0.0,0.0,0.0,0.0,0.0,0.0,0.0,0.0,0.0,0.0,0.0,0.0,0.0,0.0,0.0,0.0,0.0,0.0,0.0,0.0,0.0,0.0,0.0,0.0,0.0,0.0,0.0,0.0,0.0,0.0,0.0,0.0
come_here,0.6004483699798584,0.7313069105148315,3.7466844560185564e-07,0.5430066585540771,0.6626574993133545,-0.01938960701227188,0.509340226650238,0.5782312750816345,-0.04136138781905174,0.5071523189544678,0.5100510716438293,-0.0606752410531044,0.5178123116493225,0.4590599834918976,-0.07956705242395401,0.5418671369552612,0.5292087197303772,-0.06957365572452545,0.5842220783233643,0.38215476274490356,-0.1003662720322609,0.6107463240623474,0.3068322539329529,-0.11046449095010757,0.6328893899917603,0.2503212094306946,-0.1131279319524765,0.5949308276176453,0.549243152141571,-0.07398582994937897,0.6328722238540649,0.38727155327796936,-0.10236430168151855,0.6572940945625305,0.2984015941619873,-0.11109109222888947,0.6752461194992065,0.22941792011260986,-0.11479383707046509,0.6439114212989807,0.567711353302002,-0.07753722369670868,0.6728478670120239,0.413957417011261,-0.09987837821245193,0.6898186206817627,0.330166757106781,-0.10518839210271835,0.7003404498100281,0.2655906081199646,-0.10594832897186279,0.6862509846687317,0.5811590552330017,-0.08160409331321716,0.7058318853378296,0.4585181772708893,-0.09811721742153168,0.7157350778579712,0.39071574807167053,-0.10038190335035324,0.7212578654289246,0.3346472978591919,-0.09891292452812195,0.0,0.0,0.0,0.0,0.0,0.0,0.0,0.0,0.0,0.0,0.0,0.0,0.0,0.0,0.0,0.0,0.0,0.0,0.0,0.0,0.0,0.0,0.0,0.0,0.0,0.0,0.0,0.0,0.0,0.0,0.0,0.0,0.0,0.0,0.0,0.0,0.0,0.0,0.0,0.0,0.0,0.0,0.0,0.0,0.0,0.0,0.0,0.0,0.0,0.0,0.0,0.0,0.0,0.0,0.0,0.0,0.0,0.0,0.0,0.0,0.0,0.0,0.0
come_here,0.6107203364372253,0.7014213800430298,4.38886075926348e-07,0.5563366413116455,0.6354706287384033,-0.014257718808948994,0.525702178478241,0.5541909337043762,-0.03257907181978226,0.52601557970047,0.48551806807518005,-0.047831688076257706,0.5388222932815552,0.44178465008735657,-0.06290100514888763,0.5593357682228088,0.49762099981307983,-0.06430293619632721,0.6010802388191223,0.3641812205314636,-0.09363657236099243,0.6277107000350952,0.2929394543170929,-0.10456794500350952,0.6491866111755371,0.2409142255783081,-0.10784629732370377,0.6074804663658142,0.5183437466621399,-0.06827536970376968,0.6495160460472107,0.37234506011009216,-0.09579253196716309,0.6757026314735413,0.2912779450416565,-0.10364548116922379,0.6946346759796143,0.22980287671089172,-0.10604584962129593,0.6536830067634583,0.5389354825019836,-0.07082303613424301,0.6861787438392639,0.40091899037361145,-0.09101825207471848,0.7039496302604675,0.3230156898498535,-0.09545238316059113,0.7154604196548462,0.2644902467727661,-0.09519156813621521,0.6947786808013916,0.5575199127197266,-0.0733635276556015,0.716269850730896,0.4453049898147583,-0.0870702937245369,0.7264838218688965,0.3806576132774353,-0.0884833112359047,0.7329741716384888,0.32659024000167847,-0.086115762591362,0.0,0.0,0.0,0.0,0.0,0.0,0.0,0.0,0.0,0.0,0.0,0.0,0.0,0.0,0.0,0.0,0.0,0.0,0.0,0.0,0.0,0.0,0.0,0.0,0.0,0.0,0.0,0.0,0.0,0.0,0.0,0.0,0.0,0.0,0.0,0.0,0.0,0.0,0.0,0.0,0.0,0.0,0.0,0.0,0.0,0.0,0.0,0.0,0.0,0.0,0.0,0.0,0.0,0.0,0.0,0.0,0.0,0.0,0.0,0.0,0.0,0.0,0.0
come_here,0.598000705242157,0.6940884590148926,3.7579499689854856e-07,0.5461663603782654,0.6253763437271118,-0.008975856937468052,0.5125038623809814,0.5425277352333069,-0.025466078892350197,0.5113719701766968,0.4761979579925537,-0.040208153426647186,0.5271564722061157,0.4337522089481354,-0.0547809898853302,0.5397721529006958,0.48933786153793335,-0.062247611582279205,0.5813409090042114,0.35582926869392395,-0.09204290807247162,0.6093239188194275,0.28394222259521484,-0.10250310599803925,0.6317912936210632,0.2315487563610077,-0.1054297685623169,0.5861079692840576,0.5077572464942932,-0.06906674057245255,0.627611517906189,0.3596220016479492,-0.09620814025402069,0.6550456285476685,0.2783238887786865,-0.10346023738384247,0.6749049425125122,0.21775341033935547,-0.10602042824029922,0.6333513855934143,0.5276060700416565,-0.07408571243286133,0.6657106280326843,0.38801348209381104,-0.09416511654853821,0.6852225661277771,0.31060293316841125,-0.09837576001882553,0.6973576545715332,0.25365567207336426,-0.09836149215698242,0.6780404448509216,0.5471451282501221,-0.07869381457567215,0.6997845768928528,0.43233639001846313,-0.092606320977211,0.7096978425979614,0.36835604906082153,-0.09395147860050201,0.7153106331825256,0.31528061628341675,-0.09179328382015228,0.0,0.0,0.0,0.0,0.0,0.0,0.0,0.0,0.0,0.0,0.0,0.0,0.0,0.0,0.0,0.0,0.0,0.0,0.0,0.0,0.0,0.0,0.0,0.0,0.0,0.0,0.0,0.0,0.0,0.0,0.0,0.0,0.0,0.0,0.0,0.0,0.0,0.0,0.0,0.0,0.0,0.0,0.0,0.0,0.0,0.0,0.0,0.0,0.0,0.0,0.0,0.0,0.0,0.0,0.0,0.0,0.0,0.0,0.0,0.0,0.0,0.0,0.0
come_here,0.5935246348381042,0.6899591684341431,4.1075591639128106e-07,0.5417675971984863,0.6234354376792908,-0.01180034875869751,0.5116642713546753,0.5448832511901855,-0.0293266698718071,0.5089064836502075,0.4819762110710144,-0.04534916952252388,0.5165303945541382,0.43555599451065063,-0.06149609759449959,0.5349260568618774,0.4814068078994751,-0.05501982197165489,0.577000617980957,0.3492477536201477,-0.08189044892787933,0.6047689318656921,0.27894794940948486,-0.09166214615106583,0.6271688342094421,0.22793367505073547,-0.09448529034852982,0.5836585760116577,0.49910232424736023,-0.061195388436317444,0.6235421299934387,0.35440880060195923,-0.08478925377130508,0.6499394178390503,0.2751733660697937,-0.09216243028640747,0.6696470975875854,0.21460992097854614,-0.09506112337112427,0.6311548948287964,0.5180375576019287,-0.06640773266553879,0.6617640852928162,0.38113048672676086,-0.08361691236495972,0.681111752986908,0.3051532506942749,-0.08748479187488556,0.6940683126449585,0.24770545959472656,-0.08774951100349426,0.6751279830932617,0.535874605178833,-0.07171407341957092,0.6934251189231873,0.42388901114463806,-0.08293754607439041,0.7031564712524414,0.36065471172332764,-0.08299016207456589,0.7091764211654663,0.3080455958843231,-0.08034113794565201,0.0,0.0,0.0,0.0,0.0,0.0,0.0,0.0,0.0,0.0,0.0,0.0,0.0,0.0,0.0,0.0,0.0,0.0,0.0,0.0,0.0,0.0,0.0,0.0,0.0,0.0,0.0,0.0,0.0,0.0,0.0,0.0,0.0,0.0,0.0,0.0,0.0,0.0,0.0,0.0,0.0,0.0,0.0,0.0,0.0,0.0,0.0,0.0,0.0,0.0,0.0,0.0,0.0,0.0,0.0,0.0,0.0,0.0,0.0,0.0,0.0,0.0,0.0
come_here,0.5697165727615356,0.6923734545707703,4.694945801020367e-07,0.5159052014350891,0.6356649994850159,-0.012865339405834675,0.4831060767173767,0.5557070970535278,-0.030619017779827118,0.4771120548248291,0.49005386233329773,-0.04659152030944824,0.48765841126441956,0.44334378838539124,-0.06274404376745224,0.5079832673072815,0.4983673095703125,-0.059048738330602646,0.5433699488639832,0.3602296710014343,-0.08864888548851013,0.5700979828834534,0.2886539697647095,-0.09957633167505264,0.5921187996864319,0.2384893000125885,-0.10232851654291153,0.5542624592781067,0.5128161907196045,-0.06493133306503296,0.5896263122558594,0.36178866028785706,-0.09363646805286407,0.6143293380737305,0.27896618843078613,-0.10307133942842484,0.6323391199111938,0.2163236141204834,-0.1056009829044342,0.6017561554908752,0.5285166501998901,-0.06966862082481384,0.6269271969795227,0.38654032349586487,-0.09104585647583008,0.643384575843811,0.3049314618110657,-0.0967901349067688,0.6555156111717224,0.24309051036834717,-0.09695421159267426,0.6453648209571838,0.5452465415000916,-0.07424679398536682,0.6605558395385742,0.4322071373462677,-0.08853805065155029,0.6705142259597778,0.3673665523529053,-0.0898447036743164,0.6793206930160522,0.3143520951271057,-0.08707931637763977,0.0,0.0,0.0,0.0,0.0,0.0,0.0,0.0,0.0,0.0,0.0,0.0,0.0,0.0,0.0,0.0,0.0,0.0,0.0,0.0,0.0,0.0,0.0,0.0,0.0,0.0,0.0,0.0,0.0,0.0,0.0,0.0,0.0,0.0,0.0,0.0,0.0,0.0,0.0,0.0,0.0,0.0,0.0,0.0,0.0,0.0,0.0,0.0,0.0,0.0,0.0,0.0,0.0,0.0,0.0,0.0,0.0,0.0,0.0,0.0,0.0,0.0,0.0
come_here,0.5585966110229492,0.6868930459022522,1.2586957609528326e-07,0.5075118541717529,0.6245715022087097,-0.01152552105486393,0.48363053798675537,0.5488064289093018,-0.02571413293480873,0.47721731662750244,0.4886610805988312,-0.03857501223683357,0.47764599323272705,0.4462277591228485,-0.05242380127310753,0.515352725982666,0.4978160262107849,-0.04733670502901077,0.5460885167121887,0.3660010099411011,-0.07018662989139557,0.566828727722168,0.2970181107521057,-0.07792652398347855,0.5834843516349792,0.24865183234214783,-0.08000448346138,0.558836042881012,0.511536717414856,-0.05306209623813629,0.5879961848258972,0.3694606423377991,-0.07517517358064651,0.607373058795929,0.28941094875335693,-0.08403539657592773,0.6227003335952759,0.23097755014896393,-0.08806069940328598,0.5988802909851074,0.5268547534942627,-0.05803520977497101,0.622908890247345,0.3930950462818146,-0.07565024495124817,0.6388326287269592,0.3155292272567749,-0.08361679315567017,0.650765061378479,0.25739309191703796,-0.0865129604935646,0.6339671611785889,0.5425037741661072,-0.06292038410902023,0.6522505879402161,0.4359334409236908,-0.07600164413452148,0.6626409292221069,0.37361887097358704,-0.0787702202796936,0.6701591610908508,0.32407480478286743,-0.07813729345798492,0.0,0.0,0.0,0.0,0.0,0.0,0.0,0.0,0.0,0.0,0.0,0.0,0.0,0.0,0.0,0.0,0.0,0.0,0.0,0.0,0.0,0.0,0.0,0.0,0.0,0.0,0.0,0.0,0.0,0.0,0.0,0.0,0.0,0.0,0.0,0.0,0.0,0.0,0.0,0.0,0.0,0.0,0.0,0.0,0.0,0.0,0.0,0.0,0.0,0.0,0.0,0.0,0.0,0.0,0.0,0.0,0.0,0.0,0.0,0.0,0.0,0.0,0.0
come_here,0.5523819327354431,0.5769078731536865,-2.3175144292508776e-07,0.49744713306427,0.5433813333511353,-0.0032269221264868975,0.4715515971183777,0.5042141079902649,-0.011959545314311981,0.46436357498168945,0.4625875949859619,-0.019934536889195442,0.4678182899951935,0.4321598708629608,-0.029942039400339127,0.5127860307693481,0.47546857595443726,-0.04047407582402229,0.5351686477661133,0.3736799955368042,-0.05650496855378151,0.5447795391082764,0.33046719431877136,-0.05997098609805107,0.5514984726905823,0.301174521446228,-0.05970322713255882,0.5585815906524658,0.4775688052177429,-0.04626449570059776,0.5805784463882446,0.3484988808631897,-0.06319554150104523,0.5895805954933167,0.2830335795879364,-0.06772632151842117,0.5928792357444763,0.23731280863285065,-0.07061821222305298,0.5983889698982239,0.4790734648704529,-0.05050935223698616,0.6162418723106384,0.3589516580104828,-0.06736323982477188,0.6183291673660278,0.29411575198173523,-0.07310418039560318,0.615190327167511,0.24677011370658875,-0.07498421519994736,0.6308181881904602,0.4814491868019104,-0.05325140058994293,0.6444278955459595,0.39048177003860474,-0.06459403783082962,0.6495209336280823,0.33841782808303833,-0.0661528930068016,0.6486291289329529,0.29816627502441406,-0.0660516619682312,0.0,0.0,0.0,0.0,0.0,0.0,0.0,0.0,0.0,0.0,0.0,0.0,0.0,0.0,0.0,0.0,0.0,0.0,0.0,0.0,0.0,0.0,0.0,0.0,0.0,0.0,0.0,0.0,0.0,0.0,0.0,0.0,0.0,0.0,0.0,0.0,0.0,0.0,0.0,0.0,0.0,0.0,0.0,0.0,0.0,0.0,0.0,0.0,0.0,0.0,0.0,0.0,0.0,0.0,0.0,0.0,0.0,0.0,0.0,0.0,0.0,0.0,0.0
come_here,0.543708086013794,0.6430771946907043,-1.9885897017957177e-07,0.49148210883140564,0.5972187519073486,-0.00590605428442359,0.46382078528404236,0.5288214087486267,-0.015898659825325012,0.46085989475250244,0.46689897775650024,-0.024047324433922768,0.46442103385925293,0.4275166392326355,-0.03334634378552437,0.5012539625167847,0.47813498973846436,-0.04358123987913132,0.5241620540618896,0.3484579920768738,-0.06048200652003288,0.5361645221710205,0.28895092010498047,-0.06430800259113312,0.5465019345283508,0.24530129134655,-0.06419757753610611,0.5476314425468445,0.48634636402130127,-0.046950262039899826,0.5715979337692261,0.342594176530838,-0.0616530179977417,0.5811980366706848,0.27092087268829346,-0.06547124683856964,0.5875435471534729,0.22076691687107086,-0.06767972558736801,0.5868907570838928,0.4949451684951782,-0.048501722514629364,0.60255366563797,0.36367133259773254,-0.06146509572863579,0.6056901812553406,0.29715287685394287,-0.066768117249012,0.6045581102371216,0.24890640377998352,-0.06898478418588638,0.6169511079788208,0.5029851198196411,-0.04898964613676071,0.6257820129394531,0.40193405747413635,-0.0582253560423851,0.6270884871482849,0.3456819951534271,-0.05984146147966385,0.6259679794311523,0.3019997477531433,-0.05952030420303345,0.0,0.0,0.0,0.0,0.0,0.0,0.0,0.0,0.0,0.0,0.0,0.0,0.0,0.0,0.0,0.0,0.0,0.0,0.0,0.0,0.0,0.0,0.0,0.0,0.0,0.0,0.0,0.0,0.0,0.0,0.0,0.0,0.0,0.0,0.0,0.0,0.0,0.0,0.0,0.0,0.0,0.0,0.0,0.0,0.0,0.0,0.0,0.0,0.0,0.0,0.0,0.0,0.0,0.0,0.0,0.0,0.0,0.0,0.0,0.0,0.0,0.0,0.0
come_here,0.5389162302017212,0.6926021575927734,5.181681785870751e-07,0.4856196343898773,0.6329350471496582,-0.0054660639725625515,0.4549914300441742,0.5457841753959656,-0.01820298098027706,0.46022874116897583,0.4717615842819214,-0.029611563310027122,0.48285365104675293,0.43267685174942017,-0.04132573679089546,0.4592156708240509,0.5088816285133362,-0.051669321954250336,0.49812158942222595,0.37690478563308716,-0.07582104951143265,0.5254192352294922,0.307072252035141,-0.08348847180604935,0.5466026663780212,0.25676918029785156,-0.0848095566034317,0.5045222640037537,0.5223076343536377,-0.05879417061805725,0.5390458703041077,0.37802448868751526,-0.08044213801622391,0.5641979575157166,0.29788535833358765,-0.0871906578540802,0.5823039412498474,0.23771178722381592,-0.08958443254232407,0.5532952547073364,0.5366129875183105,-0.0637260302901268,0.576542317867279,0.40145760774612427,-0.07983431965112686,0.5937886238098145,0.3240172863006592,-0.08629497140645981,0.6039816737174988,0.26571789383888245,-0.0886710062623024,0.6003435850143433,0.5504788756370544,-0.06763823330402374,0.6131901144981384,0.44111329317092896,-0.07984700053930283,0.6208065152168274,0.37911495566368103,-0.08256376534700394,0.6255976557731628,0.32753556966781616,-0.081877201795578,0.0,0.0,0.0,0.0,0.0,0.0,0.0,0.0,0.0,0.0,0.0,0.0,0.0,0.0,0.0,0.0,0.0,0.0,0.0,0.0,0.0,0.0,0.0,0.0,0.0,0.0,0.0,0.0,0.0,0.0,0.0,0.0,0.0,0.0,0.0,0.0,0.0,0.0,0.0,0.0,0.0,0.0,0.0,0.0,0.0,0.0,0.0,0.0,0.0,0.0,0.0,0.0,0.0,0.0,0.0,0.0,0.0,0.0,0.0,0.0,0.0,0.0,0.0
come_here,0.5475435853004456,0.695686936378479,4.5972959128448565e-07,0.49239927530288696,0.6351612210273743,-0.004276656545698643,0.4634101986885071,0.5529613494873047,-0.016439076513051987,0.468442440032959,0.4815196990966797,-0.0273651834577322,0.48943236470222473,0.4403570294380188,-0.03859912231564522,0.47211581468582153,0.5065016150474548,-0.05028532072901726,0.5079687833786011,0.37707966566085815,-0.07425028085708618,0.5341020226478577,0.3092941343784332,-0.08178994059562683,0.5547472238540649,0.2604749798774719,-0.08294731378555298,0.5157241821289062,0.5155476331710815,-0.05714733526110649,0.5490281581878662,0.3736356794834137,-0.07774410396814346,0.5737022161483765,0.2973705530166626,-0.08305641263723373,0.5918119549751282,0.24108898639678955,-0.08442885428667068,0.5623944401741028,0.5286622047424316,-0.06193450838327408,0.5854282379150391,0.39730238914489746,-0.07663265615701675,0.6024150252342224,0.32332101464271545,-0.08162982016801834,0.6134222745895386,0.26887747645378113,-0.08318649232387543,0.6074369549751282,0.5447794795036316,-0.06579629331827164,0.6201670169830322,0.4383125305175781,-0.07657352834939957,0.6276283860206604,0.3790993094444275,-0.07848438620567322,0.6326372027397156,0.32973161339759827,-0.07727247476577759,0.0,0.0,0.0,0.0,0.0,0.0,0.0,0.0,0.0,0.0,0.0,0.0,0.0,0.0,0.0,0.0,0.0,0.0,0.0,0.0,0.0,0.0,0.0,0.0,0.0,0.0,0.0,0.0,0.0,0.0,0.0,0.0,0.0,0.0,0.0,0.0,0.0,0.0,0.0,0.0,0.0,0.0,0.0,0.0,0.0,0.0,0.0,0.0,0.0,0.0,0.0,0.0,0.0,0.0,0.0,0.0,0.0,0.0,0.0,0.0,0.0,0.0,0.0
come_here,0.5799024701118469,0.6662775278091431,3.402495849513798e-07,0.531693696975708,0.607722818851471,-0.006957546342164278,0.5045046806335449,0.536853551864624,-0.020082078874111176,0.5030434131622314,0.4767136871814728,-0.032274097204208374,0.5135823488235474,0.43692028522491455,-0.04405579715967178,0.5252459645271301,0.47824910283088684,-0.04401892423629761,0.561842679977417,0.36322471499443054,-0.06527052074670792,0.5856516361236572,0.304111123085022,-0.07199443131685257,0.6033729314804077,0.2620683014392853,-0.07289542257785797,0.5664356350898743,0.49061596393585205,-0.04903830960392952,0.602348268032074,0.3643985390663147,-0.06806151568889618,0.6254459619522095,0.29736328125,-0.07256282866001129,0.6414612531661987,0.24722585082054138,-0.07324805855751038,0.609070897102356,0.5059964656829834,-0.05282607302069664,0.6368451714515686,0.3893139064311981,-0.06626413017511368,0.651818573474884,0.3296393156051636,-0.06752558052539825,0.6598255038261414,0.28579601645469666,-0.0657990500330925,0.6490610837936401,0.5229803323745728,-0.05636749416589737,0.6673235893249512,0.4265996813774109,-0.0643341988325119,0.6747591495513916,0.37482160329818726,-0.06274629384279251,0.6776874661445618,0.3319794535636902,-0.05877658724784851,0.0,0.0,0.0,0.0,0.0,0.0,0.0,0.0,0.0,0.0,0.0,0.0,0.0,0.0,0.0,0.0,0.0,0.0,0.0,0.0,0.0,0.0,0.0,0.0,0.0,0.0,0.0,0.0,0.0,0.0,0.0,0.0,0.0,0.0,0.0,0.0,0.0,0.0,0.0,0.0,0.0,0.0,0.0,0.0,0.0,0.0,0.0,0.0,0.0,0.0,0.0,0.0,0.0,0.0,0.0,0.0,0.0,0.0,0.0,0.0,0.0,0.0,0.0
come_here,0.5799024701118469,0.6662775278091431,3.402495849513798e-07,0.531693696975708,0.607722818851471,-0.006957546342164278,0.5045046806335449,0.536853551864624,-0.020082078874111176,0.5030434131622314,0.4767136871814728,-0.032274097204208374,0.5135823488235474,0.43692028522491455,-0.04405579715967178,0.5252459645271301,0.47824910283088684,-0.04401892423629761,0.561842679977417,0.36322471499443054,-0.06527052074670792,0.5856516361236572,0.304111123085022,-0.07199443131685257,0.6033729314804077,0.2620683014392853,-0.07289542257785797,0.5664356350898743,0.49061596393585205,-0.04903830960392952,0.602348268032074,0.3643985390663147,-0.06806151568889618,0.6254459619522095,0.29736328125,-0.07256282866001129,0.6414612531661987,0.24722585082054138,-0.07324805855751038,0.609070897102356,0.5059964656829834,-0.05282607302069664,0.6368451714515686,0.3893139064311981,-0.06626413017511368,0.651818573474884,0.3296393156051636,-0.06752558052539825,0.6598255038261414,0.28579601645469666,-0.0657990500330925,0.6490610837936401,0.5229803323745728,-0.05636749416589737,0.6673235893249512,0.4265996813774109,-0.0643341988325119,0.6747591495513916,0.37482160329818726,-0.06274629384279251,0.6776874661445618,0.3319794535636902,-0.05877658724784851,0.0,0.0,0.0,0.0,0.0,0.0,0.0,0.0,0.0,0.0,0.0,0.0,0.0,0.0,0.0,0.0,0.0,0.0,0.0,0.0,0.0,0.0,0.0,0.0,0.0,0.0,0.0,0.0,0.0,0.0,0.0,0.0,0.0,0.0,0.0,0.0,0.0,0.0,0.0,0.0,0.0,0.0,0.0,0.0,0.0,0.0,0.0,0.0,0.0,0.0,0.0,0.0,0.0,0.0,0.0,0.0,0.0,0.0,0.0,0.0,0.0,0.0,0.0
come_here,0.5509162545204163,0.6659404039382935,4.3892342205253954e-07,0.49707576632499695,0.6120455265045166,-0.007232682779431343,0.4639620780944824,0.538651704788208,-0.02086610347032547,0.45848774909973145,0.4780837595462799,-0.0329430028796196,0.4735237658023834,0.4409467577934265,-0.045206863433122635,0.4768545925617218,0.49196165800094604,-0.04997844249010086,0.5073573589324951,0.365395188331604,-0.07327782362699509,0.5297783017158508,0.2982785999774933,-0.08072498440742493,0.5476651191711426,0.2515793740749359,-0.08169884979724884,0.5224284529685974,0.5031359195709229,-0.055888958275318146,0.5509209632873535,0.36665409803390503,-0.07767455279827118,0.5714637041091919,0.29306095838546753,-0.0842297151684761,0.5868850350379944,0.23900333046913147,-0.08580311387777328,0.5688349604606628,0.5157557725906372,-0.0599634014070034,0.5900290012359619,0.3932268023490906,-0.0759369358420372,0.6041280627250671,0.32196998596191406,-0.08051470667123795,0.6134400963783264,0.2690197825431824,-0.08090800046920776,0.6107605695724487,0.5279867649078369,-0.0631851926445961,0.6216989159584045,0.42816323041915894,-0.07279720902442932,0.6277358531951904,0.37094515562057495,-0.07225640118122101,0.6314721703529358,0.3239366114139557,-0.06901173293590546,0.0,0.0,0.0,0.0,0.0,0.0,0.0,0.0,0.0,0.0,0.0,0.0,0.0,0.0,0.0,0.0,0.0,0.0,0.0,0.0,0.0,0.0,0.0,0.0,0.0,0.0,0.0,0.0,0.0,0.0,0.0,0.0,0.0,0.0,0.0,0.0,0.0,0.0,0.0,0.0,0.0,0.0,0.0,0.0,0.0,0.0,0.0,0.0,0.0,0.0,0.0,0.0,0.0,0.0,0.0,0.0,0.0,0.0,0.0,0.0,0.0,0.0,0.0
come_here,0.54964679479599,0.6761294603347778,3.646330526407837e-07,0.49610331654548645,0.6275138258934021,-0.003027708036825061,0.4640709161758423,0.5504981875419617,-0.012227904051542282,0.4580596685409546,0.4885498285293579,-0.021252421662211418,0.4705360233783722,0.455333411693573,-0.03099995106458664,0.4785971939563751,0.5023196339607239,-0.03761576861143112,0.5027136206626892,0.3772072196006775,-0.058612313121557236,0.5240409970283508,0.30970096588134766,-0.06549844890832901,0.5404114127159119,0.26287326216697693,-0.06656242161989212,0.5207444429397583,0.5116912722587585,-0.04528716579079628,0.5426791310310364,0.3772706389427185,-0.06599298119544983,0.5610621571540833,0.3018471598625183,-0.07352230697870255,0.5743584036827087,0.24377042055130005,-0.07555631548166275,0.5649207830429077,0.5230987071990967,-0.05152249336242676,0.5788348913192749,0.3996911346912384,-0.06771183758974075,0.5908251404762268,0.32347241044044495,-0.07418983429670334,0.5993511080741882,0.2654610574245453,-0.07549841701984406,0.6067252159118652,0.5349583029747009,-0.056715164333581924,0.6141151189804077,0.4364360272884369,-0.0680469274520874,0.6203095316886902,0.3764497935771942,-0.0699591413140297,0.6256915330886841,0.32679444551467896,-0.0682651549577713,0.0,0.0,0.0,0.0,0.0,0.0,0.0,0.0,0.0,0.0,0.0,0.0,0.0,0.0,0.0,0.0,0.0,0.0,0.0,0.0,0.0,0.0,0.0,0.0,0.0,0.0,0.0,0.0,0.0,0.0,0.0,0.0,0.0,0.0,0.0,0.0,0.0,0.0,0.0,0.0,0.0,0.0,0.0,0.0,0.0,0.0,0.0,0.0,0.0,0.0,0.0,0.0,0.0,0.0,0.0,0.0,0.0,0.0,0.0,0.0,0.0,0.0,0.0
come_here,0.54964679479599,0.6761294603347778,3.646330526407837e-07,0.49610331654548645,0.6275138258934021,-0.003027708036825061,0.4640709161758423,0.5504981875419617,-0.012227904051542282,0.4580596685409546,0.4885498285293579,-0.021252421662211418,0.4705360233783722,0.455333411693573,-0.03099995106458664,0.4785971939563751,0.5023196339607239,-0.03761576861143112,0.5027136206626892,0.3772072196006775,-0.058612313121557236,0.5240409970283508,0.30970096588134766,-0.06549844890832901,0.5404114127159119,0.26287326216697693,-0.06656242161989212,0.5207444429397583,0.5116912722587585,-0.04528716579079628,0.5426791310310364,0.3772706389427185,-0.06599298119544983,0.5610621571540833,0.3018471598625183,-0.07352230697870255,0.5743584036827087,0.24377042055130005,-0.07555631548166275,0.5649207830429077,0.5230987071990967,-0.05152249336242676,0.5788348913192749,0.3996911346912384,-0.06771183758974075,0.5908251404762268,0.32347241044044495,-0.07418983429670334,0.5993511080741882,0.2654610574245453,-0.07549841701984406,0.6067252159118652,0.5349583029747009,-0.056715164333581924,0.6141151189804077,0.4364360272884369,-0.0680469274520874,0.6203095316886902,0.3764497935771942,-0.0699591413140297,0.6256915330886841,0.32679444551467896,-0.0682651549577713,0.0,0.0,0.0,0.0,0.0,0.0,0.0,0.0,0.0,0.0,0.0,0.0,0.0,0.0,0.0,0.0,0.0,0.0,0.0,0.0,0.0,0.0,0.0,0.0,0.0,0.0,0.0,0.0,0.0,0.0,0.0,0.0,0.0,0.0,0.0,0.0,0.0,0.0,0.0,0.0,0.0,0.0,0.0,0.0,0.0,0.0,0.0,0.0,0.0,0.0,0.0,0.0,0.0,0.0,0.0,0.0,0.0,0.0,0.0,0.0,0.0,0.0,0.0
come_here,0.5603052377700806,0.6727999448776245,4.360667276159802e-07,0.5124503374099731,0.6087088584899902,-0.00021056902187410742,0.49062851071357727,0.5287911891937256,-0.011560088023543358,0.5011855363845825,0.4630749821662903,-0.023032493889331818,0.5234894752502441,0.4278504252433777,-0.035054437816143036,0.49604761600494385,0.4802761971950531,-0.04516736790537834,0.5398931503295898,0.3634814918041229,-0.06734836101531982,0.569411039352417,0.30248337984085083,-0.07436782121658325,0.5916627645492554,0.2594152092933655,-0.0753188282251358,0.5360993146896362,0.4946023225784302,-0.054018016904592514,0.5801655650138855,0.3636963963508606,-0.07255396991968155,0.6095753908157349,0.29613614082336426,-0.07642833143472672,0.6301292181015015,0.24905617535114288,-0.07711133360862732,0.5805125832557678,0.5120972990989685,-0.06060057878494263,0.6149457693099976,0.38989171385765076,-0.07237721234560013,0.6356370449066162,0.32438012957572937,-0.07456216961145401,0.6483762264251709,0.2783050537109375,-0.07464046031236649,0.624058723449707,0.5301745533943176,-0.06628047674894333,0.6451169848442078,0.4274802803993225,-0.07334501296281815,0.6554649472236633,0.3721645474433899,-0.072670578956604,0.6622055768966675,0.3271922469139099,-0.07017906755208969,0.0,0.0,0.0,0.0,0.0,0.0,0.0,0.0,0.0,0.0,0.0,0.0,0.0,0.0,0.0,0.0,0.0,0.0,0.0,0.0,0.0,0.0,0.0,0.0,0.0,0.0,0.0,0.0,0.0,0.0,0.0,0.0,0.0,0.0,0.0,0.0,0.0,0.0,0.0,0.0,0.0,0.0,0.0,0.0,0.0,0.0,0.0,0.0,0.0,0.0,0.0,0.0,0.0,0.0,0.0,0.0,0.0,0.0,0.0,0.0,0.0,0.0,0.0
come_here,0.5642498731613159,0.6783178448677063,4.323097755332128e-07,0.5136383175849915,0.6189510226249695,-0.0036877577658742666,0.48471197485923767,0.5420633554458618,-0.016191568225622177,0.48599523305892944,0.4767277240753174,-0.027506830170750618,0.5017946362495422,0.4364127516746521,-0.039250586181879044,0.5023208260536194,0.48760804533958435,-0.05231374129652977,0.5453040599822998,0.3679918646812439,-0.07585565000772476,0.5734105706214905,0.3040638566017151,-0.08260174840688705,0.5946270227432251,0.25925305485725403,-0.08309074491262436,0.5441526174545288,0.5018056631088257,-0.05905180051922798,0.5869934558868408,0.36721566319465637,-0.08097336441278458,0.6140885353088379,0.2960013747215271,-0.08528243005275726,0.6325953602790833,0.24443548917770386,-0.08537150174379349,0.588900089263916,0.519294798374176,-0.06347832083702087,0.6217089891433716,0.39206328988075256,-0.07892675697803497,0.6400704979896545,0.3226982057094574,-0.08197291940450668,0.6509040594100952,0.2718251943588257,-0.081435926258564,0.6308822631835938,0.5386295914649963,-0.0669151321053505,0.6520476341247559,0.4336145520210266,-0.07727328687906265,0.6618419885635376,0.3754403591156006,-0.07799790054559708,0.6675689816474915,0.3267481327056885,-0.0755820944905281,0.0,0.0,0.0,0.0,0.0,0.0,0.0,0.0,0.0,0.0,0.0,0.0,0.0,0.0,0.0,0.0,0.0,0.0,0.0,0.0,0.0,0.0,0.0,0.0,0.0,0.0,0.0,0.0,0.0,0.0,0.0,0.0,0.0,0.0,0.0,0.0,0.0,0.0,0.0,0.0,0.0,0.0,0.0,0.0,0.0,0.0,0.0,0.0,0.0,0.0,0.0,0.0,0.0,0.0,0.0,0.0,0.0,0.0,0.0,0.0,0.0,0.0,0.0
come_here,0.570767879486084,0.6779712438583374,6.514765971132874e-08,0.5186575651168823,0.6246786713600159,0.001159114413894713,0.48786598443984985,0.5458828210830688,-0.006406879983842373,0.48059022426605225,0.48450255393981934,-0.013447760604321957,0.48464110493659973,0.45452091097831726,-0.020812060683965683,0.5176103711128235,0.494756817817688,-0.04158914461731911,0.5385512113571167,0.3677128553390503,-0.05991315096616745,0.5556991696357727,0.30736327171325684,-0.06325502693653107,0.56840580701828,0.2667537331581116,-0.06235344707965851,0.5550389289855957,0.5052176713943481,-0.04997521638870239,0.5777226686477661,0.36358708143234253,-0.06972596794366837,0.5936500430107117,0.2937414348125458,-0.07262502610683441,0.6070195436477661,0.24653863906860352,-0.07204895466566086,0.5930012464523315,0.5180221199989319,-0.05606098845601082,0.6100544333457947,0.38649508357048035,-0.07145766913890839,0.6198960542678833,0.3155536651611328,-0.07480569183826447,0.6273118257522583,0.26701319217681885,-0.0745089054107666,0.6280766725540161,0.5328963994979858,-0.06071000546216965,0.6388698220252991,0.431931734085083,-0.07133377343416214,0.64274662733078,0.3735131621360779,-0.07276539504528046,0.6455135941505432,0.3294529914855957,-0.07161244004964828,0.0,0.0,0.0,0.0,0.0,0.0,0.0,0.0,0.0,0.0,0.0,0.0,0.0,0.0,0.0,0.0,0.0,0.0,0.0,0.0,0.0,0.0,0.0,0.0,0.0,0.0,0.0,0.0,0.0,0.0,0.0,0.0,0.0,0.0,0.0,0.0,0.0,0.0,0.0,0.0,0.0,0.0,0.0,0.0,0.0,0.0,0.0,0.0,0.0,0.0,0.0,0.0,0.0,0.0,0.0,0.0,0.0,0.0,0.0,0.0,0.0,0.0,0.0
come_here,0.5740517973899841,0.7081122398376465,4.3937887994616176e-07,0.5243471264839172,0.6473963260650635,-0.008210347965359688,0.4937569797039032,0.5642493367195129,-0.022744840011000633,0.4952069818973541,0.4962274134159088,-0.03542531654238701,0.5113509893417358,0.4565541744232178,-0.048335928469896317,0.5155888795852661,0.5162845849990845,-0.05755715072154999,0.5574943423271179,0.3890443742275238,-0.08401452749967575,0.5856426954269409,0.32135623693466187,-0.09274876117706299,0.6078066825866699,0.2734401226043701,-0.09448820352554321,0.5591349005699158,0.534035325050354,-0.06370264291763306,0.6000752449035645,0.39268991351127625,-0.08887409418821335,0.6279240846633911,0.31644707918167114,-0.09603017568588257,0.647986114025116,0.2597956955432892,-0.09787306189537048,0.6052192449569702,0.55251145362854,-0.06784111261367798,0.6357462406158447,0.41941386461257935,-0.08666744083166122,0.6556509733200073,0.343294620513916,-0.0924963504076004,0.6686331033706665,0.2865946292877197,-0.09354852139949799,0.6480381488800049,0.5704728364944458,-0.07122635096311569,0.6663607358932495,0.46056219935417175,-0.08474762737751007,0.6766327619552612,0.39842602610588074,-0.08726444095373154,0.6841830611228943,0.3479216694831848,-0.08589793741703033,0.0,0.0,0.0,0.0,0.0,0.0,0.0,0.0,0.0,0.0,0.0,0.0,0.0,0.0,0.0,0.0,0.0,0.0,0.0,0.0,0.0,0.0,0.0,0.0,0.0,0.0,0.0,0.0,0.0,0.0,0.0,0.0,0.0,0.0,0.0,0.0,0.0,0.0,0.0,0.0,0.0,0.0,0.0,0.0,0.0,0.0,0.0,0.0,0.0,0.0,0.0,0.0,0.0,0.0,0.0,0.0,0.0,0.0,0.0,0.0,0.0,0.0,0.0
come_here,0.621221125125885,0.7314877510070801,4.066484109443991e-07,0.5696322321891785,0.6607250571250916,-0.01725950837135315,0.540084958076477,0.5749845504760742,-0.035836733877658844,0.5492585301399231,0.5032159686088562,-0.05059689283370972,0.5733281373977661,0.47201478481292725,-0.0646631270647049,0.5786893963813782,0.5325784087181091,-0.061975523829460144,0.6219717264175415,0.404900461435318,-0.08820123970508575,0.6476732492446899,0.3359963297843933,-0.09790725260972977,0.668246328830719,0.28583022952079773,-0.10094517469406128,0.628457248210907,0.5560953617095947,-0.06388742476701736,0.6688125729560852,0.41502201557159424,-0.08702389895915985,0.6931167244911194,0.33680301904678345,-0.09378014504909515,0.7110059857368469,0.27758434414863586,-0.09624272584915161,0.6738206148147583,0.5786934494972229,-0.06450335681438446,0.7055209875106812,0.44912946224212646,-0.08183614164590836,0.7225674986839294,0.3792490065097809,-0.08449596166610718,0.7326446175575256,0.32810062170028687,-0.08362087607383728,0.7125043869018555,0.5983068346977234,-0.06546017527580261,0.7302843332290649,0.49050530791282654,-0.07708419114351273,0.7379311323165894,0.4322400391101837,-0.07616344094276428,0.7419071197509766,0.3860839605331421,-0.07233279198408127,0.0,0.0,0.0,0.0,0.0,0.0,0.0,0.0,0.0,0.0,0.0,0.0,0.0,0.0,0.0,0.0,0.0,0.0,0.0,0.0,0.0,0.0,0.0,0.0,0.0,0.0,0.0,0.0,0.0,0.0,0.0,0.0,0.0,0.0,0.0,0.0,0.0,0.0,0.0,0.0,0.0,0.0,0.0,0.0,0.0,0.0,0.0,0.0,0.0,0.0,0.0,0.0,0.0,0.0,0.0,0.0,0.0,0.0,0.0,0.0,0.0,0.0,0.0
come_here,0.6767144799232483,0.6877725124359131,1.702536138736832e-07,0.6174569725990295,0.6176575422286987,-0.0035700968001037836,0.5891300439834595,0.5302672386169434,-0.014929552562534809,0.5936866998672485,0.45942986011505127,-0.02407139167189598,0.6124632954597473,0.4242967665195465,-0.033690087497234344,0.6325825452804565,0.47175362706184387,-0.05559588968753815,0.6675477027893066,0.3286115825176239,-0.07668118178844452,0.6907856464385986,0.2575822174549103,-0.07939797639846802,0.7063651084899902,0.20697630941867828,-0.07723402976989746,0.6840518116950989,0.48808807134628296,-0.061300259083509445,0.716208815574646,0.32820308208465576,-0.08449256420135498,0.7356061935424805,0.24731671810150146,-0.08741334825754166,0.7496127486228943,0.1884457767009735,-0.08570146560668945,0.7312531471252441,0.5060746073722839,-0.06394104659557343,0.7549566626548767,0.3550059199333191,-0.08016839623451233,0.7675808072090149,0.27298155426979065,-0.08183301240205765,0.7753769159317017,0.21218577027320862,-0.07964935153722763,0.7691519260406494,0.5256697535514832,-0.06525316834449768,0.7881374955177307,0.40694791078567505,-0.07441405206918716,0.7969488501548767,0.34095868468284607,-0.0732366144657135,0.8035419583320618,0.2871936559677124,-0.06921509653329849,0.0,0.0,0.0,0.0,0.0,0.0,0.0,0.0,0.0,0.0,0.0,0.0,0.0,0.0,0.0,0.0,0.0,0.0,0.0,0.0,0.0,0.0,0.0,0.0,0.0,0.0,0.0,0.0,0.0,0.0,0.0,0.0,0.0,0.0,0.0,0.0,0.0,0.0,0.0,0.0,0.0,0.0,0.0,0.0,0.0,0.0,0.0,0.0,0.0,0.0,0.0,0.0,0.0,0.0,0.0,0.0,0.0,0.0,0.0,0.0,0.0,0.0,0.0
come_here,0.7209742069244385,0.6820400953292847,9.87455024414885e-08,0.662109375,0.6013949513435364,-0.01574958860874176,0.6336053609848022,0.5022757053375244,-0.03179384768009186,0.6437940001487732,0.4216567277908325,-0.045300859957933426,0.6729339361190796,0.39872872829437256,-0.0579175241291523,0.700321614742279,0.4420601427555084,-0.04946618154644966,0.7358083724975586,0.3041294515132904,-0.07266604900360107,0.7574472427368164,0.23435954749584198,-0.0804997906088829,0.7733107805252075,0.18406131863594055,-0.08301183581352234,0.7538117170333862,0.46279194951057434,-0.05183592811226845,0.7841611504554749,0.3137094974517822,-0.07263494282960892,0.8004892468452454,0.23388253152370453,-0.07672473043203354,0.811651349067688,0.17604604363441467,-0.07720356434583664,0.799251139163971,0.4862273633480072,-0.054129522293806076,0.8212172985076904,0.3465976119041443,-0.07079743593931198,0.8307121992111206,0.2708778977394104,-0.07260904461145401,0.8354035019874573,0.21699240803718567,-0.0708887130022049,0.8352259397506714,0.511871874332428,-0.057220008224248886,0.8495150208473206,0.39817556738853455,-0.070074662566185,0.8556143641471863,0.33411601185798645,-0.0714617669582367,0.8603219985961914,0.28351739048957825,-0.06897755712270737,0.0,0.0,0.0,0.0,0.0,0.0,0.0,0.0,0.0,0.0,0.0,0.0,0.0,0.0,0.0,0.0,0.0,0.0,0.0,0.0,0.0,0.0,0.0,0.0,0.0,0.0,0.0,0.0,0.0,0.0,0.0,0.0,0.0,0.0,0.0,0.0,0.0,0.0,0.0,0.0,0.0,0.0,0.0,0.0,0.0,0.0,0.0,0.0,0.0,0.0,0.0,0.0,0.0,0.0,0.0,0.0,0.0,0.0,0.0,0.0,0.0,0.0,0.0
come_here,0.7606087923049927,0.6186608076095581,2.101333507198433e-07,0.7012704610824585,0.5385711193084717,-0.013706891797482967,0.6732991337776184,0.44127053022384644,-0.02884725295007229,0.6808351874351501,0.3614225387573242,-0.041568391025066376,0.7068902850151062,0.3281055688858032,-0.053759876638650894,0.7321609854698181,0.38421255350112915,-0.04855996370315552,0.7685549855232239,0.2394750565290451,-0.07267195731401443,0.7920106649398804,0.1667296290397644,-0.08145014196634293,0.8098489046096802,0.11511939764022827,-0.08417433500289917,0.7857040166854858,0.4019315540790558,-0.05165451765060425,0.8194848299026489,0.24753741919994354,-0.07426945120096207,0.8386753797531128,0.16453255712985992,-0.08089800179004669,0.8537828922271729,0.10348770022392273,-0.08251053094863892,0.8326096534729004,0.4214286208152771,-0.05421118438243866,0.8570386171340942,0.27574867010116577,-0.07273685932159424,0.869662880897522,0.19518493115901947,-0.07652577012777328,0.8782773017883301,0.13651147484779358,-0.07564014941453934,0.8709998726844788,0.44352594017982483,-0.05699862167239189,0.8906517028808594,0.32921305298805237,-0.07046835869550705,0.8993399143218994,0.2635485827922821,-0.07157938927412033,0.9064832329750061,0.21027007699012756,-0.06851821392774582,0.0,0.0,0.0,0.0,0.0,0.0,0.0,0.0,0.0,0.0,0.0,0.0,0.0,0.0,0.0,0.0,0.0,0.0,0.0,0.0,0.0,0.0,0.0,0.0,0.0,0.0,0.0,0.0,0.0,0.0,0.0,0.0,0.0,0.0,0.0,0.0,0.0,0.0,0.0,0.0,0.0,0.0,0.0,0.0,0.0,0.0,0.0,0.0,0.0,0.0,0.0,0.0,0.0,0.0,0.0,0.0,0.0,0.0,0.0,0.0,0.0,0.0,0.0
come_here,0.7764226198196411,0.6203433275222778,-1.1674538669126377e-08,0.7091813087463379,0.5302639603614807,-0.006560099311172962,0.6828803420066833,0.4246886074542999,-0.015104644931852818,0.700232744216919,0.3372597098350525,-0.021649397909641266,0.7299174666404724,0.30112022161483765,-0.027019312605261803,0.7402231097221375,0.3512834906578064,-0.03675009682774544,0.7791632413864136,0.21038292348384857,-0.0512726753950119,0.804902195930481,0.1431993544101715,-0.04979122430086136,0.8232536911964417,0.0982256829738617,-0.04539976269006729,0.8017330169677734,0.37057679891586304,-0.03895347937941551,0.8356564044952393,0.21290931105613708,-0.053715161979198456,0.8543745279312134,0.13870775699615479,-0.051619336009025574,0.8688490390777588,0.08919483423233032,-0.04692450165748596,0.8539900779724121,0.3940843939781189,-0.040206555277109146,0.87825608253479,0.2499561756849289,-0.05285771191120148,0.8893664479255676,0.17774109542369843,-0.05117272585630417,0.8959856629371643,0.12764501571655273,-0.04631345719099045,0.8946648836135864,0.4225082993507385,-0.04110817611217499,0.9091061949729919,0.3040198087692261,-0.04687432572245598,0.9137677550315857,0.24369433522224426,-0.04336390644311905,0.916313648223877,0.19607222080230713,-0.03758452832698822,0.0,0.0,0.0,0.0,0.0,0.0,0.0,0.0,0.0,0.0,0.0,0.0,0.0,0.0,0.0,0.0,0.0,0.0,0.0,0.0,0.0,0.0,0.0,0.0,0.0,0.0,0.0,0.0,0.0,0.0,0.0,0.0,0.0,0.0,0.0,0.0,0.0,0.0,0.0,0.0,0.0,0.0,0.0,0.0,0.0,0.0,0.0,0.0,0.0,0.0,0.0,0.0,0.0,0.0,0.0,0.0,0.0,0.0,0.0,0.0,0.0,0.0,0.0
come_here,0.7249126434326172,0.6000269651412964,1.2094602652723552e-07,0.6651753783226013,0.5219511985778809,0.005970924161374569,0.6417323350906372,0.42904210090637207,0.002989213215187192,0.6604241728782654,0.3563082814216614,0.0005994538660161197,0.6946478486061096,0.3382163345813751,-0.0016176108038052917,0.6765187978744507,0.3769739270210266,-0.026608426123857498,0.7103259563446045,0.2534150183200836,-0.03627521172165871,0.7343211770057678,0.19412431120872498,-0.03562416136264801,0.7511940598487854,0.15481723845005035,-0.03303973004221916,0.7264065146446228,0.3893488645553589,-0.032776933163404465,0.7565289735794067,0.25868773460388184,-0.04163089767098427,0.7772499918937683,0.19204264879226685,-0.040758196264505386,0.7943854928016663,0.14412644505500793,-0.0385245718061924,0.7733498215675354,0.4064803719520569,-0.03631922975182533,0.7952723503112793,0.28509724140167236,-0.04214858263731003,0.8101290464401245,0.2181307077407837,-0.04264339059591293,0.8196643590927124,0.1711719036102295,-0.0413384772837162,0.8147247433662415,0.4302076995372772,-0.03826527297496796,0.8322817087173462,0.32754456996917725,-0.04128976911306381,0.8389726281166077,0.271140992641449,-0.0393211655318737,0.8428905606269836,0.22671139240264893,-0.0355045385658741,0.0,0.0,0.0,0.0,0.0,0.0,0.0,0.0,0.0,0.0,0.0,0.0,0.0,0.0,0.0,0.0,0.0,0.0,0.0,0.0,0.0,0.0,0.0,0.0,0.0,0.0,0.0,0.0,0.0,0.0,0.0,0.0,0.0,0.0,0.0,0.0,0.0,0.0,0.0,0.0,0.0,0.0,0.0,0.0,0.0,0.0,0.0,0.0,0.0,0.0,0.0,0.0,0.0,0.0,0.0,0.0,0.0,0.0,0.0,0.0,0.0,0.0,0.0
come_here,0.6686681509017944,0.5824346542358398,3.686307366024266e-07,0.607037365436554,0.5258482098579407,-0.0013832419645041227,0.5757418274879456,0.43760213255882263,-0.008898628875613213,0.5860782861709595,0.3605104982852936,-0.015840142965316772,0.6142560243606567,0.32134583592414856,-0.022691721096634865,0.588155210018158,0.39056286215782166,-0.03447282686829567,0.6173105239868164,0.2665697932243347,-0.05120881646871567,0.6400958895683289,0.204541876912117,-0.054767630994319916,0.6585330367088318,0.16241811215877533,-0.05389797315001488,0.634943962097168,0.39782002568244934,-0.04068709537386894,0.6605406403541565,0.26358312368392944,-0.05520432069897652,0.6809738874435425,0.19339483976364136,-0.05781467631459236,0.6974872946739197,0.14221736788749695,-0.05740753933787346,0.6834872364997864,0.40988150238990784,-0.045305173844099045,0.7031341195106506,0.28951144218444824,-0.05599566549062729,0.7171822786331177,0.2262873351573944,-0.05827435478568077,0.7264348268508911,0.18052580952644348,-0.05762699618935585,0.729335606098175,0.42487552762031555,-0.04894344136118889,0.7392126321792603,0.32165947556495667,-0.05610668659210205,0.7439498901367188,0.2672537565231323,-0.05536959320306778,0.7462800145149231,0.22241394221782684,-0.05215265601873398,0.0,0.0,0.0,0.0,0.0,0.0,0.0,0.0,0.0,0.0,0.0,0.0,0.0,0.0,0.0,0.0,0.0,0.0,0.0,0.0,0.0,0.0,0.0,0.0,0.0,0.0,0.0,0.0,0.0,0.0,0.0,0.0,0.0,0.0,0.0,0.0,0.0,0.0,0.0,0.0,0.0,0.0,0.0,0.0,0.0,0.0,0.0,0.0,0.0,0.0,0.0,0.0,0.0,0.0,0.0,0.0,0.0,0.0,0.0,0.0,0.0,0.0,0.0
come_here,0.6287446022033691,0.599021315574646,4.5178211394159007e-07,0.564119279384613,0.5451211333274841,-0.005900787189602852,0.5239288210868835,0.4697975814342499,-0.02223980613052845,0.5215656757354736,0.39817699790000916,-0.03735227882862091,0.545479953289032,0.35393837094306946,-0.05255645141005516,0.5341699123382568,0.4124450385570526,-0.05602708086371422,0.5611969232559204,0.27068042755126953,-0.0801711305975914,0.5844531059265137,0.1995423585176468,-0.08606753498315811,0.6034402847290039,0.1502629816532135,-0.08604899048805237,0.5839551687240601,0.41633981466293335,-0.06321804225444794,0.6064562797546387,0.2620551884174347,-0.08380056172609329,0.6252482533454895,0.1827785074710846,-0.08752895891666412,0.6386781930923462,0.12736579775810242,-0.08789803832769394,0.6356096863746643,0.4232490360736847,-0.06813309341669083,0.6468849778175354,0.28060483932495117,-0.08245337754487991,0.6563067436218262,0.20328368246555328,-0.08505789190530777,0.6617927551269531,0.14750394225120544,-0.08542025089263916,0.68415367603302,0.43308669328689575,-0.07222763448953629,0.6879318356513977,0.3183906674385071,-0.08297497034072876,0.6892030835151672,0.25711095333099365,-0.08335628360509872,0.6883949041366577,0.2061893194913864,-0.08112205564975739,0.0,0.0,0.0,0.0,0.0,0.0,0.0,0.0,0.0,0.0,0.0,0.0,0.0,0.0,0.0,0.0,0.0,0.0,0.0,0.0,0.0,0.0,0.0,0.0,0.0,0.0,0.0,0.0,0.0,0.0,0.0,0.0,0.0,0.0,0.0,0.0,0.0,0.0,0.0,0.0,0.0,0.0,0.0,0.0,0.0,0.0,0.0,0.0,0.0,0.0,0.0,0.0,0.0,0.0,0.0,0.0,0.0,0.0,0.0,0.0,0.0,0.0,0.0
come_here,0.6278215050697327,0.6323295831680298,4.4618440142585314e-07,0.5646519064903259,0.5816863179206848,-0.011760412715375423,0.5238491892814636,0.5089815855026245,-0.029678916558623314,0.5143428444862366,0.4414390027523041,-0.04580322653055191,0.5247191786766052,0.3903804421424866,-0.0619216188788414,0.5519797801971436,0.43291619420051575,-0.05539875850081444,0.578014075756073,0.29510852694511414,-0.08141721785068512,0.5984266400337219,0.22520564496517181,-0.0897771418094635,0.6149893999099731,0.17615512013435364,-0.09063886851072311,0.6031619906425476,0.44377484917640686,-0.06018521264195442,0.6255418062210083,0.29413336515426636,-0.08378878235816956,0.641950249671936,0.21394741535186768,-0.08997484296560287,0.6536824107170105,0.15415942668914795,-0.09055785089731216,0.653283953666687,0.4584932029247284,-0.06378673762083054,0.6642175912857056,0.3179488480091095,-0.08146743476390839,0.6701366901397705,0.24330632388591766,-0.08460032194852829,0.6733378767967224,0.18968334794044495,-0.08275089412927628,0.6988896727561951,0.4761972427368164,-0.06710554659366608,0.7008380889892578,0.35897156596183777,-0.07817843556404114,0.7016922235488892,0.29471608996391296,-0.07732844352722168,0.7015649080276489,0.24251459538936615,-0.0726734846830368,0.0,0.0,0.0,0.0,0.0,0.0,0.0,0.0,0.0,0.0,0.0,0.0,0.0,0.0,0.0,0.0,0.0,0.0,0.0,0.0,0.0,0.0,0.0,0.0,0.0,0.0,0.0,0.0,0.0,0.0,0.0,0.0,0.0,0.0,0.0,0.0,0.0,0.0,0.0,0.0,0.0,0.0,0.0,0.0,0.0,0.0,0.0,0.0,0.0,0.0,0.0,0.0,0.0,0.0,0.0,0.0,0.0,0.0,0.0,0.0,0.0,0.0,0.0
come_here,0.591094434261322,0.6413140296936035,3.3197846249777285e-08,0.5336577892303467,0.5854195952415466,-0.004266969859600067,0.5017755031585693,0.5134432911872864,-0.015610377304255962,0.4966333508491516,0.4501972198486328,-0.025981750339269638,0.49683284759521484,0.4041721224784851,-0.03673608601093292,0.5301288366317749,0.4476349949836731,-0.04837445169687271,0.5549339056015015,0.3086363673210144,-0.06996574252843857,0.5731237530708313,0.23880693316459656,-0.07432622462511063,0.5854299068450928,0.1898362636566162,-0.07356125116348267,0.5763933062553406,0.456111341714859,-0.0550147108733654,0.5991432070732117,0.3013388514518738,-0.07719531655311584,0.6126543283462524,0.22166822850704193,-0.08146939426660538,0.6217792630195618,0.1646505892276764,-0.08188134431838989,0.6201078295707703,0.46709901094436646,-0.05978677421808243,0.6349117159843445,0.32277780771255493,-0.07710078358650208,0.6430922150611877,0.24548977613449097,-0.08064698427915573,0.6474894881248474,0.1897265613079071,-0.08038995414972305,0.6579270362854004,0.48006629943847656,-0.06374651938676834,0.6667633056640625,0.3659951090812683,-0.0755159929394722,0.6705350279808044,0.3043775260448456,-0.07677468657493591,0.6726723909378052,0.2554176449775696,-0.07521948963403702,0.0,0.0,0.0,0.0,0.0,0.0,0.0,0.0,0.0,0.0,0.0,0.0,0.0,0.0,0.0,0.0,0.0,0.0,0.0,0.0,0.0,0.0,0.0,0.0,0.0,0.0,0.0,0.0,0.0,0.0,0.0,0.0,0.0,0.0,0.0,0.0,0.0,0.0,0.0,0.0,0.0,0.0,0.0,0.0,0.0,0.0,0.0,0.0,0.0,0.0,0.0,0.0,0.0,0.0,0.0,0.0,0.0,0.0,0.0,0.0,0.0,0.0,0.0
come_here,0.5534781217575073,0.5695995092391968,1.822702841991486e-07,0.6031108498573303,0.572575569152832,-0.03318982943892479,0.6593329906463623,0.5464239120483398,-0.046629879623651505,0.7071661353111267,0.535905122756958,-0.05823425203561783,0.7459728717803955,0.5291261672973633,-0.06956055760383606,0.6407561898231506,0.41527196764945984,-0.013497727923095226,0.6512293815612793,0.3521377146244049,-0.028666861355304718,0.6571314334869385,0.31531649827957153,-0.044827088713645935,0.664824903011322,0.2819474935531616,-0.05791444331407547,0.6133610606193542,0.3909687101840973,-0.010978895239531994,0.6269974708557129,0.32100629806518555,-0.02596684917807579,0.6378940939903259,0.275898277759552,-0.04265010729432106,0.6490773558616638,0.23618942499160767,-0.05555573105812073,0.5855728983879089,0.382976233959198,-0.013588846661150455,0.6013727784156799,0.3150429129600525,-0.031285617500543594,0.6138425469398499,0.2758013606071472,-0.04310786351561546,0.6265268921852112,0.24010495841503143,-0.05085676908493042,0.557771623134613,0.3877466320991516,-0.019709080457687378,0.5714792013168335,0.3326883614063263,-0.03574099391698837,0.5821447968482971,0.2997478246688843,-0.042046912014484406,0.5960503220558167,0.26890355348587036,-0.04610344395041466,0.0,0.0,0.0,0.0,0.0,0.0,0.0,0.0,0.0,0.0,0.0,0.0,0.0,0.0,0.0,0.0,0.0,0.0,0.0,0.0,0.0,0.0,0.0,0.0,0.0,0.0,0.0,0.0,0.0,0.0,0.0,0.0,0.0,0.0,0.0,0.0,0.0,0.0,0.0,0.0,0.0,0.0,0.0,0.0,0.0,0.0,0.0,0.0,0.0,0.0,0.0,0.0,0.0,0.0,0.0,0.0,0.0,0.0,0.0,0.0,0.0,0.0,0.0
come_here,0.530204176902771,0.7226753830909729,6.776775762773468e-07,0.4828239679336548,0.6584931015968323,-0.00933438166975975,0.4491921067237854,0.5688707828521729,-0.02931351587176323,0.4441400468349457,0.49980539083480835,-0.0475989393889904,0.45051825046539307,0.45374181866645813,-0.06666842103004456,0.445421427488327,0.5396375060081482,-0.07309791445732117,0.48753565549850464,0.3936786651611328,-0.1100575178861618,0.518358051776886,0.3149769902229309,-0.12680122256278992,0.543442964553833,0.2547285556793213,-0.13335610926151276,0.4899454712867737,0.5617349743843079,-0.0828598365187645,0.5311352014541626,0.3972131609916687,-0.1167471781373024,0.5633947849273682,0.30355554819107056,-0.1313294619321823,0.587332546710968,0.23154529929161072,-0.1389787197113037,0.5412185788154602,0.5792845487594604,-0.08978281170129776,0.572649359703064,0.42226332426071167,-0.11561445891857147,0.5973672866821289,0.3308875560760498,-0.1273917853832245,0.6130550503730774,0.2614646255970001,-0.13263829052448273,0.5925491452217102,0.5900696516036987,-0.09549717605113983,0.6123996376991272,0.4664609432220459,-0.11348327994346619,0.6240165829658508,0.3949238061904907,-0.11823255568742752,0.6322605609893799,0.3340679407119751,-0.11886399239301682,0.0,0.0,0.0,0.0,0.0,0.0,0.0,0.0,0.0,0.0,0.0,0.0,0.0,0.0,0.0,0.0,0.0,0.0,0.0,0.0,0.0,0.0,0.0,0.0,0.0,0.0,0.0,0.0,0.0,0.0,0.0,0.0,0.0,0.0,0.0,0.0,0.0,0.0,0.0,0.0,0.0,0.0,0.0,0.0,0.0,0.0,0.0,0.0,0.0,0.0,0.0,0.0,0.0,0.0,0.0,0.0,0.0,0.0,0.0,0.0,0.0,0.0,0.0
come_here,0.35948359966278076,0.5630698204040527,1.2101841662115476e-07,0.32585424184799194,0.5325313806533813,-0.032047197222709656,0.3140001595020294,0.4717578887939453,-0.04984545335173607,0.32421770691871643,0.41549596190452576,-0.06386533379554749,0.3393877148628235,0.3672696352005005,-0.0771230086684227,0.3357641398906708,0.3987984359264374,-0.03906647115945816,0.35148322582244873,0.3226689100265503,-0.06326080113649368,0.3633100092411041,0.2759675085544586,-0.08085598051548004,0.37312987446784973,0.23582054674625397,-0.09326363354921341,0.3698279857635498,0.39365154504776,-0.036015864461660385,0.3883900046348572,0.3096393346786499,-0.05796897038817406,0.39950451254844666,0.2548432946205139,-0.07233347743749619,0.4083178639411926,0.20674176514148712,-0.08276734501123428,0.4005696475505829,0.4025471806526184,-0.036340877413749695,0.416720986366272,0.32529008388519287,-0.056255653500556946,0.424720823764801,0.27636733651161194,-0.06483566761016846,0.43039217591285706,0.23323744535446167,-0.0702994093298912,0.428663432598114,0.4228494167327881,-0.03957289457321167,0.4415634274482727,0.361897349357605,-0.05633549764752388,0.4467915892601013,0.32155540585517883,-0.06216316670179367,0.45078426599502563,0.2855786383152008,-0.06553840637207031,0.0,0.0,0.0,0.0,0.0,0.0,0.0,0.0,0.0,0.0,0.0,0.0,0.0,0.0,0.0,0.0,0.0,0.0,0.0,0.0,0.0,0.0,0.0,0.0,0.0,0.0,0.0,0.0,0.0,0.0,0.0,0.0,0.0,0.0,0.0,0.0,0.0,0.0,0.0,0.0,0.0,0.0,0.0,0.0,0.0,0.0,0.0,0.0,0.0,0.0,0.0,0.0,0.0,0.0,0.0,0.0,0.0,0.0,0.0,0.0,0.0,0.0,0.0
come_here,0.3983135223388672,0.6313152313232422,8.334338872373337e-07,0.3544764220714569,0.5709635019302368,-0.008474543690681458,0.33543944358825684,0.4777931869029999,-0.02713068202137947,0.3484385907649994,0.39531180262565613,-0.044265128672122955,0.36470678448677063,0.33808577060699463,-0.06136680394411087,0.2935381531715393,0.4775051474571228,-0.061738211661577225,0.3250933587551117,0.3509545922279358,-0.09435141086578369,0.3549453616142273,0.27757805585861206,-0.10927265882492065,0.3799731433391571,0.22638972103595734,-0.11518995463848114,0.32616913318634033,0.4978201985359192,-0.07244057953357697,0.3582945168018341,0.35639137029647827,-0.10331502556800842,0.38938242197036743,0.2696246802806854,-0.11383999139070511,0.4135860800743103,0.2115357518196106,-0.11859429627656937,0.37026354670524597,0.5110498666763306,-0.08141998201608658,0.3986717462539673,0.3780364394187927,-0.10342705994844437,0.4232061505317688,0.29351940751075745,-0.10973823815584183,0.44001859426498413,0.23416803777217865,-0.11193821579217911,0.41831135749816895,0.5168103575706482,-0.09017260372638702,0.43719056248664856,0.4066188335418701,-0.1045093685388565,0.44827210903167725,0.33888769149780273,-0.10717450827360153,0.45519211888313293,0.2868177592754364,-0.10719359666109085,0.0,0.0,0.0,0.0,0.0,0.0,0.0,0.0,0.0,0.0,0.0,0.0,0.0,0.0,0.0,0.0,0.0,0.0,0.0,0.0,0.0,0.0,0.0,0.0,0.0,0.0,0.0,0.0,0.0,0.0,0.0,0.0,0.0,0.0,0.0,0.0,0.0,0.0,0.0,0.0,0.0,0.0,0.0,0.0,0.0,0.0,0.0,0.0,0.0,0.0,0.0,0.0,0.0,0.0,0.0,0.0,0.0,0.0,0.0,0.0,0.0,0.0,0.0
come_here,0.3648603558540344,0.552875816822052,3.9184149613902264e-07,0.3263285160064697,0.49491703510284424,-0.007689476944506168,0.30879873037338257,0.4051256775856018,-0.019672462716698647,0.3181377053260803,0.332791805267334,-0.031238693743944168,0.33104848861694336,0.2782323658466339,-0.04172902554273605,0.28415828943252563,0.39626017212867737,-0.04253895953297615,0.30836644768714905,0.2749374210834503,-0.0679655447602272,0.3333688974380493,0.21265043318271637,-0.07882943749427795,0.3521905243396759,0.1661962866783142,-0.08291763067245483,0.30713149905204773,0.40518879890441895,-0.050129733979701996,0.3359490633010864,0.27508544921875,-0.07225792109966278,0.36096638441085815,0.2026064693927765,-0.08019658923149109,0.37956658005714417,0.14996251463890076,-0.08441539853811264,0.3404802978038788,0.4119378328323364,-0.0574006624519825,0.3646564781665802,0.29066452383995056,-0.07215104252099991,0.384493887424469,0.21953174471855164,-0.077187180519104,0.3982865512371063,0.1686234325170517,-0.07983588427305222,0.3780023753643036,0.417493999004364,-0.06512712687253952,0.3930347263813019,0.32069292664527893,-0.07482599467039108,0.4042278528213501,0.26264312863349915,-0.07799438387155533,0.4119189977645874,0.21849998831748962,-0.07963002473115921,0.0,0.0,0.0,0.0,0.0,0.0,0.0,0.0,0.0,0.0,0.0,0.0,0.0,0.0,0.0,0.0,0.0,0.0,0.0,0.0,0.0,0.0,0.0,0.0,0.0,0.0,0.0,0.0,0.0,0.0,0.0,0.0,0.0,0.0,0.0,0.0,0.0,0.0,0.0,0.0,0.0,0.0,0.0,0.0,0.0,0.0,0.0,0.0,0.0,0.0,0.0,0.0,0.0,0.0,0.0,0.0,0.0,0.0,0.0,0.0,0.0,0.0,0.0
come_here,0.4027470648288727,0.5800020098686218,6.381770845109713e-07,0.3647884130477905,0.5255988240242004,-0.005983289331197739,0.3484785854816437,0.4373331665992737,-0.02045522630214691,0.36005812883377075,0.3624226152896881,-0.034623414278030396,0.375339537858963,0.3078867793083191,-0.04860540106892586,0.3146882653236389,0.4343201220035553,-0.04880890995264053,0.3407220244407654,0.3150371313095093,-0.07656659185886383,0.3660150468349457,0.2486845701932907,-0.08884284645318985,0.3866463005542755,0.20171603560447693,-0.09368985146284103,0.34042999148368835,0.4498221278190613,-0.05885015055537224,0.3694778382778168,0.31688112020492554,-0.08466874808073044,0.39717888832092285,0.24201636016368866,-0.09290458261966705,0.41957202553749084,0.19124683737754822,-0.09653305262327194,0.37712350487709045,0.4604957103729248,-0.06793377548456192,0.4036863148212433,0.33516061305999756,-0.08684655278921127,0.4261394739151001,0.2633056342601776,-0.09156576544046402,0.4423474073410034,0.21337638795375824,-0.09320066124200821,0.41811954975128174,0.46591776609420776,-0.07701919972896576,0.43645036220550537,0.36724698543548584,-0.09024354815483093,0.4478074908256531,0.3072725236415863,-0.09363653510808945,0.456061989068985,0.25924110412597656,-0.09470751136541367,0.0,0.0,0.0,0.0,0.0,0.0,0.0,0.0,0.0,0.0,0.0,0.0,0.0,0.0,0.0,0.0,0.0,0.0,0.0,0.0,0.0,0.0,0.0,0.0,0.0,0.0,0.0,0.0,0.0,0.0,0.0,0.0,0.0,0.0,0.0,0.0,0.0,0.0,0.0,0.0,0.0,0.0,0.0,0.0,0.0,0.0,0.0,0.0,0.0,0.0,0.0,0.0,0.0,0.0,0.0,0.0,0.0,0.0,0.0,0.0,0.0,0.0,0.0
come_here,0.4961753487586975,0.6443657875061035,5.831582257087575e-07,0.45493000745773315,0.5792821645736694,-0.00730963796377182,0.4440518021583557,0.4916340708732605,-0.022035200148820877,0.4675162136554718,0.4198649823665619,-0.03481559455394745,0.49587684869766235,0.37355494499206543,-0.04725596308708191,0.42528343200683594,0.4737057089805603,-0.056079380214214325,0.4701121151447296,0.35426461696624756,-0.08385773003101349,0.5022620558738708,0.29256993532180786,-0.09416931867599487,0.5274547934532166,0.2474324107170105,-0.09698598831892014,0.46032923460006714,0.4914975166320801,-0.06347324699163437,0.5047680735588074,0.3593466281890869,-0.08984770625829697,0.5372827053070068,0.2832975685596466,-0.09974875301122665,0.5615324974060059,0.22636041045188904,-0.10414649546146393,0.5039021968841553,0.5085309743881226,-0.0687759518623352,0.5396111011505127,0.38127946853637695,-0.08865051716566086,0.5662724375724792,0.3076050281524658,-0.09762536734342575,0.5839692950248718,0.25154173374176025,-0.10151681303977966,0.5486706495285034,0.523244321346283,-0.07313946634531021,0.5735194683074951,0.4216154217720032,-0.08740099519491196,0.5875287652015686,0.3612075448036194,-0.09192004799842834,0.5978286266326904,0.3096219301223755,-0.09274180978536606,0.0,0.0,0.0,0.0,0.0,0.0,0.0,0.0,0.0,0.0,0.0,0.0,0.0,0.0,0.0,0.0,0.0,0.0,0.0,0.0,0.0,0.0,0.0,0.0,0.0,0.0,0.0,0.0,0.0,0.0,0.0,0.0,0.0,0.0,0.0,0.0,0.0,0.0,0.0,0.0,0.0,0.0,0.0,0.0,0.0,0.0,0.0,0.0,0.0,0.0,0.0,0.0,0.0,0.0,0.0,0.0,0.0,0.0,0.0,0.0,0.0,0.0,0.0
come_here,0.5630055665969849,0.6978893876075745,2.4158796918527514e-07,0.5044764280319214,0.6380408406257629,-0.00987898837774992,0.46556466817855835,0.5621771812438965,-0.02675315923988819,0.45248687267303467,0.4972479045391083,-0.042816393077373505,0.46084845066070557,0.47181692719459534,-0.058744825422763824,0.5029687285423279,0.5032680630683899,-0.050653282552957535,0.5269254446029663,0.3622139096260071,-0.07569637894630432,0.54606032371521,0.289072185754776,-0.08327159285545349,0.5623348355293274,0.23749251663684845,-0.08461545407772064,0.5487467646598816,0.5138421058654785,-0.056603558361530304,0.5711057186126709,0.36028262972831726,-0.08001438528299332,0.5879021883010864,0.276042640209198,-0.0851096585392952,0.6025745272636414,0.2137669026851654,-0.08600658923387527,0.5929425358772278,0.524580717086792,-0.061677299439907074,0.609504222869873,0.38139691948890686,-0.07973834872245789,0.6191978454589844,0.30351370573043823,-0.08209126442670822,0.6260772347450256,0.24666383862495422,-0.08049753308296204,0.6318308115005493,0.5351340770721436,-0.06687778234481812,0.6434613466262817,0.421902596950531,-0.07852786779403687,0.6495174765586853,0.3596121668815613,-0.07845116406679153,0.6550779938697815,0.3083963692188263,-0.07556326687335968,0.0,0.0,0.0,0.0,0.0,0.0,0.0,0.0,0.0,0.0,0.0,0.0,0.0,0.0,0.0,0.0,0.0,0.0,0.0,0.0,0.0,0.0,0.0,0.0,0.0,0.0,0.0,0.0,0.0,0.0,0.0,0.0,0.0,0.0,0.0,0.0,0.0,0.0,0.0,0.0,0.0,0.0,0.0,0.0,0.0,0.0,0.0,0.0,0.0,0.0,0.0,0.0,0.0,0.0,0.0,0.0,0.0,0.0,0.0,0.0,0.0,0.0,0.0
come_here,0.6133654713630676,0.6355305910110474,3.312836156510457e-07,0.5562586784362793,0.5855376720428467,-0.011328369379043579,0.5210928320884705,0.5177867412567139,-0.025907499715685844,0.5117278099060059,0.45753931999206543,-0.03981040418148041,0.5171588063240051,0.432752400636673,-0.053725309669971466,0.5661329030990601,0.4448249042034149,-0.03577183187007904,0.5934956669807434,0.3262888193130493,-0.05463230609893799,0.6138709187507629,0.26409411430358887,-0.062109529972076416,0.6302900314331055,0.22116810083389282,-0.06448759138584137,0.6086609959602356,0.4539746940135956,-0.040100160986185074,0.6344395279884338,0.32647669315338135,-0.056282006204128265,0.6521214842796326,0.25711870193481445,-0.062282711267471313,0.6666697859764099,0.20452430844306946,-0.06423386931419373,0.6493787169456482,0.4678517282009125,-0.044472310692071915,0.6685605645179749,0.34924083948135376,-0.057129766792058945,0.6793968081474304,0.28244340419769287,-0.06177377328276634,0.6875300407409668,0.23271995782852173,-0.06268985569477081,0.6863818764686584,0.485169917345047,-0.04925042390823364,0.6988922953605652,0.3887013792991638,-0.05841818451881409,0.7047411203384399,0.33565086126327515,-0.059261590242385864,0.7093949913978577,0.2909778952598572,-0.057103417813777924,0.0,0.0,0.0,0.0,0.0,0.0,0.0,0.0,0.0,0.0,0.0,0.0,0.0,0.0,0.0,0.0,0.0,0.0,0.0,0.0,0.0,0.0,0.0,0.0,0.0,0.0,0.0,0.0,0.0,0.0,0.0,0.0,0.0,0.0,0.0,0.0,0.0,0.0,0.0,0.0,0.0,0.0,0.0,0.0,0.0,0.0,0.0,0.0,0.0,0.0,0.0,0.0,0.0,0.0,0.0,0.0,0.0,0.0,0.0,0.0,0.0,0.0,0.0
come_here,0.647337794303894,0.6275945901870728,2.7547648073777964e-07,0.5881446003913879,0.5719092488288879,-0.00988107081502676,0.5525727272033691,0.499147891998291,-0.024314044043421745,0.5488176345825195,0.43122124671936035,-0.03778345137834549,0.5672627687454224,0.4051792025566101,-0.05084863677620888,0.6057860851287842,0.41627147793769836,-0.03747096285223961,0.6396653056144714,0.3038221597671509,-0.05701746046543121,0.663581371307373,0.24452802538871765,-0.06445357203483582,0.6824841499328613,0.20358002185821533,-0.06690523028373718,0.6486162543296814,0.42625001072883606,-0.041188739240169525,0.6816183924674988,0.3036212921142578,-0.05727003514766693,0.7020413279533386,0.23650559782981873,-0.0615084245800972,0.7180153727531433,0.18643468618392944,-0.06255733966827393,0.6900233626365662,0.44414764642715454,-0.04477008804678917,0.7161012291908264,0.32804766297340393,-0.056358702480793,0.7297565937042236,0.2644430696964264,-0.058751754462718964,0.7389690279960632,0.21799032390117645,-0.05823167786002159,0.7283039689064026,0.46928614377975464,-0.04876261204481125,0.747520387172699,0.37055110931396484,-0.056457359343767166,0.7558996677398682,0.31834322214126587,-0.0565788634121418,0.7619173526763916,0.274186909198761,-0.05389626696705818,0.0,0.0,0.0,0.0,0.0,0.0,0.0,0.0,0.0,0.0,0.0,0.0,0.0,0.0,0.0,0.0,0.0,0.0,0.0,0.0,0.0,0.0,0.0,0.0,0.0,0.0,0.0,0.0,0.0,0.0,0.0,0.0,0.0,0.0,0.0,0.0,0.0,0.0,0.0,0.0,0.0,0.0,0.0,0.0,0.0,0.0,0.0,0.0,0.0,0.0,0.0,0.0,0.0,0.0,0.0,0.0,0.0,0.0,0.0,0.0,0.0,0.0,0.0
come_here,0.6159992218017578,0.6832600235939026,3.572927198547404e-07,0.5548370480537415,0.6238376498222351,-0.010465088300406933,0.5155529975891113,0.5507901310920715,-0.028046496212482452,0.5043171048164368,0.4862739145755768,-0.04437914118170738,0.5039578080177307,0.44702741503715515,-0.06071100011467934,0.5522845983505249,0.46584823727607727,-0.052890583872795105,0.5832955241203308,0.3271825313568115,-0.07904215157032013,0.6074565052986145,0.2561495304107666,-0.08853086829185486,0.6276727914810181,0.2064317762851715,-0.09109841287136078,0.6006392240524292,0.4776996076107025,-0.05871148407459259,0.629914402961731,0.3263377547264099,-0.08187787979841232,0.6502684354782104,0.24580127000808716,-0.08820643275976181,0.6660614013671875,0.18561947345733643,-0.09035876393318176,0.6477065086364746,0.49290695786476135,-0.06370275467634201,0.6700091361999512,0.35237619280815125,-0.08055637776851654,0.683355987071991,0.27827391028404236,-0.08388343453407288,0.6925188899040222,0.22439029812812805,-0.083625428378582,0.6910476088523865,0.5104567408561707,-0.06878460943698883,0.7038443088531494,0.3948749899864197,-0.07962822914123535,0.7097162008285522,0.33296841382980347,-0.07991014420986176,0.7133064270019531,0.28123927116394043,-0.07742945849895477,0.0,0.0,0.0,0.0,0.0,0.0,0.0,0.0,0.0,0.0,0.0,0.0,0.0,0.0,0.0,0.0,0.0,0.0,0.0,0.0,0.0,0.0,0.0,0.0,0.0,0.0,0.0,0.0,0.0,0.0,0.0,0.0,0.0,0.0,0.0,0.0,0.0,0.0,0.0,0.0,0.0,0.0,0.0,0.0,0.0,0.0,0.0,0.0,0.0,0.0,0.0,0.0,0.0,0.0,0.0,0.0,0.0,0.0,0.0,0.0,0.0,0.0,0.0
come_here,0.6514177918434143,0.6648858189582825,3.671108288472169e-07,0.5952281355857849,0.6057291030883789,-0.010797492228448391,0.558111310005188,0.5259112119674683,-0.028722772374749184,0.5518597960472107,0.4507959187030792,-0.04608412832021713,0.5748523473739624,0.4248161017894745,-0.06319208443164825,0.6074431538581848,0.43719175457954407,-0.0428808368742466,0.6470642685890198,0.3167037069797516,-0.06515957415103912,0.6738303303718567,0.2550051808357239,-0.07357706874608994,0.6958075761795044,0.2118227630853653,-0.07643081992864609,0.6527401208877563,0.45008328557014465,-0.04816498979926109,0.6913214325904846,0.3174072504043579,-0.06593450158834457,0.7163414359092712,0.2483418583869934,-0.07022221386432648,0.7350380420684814,0.19754168391227722,-0.07115080952644348,0.6983179450035095,0.472646564245224,-0.05324377864599228,0.7281942367553711,0.3473987877368927,-0.06552844494581223,0.7455307245254517,0.28276845812797546,-0.06714747101068497,0.7565895915031433,0.2355196326971054,-0.06626846641302109,0.7410644292831421,0.5014049410820007,-0.058811940252780914,0.7599669098854065,0.39212626218795776,-0.06750184297561646,0.7693858742713928,0.33359241485595703,-0.06759100407361984,0.7763251662254333,0.28357839584350586,-0.06477212905883789,0.0,0.0,0.0,0.0,0.0,0.0,0.0,0.0,0.0,0.0,0.0,0.0,0.0,0.0,0.0,0.0,0.0,0.0,0.0,0.0,0.0,0.0,0.0,0.0,0.0,0.0,0.0,0.0,0.0,0.0,0.0,0.0,0.0,0.0,0.0,0.0,0.0,0.0,0.0,0.0,0.0,0.0,0.0,0.0,0.0,0.0,0.0,0.0,0.0,0.0,0.0,0.0,0.0,0.0,0.0,0.0,0.0,0.0,0.0,0.0,0.0,0.0,0.0
come_here,0.6543157696723938,0.709487795829773,3.931070011731208e-07,0.5952098965644836,0.6453264951705933,-0.019254010170698166,0.5543646216392517,0.5655661821365356,-0.042546700686216354,0.5467529892921448,0.49184441566467285,-0.06309511512517929,0.5632196664810181,0.45166051387786865,-0.0835065171122551,0.606835663318634,0.4851821959018707,-0.06517774611711502,0.6458858251571655,0.3470536470413208,-0.09566054493188858,0.671064555644989,0.2716260850429535,-0.10634999722242355,0.6915465593338013,0.2186278998851776,-0.10950713604688644,0.6564904451370239,0.5010530352592468,-0.0684625580906868,0.6938708424568176,0.34875455498695374,-0.09723925590515137,0.7163806557655334,0.2649376690387726,-0.10417502373456955,0.7336292266845703,0.20417794585227966,-0.10507132858037949,0.7029535174369812,0.52269047498703,-0.07133956998586655,0.7330045104026794,0.3802558183670044,-0.09235677868127823,0.7504431009292603,0.3027861714363098,-0.0953068733215332,0.7623561024665833,0.24674054980278015,-0.0931292399764061,0.7451639175415039,0.5501499176025391,-0.07491113990545273,0.7644996047019958,0.4270821809768677,-0.0881635919213295,0.7739198207855225,0.36105191707611084,-0.08794710785150528,0.7794764637947083,0.30707651376724243,-0.08361435681581497,0.0,0.0,0.0,0.0,0.0,0.0,0.0,0.0,0.0,0.0,0.0,0.0,0.0,0.0,0.0,0.0,0.0,0.0,0.0,0.0,0.0,0.0,0.0,0.0,0.0,0.0,0.0,0.0,0.0,0.0,0.0,0.0,0.0,0.0,0.0,0.0,0.0,0.0,0.0,0.0,0.0,0.0,0.0,0.0,0.0,0.0,0.0,0.0,0.0,0.0,0.0,0.0,0.0,0.0,0.0,0.0,0.0,0.0,0.0,0.0,0.0,0.0,0.0
come_here,0.68193119764328,0.7330853939056396,1.9931540862216934e-07,0.6237440705299377,0.662231981754303,-0.021967608481645584,0.5907009840011597,0.5813883543014526,-0.04317780211567879,0.5833549499511719,0.5144796371459961,-0.061860907822847366,0.5859589576721191,0.4859190583229065,-0.07981608808040619,0.6609783172607422,0.5214133858680725,-0.051081959158182144,0.6942521333694458,0.38874250650405884,-0.0736016184091568,0.7162166237831116,0.3234200179576874,-0.08134433627128601,0.732681393623352,0.27774083614349365,-0.08341331779956818,0.7094956040382385,0.5409990549087524,-0.05190494284033775,0.7382045984268188,0.39514461159706116,-0.07235664129257202,0.7551393508911133,0.3209550976753235,-0.07679881900548935,0.7685752511024475,0.2685830593109131,-0.07743209600448608,0.7505965232849121,0.5590299963951111,-0.05345592275261879,0.7716551423072815,0.4224216938018799,-0.06931861490011215,0.7825847268104553,0.35086631774902344,-0.07056179642677307,0.7912070155143738,0.30066466331481934,-0.0686187595129013,0.7840778231620789,0.5749592185020447,-0.05668210983276367,0.7970643639564514,0.46563926339149475,-0.06778451800346375,0.8027313351631165,0.40609660744667053,-0.0674348995089531,0.808327853679657,0.3595264256000519,-0.06415320187807083,0.0,0.0,0.0,0.0,0.0,0.0,0.0,0.0,0.0,0.0,0.0,0.0,0.0,0.0,0.0,0.0,0.0,0.0,0.0,0.0,0.0,0.0,0.0,0.0,0.0,0.0,0.0,0.0,0.0,0.0,0.0,0.0,0.0,0.0,0.0,0.0,0.0,0.0,0.0,0.0,0.0,0.0,0.0,0.0,0.0,0.0,0.0,0.0,0.0,0.0,0.0,0.0,0.0,0.0,0.0,0.0,0.0,0.0,0.0,0.0,0.0,0.0,0.0
come_here,0.6927961111068726,0.7165369987487793,2.255377751225751e-07,0.6320798397064209,0.6592925190925598,-0.0355769582092762,0.5993720293045044,0.5847759246826172,-0.06382551044225693,0.5912950038909912,0.5230678915977478,-0.08634208142757416,0.5866669416427612,0.4828178584575653,-0.10835420340299606,0.6665244102478027,0.5242131352424622,-0.07294278591871262,0.6898483037948608,0.382338285446167,-0.10181085765361786,0.7064625024795532,0.3065348267555237,-0.11271445453166962,0.7199211120605469,0.25438642501831055,-0.11686765402555466,0.7143877744674683,0.5398308634757996,-0.06911541521549225,0.7344333529472351,0.3872288465499878,-0.09616926312446594,0.7453999519348145,0.3027644157409668,-0.10585470497608185,0.7563521862030029,0.24275746941566467,-0.1099691167473793,0.7536564469337463,0.5537649989128113,-0.06628018617630005,0.7670567631721497,0.4119624197483063,-0.08675528317689896,0.7746498584747314,0.33076584339141846,-0.0944448858499527,0.7829272747039795,0.2713516354560852,-0.09719249606132507,0.78489750623703,0.5669454336166382,-0.06576186418533325,0.7950863242149353,0.4552736282348633,-0.081419937312603,0.8004806637763977,0.3905540704727173,-0.08569096028804779,0.8069132566452026,0.33804085850715637,-0.08583054691553116,0.0,0.0,0.0,0.0,0.0,0.0,0.0,0.0,0.0,0.0,0.0,0.0,0.0,0.0,0.0,0.0,0.0,0.0,0.0,0.0,0.0,0.0,0.0,0.0,0.0,0.0,0.0,0.0,0.0,0.0,0.0,0.0,0.0,0.0,0.0,0.0,0.0,0.0,0.0,0.0,0.0,0.0,0.0,0.0,0.0,0.0,0.0,0.0,0.0,0.0,0.0,0.0,0.0,0.0,0.0,0.0,0.0,0.0,0.0,0.0,0.0,0.0,0.0
come_here,0.6946744322776794,0.7000834941864014,2.5585657681403973e-07,0.6360777020454407,0.6313184499740601,-0.021634992212057114,0.5977566838264465,0.5514739751815796,-0.043459776788949966,0.5909600257873535,0.48095497488975525,-0.06332498788833618,0.6061558723449707,0.4473084509372711,-0.08237496018409729,0.6625522375106812,0.46909743547439575,-0.04919714108109474,0.6965411305427551,0.34209930896759033,-0.07483870536088943,0.7189167141914368,0.2745891809463501,-0.08666171878576279,0.7365502119064331,0.2257716953754425,-0.0919087678194046,0.7115024328231812,0.4850243031978607,-0.05058024823665619,0.741955578327179,0.34651362895965576,-0.0713893473148346,0.7600733041763306,0.2710496187210083,-0.0786556527018547,0.7732371091842651,0.21490880846977234,-0.08205099403858185,0.7553011178970337,0.5055111050605774,-0.053072672337293625,0.7773318886756897,0.3761429190635681,-0.06877551972866058,0.7891610264778137,0.30563056468963623,-0.07220529764890671,0.7972264885902405,0.2534169852733612,-0.07240951061248779,0.7937119007110596,0.5296363234519958,-0.057281650602817535,0.8084619641304016,0.42184895277023315,-0.06921157240867615,0.8162218928337097,0.3631300628185272,-0.07073047757148743,0.8226413130760193,0.31348660588264465,-0.06886796653270721,0.0,0.0,0.0,0.0,0.0,0.0,0.0,0.0,0.0,0.0,0.0,0.0,0.0,0.0,0.0,0.0,0.0,0.0,0.0,0.0,0.0,0.0,0.0,0.0,0.0,0.0,0.0,0.0,0.0,0.0,0.0,0.0,0.0,0.0,0.0,0.0,0.0,0.0,0.0,0.0,0.0,0.0,0.0,0.0,0.0,0.0,0.0,0.0,0.0,0.0,0.0,0.0,0.0,0.0,0.0,0.0,0.0,0.0,0.0,0.0,0.0,0.0,0.0
come_here,0.6967458128929138,0.7160341143608093,3.198209128640883e-07,0.6359567046165466,0.6446809768676758,-0.025024734437465668,0.6020774841308594,0.5577511191368103,-0.048585195094347,0.603337287902832,0.4809147119522095,-0.0684685930609703,0.6264609098434448,0.45543843507766724,-0.08743299543857574,0.6776519417762756,0.4846372604370117,-0.060411497950553894,0.7169427871704102,0.3518287241458893,-0.08767437189817429,0.7408809661865234,0.2815259099006653,-0.09865296632051468,0.759456992149353,0.23099857568740845,-0.10293282568454742,0.7291012406349182,0.5063501596450806,-0.059826597571372986,0.765705406665802,0.36229199171066284,-0.08493746072053909,0.7875191569328308,0.2829665541648865,-0.09246420115232468,0.8034051060676575,0.22306662797927856,-0.09463856369256973,0.7728285789489746,0.5307465195655823,-0.059624481946229935,0.7997798919677734,0.3934310972690582,-0.07928326725959778,0.8143314123153687,0.31839632987976074,-0.0832732617855072,0.8242378830909729,0.2619419991970062,-0.08241842687129974,0.8080439567565918,0.5567480325698853,-0.06083397567272186,0.8266551494598389,0.4420277774333954,-0.07570033520460129,0.8353895545005798,0.3786502480506897,-0.07782559841871262,0.8424319624900818,0.32553839683532715,-0.07531145960092545,0.0,0.0,0.0,0.0,0.0,0.0,0.0,0.0,0.0,0.0,0.0,0.0,0.0,0.0,0.0,0.0,0.0,0.0,0.0,0.0,0.0,0.0,0.0,0.0,0.0,0.0,0.0,0.0,0.0,0.0,0.0,0.0,0.0,0.0,0.0,0.0,0.0,0.0,0.0,0.0,0.0,0.0,0.0,0.0,0.0,0.0,0.0,0.0,0.0,0.0,0.0,0.0,0.0,0.0,0.0,0.0,0.0,0.0,0.0,0.0,0.0,0.0,0.0
come_here,0.6952503323554993,0.720744252204895,3.206613712336548e-07,0.6311518549919128,0.6512406468391418,-0.031286973506212234,0.5899977087974548,0.5654829144477844,-0.06037885695695877,0.5864490270614624,0.49114397168159485,-0.08493466675281525,0.6121687889099121,0.4628080129623413,-0.10867954790592194,0.6606191396713257,0.4995274543762207,-0.07510541379451752,0.69696044921875,0.35645002126693726,-0.10817410796880722,0.7211503386497498,0.2811482548713684,-0.1218247264623642,0.7411033511161804,0.22623810172080994,-0.12788020074367523,0.7149386405944824,0.5182250738143921,-0.0738682970404625,0.7475976347923279,0.36103519797325134,-0.10219769179821014,0.7679911255836487,0.2756078541278839,-0.11064556986093521,0.7827409505844116,0.21124273538589478,-0.11460872739553452,0.7615137100219727,0.5384188890457153,-0.07340521365404129,0.7858565449714661,0.38942378759384155,-0.095513716340065,0.7989785671234131,0.3080746531486511,-0.10016118735074997,0.8083069920539856,0.24711883068084717,-0.10081879794597626,0.79986172914505,0.5584797859191895,-0.07493320107460022,0.816082775592804,0.43759793043136597,-0.09262863546609879,0.8245685696601868,0.3713034391403198,-0.09659381210803986,0.831952691078186,0.3151841163635254,-0.0961693525314331,0.0,0.0,0.0,0.0,0.0,0.0,0.0,0.0,0.0,0.0,0.0,0.0,0.0,0.0,0.0,0.0,0.0,0.0,0.0,0.0,0.0,0.0,0.0,0.0,0.0,0.0,0.0,0.0,0.0,0.0,0.0,0.0,0.0,0.0,0.0,0.0,0.0,0.0,0.0,0.0,0.0,0.0,0.0,0.0,0.0,0.0,0.0,0.0,0.0,0.0,0.0,0.0,0.0,0.0,0.0,0.0,0.0,0.0,0.0,0.0,0.0,0.0,0.0
come_here,0.6977096796035767,0.7135483026504517,2.938370755600772e-07,0.6348848938941956,0.644147515296936,-0.028130026534199715,0.5973507165908813,0.5576891899108887,-0.0525970496237278,0.5952955484390259,0.4838499128818512,-0.07315663993358612,0.6153298020362854,0.4606247842311859,-0.0925438329577446,0.6787667274475098,0.49104636907577515,-0.06088909134268761,0.713839054107666,0.3516334891319275,-0.08764045685529709,0.7360463738441467,0.280090868473053,-0.0978497788310051,0.7531183362007141,0.23002296686172485,-0.10154739022254944,0.7313730120658875,0.511917233467102,-0.059740208089351654,0.7632549405097961,0.36031436920166016,-0.08460958302021027,0.7820386290550232,0.2785781919956207,-0.09174107015132904,0.7955335378646851,0.21966767311096191,-0.09360217303037643,0.7742019891738892,0.5332999229431152,-0.059653688222169876,0.797468364238739,0.38900142908096313,-0.0801776796579361,0.8097869753837585,0.30897969007492065,-0.08505699783563614,0.8193319439888,0.2501232624053955,-0.0847512036561966,0.8075024485588074,0.5546936392784119,-0.06124776601791382,0.8246027231216431,0.4374355971813202,-0.07788190245628357,0.8332939147949219,0.3727254271507263,-0.08123097568750381,0.8416441082954407,0.3194747567176819,-0.07956381142139435,0.0,0.0,0.0,0.0,0.0,0.0,0.0,0.0,0.0,0.0,0.0,0.0,0.0,0.0,0.0,0.0,0.0,0.0,0.0,0.0,0.0,0.0,0.0,0.0,0.0,0.0,0.0,0.0,0.0,0.0,0.0,0.0,0.0,0.0,0.0,0.0,0.0,0.0,0.0,0.0,0.0,0.0,0.0,0.0,0.0,0.0,0.0,0.0,0.0,0.0,0.0,0.0,0.0,0.0,0.0,0.0,0.0,0.0,0.0,0.0,0.0,0.0,0.0
come_here,0.7106945514678955,0.677827775478363,1.8229542320113978e-07,0.6493024826049805,0.6075286269187927,-0.026929151266813278,0.6121842265129089,0.5277391672134399,-0.050613392144441605,0.6065527200698853,0.4602344036102295,-0.07086987048387527,0.6239520907402039,0.44035670161247253,-0.08986962586641312,0.6888322234153748,0.46464136242866516,-0.056919604539871216,0.7164276242256165,0.3319539725780487,-0.08194198459386826,0.735821008682251,0.2628033757209778,-0.0918857678771019,0.7512667775154114,0.21344001591205597,-0.09573262184858322,0.7401314377784729,0.4815552830696106,-0.05575286224484444,0.7632399201393127,0.334379643201828,-0.07785595953464508,0.7784743309020996,0.25493738055229187,-0.08384710550308228,0.7915675640106201,0.1974547803401947,-0.08557390421628952,0.781903862953186,0.4993959963321686,-0.05555373802781105,0.7971608638763428,0.35907527804374695,-0.07326832413673401,0.806394100189209,0.2828207314014435,-0.07598651200532913,0.8152645230293274,0.2266957014799118,-0.07494746148586273,0.813441276550293,0.5171719789505005,-0.0573665015399456,0.8257222175598145,0.40566837787628174,-0.07113902270793915,0.831974983215332,0.3452130854129791,-0.07240315526723862,0.8398266434669495,0.2958071827888489,-0.06981298327445984,0.0,0.0,0.0,0.0,0.0,0.0,0.0,0.0,0.0,0.0,0.0,0.0,0.0,0.0,0.0,0.0,0.0,0.0,0.0,0.0,0.0,0.0,0.0,0.0,0.0,0.0,0.0,0.0,0.0,0.0,0.0,0.0,0.0,0.0,0.0,0.0,0.0,0.0,0.0,0.0,0.0,0.0,0.0,0.0,0.0,0.0,0.0,0.0,0.0,0.0,0.0,0.0,0.0,0.0,0.0,0.0,0.0,0.0,0.0,0.0,0.0,0.0,0.0
come_here,0.6787501573562622,0.6513076424598694,4.242574789259379e-07,0.6154427528381348,0.5902812480926514,-0.020114149898290634,0.573639988899231,0.5098394751548767,-0.0436704121530056,0.566926896572113,0.4313984215259552,-0.06425262242555618,0.594976007938385,0.40683484077453613,-0.08428853005170822,0.6331397294998169,0.4268726706504822,-0.05993450805544853,0.6701838970184326,0.29755666851997375,-0.08731339126825333,0.6947915554046631,0.22786687314510345,-0.09793505072593689,0.7152003645896912,0.17854371666908264,-0.10204078257083893,0.6849005818367004,0.4415844976902008,-0.06184244900941849,0.7184565663337708,0.2990068197250366,-0.08542300760746002,0.7406151294708252,0.22142119705677032,-0.09142152220010757,0.7574021220207214,0.1622510552406311,-0.0930737629532814,0.7327686548233032,0.46317726373672485,-0.06355632096529007,0.7567293643951416,0.32716646790504456,-0.08104373514652252,0.7700371146202087,0.25450143218040466,-0.08272630721330643,0.7790089845657349,0.20047122240066528,-0.08105431497097015,0.774389386177063,0.48887184262275696,-0.06623577326536179,0.7886547446250916,0.37347158789634705,-0.07884543389081955,0.7961776852607727,0.31096965074539185,-0.07926584035158157,0.8024755120277405,0.2579258382320404,-0.07601223140954971,0.0,0.0,0.0,0.0,0.0,0.0,0.0,0.0,0.0,0.0,0.0,0.0,0.0,0.0,0.0,0.0,0.0,0.0,0.0,0.0,0.0,0.0,0.0,0.0,0.0,0.0,0.0,0.0,0.0,0.0,0.0,0.0,0.0,0.0,0.0,0.0,0.0,0.0,0.0,0.0,0.0,0.0,0.0,0.0,0.0,0.0,0.0,0.0,0.0,0.0,0.0,0.0,0.0,0.0,0.0,0.0,0.0,0.0,0.0,0.0,0.0,0.0,0.0
come_here,0.6737970113754272,0.6239479184150696,3.04528185779418e-07,0.6136870980262756,0.5692147016525269,-0.010304328054189682,0.5757731199264526,0.4915962219238281,-0.026623187586665154,0.5729502439498901,0.4172261655330658,-0.04141206294298172,0.6001187562942505,0.39321866631507874,-0.05588191747665405,0.6333996057510376,0.40889832377433777,-0.044892534613609314,0.6702677011489868,0.291583776473999,-0.06564860045909882,0.6952925324440002,0.2294527143239975,-0.07269375026226044,0.7151081562042236,0.18628665804862976,-0.07469373941421509,0.6783209443092346,0.4206860363483429,-0.0482616163790226,0.7143422961235046,0.2921257019042969,-0.06476521492004395,0.7371553778648376,0.22429251670837402,-0.06772647798061371,0.7543153762817383,0.17489168047904968,-0.06795553117990494,0.7221547961235046,0.4402797520160675,-0.050942517817020416,0.7498701810836792,0.31897401809692383,-0.06200365722179413,0.7645998001098633,0.2534290552139282,-0.06304625421762466,0.7740721702575684,0.20589274168014526,-0.06207100674510002,0.7623384594917297,0.46538621187210083,-0.05392509698867798,0.7789172530174255,0.35952475666999817,-0.06196901574730873,0.786465048789978,0.3030579090118408,-0.06211058050394058,0.791959285736084,0.2549457550048828,-0.0595100000500679,0.0,0.0,0.0,0.0,0.0,0.0,0.0,0.0,0.0,0.0,0.0,0.0,0.0,0.0,0.0,0.0,0.0,0.0,0.0,0.0,0.0,0.0,0.0,0.0,0.0,0.0,0.0,0.0,0.0,0.0,0.0,0.0,0.0,0.0,0.0,0.0,0.0,0.0,0.0,0.0,0.0,0.0,0.0,0.0,0.0,0.0,0.0,0.0,0.0,0.0,0.0,0.0,0.0,0.0,0.0,0.0,0.0,0.0,0.0,0.0,0.0,0.0,0.0
come_here,0.5905429124832153,0.4912078082561493,3.1601183536622557e-07,0.5656776428222656,0.47934025526046753,-0.026383614167571068,0.5380533933639526,0.4520626366138458,-0.04824016988277435,0.5090376734733582,0.4352293312549591,-0.06885990500450134,0.48462575674057007,0.42118746042251587,-0.09046246856451035,0.5699030160903931,0.33156925439834595,-0.02650204487144947,0.5841010212898254,0.2669966518878937,-0.041638389229774475,0.5926264524459839,0.23132812976837158,-0.05487123504281044,0.6008694767951965,0.2028418332338333,-0.06543636322021484,0.5958057641983032,0.3206820785999298,-0.026841165497899055,0.6084981560707092,0.24883511662483215,-0.03966424614191055,0.6159724593162537,0.2111816257238388,-0.051030173897743225,0.6238561272621155,0.18168629705905914,-0.06039935722947121,0.6187804341316223,0.32607969641685486,-0.030431965366005898,0.6296795606613159,0.25743743777275085,-0.042299117892980576,0.636454164981842,0.21893730759620667,-0.049339912831783295,0.6427806615829468,0.18751108646392822,-0.05533195659518242,0.6396451592445374,0.34489473700523376,-0.036549318581819534,0.6508623957633972,0.2965232729911804,-0.04411628097295761,0.6573144197463989,0.265935480594635,-0.04537396505475044,0.6623541712760925,0.23915508389472961,-0.04699696972966194,0.0,0.0,0.0,0.0,0.0,0.0,0.0,0.0,0.0,0.0,0.0,0.0,0.0,0.0,0.0,0.0,0.0,0.0,0.0,0.0,0.0,0.0,0.0,0.0,0.0,0.0,0.0,0.0,0.0,0.0,0.0,0.0,0.0,0.0,0.0,0.0,0.0,0.0,0.0,0.0,0.0,0.0,0.0,0.0,0.0,0.0,0.0,0.0,0.0,0.0,0.0,0.0,0.0,0.0,0.0,0.0,0.0,0.0,0.0,0.0,0.0,0.0,0.0
come_here,0.5677346587181091,0.6476219296455383,4.0566200709690747e-07,0.5111614465713501,0.5932987332344055,-0.014307440258562565,0.4687817692756653,0.5226436853408813,-0.03712675720453262,0.4544302821159363,0.46100160479545593,-0.05834392085671425,0.4675704538822174,0.4377959966659546,-0.07978586107492447,0.5048624277114868,0.4548008143901825,-0.06478628516197205,0.5384538173675537,0.3200364112854004,-0.09324335306882858,0.5629841089248657,0.25094932317733765,-0.10242413729429245,0.582512617111206,0.20050173997879028,-0.10501720011234283,0.5513961315155029,0.4668335020542145,-0.07046995311975479,0.5834234356880188,0.3183406591415405,-0.09621472656726837,0.6056712865829468,0.23741799592971802,-0.10248015075922012,0.6211370229721069,0.17633455991744995,-0.10472626239061356,0.597422182559967,0.4807242155075073,-0.07499821484088898,0.6196579933166504,0.34140944480895996,-0.09403245151042938,0.6337423324584961,0.263199120759964,-0.09797775000333786,0.6428236365318298,0.2039317786693573,-0.09847560524940491,0.6398144364356995,0.49620503187179565,-0.07979413121938705,0.6533545851707458,0.38184088468551636,-0.09349628537893295,0.660408616065979,0.31714096665382385,-0.0955289974808693,0.6656556725502014,0.2620909810066223,-0.09452960640192032,0.0,0.0,0.0,0.0,0.0,0.0,0.0,0.0,0.0,0.0,0.0,0.0,0.0,0.0,0.0,0.0,0.0,0.0,0.0,0.0,0.0,0.0,0.0,0.0,0.0,0.0,0.0,0.0,0.0,0.0,0.0,0.0,0.0,0.0,0.0,0.0,0.0,0.0,0.0,0.0,0.0,0.0,0.0,0.0,0.0,0.0,0.0,0.0,0.0,0.0,0.0,0.0,0.0,0.0,0.0,0.0,0.0,0.0,0.0,0.0,0.0,0.0,0.0
come_here,0.4898081123828888,0.5536916255950928,1.6756322906985588e-07,0.43839913606643677,0.5326875448226929,-0.0459347739815712,0.3945508599281311,0.4846557378768921,-0.07656458020210266,0.3728195130825043,0.440152645111084,-0.1028984934091568,0.3666660189628601,0.4008680582046509,-0.12898026406764984,0.43625688552856445,0.36899682879447937,-0.05186185613274574,0.44074124097824097,0.27610358595848083,-0.07739891856908798,0.4464499354362488,0.2256762683391571,-0.09598323702812195,0.45069417357444763,0.18802881240844727,-0.10905088484287262,0.4738044738769531,0.3537609279155731,-0.04495543614029884,0.47666501998901367,0.2527884840965271,-0.06605058908462524,0.4789327383041382,0.19486352801322937,-0.08235377818346024,0.48018720746040344,0.1530449539422989,-0.0953960120677948,0.5087292790412903,0.3502635061740875,-0.04262828454375267,0.5145309567451477,0.25406235456466675,-0.060101382434368134,0.5150569081306458,0.19839291274547577,-0.07128787040710449,0.5138022303581238,0.1578620970249176,-0.07975854724645615,0.5417298674583435,0.3596787452697754,-0.044623274356126785,0.5479029417037964,0.28265899419784546,-0.05835471674799919,0.549563467502594,0.23390966653823853,-0.06438642740249634,0.5488513708114624,0.19571787118911743,-0.06882923096418381,0.0,0.0,0.0,0.0,0.0,0.0,0.0,0.0,0.0,0.0,0.0,0.0,0.0,0.0,0.0,0.0,0.0,0.0,0.0,0.0,0.0,0.0,0.0,0.0,0.0,0.0,0.0,0.0,0.0,0.0,0.0,0.0,0.0,0.0,0.0,0.0,0.0,0.0,0.0,0.0,0.0,0.0,0.0,0.0,0.0,0.0,0.0,0.0,0.0,0.0,0.0,0.0,0.0,0.0,0.0,0.0,0.0,0.0,0.0,0.0,0.0,0.0,0.0
come_here,0.44429001212120056,0.6361736059188843,1.6429324034561432e-07,0.38419562578201294,0.5941683053970337,0.004551793448626995,0.34505096077919006,0.5361820459365845,-0.002802243223413825,0.3249128460884094,0.4840153157711029,-0.010272685438394547,0.31082797050476074,0.45132723450660706,-0.017797863110899925,0.34963518381118774,0.4540826678276062,-0.03911645710468292,0.36345404386520386,0.3132919669151306,-0.05558909475803375,0.3778959810733795,0.24678507447242737,-0.056518953293561935,0.38709840178489685,0.19918522238731384,-0.0537014864385128,0.3877565860748291,0.4519224166870117,-0.04739929735660553,0.4010811150074005,0.2986493706703186,-0.06513968855142593,0.41234803199768066,0.22531059384346008,-0.06674172729253769,0.4188123047351837,0.17265529930591583,-0.06593193858861923,0.4278620779514313,0.4536014497280121,-0.05312912166118622,0.43475624918937683,0.3182685375213623,-0.06481418758630753,0.441264808177948,0.24757522344589233,-0.06782486289739609,0.44313549995422363,0.19742806255817413,-0.06853697448968887,0.46547195315361023,0.46008798480033875,-0.05742179602384567,0.467406690120697,0.3597908020019531,-0.06323082000017166,0.4678889214992523,0.3028704524040222,-0.06458123028278351,0.4652925729751587,0.2576219141483307,-0.06448404490947723,0.0,0.0,0.0,0.0,0.0,0.0,0.0,0.0,0.0,0.0,0.0,0.0,0.0,0.0,0.0,0.0,0.0,0.0,0.0,0.0,0.0,0.0,0.0,0.0,0.0,0.0,0.0,0.0,0.0,0.0,0.0,0.0,0.0,0.0,0.0,0.0,0.0,0.0,0.0,0.0,0.0,0.0,0.0,0.0,0.0,0.0,0.0,0.0,0.0,0.0,0.0,0.0,0.0,0.0,0.0,0.0,0.0,0.0,0.0,0.0,0.0,0.0,0.0
come_here,0.5154616236686707,0.6480790376663208,1.644416727231146e-07,0.453141450881958,0.6100651025772095,-0.005496812518686056,0.4098105728626251,0.5526742339134216,-0.01788099855184555,0.39143097400665283,0.4967353343963623,-0.029556339606642723,0.3903629183769226,0.4631509482860565,-0.041593026369810104,0.4372568726539612,0.47223618626594543,-0.041236452758312225,0.4490598738193512,0.3359740972518921,-0.05831475928425789,0.46275681257247925,0.2701186537742615,-0.06109935790300369,0.4732966721057892,0.22306062281131744,-0.059843964874744415,0.478331983089447,0.4722129702568054,-0.04685986042022705,0.48937785625457764,0.32481035590171814,-0.06365624070167542,0.5004720687866211,0.2520773410797119,-0.06703649461269379,0.5114172697067261,0.19903896749019623,-0.0673396959900856,0.5183330774307251,0.4771248698234558,-0.051160115748643875,0.5224961638450623,0.34380650520324707,-0.06302442401647568,0.5283381342887878,0.27254167199134827,-0.06749720126390457,0.5338466763496399,0.22036686539649963,-0.0690460056066513,0.5548558831214905,0.4860617518424988,-0.054935432970523834,0.5568215250968933,0.381009578704834,-0.06313759833574295,0.5583080053329468,0.32331570982933044,-0.06485576927661896,0.5594583749771118,0.2764459550380707,-0.064244344830513,0.0,0.0,0.0,0.0,0.0,0.0,0.0,0.0,0.0,0.0,0.0,0.0,0.0,0.0,0.0,0.0,0.0,0.0,0.0,0.0,0.0,0.0,0.0,0.0,0.0,0.0,0.0,0.0,0.0,0.0,0.0,0.0,0.0,0.0,0.0,0.0,0.0,0.0,0.0,0.0,0.0,0.0,0.0,0.0,0.0,0.0,0.0,0.0,0.0,0.0,0.0,0.0,0.0,0.0,0.0,0.0,0.0,0.0,0.0,0.0,0.0,0.0,0.0
come_here,0.5749713182449341,0.6469975113868713,-1.8777825516735902e-08,0.512423574924469,0.605412483215332,-0.005977307911962271,0.4749659299850464,0.543634295463562,-0.015638764947652817,0.46226441860198975,0.48994243144989014,-0.02531304955482483,0.46079713106155396,0.4574180841445923,-0.03518308699131012,0.5187079310417175,0.45386070013046265,-0.02581118233501911,0.5302412509918213,0.32219916582107544,-0.04022004082798958,0.5401515364646912,0.26110193133354187,-0.044216934591531754,0.5487921237945557,0.21846985816955566,-0.04440566524863243,0.5598617792129517,0.45192310214042664,-0.03053360804915428,0.5696175694465637,0.309575617313385,-0.045050688087940216,0.5771220326423645,0.2401396781206131,-0.049609147012233734,0.585813045501709,0.1917230188846588,-0.05095584690570831,0.5984110236167908,0.4582003057003021,-0.0353359617292881,0.6032816767692566,0.32916152477264404,-0.046475835144519806,0.6063040494918823,0.2589160203933716,-0.051222771406173706,0.6084803342819214,0.2094135880470276,-0.05252249911427498,0.634728729724884,0.4732339382171631,-0.04004495590925217,0.6384512186050415,0.3728131353855133,-0.046204935759305954,0.6394596099853516,0.3136243522167206,-0.046562302857637405,0.6394702196121216,0.266701877117157,-0.04498102515935898,0.0,0.0,0.0,0.0,0.0,0.0,0.0,0.0,0.0,0.0,0.0,0.0,0.0,0.0,0.0,0.0,0.0,0.0,0.0,0.0,0.0,0.0,0.0,0.0,0.0,0.0,0.0,0.0,0.0,0.0,0.0,0.0,0.0,0.0,0.0,0.0,0.0,0.0,0.0,0.0,0.0,0.0,0.0,0.0,0.0,0.0,0.0,0.0,0.0,0.0,0.0,0.0,0.0,0.0,0.0,0.0,0.0,0.0,0.0,0.0,0.0,0.0,0.0
come_here,0.6560078859329224,0.5456801056861877,1.5923171758913668e-07,0.6160776019096375,0.5174844264984131,-0.019880741834640503,0.5832546353340149,0.4839155972003937,-0.03828310966491699,0.5546644330024719,0.4683159589767456,-0.05752526596188545,0.5313347578048706,0.45269814133644104,-0.07805995643138885,0.6150444746017456,0.3565044403076172,-0.01425721775740385,0.6184907555580139,0.28858065605163574,-0.029864944517612457,0.6223210692405701,0.2531059980392456,-0.04582461342215538,0.6262702941894531,0.22418750822544098,-0.058279410004615784,0.648474395275116,0.34963077306747437,-0.017978206276893616,0.6538944244384766,0.2731797695159912,-0.027073727920651436,0.6556190848350525,0.23325112462043762,-0.03875182569026947,0.6574408411979675,0.19949109852313995,-0.05034130811691284,0.6793426871299744,0.3590552508831024,-0.025344591587781906,0.6847361922264099,0.28898099064826965,-0.03383910655975342,0.6838215589523315,0.25306227803230286,-0.03997247293591499,0.6813482642173767,0.22358930110931396,-0.04676133394241333,0.7097243666648865,0.38323646783828735,-0.035444796085357666,0.7162653803825378,0.3346298635005951,-0.04014914110302925,0.716899573802948,0.3059465289115906,-0.03947427123785019,0.714826762676239,0.27968668937683105,-0.040785882622003555,0.6412012577056885,0.6810952425003052,3.233562324567174e-07,0.5747337341308594,0.6440030932426453,-0.02322077378630638,0.5314499139785767,0.5767031908035278,-0.04033086076378822,0.5202910304069519,0.5165359377861023,-0.05423185974359512,0.5172255039215088,0.4753245413303375,-0.06784567981958389,0.5933489799499512,0.5032090544700623,-0.04354161396622658,0.6017782688140869,0.4019049406051636,-0.06399966776371002,0.6084333658218384,0.3406839966773987,-0.07484022527933121,0.6123269200325012,0.29421091079711914,-0.08031316846609116,0.6411803364753723,0.49963852763175964,-0.04491874575614929,0.6488036513328552,0.38035935163497925,-0.06302161514759064,0.6509200930595398,0.3046570420265198,-0.07298139482736588,0.6505545973777771,0.24761304259300232,-0.07877901196479797,0.6808782815933228,0.5037723183631897,-0.04748903587460518,0.6864246129989624,0.3853011131286621,-0.06357978284358978,0.6875479221343994,0.31199461221694946,-0.07342042028903961,0.6858230829238892,0.25772625207901,-0.07797302305698395,0.7132447957992554,0.5143328309059143,-0.05142025277018547,0.7193126082420349,0.4136558175086975,-0.06529048085212708,0.7195190787315369,0.3527372479438782,-0.07071267813444138,0.7173275351524353,0.30323392152786255,-0.07189583033323288
come_here,0.6570340394973755,0.7022554874420166,4.244383831064624e-07,0.5913288593292236,0.6522515416145325,-0.030120478942990303,0.5428627133369446,0.5794402360916138,-0.05879049003124237,0.5280970931053162,0.5040016174316406,-0.08312968909740448,0.5514731407165527,0.4717928171157837,-0.10604555159807205,0.6014609336853027,0.5032487511634827,-0.07117584347724915,0.6275054812431335,0.35759395360946655,-0.10277136415243149,0.6454411149024963,0.2806206941604614,-0.11395887285470963,0.6601898670196533,0.22594165802001953,-0.11766032129526138,0.6549100279808044,0.5105454921722412,-0.0694604218006134,0.6749324798583984,0.35203278064727783,-0.0981079712510109,0.6863494515419006,0.26535552740097046,-0.10495761781930923,0.6946397423744202,0.19917726516723633,-0.10629674792289734,0.7020211219787598,0.5209221839904785,-0.06839312613010406,0.7145876884460449,0.3738335371017456,-0.09041115641593933,0.718442976474762,0.29591965675354004,-0.09240955859422684,0.7204632759094238,0.23678267002105713,-0.08994805067777634,0.7408089637756348,0.5339798927307129,-0.06915181130170822,0.7469669580459595,0.41618555784225464,-0.08527630567550659,0.7483972311019897,0.351701557636261,-0.08646104484796524,0.7484884262084961,0.29706162214279175,-0.08322840183973312,0.0,0.0,0.0,0.0,0.0,0.0,0.0,0.0,0.0,0.0,0.0,0.0,0.0,0.0,0.0,0.0,0.0,0.0,0.0,0.0,0.0,0.0,0.0,0.0,0.0,0.0,0.0,0.0,0.0,0.0,0.0,0.0,0.0,0.0,0.0,0.0,0.0,0.0,0.0,0.0,0.0,0.0,0.0,0.0,0.0,0.0,0.0,0.0,0.0,0.0,0.0,0.0,0.0,0.0,0.0,0.0,0.0,0.0,0.0,0.0,0.0,0.0,0.0
come_here,0.4981110692024231,0.5473983287811279,1.193252501252573e-07,0.4453558325767517,0.5312250852584839,-0.031273003667593,0.40925419330596924,0.4969406723976135,-0.05584769323468208,0.38882941007614136,0.46636807918548584,-0.07663805782794952,0.37460970878601074,0.43836861848831177,-0.09777026623487473,0.44859111309051514,0.3946971297264099,-0.05541493371129036,0.45364412665367126,0.28861480951309204,-0.07917522639036179,0.4607636630535126,0.23662590980529785,-0.0918583869934082,0.46896737813949585,0.1997954398393631,-0.09869036078453064,0.487120658159256,0.37581557035446167,-0.051052525639534,0.4930305480957031,0.25163590908050537,-0.07137133181095123,0.4962613582611084,0.18621984124183655,-0.0801273062825203,0.4999455213546753,0.13933278620243073,-0.08611849695444107,0.52305006980896,0.3689899444580078,-0.0486435666680336,0.5296416878700256,0.25899773836135864,-0.06408818811178207,0.5301090478897095,0.20007728040218353,-0.07020393759012222,0.5293482542037964,0.1565028876066208,-0.07373739778995514,0.5556568503379822,0.37517186999320984,-0.04859452694654465,0.5612595081329346,0.2920055389404297,-0.057979825884103775,0.560431957244873,0.24040499329566956,-0.05948663875460625,0.5574648380279541,0.19986417889595032,-0.059901949018239975,0.0,0.0,0.0,0.0,0.0,0.0,0.0,0.0,0.0,0.0,0.0,0.0,0.0,0.0,0.0,0.0,0.0,0.0,0.0,0.0,0.0,0.0,0.0,0.0,0.0,0.0,0.0,0.0,0.0,0.0,0.0,0.0,0.0,0.0,0.0,0.0,0.0,0.0,0.0,0.0,0.0,0.0,0.0,0.0,0.0,0.0,0.0,0.0,0.0,0.0,0.0,0.0,0.0,0.0,0.0,0.0,0.0,0.0,0.0,0.0,0.0,0.0,0.0
come_here,0.5427226424217224,0.6236811876296997,4.805449975719966e-07,0.47878319025039673,0.58772873878479,-0.012196540832519531,0.4318771958351135,0.5296680927276611,-0.03285637125372887,0.4116970896720886,0.4677866995334625,-0.052801478654146194,0.4271138310432434,0.44285550713539124,-0.07329127192497253,0.46281856298446655,0.43435269594192505,-0.04716639593243599,0.48270148038864136,0.31160810589790344,-0.0705377608537674,0.5012128353118896,0.24693630635738373,-0.07974371314048767,0.5173695087432861,0.20226316154003143,-0.08305340260267258,0.5055435299873352,0.43559783697128296,-0.052931856364011765,0.5230911374092102,0.3050709366798401,-0.07112567871809006,0.5386203527450562,0.23549526929855347,-0.07701591402292252,0.5509105920791626,0.18435963988304138,-0.07957076281309128,0.5498507618904114,0.4448971152305603,-0.05839642137289047,0.5592027306556702,0.3234567940235138,-0.07102193683385849,0.5672980546951294,0.2548261284828186,-0.07657641917467117,0.572864830493927,0.2061670571565628,-0.07939533144235611,0.593109130859375,0.460491806268692,-0.06417956203222275,0.5969195365905762,0.3610776364803314,-0.07387669384479523,0.5990164279937744,0.30552613735198975,-0.07659086585044861,0.5998210310935974,0.2592432498931885,-0.0764574483036995,0.0,0.0,0.0,0.0,0.0,0.0,0.0,0.0,0.0,0.0,0.0,0.0,0.0,0.0,0.0,0.0,0.0,0.0,0.0,0.0,0.0,0.0,0.0,0.0,0.0,0.0,0.0,0.0,0.0,0.0,0.0,0.0,0.0,0.0,0.0,0.0,0.0,0.0,0.0,0.0,0.0,0.0,0.0,0.0,0.0,0.0,0.0,0.0,0.0,0.0,0.0,0.0,0.0,0.0,0.0,0.0,0.0,0.0,0.0,0.0,0.0,0.0,0.0
come_here,0.5019937753677368,0.58925861120224,4.584867951962224e-07,0.43967872858047485,0.5601108074188232,-0.007800322026014328,0.393532931804657,0.5096104145050049,-0.025868624448776245,0.3732742667198181,0.4540098011493683,-0.043347619473934174,0.3756972849369049,0.41871944069862366,-0.06124085560441017,0.4105592370033264,0.41177770495414734,-0.04902088642120361,0.4315861761569977,0.28600820899009705,-0.07021570950746536,0.45078685879707336,0.2200012356042862,-0.07552603632211685,0.46679404377937317,0.17593751847743988,-0.0754782184958458,0.45175009965896606,0.410691499710083,-0.05535136163234711,0.4706486463546753,0.2726268768310547,-0.07271987199783325,0.4877198338508606,0.20210912823677063,-0.07606005668640137,0.5022268891334534,0.15160784125328064,-0.07626833021640778,0.4970402121543884,0.41644126176834106,-0.060419321060180664,0.5100458264350891,0.2936672568321228,-0.072207510471344,0.5204755067825317,0.2282187044620514,-0.07575288414955139,0.527869701385498,0.1822817027568817,-0.07669682800769806,0.5425673127174377,0.4292025566101074,-0.06512699276208878,0.5454714894294739,0.3272631764411926,-0.07311883568763733,0.5464951395988464,0.27312564849853516,-0.07419457286596298,0.5450742244720459,0.22757692635059357,-0.07267667353153229,0.0,0.0,0.0,0.0,0.0,0.0,0.0,0.0,0.0,0.0,0.0,0.0,0.0,0.0,0.0,0.0,0.0,0.0,0.0,0.0,0.0,0.0,0.0,0.0,0.0,0.0,0.0,0.0,0.0,0.0,0.0,0.0,0.0,0.0,0.0,0.0,0.0,0.0,0.0,0.0,0.0,0.0,0.0,0.0,0.0,0.0,0.0,0.0,0.0,0.0,0.0,0.0,0.0,0.0,0.0,0.0,0.0,0.0,0.0,0.0,0.0,0.0,0.0
come_here,0.4832025468349457,0.5427040457725525,3.154121088755346e-07,0.4255902171134949,0.5187674760818481,-0.002750203013420105,0.38427528738975525,0.46932873129844666,-0.012764080427587032,0.36978474259376526,0.41907113790512085,-0.023647677153348923,0.37276265025138855,0.392366498708725,-0.03471527248620987,0.41043955087661743,0.36852046847343445,-0.02061275765299797,0.4233987629413605,0.2653105854988098,-0.03409533202648163,0.43937578797340393,0.21132218837738037,-0.04035072773694992,0.45337221026420593,0.17495644092559814,-0.04240084066987038,0.4457395076751709,0.36475279927253723,-0.02708379738032818,0.45950672030448914,0.2567138075828552,-0.03523537516593933,0.4728831946849823,0.1975679248571396,-0.039313849061727524,0.48650485277175903,0.1540682464838028,-0.04166010767221451,0.4817396104335785,0.3685455322265625,-0.03347479924559593,0.49199503660202026,0.2724533975124359,-0.03734264895319939,0.5015912055969238,0.2165609449148178,-0.04172447323799133,0.509908139705658,0.1770288050174713,-0.04484731703996658,0.5164375305175781,0.37987712025642395,-0.04004159942269325,0.518600583076477,0.29936644434928894,-0.04178950935602188,0.5198449492454529,0.2545563876628876,-0.04231245815753937,0.5205181241035461,0.21772833168506622,-0.04170987755060196,0.0,0.0,0.0,0.0,0.0,0.0,0.0,0.0,0.0,0.0,0.0,0.0,0.0,0.0,0.0,0.0,0.0,0.0,0.0,0.0,0.0,0.0,0.0,0.0,0.0,0.0,0.0,0.0,0.0,0.0,0.0,0.0,0.0,0.0,0.0,0.0,0.0,0.0,0.0,0.0,0.0,0.0,0.0,0.0,0.0,0.0,0.0,0.0,0.0,0.0,0.0,0.0,0.0,0.0,0.0,0.0,0.0,0.0,0.0,0.0,0.0,0.0,0.0
come_here,0.48614153265953064,0.5793008804321289,2.8515344752122473e-07,0.42794713377952576,0.5417615175247192,0.0012317808577790856,0.38595616817474365,0.48667189478874207,-0.009115230292081833,0.36818617582321167,0.4335993528366089,-0.020681245252490044,0.369997501373291,0.4018782079219818,-0.03251390531659126,0.4079698920249939,0.391692191362381,-0.02923743985593319,0.42323821783065796,0.2727372348308563,-0.04653680697083473,0.4428933560848236,0.2144971787929535,-0.052614975720644,0.46014532446861267,0.17461982369422913,-0.05374780297279358,0.44390103220939636,0.38930782675743103,-0.03792300447821617,0.461325079202652,0.263436883687973,-0.05146363377571106,0.4773050546646118,0.19624051451683044,-0.05617105960845947,0.4921700358390808,0.14781342446804047,-0.05812903866171837,0.48335322737693787,0.3952752351760864,-0.045514654368162155,0.4970865547657013,0.2818855047225952,-0.053443994373083115,0.5076957941055298,0.21760204434394836,-0.05828145146369934,0.5152432918548584,0.17121224105358124,-0.06109195202589035,0.5234010219573975,0.4093207120895386,-0.05249853804707527,0.5298250913619995,0.31663012504577637,-0.05791137367486954,0.5318138003349304,0.2635215222835541,-0.059973329305648804,0.5316668152809143,0.21772855520248413,-0.059903256595134735,0.0,0.0,0.0,0.0,0.0,0.0,0.0,0.0,0.0,0.0,0.0,0.0,0.0,0.0,0.0,0.0,0.0,0.0,0.0,0.0,0.0,0.0,0.0,0.0,0.0,0.0,0.0,0.0,0.0,0.0,0.0,0.0,0.0,0.0,0.0,0.0,0.0,0.0,0.0,0.0,0.0,0.0,0.0,0.0,0.0,0.0,0.0,0.0,0.0,0.0,0.0,0.0,0.0,0.0,0.0,0.0,0.0,0.0,0.0,0.0,0.0,0.0,0.0
come_here,0.5064383149147034,0.5983169674873352,3.6333500474938774e-07,0.4489562511444092,0.5597013235092163,-0.005189231596887112,0.40607523918151855,0.4986606240272522,-0.018980860710144043,0.3889279365539551,0.44015204906463623,-0.033019136637449265,0.3987407088279724,0.41746729612350464,-0.047633327543735504,0.4336133599281311,0.41435056924819946,-0.03688248246908188,0.4556230306625366,0.29526904225349426,-0.05484016239643097,0.4748426675796509,0.23410941660404205,-0.06057989224791527,0.4912281334400177,0.1923438459634781,-0.061784666031599045,0.47300124168395996,0.41872870922088623,-0.04355628415942192,0.49557286500930786,0.29059210419654846,-0.057451050728559494,0.5134246349334717,0.2237781584262848,-0.061888840049505234,0.5281656384468079,0.1748306155204773,-0.06382185965776443,0.5146418213844299,0.429887980222702,-0.049399483948946,0.53299480676651,0.3148178160190582,-0.05897717550396919,0.5452983975410461,0.25092703104019165,-0.06396867334842682,0.5538954138755798,0.20470982789993286,-0.0665794312953949,0.5545782446861267,0.4453427493572235,-0.0549333319067955,0.5611181259155273,0.3482569754123688,-0.062325652688741684,0.5636638402938843,0.29489967226982117,-0.06463675200939178,0.5644232034683228,0.24914348125457764,-0.06453745067119598,0.0,0.0,0.0,0.0,0.0,0.0,0.0,0.0,0.0,0.0,0.0,0.0,0.0,0.0,0.0,0.0,0.0,0.0,0.0,0.0,0.0,0.0,0.0,0.0,0.0,0.0,0.0,0.0,0.0,0.0,0.0,0.0,0.0,0.0,0.0,0.0,0.0,0.0,0.0,0.0,0.0,0.0,0.0,0.0,0.0,0.0,0.0,0.0,0.0,0.0,0.0,0.0,0.0,0.0,0.0,0.0,0.0,0.0,0.0,0.0,0.0,0.0,0.0
come_here,0.5406436324119568,0.5868344306945801,3.8007121361260943e-07,0.4836200177669525,0.5485600829124451,-0.00033883366268128157,0.44479668140411377,0.48808473348617554,-0.01076118927448988,0.4354512095451355,0.42757654190063477,-0.022028882056474686,0.45133882761001587,0.412125825881958,-0.03397229313850403,0.48039835691452026,0.4004579484462738,-0.0270759966224432,0.5075141191482544,0.29361629486083984,-0.03928563371300697,0.5285055041313171,0.23937025666236877,-0.04216291010379791,0.5447368025779724,0.20291022956371307,-0.041789427399635315,0.5166981220245361,0.40498030185699463,-0.033926110714673996,0.544239342212677,0.28915053606033325,-0.04142241179943085,0.562719464302063,0.22948719561100006,-0.041710879653692245,0.5778701901435852,0.18803845345973969,-0.04105840250849724,0.5544432401657104,0.41743600368499756,-0.03963945433497429,0.5775926113128662,0.3137311637401581,-0.042640093713998795,0.5916630625724792,0.2593766152858734,-0.04367855191230774,0.601144552230835,0.22236928343772888,-0.044372737407684326,0.5906271934509277,0.43566733598709106,-0.0450475700199604,0.6041721701622009,0.34766852855682373,-0.046266667544841766,0.6101372241973877,0.30232375860214233,-0.04502367228269577,0.6129248738288879,0.26473158597946167,-0.04296387359499931,0.0,0.0,0.0,0.0,0.0,0.0,0.0,0.0,0.0,0.0,0.0,0.0,0.0,0.0,0.0,0.0,0.0,0.0,0.0,0.0,0.0,0.0,0.0,0.0,0.0,0.0,0.0,0.0,0.0,0.0,0.0,0.0,0.0,0.0,0.0,0.0,0.0,0.0,0.0,0.0,0.0,0.0,0.0,0.0,0.0,0.0,0.0,0.0,0.0,0.0,0.0,0.0,0.0,0.0,0.0,0.0,0.0,0.0,0.0,0.0,0.0,0.0,0.0
come_here,0.49284833669662476,0.6343129873275757,4.909493895866035e-07,0.43189704418182373,0.5977935791015625,-0.0042839678935706615,0.38850536942481995,0.5392079949378967,-0.019289499148726463,0.3702884316444397,0.48195093870162964,-0.03435517102479935,0.3734206259250641,0.4494588375091553,-0.05043545737862587,0.40341293811798096,0.4569486975669861,-0.04588797688484192,0.4213423430919647,0.32122647762298584,-0.06733185797929764,0.4405534863471985,0.2505626082420349,-0.07336317002773285,0.4568808376789093,0.2011282742023468,-0.07372800260782242,0.44429028034210205,0.45668551325798035,-0.05400320515036583,0.4614749252796173,0.3110235333442688,-0.07241407781839371,0.47872233390808105,0.2334667146205902,-0.07693497836589813,0.4933563768863678,0.17711427807807922,-0.07777866721153259,0.4889688789844513,0.4619445502758026,-0.06062367931008339,0.4982508718967438,0.3280692994594574,-0.07371551543474197,0.5076196789741516,0.2509271502494812,-0.07967081665992737,0.5148734450340271,0.19511198997497559,-0.08212161064147949,0.5334815979003906,0.4720710813999176,-0.06643639504909515,0.5387646555900574,0.3633984923362732,-0.07569030672311783,0.5417535901069641,0.3027125597000122,-0.07787664234638214,0.542810320854187,0.2517572045326233,-0.07727126777172089,0.0,0.0,0.0,0.0,0.0,0.0,0.0,0.0,0.0,0.0,0.0,0.0,0.0,0.0,0.0,0.0,0.0,0.0,0.0,0.0,0.0,0.0,0.0,0.0,0.0,0.0,0.0,0.0,0.0,0.0,0.0,0.0,0.0,0.0,0.0,0.0,0.0,0.0,0.0,0.0,0.0,0.0,0.0,0.0,0.0,0.0,0.0,0.0,0.0,0.0,0.0,0.0,0.0,0.0,0.0,0.0,0.0,0.0,0.0,0.0,0.0,0.0,0.0
come_here,0.5566710829734802,0.5938374996185303,3.85823227588844e-07,0.4987855553627014,0.5577669143676758,-0.005475462414324284,0.4600563645362854,0.49809643626213074,-0.017943743616342545,0.44793927669525146,0.4394264221191406,-0.03061300329864025,0.4602563977241516,0.419333279132843,-0.043534327298402786,0.4945712685585022,0.41077810525894165,-0.028791358694434166,0.5180522203445435,0.30167293548583984,-0.04437959939241409,0.537062406539917,0.243634432554245,-0.0498967207968235,0.5520600080490112,0.20454658567905426,-0.05081648752093315,0.5334387421607971,0.415481835603714,-0.034420955926179886,0.55631023645401,0.2990460991859436,-0.04491981491446495,0.5736777186393738,0.23641197383403778,-0.0474928580224514,0.5887126326560974,0.1901465505361557,-0.04788985848426819,0.5724484324455261,0.427483469247818,-0.03973356634378433,0.5922496914863586,0.3245200514793396,-0.04615030065178871,0.6051833629608154,0.26813215017318726,-0.048798173666000366,0.614417552947998,0.22753654420375824,-0.049563392996788025,0.6090545654296875,0.44478839635849,-0.04512432962656021,0.6211216449737549,0.3580551743507385,-0.049234628677368164,0.6264193654060364,0.31131672859191895,-0.0487600676715374,0.6289734840393066,0.27223294973373413,-0.04642462730407715,0.0,0.0,0.0,0.0,0.0,0.0,0.0,0.0,0.0,0.0,0.0,0.0,0.0,0.0,0.0,0.0,0.0,0.0,0.0,0.0,0.0,0.0,0.0,0.0,0.0,0.0,0.0,0.0,0.0,0.0,0.0,0.0,0.0,0.0,0.0,0.0,0.0,0.0,0.0,0.0,0.0,0.0,0.0,0.0,0.0,0.0,0.0,0.0,0.0,0.0,0.0,0.0,0.0,0.0,0.0,0.0,0.0,0.0,0.0,0.0,0.0,0.0,0.0
come_here,0.5547854900360107,0.665546715259552,3.781803741276235e-07,0.49191927909851074,0.6133997440338135,-0.007304345723241568,0.44643694162368774,0.5456406474113464,-0.026129845529794693,0.42830950021743774,0.480365514755249,-0.044185396283864975,0.44058215618133545,0.44784480333328247,-0.06247697398066521,0.47230038046836853,0.46231237053871155,-0.0583423413336277,0.5004291534423828,0.3215455412864685,-0.08459032326936722,0.5241657495498657,0.2514490485191345,-0.09125923365354538,0.5438752174377441,0.19983631372451782,-0.09227611124515533,0.5182129740715027,0.4650437831878662,-0.06555596739053726,0.5452044606208801,0.3124944567680359,-0.08876793086528778,0.5656620860099792,0.23479598760604858,-0.0923594981431961,0.5812994241714478,0.17572012543678284,-0.09277305006980896,0.5665609240531921,0.4748666286468506,-0.07111930847167969,0.5820447206497192,0.33223509788513184,-0.08793375641107559,0.5941336154937744,0.2572869658470154,-0.09011563658714294,0.6023399829864502,0.20046710968017578,-0.08981668204069138,0.6124876737594604,0.4907551109790802,-0.07633968442678452,0.6193200945854187,0.37454694509506226,-0.08909441530704498,0.622414767742157,0.3104933202266693,-0.09099701046943665,0.6244348287582397,0.2535570561885834,-0.08993414044380188,0.0,0.0,0.0,0.0,0.0,0.0,0.0,0.0,0.0,0.0,0.0,0.0,0.0,0.0,0.0,0.0,0.0,0.0,0.0,0.0,0.0,0.0,0.0,0.0,0.0,0.0,0.0,0.0,0.0,0.0,0.0,0.0,0.0,0.0,0.0,0.0,0.0,0.0,0.0,0.0,0.0,0.0,0.0,0.0,0.0,0.0,0.0,0.0,0.0,0.0,0.0,0.0,0.0,0.0,0.0,0.0,0.0,0.0,0.0,0.0,0.0,0.0,0.0
come_here,0.6066510677337646,0.6231256723403931,3.3562844237167155e-07,0.5445879101753235,0.5779634714126587,-0.010666321963071823,0.5069490671157837,0.512079119682312,-0.024621864780783653,0.49558496475219727,0.45114222168922424,-0.03784358873963356,0.5026947855949402,0.42498281598091125,-0.050882115960121155,0.5521591901779175,0.4309844374656677,-0.03463762253522873,0.5739780068397522,0.3110893964767456,-0.052083857357501984,0.5922526717185974,0.249609112739563,-0.05771533027291298,0.6081108450889587,0.20821228623390198,-0.05843384936451912,0.5963882207870483,0.4377928376197815,-0.03838995099067688,0.6169186234474182,0.30976366996765137,-0.052538998425006866,0.6319336891174316,0.24157562851905823,-0.05568411946296692,0.6455897092819214,0.19035306572914124,-0.05541031435132027,0.6375553607940674,0.45198753476142883,-0.04227282106876373,0.6553326845169067,0.3352334201335907,-0.0531790666282177,0.6643221974372864,0.2704950273036957,-0.05562392622232437,0.6709431409835815,0.22207823395729065,-0.05481515824794769,0.6739540100097656,0.471367210149765,-0.0465039424598217,0.6848962306976318,0.3751545548439026,-0.054247744381427765,0.689407467842102,0.32229137420654297,-0.05385591462254524,0.6917533278465271,0.27703481912612915,-0.05054395645856857,0.0,0.0,0.0,0.0,0.0,0.0,0.0,0.0,0.0,0.0,0.0,0.0,0.0,0.0,0.0,0.0,0.0,0.0,0.0,0.0,0.0,0.0,0.0,0.0,0.0,0.0,0.0,0.0,0.0,0.0,0.0,0.0,0.0,0.0,0.0,0.0,0.0,0.0,0.0,0.0,0.0,0.0,0.0,0.0,0.0,0.0,0.0,0.0,0.0,0.0,0.0,0.0,0.0,0.0,0.0,0.0,0.0,0.0,0.0,0.0,0.0,0.0,0.0
come_here,0.5993180871009827,0.6673808097839355,4.886603619524976e-07,0.5338053703308105,0.6170610189437866,-0.017961574718356133,0.4850575029850006,0.5430145859718323,-0.041335392743349075,0.4702063798904419,0.4733899235725403,-0.0625516027212143,0.49013739824295044,0.44487264752388,-0.08334710448980331,0.5277456641197205,0.46318790316581726,-0.06336776912212372,0.5582794547080994,0.3184199333190918,-0.09248439967632294,0.5808877348899841,0.24235305190086365,-0.10196715593338013,0.5990867614746094,0.18858632445335388,-0.10445023328065872,0.5773355960845947,0.4718075692653656,-0.06745114177465439,0.6042208671569824,0.31520435214042664,-0.09448231011629105,0.6237506866455078,0.23001423478126526,-0.10086849331855774,0.6382153034210205,0.1649305522441864,-0.1019551008939743,0.6265705823898315,0.4840828478336334,-0.07104668021202087,0.6437232494354248,0.3369752764701843,-0.0913609117269516,0.6539489030838013,0.2573814392089844,-0.09450794011354446,0.6607442498207092,0.1970418095588684,-0.09322021156549454,0.6715844869613647,0.500242292881012,-0.0752817913889885,0.6812398433685303,0.380287766456604,-0.08951860666275024,0.684913694858551,0.3145948052406311,-0.09056036919355392,0.6869096755981445,0.25877314805984497,-0.08773566037416458,0.0,0.0,0.0,0.0,0.0,0.0,0.0,0.0,0.0,0.0,0.0,0.0,0.0,0.0,0.0,0.0,0.0,0.0,0.0,0.0,0.0,0.0,0.0,0.0,0.0,0.0,0.0,0.0,0.0,0.0,0.0,0.0,0.0,0.0,0.0,0.0,0.0,0.0,0.0,0.0,0.0,0.0,0.0,0.0,0.0,0.0,0.0,0.0,0.0,0.0,0.0,0.0,0.0,0.0,0.0,0.0,0.0,0.0,0.0,0.0,0.0,0.0,0.0
come_here,0.6420982480049133,0.6759732961654663,2.982613978019799e-07,0.5794186592102051,0.6197028756141663,-0.01725361868739128,0.5365718603134155,0.5437507629394531,-0.03635479509830475,0.5268404483795166,0.47313883900642395,-0.05368539318442345,0.5469738841056824,0.4466935396194458,-0.07012716680765152,0.5935547947883606,0.4625672399997711,-0.04581790789961815,0.6196554899215698,0.33190545439720154,-0.06983675062656403,0.640815794467926,0.265162855386734,-0.07956133782863617,0.6588413715362549,0.2194083034992218,-0.08335119485855103,0.6404188275337219,0.4715259075164795,-0.048364315181970596,0.6650214195251465,0.3310776650905609,-0.06915849447250366,0.6815098524093628,0.2563006281852722,-0.07551838457584381,0.6955843567848206,0.2007468342781067,-0.07775739580392838,0.6834522485733032,0.4858201742172241,-0.051596954464912415,0.7005590796470642,0.35450276732444763,-0.0680379718542099,0.7110387086868286,0.28168201446533203,-0.07220140099525452,0.7191562056541443,0.2277102768421173,-0.07255126535892487,0.7221755981445312,0.5057287812232971,-0.05581284686923027,0.7329487204551697,0.39986899495124817,-0.06786854565143585,0.7379040122032166,0.34190645813941956,-0.06962968409061432,0.7417935729026794,0.29274141788482666,-0.06798046082258224,0.0,0.0,0.0,0.0,0.0,0.0,0.0,0.0,0.0,0.0,0.0,0.0,0.0,0.0,0.0,0.0,0.0,0.0,0.0,0.0,0.0,0.0,0.0,0.0,0.0,0.0,0.0,0.0,0.0,0.0,0.0,0.0,0.0,0.0,0.0,0.0,0.0,0.0,0.0,0.0,0.0,0.0,0.0,0.0,0.0,0.0,0.0,0.0,0.0,0.0,0.0,0.0,0.0,0.0,0.0,0.0,0.0,0.0,0.0,0.0,0.0,0.0,0.0
come_here,0.6627520322799683,0.6902819871902466,4.1037074538508023e-07,0.5963608026504517,0.645552396774292,-0.02771499939262867,0.5574607253074646,0.5657618045806885,-0.05132824927568436,0.547400951385498,0.4951329231262207,-0.07078046351671219,0.5442747473716736,0.45698070526123047,-0.0901004821062088,0.6200699210166931,0.4870505928993225,-0.06190843880176544,0.6421809196472168,0.3502097725868225,-0.0890122801065445,0.6591892242431641,0.27310678362846375,-0.10056274384260178,0.6719757318496704,0.2181413769721985,-0.10523056238889694,0.6688417792320251,0.4984528422355652,-0.06158439815044403,0.6859575510025024,0.35056471824645996,-0.08705884963274002,0.6980052590370178,0.2641381621360779,-0.09754303097724915,0.7070429921150208,0.1980011761188507,-0.10217544436454773,0.7116451263427734,0.5122398138046265,-0.06174027547240257,0.7240986824035645,0.371421217918396,-0.08179845660924911,0.73260498046875,0.28641265630722046,-0.09030117094516754,0.7396381497383118,0.22313706576824188,-0.09329178184270859,0.7484076023101807,0.5283138155937195,-0.0634584054350853,0.7578122019767761,0.41556599736213684,-0.07925444096326828,0.7641645669937134,0.34609466791152954,-0.0846850574016571,0.7697108387947083,0.2893970012664795,-0.08541743457317352,0.0,0.0,0.0,0.0,0.0,0.0,0.0,0.0,0.0,0.0,0.0,0.0,0.0,0.0,0.0,0.0,0.0,0.0,0.0,0.0,0.0,0.0,0.0,0.0,0.0,0.0,0.0,0.0,0.0,0.0,0.0,0.0,0.0,0.0,0.0,0.0,0.0,0.0,0.0,0.0,0.0,0.0,0.0,0.0,0.0,0.0,0.0,0.0,0.0,0.0,0.0,0.0,0.0,0.0,0.0,0.0,0.0,0.0,0.0,0.0,0.0,0.0,0.0
come_here,0.6633921265602112,0.6981084942817688,4.2447206283213745e-07,0.5985817909240723,0.6377044916152954,-0.027081899344921112,0.5545977354049683,0.5600201487541199,-0.05529075860977173,0.5480080842971802,0.4833970367908478,-0.07921965420246124,0.5774264335632324,0.45362621545791626,-0.10204464942216873,0.6193124055862427,0.4839029014110565,-0.07391875237226486,0.6558942794799805,0.34194469451904297,-0.10607972741127014,0.6784780621528625,0.2660369277000427,-0.11761431396007538,0.6975236535072327,0.2114720642566681,-0.12164871394634247,0.6726344227790833,0.496809184551239,-0.07361935824155807,0.7035855650901794,0.34038740396499634,-0.10320654511451721,0.7226574420928955,0.2551441788673401,-0.11034773290157318,0.7368829250335693,0.19080504775047302,-0.11186081916093826,0.7203361392021179,0.5135531425476074,-0.0731804147362709,0.7416405081748962,0.36528557538986206,-0.09511979669332504,0.7517474293708801,0.28647279739379883,-0.09717845171689987,0.7584617733955383,0.22679361701011658,-0.09489455819129944,0.7602401971817017,0.5334107279777527,-0.07418792694807053,0.7727259993553162,0.4121016263961792,-0.08955049514770508,0.7780644297599792,0.34757086634635925,-0.09031928330659866,0.7817891836166382,0.29332929849624634,-0.08681727945804596,0.0,0.0,0.0,0.0,0.0,0.0,0.0,0.0,0.0,0.0,0.0,0.0,0.0,0.0,0.0,0.0,0.0,0.0,0.0,0.0,0.0,0.0,0.0,0.0,0.0,0.0,0.0,0.0,0.0,0.0,0.0,0.0,0.0,0.0,0.0,0.0,0.0,0.0,0.0,0.0,0.0,0.0,0.0,0.0,0.0,0.0,0.0,0.0,0.0,0.0,0.0,0.0,0.0,0.0,0.0,0.0,0.0,0.0,0.0,0.0,0.0,0.0,0.0
come_here,0.6523326635360718,0.6731175184249878,4.0515561749998596e-07,0.5866861939430237,0.6178054809570312,-0.02396247535943985,0.5420020818710327,0.5448852777481079,-0.04909571632742882,0.5321514010429382,0.470746248960495,-0.07100292295217514,0.5560581684112549,0.4399001896381378,-0.09168922156095505,0.5984037518501282,0.4555215835571289,-0.060396336019039154,0.6286854147911072,0.3201256990432739,-0.08852197229862213,0.650193452835083,0.24849854409694672,-0.09964164346456528,0.668754518032074,0.19815629720687866,-0.10378160327672958,0.6490007042884827,0.4654003083705902,-0.060442324727773666,0.6751728057861328,0.3190070390701294,-0.08392966538667679,0.69251549243927,0.23962409794330597,-0.09064256399869919,0.7062559723854065,0.17971161007881165,-0.09307936578989029,0.6957696676254272,0.48081880807876587,-0.0609065443277359,0.7139757871627808,0.34543323516845703,-0.07814786583185196,0.7229112982749939,0.27561047673225403,-0.08036074042320251,0.7286896705627441,0.22393307089805603,-0.07931700348854065,0.736926257610321,0.49948254227638245,-0.06286538392305374,0.7458523511886597,0.3866655230522156,-0.07500298321247101,0.7491959929466248,0.32795172929763794,-0.07543166726827621,0.7508864998817444,0.27810782194137573,-0.07247063517570496,0.0,0.0,0.0,0.0,0.0,0.0,0.0,0.0,0.0,0.0,0.0,0.0,0.0,0.0,0.0,0.0,0.0,0.0,0.0,0.0,0.0,0.0,0.0,0.0,0.0,0.0,0.0,0.0,0.0,0.0,0.0,0.0,0.0,0.0,0.0,0.0,0.0,0.0,0.0,0.0,0.0,0.0,0.0,0.0,0.0,0.0,0.0,0.0,0.0,0.0,0.0,0.0,0.0,0.0,0.0,0.0,0.0,0.0,0.0,0.0,0.0,0.0,0.0
come_here,0.6736965775489807,0.7162543535232544,4.099743762253638e-07,0.6081866025924683,0.6559788584709167,-0.028481340035796165,0.5644141435623169,0.5745316743850708,-0.05653044581413269,0.5584719181060791,0.4951138496398926,-0.08009440451860428,0.5857555270195007,0.4661833941936493,-0.10291297733783722,0.6335272789001465,0.4995650351047516,-0.07278333604335785,0.668628454208374,0.35608434677124023,-0.10447812080383301,0.6895630359649658,0.27949419617652893,-0.11690552532672882,0.7065316438674927,0.2245086431503296,-0.12149586528539658,0.6876620054244995,0.5147159099578857,-0.07174041867256165,0.717399537563324,0.3581598401069641,-0.099591463804245,0.7343413829803467,0.2724027931690216,-0.10689783841371536,0.7460580468177795,0.2076701819896698,-0.10878223925828934,0.7353528738021851,0.5319393873214722,-0.07079474627971649,0.7544201612472534,0.38408946990966797,-0.09193263202905655,0.7636328935623169,0.3043680787086487,-0.09455724060535431,0.769438624382019,0.2441433072090149,-0.09292258322238922,0.7748814225196838,0.5504544973373413,-0.07142692059278488,0.7853125333786011,0.4280880093574524,-0.0874309092760086,0.7895339727401733,0.3625427484512329,-0.08851110935211182,0.792874813079834,0.30705344676971436,-0.08523077517747879,0.0,0.0,0.0,0.0,0.0,0.0,0.0,0.0,0.0,0.0,0.0,0.0,0.0,0.0,0.0,0.0,0.0,0.0,0.0,0.0,0.0,0.0,0.0,0.0,0.0,0.0,0.0,0.0,0.0,0.0,0.0,0.0,0.0,0.0,0.0,0.0,0.0,0.0,0.0,0.0,0.0,0.0,0.0,0.0,0.0,0.0,0.0,0.0,0.0,0.0,0.0,0.0,0.0,0.0,0.0,0.0,0.0,0.0,0.0,0.0,0.0,0.0,0.0
come_here,0.6521945595741272,0.6851247549057007,1.1017931456080987e-07,0.5913023352622986,0.6322667598724365,-0.009264491498470306,0.5551664233207703,0.5541237592697144,-0.024498876184225082,0.5455042123794556,0.4836999177932739,-0.039682622998952866,0.545407772064209,0.4492599070072174,-0.054504577070474625,0.6133700609207153,0.4711688160896301,-0.0379803441464901,0.6383986473083496,0.3364105224609375,-0.05904579907655716,0.6521245837211609,0.2734132409095764,-0.06588231772184372,0.6596606373786926,0.23438945412635803,-0.06689465790987015,0.6600613594055176,0.4789257347583771,-0.04383761063218117,0.6823737621307373,0.32870087027549744,-0.0626106858253479,0.6909149289131165,0.24794846773147583,-0.06744275242090225,0.6933285593986511,0.19111448526382446,-0.0682043805718422,0.7008315324783325,0.4917525053024292,-0.049636051058769226,0.718717098236084,0.35009700059890747,-0.0635882169008255,0.7228246927261353,0.27176839113235474,-0.06680795550346375,0.7217257022857666,0.21643079817295074,-0.06644568592309952,0.7349696755409241,0.5078231692314148,-0.05582946538925171,0.7495551705360413,0.39727839827537537,-0.06505636870861053,0.7533776164054871,0.33441805839538574,-0.06641049683094025,0.7547092437744141,0.2825218141078949,-0.0646495372056961,0.0,0.0,0.0,0.0,0.0,0.0,0.0,0.0,0.0,0.0,0.0,0.0,0.0,0.0,0.0,0.0,0.0,0.0,0.0,0.0,0.0,0.0,0.0,0.0,0.0,0.0,0.0,0.0,0.0,0.0,0.0,0.0,0.0,0.0,0.0,0.0,0.0,0.0,0.0,0.0,0.0,0.0,0.0,0.0,0.0,0.0,0.0,0.0,0.0,0.0,0.0,0.0,0.0,0.0,0.0,0.0,0.0,0.0,0.0,0.0,0.0,0.0,0.0
come_here,0.646336019039154,0.6710402965545654,7.533247270430365e-08,0.5782153010368347,0.6163550615310669,-0.027088358998298645,0.5394408702850342,0.5397402048110962,-0.04901786521077156,0.5304670929908752,0.4759969413280487,-0.06691786646842957,0.5395247936248779,0.4467047154903412,-0.08350509405136108,0.6106640696525574,0.4731229841709137,-0.05405551940202713,0.6345934271812439,0.3541988730430603,-0.08019610494375229,0.6409403085708618,0.2957811653614044,-0.09062681347131729,0.6378493905067444,0.262209951877594,-0.09341047704219818,0.6559569835662842,0.47819986939430237,-0.05115090683102608,0.6754352450370789,0.3383663594722748,-0.07397428900003433,0.6768485307693481,0.2592076361179352,-0.08064243942499161,0.672357976436615,0.2046724557876587,-0.08241403102874756,0.6926215291023254,0.48639625310897827,-0.049780625849962234,0.707926869392395,0.3515838384628296,-0.06679460406303406,0.7086272835731506,0.2749800682067871,-0.07163751870393753,0.7054832577705383,0.2190244048833847,-0.07195812463760376,0.7205184698104858,0.49827682971954346,-0.050163593143224716,0.7334377765655518,0.39096492528915405,-0.06133117526769638,0.7370448112487793,0.33083879947662354,-0.06377700716257095,0.7385126352310181,0.281246542930603,-0.06264017522335052,0.0,0.0,0.0,0.0,0.0,0.0,0.0,0.0,0.0,0.0,0.0,0.0,0.0,0.0,0.0,0.0,0.0,0.0,0.0,0.0,0.0,0.0,0.0,0.0,0.0,0.0,0.0,0.0,0.0,0.0,0.0,0.0,0.0,0.0,0.0,0.0,0.0,0.0,0.0,0.0,0.0,0.0,0.0,0.0,0.0,0.0,0.0,0.0,0.0,0.0,0.0,0.0,0.0,0.0,0.0,0.0,0.0,0.0,0.0,0.0,0.0,0.0,0.0
come_here,0.7053548693656921,0.5526126027107239,2.578251496743178e-07,0.6608731746673584,0.527624785900116,-0.02994457632303238,0.6209589838981628,0.4976726174354553,-0.05575999245047569,0.5839288234710693,0.47495976090431213,-0.08042941987514496,0.5556774735450745,0.45701345801353455,-0.10713432729244232,0.6686962246894836,0.39262306690216064,-0.040247391909360886,0.6789600253105164,0.32929784059524536,-0.060439012944698334,0.6878794431686401,0.28744834661483765,-0.0770571380853653,0.6950636506080627,0.25420480966567993,-0.0898766741156578,0.7037731409072876,0.3849729001522064,-0.0398775152862072,0.7138434648513794,0.3130896985530853,-0.05565841123461723,0.7188374996185303,0.26716962456703186,-0.06944131851196289,0.7236274480819702,0.2265888899564743,-0.08157247304916382,0.7362339496612549,0.3931489586830139,-0.0422557070851326,0.7465380430221558,0.32225489616394043,-0.05654335767030716,0.7502263188362122,0.2799816429615021,-0.06762130558490753,0.7513619661331177,0.24140293896198273,-0.07697316259145737,0.7656487822532654,0.4145588278770447,-0.04745332524180412,0.777083158493042,0.3622146546840668,-0.05873681977391243,0.7808007001876831,0.32906582951545715,-0.06349489837884903,0.7799279093742371,0.2981700897216797,-0.06798949837684631,0.6768636107444763,0.6933422088623047,1.0703750064067208e-07,0.6232561469078064,0.6415658593177795,-0.023341532796621323,0.5906304121017456,0.5729202628135681,-0.04298105090856552,0.5750507116317749,0.5187759399414062,-0.0602848120033741,0.5596345663070679,0.4788990020751953,-0.07797908037900925,0.6500416994094849,0.5213558077812195,-0.04495285078883171,0.6598979234695435,0.4325229823589325,-0.06708858162164688,0.6655514240264893,0.37500354647636414,-0.08011651784181595,0.6699441075325012,0.33292657136917114,-0.08819792419672012,0.6919311285018921,0.5262695550918579,-0.04656613990664482,0.6986163258552551,0.4179619550704956,-0.06934550404548645,0.7017371654510498,0.34268420934677124,-0.08265282958745956,0.7047706246376038,0.2851492464542389,-0.09105758368968964,0.7284752726554871,0.5338069796562195,-0.049031853675842285,0.7375167608261108,0.42875373363494873,-0.06934451311826706,0.7391788959503174,0.3570864796638489,-0.07949957251548767,0.7388461828231812,0.2996397614479065,-0.08430622518062592,0.75965416431427,0.5479118824005127,-0.05271107703447342,0.768347442150116,0.46111685037612915,-0.06923142075538635,0.7691018581390381,0.3998391330242157,-0.07424961775541306,0.7674338817596436,0.34781479835510254,-0.0753030851483345
come_here,0.6311452984809875,0.658711314201355,2.151015365825515e-07,0.5684910416603088,0.6032977104187012,-0.01657964661717415,0.5323374271392822,0.5256772041320801,-0.03267468139529228,0.5259572863578796,0.45927485823631287,-0.047633152455091476,0.5319135189056396,0.4307704269886017,-0.06196232885122299,0.591533899307251,0.43703699111938477,-0.0354485809803009,0.6182864904403687,0.31193241477012634,-0.05528075248003006,0.6375313401222229,0.24474883079528809,-0.06419184803962708,0.6505031585693359,0.19540129601955414,-0.06838272511959076,0.6333224773406982,0.4422428011894226,-0.03913429006934166,0.6600003242492676,0.3090975284576416,-0.056402482092380524,0.6764560341835022,0.23573420941829681,-0.06323609501123428,0.6882748603820801,0.18051138520240784,-0.06659898161888123,0.6725165843963623,0.45700162649154663,-0.044045038521289825,0.69355309009552,0.33126935362815857,-0.05707651376724243,0.7059245109558105,0.25868016481399536,-0.06201484799385071,0.7135410904884338,0.20601657032966614,-0.06380963325500488,0.7091138362884521,0.4796646237373352,-0.0505179837346077,0.7264162302017212,0.3794344663619995,-0.06009914353489876,0.7331491708755493,0.31997305154800415,-0.06272482126951218,0.736505925655365,0.2720567584037781,-0.06250797212123871,0.0,0.0,0.0,0.0,0.0,0.0,0.0,0.0,0.0,0.0,0.0,0.0,0.0,0.0,0.0,0.0,0.0,0.0,0.0,0.0,0.0,0.0,0.0,0.0,0.0,0.0,0.0,0.0,0.0,0.0,0.0,0.0,0.0,0.0,0.0,0.0,0.0,0.0,0.0,0.0,0.0,0.0,0.0,0.0,0.0,0.0,0.0,0.0,0.0,0.0,0.0,0.0,0.0,0.0,0.0,0.0,0.0,0.0,0.0,0.0,0.0,0.0,0.0
come_here,0.5907321572303772,0.6461087465286255,2.4675301801835303e-07,0.5286978483200073,0.6046561598777771,-0.009586639702320099,0.49000221490859985,0.5313184261322021,-0.021520966663956642,0.47819170355796814,0.4664387106895447,-0.03263740986585617,0.47008705139160156,0.4244209825992584,-0.04411308094859123,0.5388519167900085,0.4444580674171448,-0.03381562978029251,0.5554682016372681,0.31827205419540405,-0.050424281507730484,0.5696052312850952,0.25003504753112793,-0.05630891025066376,0.5796936750411987,0.2019963413476944,-0.05795165151357651,0.5813155770301819,0.4482713043689728,-0.03860282897949219,0.5998371839523315,0.31671398878097534,-0.05214548856019974,0.609665036201477,0.24509398639202118,-0.05747618526220322,0.6168296933174133,0.1928526759147644,-0.060110561549663544,0.6210530400276184,0.4600284695625305,-0.04336422309279442,0.6362301707267761,0.3350107967853546,-0.05364980176091194,0.6433742642402649,0.263419508934021,-0.05867217108607292,0.6476945877075195,0.21267692744731903,-0.06102995574474335,0.6563376784324646,0.47740185260772705,-0.04849926754832268,0.6683875322341919,0.37468284368515015,-0.05725004896521568,0.6736195087432861,0.31386205554008484,-0.0603892020881176,0.6762869954109192,0.2642788290977478,-0.060781195759773254,0.0,0.0,0.0,0.0,0.0,0.0,0.0,0.0,0.0,0.0,0.0,0.0,0.0,0.0,0.0,0.0,0.0,0.0,0.0,0.0,0.0,0.0,0.0,0.0,0.0,0.0,0.0,0.0,0.0,0.0,0.0,0.0,0.0,0.0,0.0,0.0,0.0,0.0,0.0,0.0,0.0,0.0,0.0,0.0,0.0,0.0,0.0,0.0,0.0,0.0,0.0,0.0,0.0,0.0,0.0,0.0,0.0,0.0,0.0,0.0,0.0,0.0,0.0
come_here,0.5995075702667236,0.6828064918518066,4.0936960488124896e-08,0.5360535383224487,0.6223759651184082,-0.007721788249909878,0.5020285248756409,0.5454533100128174,-0.019648514688014984,0.4948277473449707,0.4829963147640228,-0.03177350386977196,0.4981987774372101,0.45076099038124084,-0.04415402188897133,0.5607519149780273,0.4709870219230652,-0.028728054836392403,0.5816962718963623,0.3453502357006073,-0.045065682381391525,0.5939801931381226,0.27817779779434204,-0.051221877336502075,0.6012398600578308,0.23129834234714508,-0.05372382700443268,0.6034637689590454,0.47930076718330383,-0.03580203652381897,0.6199089884757996,0.3428073525428772,-0.05154385045170784,0.6284842491149902,0.2695257067680359,-0.05751614645123482,0.6347585320472717,0.21789026260375977,-0.06072177737951279,0.641814112663269,0.4938058853149414,-0.0432199165225029,0.6587624549865723,0.360111266374588,-0.056203532963991165,0.6662781238555908,0.285503089427948,-0.06160347908735275,0.6704229712486267,0.23199710249900818,-0.06387437880039215,0.6775245666503906,0.514849841594696,-0.05093752220273018,0.6927463412284851,0.40610218048095703,-0.060715898871421814,0.6976326704025269,0.3447093367576599,-0.06296056509017944,0.6989938020706177,0.29506367444992065,-0.06268978863954544,0.0,0.0,0.0,0.0,0.0,0.0,0.0,0.0,0.0,0.0,0.0,0.0,0.0,0.0,0.0,0.0,0.0,0.0,0.0,0.0,0.0,0.0,0.0,0.0,0.0,0.0,0.0,0.0,0.0,0.0,0.0,0.0,0.0,0.0,0.0,0.0,0.0,0.0,0.0,0.0,0.0,0.0,0.0,0.0,0.0,0.0,0.0,0.0,0.0,0.0,0.0,0.0,0.0,0.0,0.0,0.0,0.0,0.0,0.0,0.0,0.0,0.0,0.0
come_here,0.5662825107574463,0.6328460574150085,3.8495903709190316e-07,0.5072258710861206,0.5837753415107727,-0.006047734059393406,0.4673674404621124,0.5154582858085632,-0.021428342908620834,0.4561918377876282,0.450053334236145,-0.037041131407022476,0.4668715000152588,0.4276263117790222,-0.05289870873093605,0.5018698573112488,0.4221328794956207,-0.03840909153223038,0.5325607657432556,0.2986951768398285,-0.05747145414352417,0.5566368103027344,0.23791681230068207,-0.06412490457296371,0.5765002369880676,0.19521911442279816,-0.06597481667995453,0.545696496963501,0.42899927496910095,-0.04516565799713135,0.5744268894195557,0.2954375743865967,-0.05933162197470665,0.5950542092323303,0.22696171700954437,-0.06349733471870422,0.6113935708999634,0.1764441728591919,-0.06519771367311478,0.5907953381538391,0.44421377778053284,-0.05106201022863388,0.611702561378479,0.32161056995391846,-0.05980459973216057,0.6263713836669922,0.25661972165107727,-0.06267580389976501,0.6361685991287231,0.20908725261688232,-0.06399508565664291,0.6334165930747986,0.46520835161209106,-0.05701243132352829,0.6436318755149841,0.3623552620410919,-0.06287429481744766,0.6481225490570068,0.3074304163455963,-0.06280280649662018,0.6502100229263306,0.26018795371055603,-0.060933876782655716,0.0,0.0,0.0,0.0,0.0,0.0,0.0,0.0,0.0,0.0,0.0,0.0,0.0,0.0,0.0,0.0,0.0,0.0,0.0,0.0,0.0,0.0,0.0,0.0,0.0,0.0,0.0,0.0,0.0,0.0,0.0,0.0,0.0,0.0,0.0,0.0,0.0,0.0,0.0,0.0,0.0,0.0,0.0,0.0,0.0,0.0,0.0,0.0,0.0,0.0,0.0,0.0,0.0,0.0,0.0,0.0,0.0,0.0,0.0,0.0,0.0,0.0,0.0
come_here,0.5520290732383728,0.6377440690994263,3.443512355261191e-07,0.49302563071250916,0.5903515219688416,-0.0047917175106704235,0.4537205696105957,0.5245917439460754,-0.019215848296880722,0.441167950630188,0.4640934467315674,-0.03445575386285782,0.43970543146133423,0.4309349060058594,-0.050151433795690536,0.48408108949661255,0.42874571681022644,-0.03621329367160797,0.5125272870063782,0.3086768388748169,-0.05654693767428398,0.535730242729187,0.24748146533966064,-0.06466174125671387,0.5552142858505249,0.2046179622411728,-0.06728488206863403,0.5262207984924316,0.43275824189186096,-0.04409566521644592,0.5545623898506165,0.3021254539489746,-0.059631455689668655,0.574988842010498,0.23256714642047882,-0.06472643464803696,0.5921700596809387,0.18245039880275726,-0.06688331812620163,0.5702371597290039,0.44631385803222656,-0.05139432102441788,0.5928270816802979,0.32676631212234497,-0.06123780831694603,0.6073510050773621,0.2630777955055237,-0.06465554982423782,0.6172909140586853,0.2175305336713791,-0.06610392034053802,0.6134684681892395,0.46706217527389526,-0.05875064432621002,0.625159740447998,0.3677355647087097,-0.06481172889471054,0.6299610137939453,0.3132617771625519,-0.06498728692531586,0.6326728463172913,0.26629239320755005,-0.06334030628204346,0.0,0.0,0.0,0.0,0.0,0.0,0.0,0.0,0.0,0.0,0.0,0.0,0.0,0.0,0.0,0.0,0.0,0.0,0.0,0.0,0.0,0.0,0.0,0.0,0.0,0.0,0.0,0.0,0.0,0.0,0.0,0.0,0.0,0.0,0.0,0.0,0.0,0.0,0.0,0.0,0.0,0.0,0.0,0.0,0.0,0.0,0.0,0.0,0.0,0.0,0.0,0.0,0.0,0.0,0.0,0.0,0.0,0.0,0.0,0.0,0.0,0.0,0.0
come_here,0.5542628765106201,0.5947803258895874,4.0143078194887494e-07,0.4962400197982788,0.5537306666374207,-0.007613586727529764,0.45528915524482727,0.48803478479385376,-0.02115950547158718,0.4451234042644501,0.42587268352508545,-0.03486640006303787,0.46339571475982666,0.4104952812194824,-0.04856601729989052,0.49675488471984863,0.40281105041503906,-0.028000524267554283,0.524506688117981,0.2934318780899048,-0.043573878705501556,0.5452867746353149,0.23678117990493774,-0.050172917544841766,0.5613872408866882,0.19819459319114685,-0.05220147594809532,0.5371603965759277,0.40871092677116394,-0.03312122821807861,0.5640401244163513,0.29068899154663086,-0.04319889470934868,0.5817605257034302,0.22739695012569427,-0.04655672609806061,0.5962013602256775,0.1822371929883957,-0.047621503472328186,0.5771496295928955,0.4230179786682129,-0.03823596611618996,0.6004129648208618,0.316863477230072,-0.04444470256567001,0.613373875617981,0.26048046350479126,-0.04700860381126404,0.6224585771560669,0.2211582511663437,-0.0477365106344223,0.6151192784309387,0.4434153437614441,-0.04372664541006088,0.6298361420631409,0.3550742268562317,-0.0478350967168808,0.6353654861450195,0.3081400990486145,-0.046897757798433304,0.6377132534980774,0.2692112624645233,-0.04415690153837204,0.0,0.0,0.0,0.0,0.0,0.0,0.0,0.0,0.0,0.0,0.0,0.0,0.0,0.0,0.0,0.0,0.0,0.0,0.0,0.0,0.0,0.0,0.0,0.0,0.0,0.0,0.0,0.0,0.0,0.0,0.0,0.0,0.0,0.0,0.0,0.0,0.0,0.0,0.0,0.0,0.0,0.0,0.0,0.0,0.0,0.0,0.0,0.0,0.0,0.0,0.0,0.0,0.0,0.0,0.0,0.0,0.0,0.0,0.0,0.0,0.0,0.0,0.0
come_here,0.5453095436096191,0.6019096374511719,1.9055117661537224e-07,0.48492246866226196,0.5601857304573059,0.011429261416196823,0.44852083921432495,0.4991297125816345,0.009754390455782413,0.4389752149581909,0.4378547668457031,0.005916887894272804,0.4430694878101349,0.40895727276802063,0.0017113196663558483,0.48697999119758606,0.4030953645706177,-0.007062418386340141,0.5115593671798706,0.2844991087913513,-0.009576104581356049,0.5326943397521973,0.22930851578712463,-0.0061506410129368305,0.5496374368667603,0.19128724932670593,-0.0017183718737214804,0.5248818397521973,0.40437766909599304,-0.015360080637037754,0.5494661927223206,0.2771839201450348,-0.014862674288451672,0.5687499642372131,0.2181016057729721,-0.011682153679430485,0.5876453518867493,0.1764061599969864,-0.009129944257438183,0.5617616176605225,0.4161689281463623,-0.021784815937280655,0.5834998488426208,0.305218905210495,-0.017186332494020462,0.5995661616325378,0.24632219970226288,-0.016040431335568428,0.6130691170692444,0.20716050267219543,-0.01641712337732315,0.5980691909790039,0.437622994184494,-0.027017802000045776,0.6132246255874634,0.34869185090065,-0.019616326317191124,0.6216007471084595,0.29983168840408325,-0.014915990643203259,0.6279429793357849,0.26108717918395996,-0.011723888106644154,0.0,0.0,0.0,0.0,0.0,0.0,0.0,0.0,0.0,0.0,0.0,0.0,0.0,0.0,0.0,0.0,0.0,0.0,0.0,0.0,0.0,0.0,0.0,0.0,0.0,0.0,0.0,0.0,0.0,0.0,0.0,0.0,0.0,0.0,0.0,0.0,0.0,0.0,0.0,0.0,0.0,0.0,0.0,0.0,0.0,0.0,0.0,0.0,0.0,0.0,0.0,0.0,0.0,0.0,0.0,0.0,0.0,0.0,0.0,0.0,0.0,0.0,0.0
come_here,0.549199640750885,0.6464719772338867,3.4726906505966326e-07,0.4936436414718628,0.5960262417793274,-0.008813059888780117,0.45491981506347656,0.5254955887794495,-0.025920622050762177,0.4447227120399475,0.46249139308929443,-0.0427476167678833,0.4578562378883362,0.43743443489074707,-0.059762194752693176,0.4922562837600708,0.44491642713546753,-0.04536587372422218,0.5238387584686279,0.3219897747039795,-0.06836552172899246,0.5480667352676392,0.258720725774765,-0.07691718637943268,0.567704975605011,0.21401408314704895,-0.07966199517250061,0.5340213179588318,0.4533595144748688,-0.05165631324052811,0.5667977929115295,0.32064610719680786,-0.07048918306827545,0.5889560580253601,0.2499600350856781,-0.07567951828241348,0.6056673526763916,0.19834356009960175,-0.07741804420948029,0.5772585272789001,0.4684755206108093,-0.057239122688770294,0.6017650365829468,0.34520524740219116,-0.07040772587060928,0.6157727837562561,0.2771759331226349,-0.0736810639500618,0.6249538660049438,0.2279268354177475,-0.07429584115743637,0.6187590956687927,0.4882596433162689,-0.06299898028373718,0.6327257752418518,0.38578012585639954,-0.07251965254545212,0.6390787363052368,0.32840508222579956,-0.07370234280824661,0.6440049409866333,0.27941596508026123,-0.07216912508010864,0.0,0.0,0.0,0.0,0.0,0.0,0.0,0.0,0.0,0.0,0.0,0.0,0.0,0.0,0.0,0.0,0.0,0.0,0.0,0.0,0.0,0.0,0.0,0.0,0.0,0.0,0.0,0.0,0.0,0.0,0.0,0.0,0.0,0.0,0.0,0.0,0.0,0.0,0.0,0.0,0.0,0.0,0.0,0.0,0.0,0.0,0.0,0.0,0.0,0.0,0.0,0.0,0.0,0.0,0.0,0.0,0.0,0.0,0.0,0.0,0.0,0.0,0.0
come_here,0.5074975490570068,0.6693079471588135,3.216158859231655e-07,0.45312562584877014,0.6159559488296509,-0.00037466257344931364,0.4168694317340851,0.551931619644165,-0.012995067052543163,0.4037567973136902,0.49559929966926575,-0.026766462251544,0.4015744924545288,0.4611004590988159,-0.04106425493955612,0.4402969777584076,0.47144681215286255,-0.03553815186023712,0.4670102000236511,0.3493003845214844,-0.05589045584201813,0.4894905090332031,0.2869425415992737,-0.06289682537317276,0.5073252320289612,0.24341395497322083,-0.064371757209301,0.479095995426178,0.4775479733943939,-0.045528512448072433,0.5066538453102112,0.3459446430206299,-0.06208450719714165,0.5270583033561707,0.2754383683204651,-0.06639588624238968,0.5426489114761353,0.22314158082008362,-0.06778258085250854,0.5200338363647461,0.4885527789592743,-0.05449128523468971,0.5403595566749573,0.36573606729507446,-0.06521931290626526,0.5536521673202515,0.29843974113464355,-0.06819824874401093,0.5621967911720276,0.2494591623544693,-0.06910775601863861,0.5594103336334229,0.503690242767334,-0.06303587555885315,0.5716944336891174,0.403220534324646,-0.0701785534620285,0.5784014463424683,0.34636160731315613,-0.07106637954711914,0.5829333662986755,0.29779791831970215,-0.06991373747587204,0.0,0.0,0.0,0.0,0.0,0.0,0.0,0.0,0.0,0.0,0.0,0.0,0.0,0.0,0.0,0.0,0.0,0.0,0.0,0.0,0.0,0.0,0.0,0.0,0.0,0.0,0.0,0.0,0.0,0.0,0.0,0.0,0.0,0.0,0.0,0.0,0.0,0.0,0.0,0.0,0.0,0.0,0.0,0.0,0.0,0.0,0.0,0.0,0.0,0.0,0.0,0.0,0.0,0.0,0.0,0.0,0.0,0.0,0.0,0.0,0.0,0.0,0.0
come_here,0.4828275740146637,0.5973584651947021,2.864133250568557e-07,0.426216185092926,0.5627744197845459,0.0025709967594593763,0.3910151422023773,0.5101709365844727,-0.006449191365391016,0.377841591835022,0.4601064920425415,-0.01670369878411293,0.3755742907524109,0.4270414412021637,-0.02753792144358158,0.40859055519104004,0.41698187589645386,-0.026095274835824966,0.42839953303337097,0.3018345236778259,-0.039573900401592255,0.4481479227542877,0.24386319518089294,-0.042701322585344315,0.46451517939567566,0.2056785523891449,-0.041836973279714584,0.4450719952583313,0.4164063334465027,-0.03492521122097969,0.46446162462234497,0.29436466097831726,-0.045523252338171005,0.4826696217060089,0.23062177002429962,-0.047836657613515854,0.49974945187568665,0.184336319565773,-0.04805142432451248,0.48259204626083374,0.4249975085258484,-0.04234138876199722,0.4973619282245636,0.31626009941101074,-0.04690984636545181,0.5116249918937683,0.25353461503982544,-0.04860125854611397,0.5238769054412842,0.20892350375652313,-0.049640584737062454,0.519422173500061,0.4430910050868988,-0.0492086298763752,0.525489330291748,0.3573450744152069,-0.04987840726971626,0.531201183795929,0.30650097131729126,-0.04831605404615402,0.535849392414093,0.2651298940181732,-0.04626177251338959,0.0,0.0,0.0,0.0,0.0,0.0,0.0,0.0,0.0,0.0,0.0,0.0,0.0,0.0,0.0,0.0,0.0,0.0,0.0,0.0,0.0,0.0,0.0,0.0,0.0,0.0,0.0,0.0,0.0,0.0,0.0,0.0,0.0,0.0,0.0,0.0,0.0,0.0,0.0,0.0,0.0,0.0,0.0,0.0,0.0,0.0,0.0,0.0,0.0,0.0,0.0,0.0,0.0,0.0,0.0,0.0,0.0,0.0,0.0,0.0,0.0,0.0,0.0
come_here,0.4764825999736786,0.5959000587463379,3.9413336594407156e-07,0.424521803855896,0.5536783933639526,0.006598781328648329,0.3888470530509949,0.49651071429252625,-0.0008496453519910574,0.3771367371082306,0.44819876551628113,-0.011119085364043713,0.3814466595649719,0.4224371910095215,-0.02252311073243618,0.40811270475387573,0.41051045060157776,-0.01949046552181244,0.4358966052532196,0.3022359609603882,-0.03264092281460762,0.4576278328895569,0.2476631999015808,-0.037175532430410385,0.47410956025123596,0.2091885656118393,-0.03810146450996399,0.44231295585632324,0.41203975677490234,-0.031676020473241806,0.46760690212249756,0.29582902789115906,-0.04100706800818443,0.48739174008369446,0.23360618948936462,-0.044378310441970825,0.5039954781532288,0.18927934765815735,-0.04608630761504173,0.4808068573474884,0.42210865020751953,-0.042644187808036804,0.5017033219337463,0.31617510318756104,-0.04817895591259003,0.5176897048950195,0.2596505880355835,-0.05177086219191551,0.5287429690361023,0.22050420939922333,-0.0542583242058754,0.520956814289093,0.43978601694107056,-0.052714020013809204,0.5333342552185059,0.3518563210964203,-0.05638900399208069,0.5395916700363159,0.3045507073402405,-0.056534525007009506,0.5430787801742554,0.26386594772338867,-0.05552678927779198,0.0,0.0,0.0,0.0,0.0,0.0,0.0,0.0,0.0,0.0,0.0,0.0,0.0,0.0,0.0,0.0,0.0,0.0,0.0,0.0,0.0,0.0,0.0,0.0,0.0,0.0,0.0,0.0,0.0,0.0,0.0,0.0,0.0,0.0,0.0,0.0,0.0,0.0,0.0,0.0,0.0,0.0,0.0,0.0,0.0,0.0,0.0,0.0,0.0,0.0,0.0,0.0,0.0,0.0,0.0,0.0,0.0,0.0,0.0,0.0,0.0,0.0,0.0
come_here,0.49960723519325256,0.6020901799201965,3.659483240880945e-07,0.4456433057785034,0.5719020962715149,-0.002444605575874448,0.4066104590892792,0.5202646851539612,-0.013155878521502018,0.39286911487579346,0.46725815534591675,-0.025120733305811882,0.3970188498497009,0.43956947326660156,-0.03713035210967064,0.4287662208080292,0.416704386472702,-0.019831962883472443,0.4535246789455414,0.3185368478298187,-0.03199467808008194,0.47426584362983704,0.26798903942108154,-0.03634285926818848,0.4911489486694336,0.23485836386680603,-0.03728632628917694,0.46411094069480896,0.4147041440010071,-0.026768896728754044,0.48702436685562134,0.30937790870666504,-0.03341134265065193,0.5054222345352173,0.25534066557884216,-0.035237181931734085,0.5222418308258057,0.21637830138206482,-0.036257822066545486,0.502941370010376,0.42275169491767883,-0.0337827168405056,0.5203173756599426,0.3273089826107025,-0.03684491291642189,0.5337531566619873,0.27675679326057434,-0.039125364273786545,0.5440133810043335,0.2416035681962967,-0.04103941097855568,0.5426889061927795,0.4392000734806061,-0.041056785732507706,0.5502554178237915,0.35764509439468384,-0.042504120618104935,0.5548984408378601,0.3142048120498657,-0.04222428426146507,0.5581067204475403,0.2769894599914551,-0.04112331196665764,0.0,0.0,0.0,0.0,0.0,0.0,0.0,0.0,0.0,0.0,0.0,0.0,0.0,0.0,0.0,0.0,0.0,0.0,0.0,0.0,0.0,0.0,0.0,0.0,0.0,0.0,0.0,0.0,0.0,0.0,0.0,0.0,0.0,0.0,0.0,0.0,0.0,0.0,0.0,0.0,0.0,0.0,0.0,0.0,0.0,0.0,0.0,0.0,0.0,0.0,0.0,0.0,0.0,0.0,0.0,0.0,0.0,0.0,0.0,0.0,0.0,0.0,0.0
come_here,0.49925947189331055,0.5792320966720581,2.775239522634365e-07,0.4425531029701233,0.547765851020813,0.003113027662038803,0.405141681432724,0.4956800937652588,-0.0026185140013694763,0.39153024554252625,0.4456422030925751,-0.010253727436065674,0.3910275101661682,0.4179834723472595,-0.01784525066614151,0.4249979257583618,0.3925554156303406,-0.00916189793497324,0.4465259611606598,0.29551443457603455,-0.0177137553691864,0.4642571806907654,0.2462930828332901,-0.021112192422151566,0.47784215211868286,0.21381720900535583,-0.021596768870949745,0.46159374713897705,0.3887377083301544,-0.01665918342769146,0.4821541905403137,0.285275936126709,-0.020349793136119843,0.49649578332901,0.22941730916500092,-0.022404208779335022,0.508484423160553,0.18981628119945526,-0.02370152249932289,0.5000278353691101,0.39467236399650574,-0.023906396701931953,0.5142783522605896,0.3015640079975128,-0.02451949566602707,0.5244883298873901,0.2490842044353485,-0.027535222470760345,0.5304022431373596,0.21293920278549194,-0.029910175129771233,0.5380432605743408,0.40852391719818115,-0.030886095017194748,0.5429608225822449,0.33107179403305054,-0.029454238712787628,0.5450355410575867,0.2885918915271759,-0.028400998562574387,0.5450963377952576,0.25293660163879395,-0.026924308389425278,0.0,0.0,0.0,0.0,0.0,0.0,0.0,0.0,0.0,0.0,0.0,0.0,0.0,0.0,0.0,0.0,0.0,0.0,0.0,0.0,0.0,0.0,0.0,0.0,0.0,0.0,0.0,0.0,0.0,0.0,0.0,0.0,0.0,0.0,0.0,0.0,0.0,0.0,0.0,0.0,0.0,0.0,0.0,0.0,0.0,0.0,0.0,0.0,0.0,0.0,0.0,0.0,0.0,0.0,0.0,0.0,0.0,0.0,0.0,0.0,0.0,0.0,0.0
come_here,0.30441170930862427,0.532691478729248,2.2483649786408932e-07,0.25122275948524475,0.5015485286712646,0.009568797424435616,0.22045309841632843,0.4485137462615967,0.010215463116765022,0.22166024148464203,0.3955041170120239,0.007565191946923733,0.237758606672287,0.36229681968688965,0.005215094890445471,0.21131744980812073,0.40013593435287476,0.0035744323395192623,0.22164474427700043,0.31017014384269714,-0.003720980603247881,0.23803642392158508,0.2622423470020294,-0.0068690893240273,0.25281065702438354,0.2339734435081482,-0.007156617473810911,0.24135372042655945,0.38449573516845703,-0.00646611675620079,0.24580340087413788,0.28785887360572815,-0.010577987879514694,0.2568192780017853,0.23375268280506134,-0.012918844819068909,0.26770827174186707,0.19825643301010132,-0.013656891882419586,0.2746541202068329,0.37424367666244507,-0.01640794239938259,0.2754538357257843,0.2834232449531555,-0.01840272918343544,0.28190314769744873,0.23292046785354614,-0.02110055834054947,0.2869754433631897,0.1969994455575943,-0.02245011366903782,0.30933889746665955,0.3701843321323395,-0.02554655633866787,0.3077736496925354,0.29391950368881226,-0.02627561427652836,0.30759596824645996,0.25306588411331177,-0.02548445761203766,0.30717283487319946,0.2198447585105896,-0.023722317069768906,0.0,0.0,0.0,0.0,0.0,0.0,0.0,0.0,0.0,0.0,0.0,0.0,0.0,0.0,0.0,0.0,0.0,0.0,0.0,0.0,0.0,0.0,0.0,0.0,0.0,0.0,0.0,0.0,0.0,0.0,0.0,0.0,0.0,0.0,0.0,0.0,0.0,0.0,0.0,0.0,0.0,0.0,0.0,0.0,0.0,0.0,0.0,0.0,0.0,0.0,0.0,0.0,0.0,0.0,0.0,0.0,0.0,0.0,0.0,0.0,0.0,0.0,0.0
come_here,0.3029186725616455,0.4982408881187439,2.9630191988871957e-07,0.2590065896511078,0.4579237699508667,0.009342275559902191,0.2371661216020584,0.39221087098121643,0.009468832053244114,0.23985616862773895,0.33490318059921265,0.007670356426388025,0.2556561529636383,0.298008531332016,0.007014366798102856,0.21696549654006958,0.3606063425540924,-0.003292819019407034,0.2361084520816803,0.2690829634666443,-0.010334089398384094,0.2553613781929016,0.22005441784858704,-0.012082362547516823,0.2723446786403656,0.18952487409114838,-0.011515667662024498,0.24075670540332794,0.351242333650589,-0.011410536244511604,0.2566445469856262,0.259602814912796,-0.01516994833946228,0.27588513493537903,0.21133168041706085,-0.015372910536825657,0.2939780056476593,0.17878323793411255,-0.014934033155441284,0.2709263265132904,0.34399154782295227,-0.018486887216567993,0.2819439172744751,0.25936004519462585,-0.01878361403942108,0.29717662930488586,0.2140265554189682,-0.017928339540958405,0.3105587065219879,0.1817612648010254,-0.01778876595199108,0.30332010984420776,0.34056907892227173,-0.024791058152914047,0.3061448633670807,0.27330586314201355,-0.02285921573638916,0.31341567635536194,0.23657746613025665,-0.0201585590839386,0.32076287269592285,0.20702926814556122,-0.01781257428228855,0.0,0.0,0.0,0.0,0.0,0.0,0.0,0.0,0.0,0.0,0.0,0.0,0.0,0.0,0.0,0.0,0.0,0.0,0.0,0.0,0.0,0.0,0.0,0.0,0.0,0.0,0.0,0.0,0.0,0.0,0.0,0.0,0.0,0.0,0.0,0.0,0.0,0.0,0.0,0.0,0.0,0.0,0.0,0.0,0.0,0.0,0.0,0.0,0.0,0.0,0.0,0.0,0.0,0.0,0.0,0.0,0.0,0.0,0.0,0.0,0.0,0.0,0.0
