down,0.5018953084945679,0.19695675373077393,-6.770484901608143e-07,0.4624522030353546,0.384684294462204,-0.0406801775097847,0.39582958817481995,0.5387982130050659,-0.06658564507961273,0.33123669028282166,0.6648922562599182,-0.09703493863344193,0.29084011912345886,0.7649629712104797,-0.11853312700986862,0.2371233105659485,0.42570698261260986,0.01261783018708229,0.12353390455245972,0.4294034242630005,-0.03555937483906746,0.21562927961349487,0.4126143157482147,-0.06467949599027634,0.2837355136871338,0.4082437753677368,-0.07371541857719421,0.22568541765213013,0.3288511633872986,0.016442105174064636,0.12057814747095108,0.33401715755462646,-0.033492960035800934,0.23241953551769257,0.32284560799598694,-0.04991700127720833,0.2937401533126831,0.3202037513256073,-0.045703280717134476,0.2279089391231537,0.23543298244476318,0.009325584396719933,0.13517457246780396,0.23465576767921448,-0.03330495208501816,0.23862482607364655,0.2339944839477539,-0.023655936121940613,0.3021363615989685,0.23686502873897552,-0.002884842921048403,0.24041301012039185,0.1448669135570526,-0.0026455519255250692,0.16808804869651794,0.1460198312997818,-0.0240684375166893,0.23737449944019318,0.16475607454776764,-0.010025382041931152,0.2904541492462158,0.1708296686410904,0.009610355831682682,0.0,0.0,0.0,0.0,0.0,0.0,0.0,0.0,0.0,0.0,0.0,0.0,0.0,0.0,0.0,0.0,0.0,0.0,0.0,0.0,0.0,0.0,0.0,0.0,0.0,0.0,0.0,0.0,0.0,0.0,0.0,0.0,0.0,0.0,0.0,0.0,0.0,0.0,0.0,0.0,0.0,0.0,0.0,0.0,0.0,0.0,0.0,0.0,0.0,0.0,0.0,0.0,0.0,0.0,0.0,0.0,0.0,0.0,0.0,0.0,0.0,0.0,0.0
down,0.5018334984779358,0.1893060803413391,-6.374698386935052e-07,0.4603957533836365,0.3797384202480316,-0.041690826416015625,0.3904421925544739,0.5367594361305237,-0.0693110004067421,0.3243105113506317,0.6631382703781128,-0.10109344869852066,0.2857655882835388,0.7646417617797852,-0.12415418773889542,0.22563698887825012,0.41713881492614746,0.005722186528146267,0.11096608638763428,0.4133695363998413,-0.03852652385830879,0.2076905518770218,0.3973906636238098,-0.06364316493272781,0.27637848258018494,0.3969156742095947,-0.07056048512458801,0.2141384780406952,0.31637030839920044,0.01028765831142664,0.10873298346996307,0.3132936954498291,-0.037706851959228516,0.22508271038532257,0.30324915051460266,-0.052415091544389725,0.28915533423423767,0.30470216274261475,-0.04687041789293289,0.21913273632526398,0.2216968685388565,0.005090728402137756,0.1265009641647339,0.2162582278251648,-0.03634866327047348,0.2327486276626587,0.21669918298721313,-0.027020124718546867,0.30048230290412903,0.22332189977169037,-0.006326529197394848,0.23510143160820007,0.13230718672275543,-0.004678317811340094,0.15796753764152527,0.13035589456558228,-0.027054833248257637,0.22695176303386688,0.14849652349948883,-0.01336189266294241,0.2831937074661255,0.15701927244663239,0.006522330455482006,0.0,0.0,0.0,0.0,0.0,0.0,0.0,0.0,0.0,0.0,0.0,0.0,0.0,0.0,0.0,0.0,0.0,0.0,0.0,0.0,0.0,0.0,0.0,0.0,0.0,0.0,0.0,0.0,0.0,0.0,0.0,0.0,0.0,0.0,0.0,0.0,0.0,0.0,0.0,0.0,0.0,0.0,0.0,0.0,0.0,0.0,0.0,0.0,0.0,0.0,0.0,0.0,0.0,0.0,0.0,0.0,0.0,0.0,0.0,0.0,0.0,0.0,0.0
down,0.4871968626976013,0.1696082055568695,-5.707602781512833e-07,0.45800936222076416,0.3319997191429138,-0.03789561986923218,0.3944580554962158,0.46775567531585693,-0.06173822656273842,0.3558557629585266,0.5591751337051392,-0.08825819194316864,0.3381349444389343,0.6291933059692383,-0.10786478966474533,0.24321210384368896,0.365043044090271,-0.007798458449542522,0.15874767303466797,0.36541032791137695,-0.058603499084711075,0.24338744580745697,0.352977454662323,-0.08595029264688492,0.30181461572647095,0.3507678806781769,-0.09387779980897903,0.2357911467552185,0.27073219418525696,-0.010511179454624653,0.1530430018901825,0.26769521832466125,-0.06158795580267906,0.2563844323158264,0.2624414563179016,-0.07331757247447968,0.3076205253601074,0.2580864727497101,-0.06509266793727875,0.23866333067417145,0.17643606662750244,-0.02317586913704872,0.16448110342025757,0.17064756155014038,-0.06700707226991653,0.26340416073799133,0.1784253716468811,-0.0544133298099041,0.3127046823501587,0.18181848526000977,-0.03180046007037163,0.25528544187545776,0.08262886106967926,-0.040093034505844116,0.19534090161323547,0.08311492204666138,-0.06359762698411942,0.26056334376335144,0.10542461276054382,-0.04749608784914017,0.29978159070014954,0.11461515724658966,-0.026046589016914368,0.0,0.0,0.0,0.0,0.0,0.0,0.0,0.0,0.0,0.0,0.0,0.0,0.0,0.0,0.0,0.0,0.0,0.0,0.0,0.0,0.0,0.0,0.0,0.0,0.0,0.0,0.0,0.0,0.0,0.0,0.0,0.0,0.0,0.0,0.0,0.0,0.0,0.0,0.0,0.0,0.0,0.0,0.0,0.0,0.0,0.0,0.0,0.0,0.0,0.0,0.0,0.0,0.0,0.0,0.0,0.0,0.0,0.0,0.0,0.0,0.0,0.0,0.0
down,0.5372332334518433,0.3971099555492401,-4.894073413197475e-07,0.5197694301605225,0.5424217581748962,-0.03849101811647415,0.4797351360321045,0.6777240037918091,-0.06887363642454147,0.45240285992622375,0.7889628410339355,-0.10050002485513687,0.4363729953765869,0.8804764747619629,-0.1263216733932495,0.3385162651538849,0.5988112688064575,-0.023108432069420815,0.2637012302875519,0.6175259947776794,-0.06541704386472702,0.3276385962963104,0.5932804942131042,-0.09189966320991516,0.382047563791275,0.5777610540390015,-0.10323871672153473,0.32250818610191345,0.5197957754135132,-0.022873060777783394,0.25376248359680176,0.5325685739517212,-0.06273159384727478,0.3326379358768463,0.512906014919281,-0.07503945380449295,0.3812837302684784,0.5031259655952454,-0.0748639702796936,0.3183675706386566,0.44104132056236267,-0.030226819217205048,0.2625839114189148,0.44783714413642883,-0.061751704663038254,0.3347563147544861,0.4384928345680237,-0.053270451724529266,0.38049250841140747,0.43599244952201843,-0.04075021296739578,0.32452619075775146,0.3640553057193756,-0.042259301990270615,0.27855756878852844,0.36383581161499023,-0.05914130061864853,0.33074769377708435,0.374589204788208,-0.04730649292469025,0.3686055839061737,0.3829372823238373,-0.03377258777618408,0.0,0.0,0.0,0.0,0.0,0.0,0.0,0.0,0.0,0.0,0.0,0.0,0.0,0.0,0.0,0.0,0.0,0.0,0.0,0.0,0.0,0.0,0.0,0.0,0.0,0.0,0.0,0.0,0.0,0.0,0.0,0.0,0.0,0.0,0.0,0.0,0.0,0.0,0.0,0.0,0.0,0.0,0.0,0.0,0.0,0.0,0.0,0.0,0.0,0.0,0.0,0.0,0.0,0.0,0.0,0.0,0.0,0.0,0.0,0.0,0.0,0.0,0.0
down,0.604162335395813,0.43586450815200806,-6.032360033714212e-07,0.5800014734268188,0.5806744694709778,-0.03581249341368675,0.5344900488853455,0.7156152725219727,-0.0648295134305954,0.5053476095199585,0.8226144313812256,-0.09671641141176224,0.4905005097389221,0.9085485935211182,-0.12164173275232315,0.3950851857662201,0.6376709938049316,-0.016408637166023254,0.31523895263671875,0.6509848237037659,-0.062431700527668,0.383476585149765,0.6373871564865112,-0.08860418200492859,0.4348987936973572,0.626496434211731,-0.09859996289014816,0.38234278559684753,0.5585402250289917,-0.019141798838973045,0.30954626202583313,0.5740160942077637,-0.06304055452346802,0.3962211310863495,0.5643781423568726,-0.07213633507490158,0.439888060092926,0.5536920428276062,-0.06749022752046585,0.3791321814060211,0.47774407267570496,-0.030734002590179443,0.31644710898399353,0.48925772309303284,-0.06453558057546616,0.3939642608165741,0.4854084849357605,-0.05119417980313301,0.4359627962112427,0.47887110710144043,-0.0338590033352375,0.3863447308540344,0.3967984914779663,-0.04717964679002762,0.33088162541389465,0.40364786982536316,-0.06249478831887245,0.38153693079948425,0.4189509153366089,-0.047195933759212494,0.4168480932712555,0.4239843189716339,-0.03051542490720749,0.0,0.0,0.0,0.0,0.0,0.0,0.0,0.0,0.0,0.0,0.0,0.0,0.0,0.0,0.0,0.0,0.0,0.0,0.0,0.0,0.0,0.0,0.0,0.0,0.0,0.0,0.0,0.0,0.0,0.0,0.0,0.0,0.0,0.0,0.0,0.0,0.0,0.0,0.0,0.0,0.0,0.0,0.0,0.0,0.0,0.0,0.0,0.0,0.0,0.0,0.0,0.0,0.0,0.0,0.0,0.0,0.0,0.0,0.0,0.0,0.0,0.0,0.0
down,0.6004722118377686,0.4950565695762634,-5.412167638496612e-07,0.5920565128326416,0.6403321027755737,-0.03598419576883316,0.5460867285728455,0.7710222005844116,-0.0611981637775898,0.515079915523529,0.8723633289337158,-0.08845154196023941,0.49904194474220276,0.9545982480049133,-0.10915308445692062,0.40858539938926697,0.705439567565918,-0.015353173017501831,0.3247087597846985,0.7220380306243896,-0.0579279400408268,0.39265915751457214,0.6932477355003357,-0.08095289766788483,0.4474814534187317,0.6768689751625061,-0.08821580559015274,0.3964414596557617,0.6285292506217957,-0.0160920862108469,0.32351863384246826,0.6402612328529358,-0.05928477272391319,0.4084954559803009,0.6147009134292603,-0.07018822431564331,0.45744532346725464,0.6025906801223755,-0.06571965664625168,0.39270010590553284,0.5522969961166382,-0.024861551821231842,0.3234191834926605,0.5639626383781433,-0.0604628324508667,0.40445196628570557,0.5481176376342773,-0.04866616055369377,0.4537515640258789,0.540215015411377,-0.030641654506325722,0.39815664291381836,0.4746522903442383,-0.03789054974913597,0.34064042568206787,0.48654478788375854,-0.0579860657453537,0.39511191844940186,0.48991525173187256,-0.04500801861286163,0.4343944787979126,0.4895692765712738,-0.028408193960785866,0.0,0.0,0.0,0.0,0.0,0.0,0.0,0.0,0.0,0.0,0.0,0.0,0.0,0.0,0.0,0.0,0.0,0.0,0.0,0.0,0.0,0.0,0.0,0.0,0.0,0.0,0.0,0.0,0.0,0.0,0.0,0.0,0.0,0.0,0.0,0.0,0.0,0.0,0.0,0.0,0.0,0.0,0.0,0.0,0.0,0.0,0.0,0.0,0.0,0.0,0.0,0.0,0.0,0.0,0.0,0.0,0.0,0.0,0.0,0.0,0.0,0.0,0.0
down,0.542946994304657,0.38320034742355347,-5.361896455724491e-07,0.5204914212226868,0.5223782658576965,-0.03563293442130089,0.46647265553474426,0.64866703748703,-0.06344740837812424,0.4289187788963318,0.7516472339630127,-0.09365938603878021,0.40578004717826843,0.8402149677276611,-0.11730600893497467,0.328013151884079,0.565119743347168,-0.016857096925377846,0.24591511487960815,0.582655131816864,-0.06112544611096382,0.3150859773159027,0.5650495886802673,-0.08709114789962769,0.368897020816803,0.5525436997413635,-0.09699217975139618,0.3184225857257843,0.4882623255252838,-0.01898793689906597,0.2453627586364746,0.4994424283504486,-0.06203761696815491,0.32964786887168884,0.4859132468700409,-0.07361956685781479,0.37657469511032104,0.47726109623908997,-0.07057192176580429,0.31930580735206604,0.41085147857666016,-0.029116515070199966,0.2564050853252411,0.41817528009414673,-0.06369929760694504,0.33427318930625916,0.4138473570346832,-0.05250684544444084,0.3798799216747284,0.4108443558216095,-0.036031920462846756,0.3300018310546875,0.33403080701828003,-0.043671865016222,0.27781009674072266,0.33624154329299927,-0.061346013098955154,0.33032330870628357,0.35026854276657104,-0.04719420149922371,0.3680458962917328,0.3569650650024414,-0.030649639666080475,0.0,0.0,0.0,0.0,0.0,0.0,0.0,0.0,0.0,0.0,0.0,0.0,0.0,0.0,0.0,0.0,0.0,0.0,0.0,0.0,0.0,0.0,0.0,0.0,0.0,0.0,0.0,0.0,0.0,0.0,0.0,0.0,0.0,0.0,0.0,0.0,0.0,0.0,0.0,0.0,0.0,0.0,0.0,0.0,0.0,0.0,0.0,0.0,0.0,0.0,0.0,0.0,0.0,0.0,0.0,0.0,0.0,0.0,0.0,0.0,0.0,0.0,0.0
down,0.4746859073638916,0.32870161533355713,-3.900356091435242e-07,0.45580077171325684,0.4676521420478821,-0.0411561094224453,0.4005543887615204,0.5896130800247192,-0.06923479586839676,0.36344197392463684,0.6826452016830444,-0.09712845832109451,0.3408030867576599,0.7567522525787354,-0.11741351336240768,0.26610469818115234,0.5064407587051392,-0.02803216315805912,0.18470066785812378,0.5116385817527771,-0.07230651378631592,0.2548869848251343,0.490651398897171,-0.09388554096221924,0.3073709309101105,0.4863252341747284,-0.09996499866247177,0.2572430968284607,0.4233652651309967,-0.02708079293370247,0.1827036291360855,0.4255264401435852,-0.07293611764907837,0.2660241425037384,0.40949302911758423,-0.083587147295475,0.3113253712654114,0.4058897793292999,-0.0785040631890297,0.26000380516052246,0.34285974502563477,-0.03375782445073128,0.19903463125228882,0.3401027023792267,-0.07264833897352219,0.2762487232685089,0.33549416065216064,-0.06228898465633392,0.3190517723560333,0.3369137644767761,-0.04484478384256363,0.27180197834968567,0.2661181092262268,-0.04467395693063736,0.22509223222732544,0.2595739960670471,-0.06782124936580658,0.2782699167728424,0.2730039358139038,-0.055780407041311264,0.31344762444496155,0.28320690989494324,-0.03936867043375969,0.0,0.0,0.0,0.0,0.0,0.0,0.0,0.0,0.0,0.0,0.0,0.0,0.0,0.0,0.0,0.0,0.0,0.0,0.0,0.0,0.0,0.0,0.0,0.0,0.0,0.0,0.0,0.0,0.0,0.0,0.0,0.0,0.0,0.0,0.0,0.0,0.0,0.0,0.0,0.0,0.0,0.0,0.0,0.0,0.0,0.0,0.0,0.0,0.0,0.0,0.0,0.0,0.0,0.0,0.0,0.0,0.0,0.0,0.0,0.0,0.0,0.0,0.0
down,0.4212683439254761,0.2836735248565674,-5.217320904193912e-07,0.3863503038883209,0.43392273783683777,-0.03712388128042221,0.33032336831092834,0.5663770437240601,-0.06714004278182983,0.28680795431137085,0.6726298332214355,-0.0997050553560257,0.26369452476501465,0.7627819180488586,-0.1255030483007431,0.20097658038139343,0.4625948965549469,-0.0168271716684103,0.10995139181613922,0.45665714144706726,-0.06225704029202461,0.1837233453989029,0.4441261887550354,-0.08890220522880554,0.24262984097003937,0.4438357353210449,-0.09874824434518814,0.19731275737285614,0.3775010108947754,-0.017696579918265343,0.11497197300195694,0.3704703152179718,-0.06303532421588898,0.2034909576177597,0.3652905523777008,-0.07518920302391052,0.2543783485889435,0.3695507049560547,-0.07275346666574478,0.20277781784534454,0.298519492149353,-0.0267055444419384,0.12982848286628723,0.2897358238697052,-0.06433583050966263,0.2120783030986786,0.29394301772117615,-0.051674749702215195,0.26348423957824707,0.30375832319259644,-0.0332995168864727,0.2160557359457016,0.22535505890846252,-0.04017351567745209,0.16101747751235962,0.21802951395511627,-0.05876266211271286,0.21688956022262573,0.2361372411251068,-0.04312615096569061,0.25739240646362305,0.2504289746284485,-0.025637393817305565,0.0,0.0,0.0,0.0,0.0,0.0,0.0,0.0,0.0,0.0,0.0,0.0,0.0,0.0,0.0,0.0,0.0,0.0,0.0,0.0,0.0,0.0,0.0,0.0,0.0,0.0,0.0,0.0,0.0,0.0,0.0,0.0,0.0,0.0,0.0,0.0,0.0,0.0,0.0,0.0,0.0,0.0,0.0,0.0,0.0,0.0,0.0,0.0,0.0,0.0,0.0,0.0,0.0,0.0,0.0,0.0,0.0,0.0,0.0,0.0,0.0,0.0,0.0
down,0.40824389457702637,0.3267105519771576,-4.416186243361153e-07,0.3947862982749939,0.46172717213630676,-0.03538549691438675,0.3557598292827606,0.5832610726356506,-0.06227904558181763,0.33108678460121155,0.6720191836357117,-0.09087735414505005,0.3180122673511505,0.7451509833335876,-0.11377270519733429,0.22460031509399414,0.5017435550689697,-0.017757907509803772,0.15225529670715332,0.5116312503814697,-0.06125080958008766,0.21679170429706573,0.4938589930534363,-0.08674579113721848,0.2670995891094208,0.4846874177455902,-0.09632737189531326,0.21739207208156586,0.42559629678726196,-0.019716642796993256,0.14725540578365326,0.43110203742980957,-0.06457805633544922,0.22410209476947784,0.4188843071460724,-0.07745209336280823,0.26955509185791016,0.41287943720817566,-0.07400093972682953,0.21805021166801453,0.3505794405937195,-0.029342390596866608,0.16091060638427734,0.35635867714881897,-0.0647231936454773,0.23440803587436676,0.35272568464279175,-0.05433450639247894,0.27600497007369995,0.35149946808815,-0.037473395466804504,0.22804594039916992,0.27481013536453247,-0.043107740581035614,0.1831405609846115,0.2776482105255127,-0.060620781034231186,0.23382779955863953,0.2894049286842346,-0.046239566057920456,0.2652631998062134,0.2944034934043884,-0.029279407113790512,0.0,0.0,0.0,0.0,0.0,0.0,0.0,0.0,0.0,0.0,0.0,0.0,0.0,0.0,0.0,0.0,0.0,0.0,0.0,0.0,0.0,0.0,0.0,0.0,0.0,0.0,0.0,0.0,0.0,0.0,0.0,0.0,0.0,0.0,0.0,0.0,0.0,0.0,0.0,0.0,0.0,0.0,0.0,0.0,0.0,0.0,0.0,0.0,0.0,0.0,0.0,0.0,0.0,0.0,0.0,0.0,0.0,0.0,0.0,0.0,0.0,0.0,0.0
down,0.4629012942314148,0.3757956027984619,-3.46897138570057e-07,0.4588809609413147,0.503326952457428,-0.04079235717654228,0.4245475232601166,0.6194197535514832,-0.06947021186351776,0.39904338121414185,0.702435314655304,-0.09724976122379303,0.3832457959651947,0.7687907814979553,-0.11915697157382965,0.29387977719306946,0.5577974319458008,-0.03170410543680191,0.22408908605575562,0.5659661889076233,-0.07365820556879044,0.2861979603767395,0.5431421995162964,-0.09644392877817154,0.3338015675544739,0.534212052822113,-0.10436880588531494,0.28473907709121704,0.4835917353630066,-0.030642395839095116,0.21635600924491882,0.4858786463737488,-0.07519862800836563,0.2910146415233612,0.46568232774734497,-0.08773957937955856,0.33644136786460876,0.4609835743904114,-0.08431218564510345,0.2838112413883209,0.41196006536483765,-0.036344218999147415,0.225788414478302,0.41399115324020386,-0.07487108558416367,0.29910483956336975,0.4034937024116516,-0.06669486314058304,0.3443533778190613,0.4035821259021759,-0.05053996294736862,0.2910544276237488,0.3427070379257202,-0.04593423753976822,0.24767184257507324,0.34283608198165894,-0.07158371061086655,0.29924720525741577,0.3475208878517151,-0.061792392283678055,0.3352087736129761,0.3529219925403595,-0.046341799199581146,0.0,0.0,0.0,0.0,0.0,0.0,0.0,0.0,0.0,0.0,0.0,0.0,0.0,0.0,0.0,0.0,0.0,0.0,0.0,0.0,0.0,0.0,0.0,0.0,0.0,0.0,0.0,0.0,0.0,0.0,0.0,0.0,0.0,0.0,0.0,0.0,0.0,0.0,0.0,0.0,0.0,0.0,0.0,0.0,0.0,0.0,0.0,0.0,0.0,0.0,0.0,0.0,0.0,0.0,0.0,0.0,0.0,0.0,0.0,0.0,0.0,0.0,0.0
down,0.5874032974243164,0.31771034002304077,-4.7479670683969744e-07,0.5734280943870544,0.45078808069229126,-0.038360293954610825,0.5277155041694641,0.5745723843574524,-0.06566304713487625,0.49624329805374146,0.6726963520050049,-0.09365998953580856,0.47918054461479187,0.7530239224433899,-0.11470247060060501,0.3979499936103821,0.49880507588386536,-0.02037370577454567,0.3202395439147949,0.5019537210464478,-0.06251981109380722,0.38588812947273254,0.4828757643699646,-0.08490649610757828,0.43350934982299805,0.4775436818599701,-0.09197778254747391,0.3894633948802948,0.42517292499542236,-0.01920180581510067,0.3151410222053528,0.4220966100692749,-0.06267758458852768,0.3965137302875519,0.4091523289680481,-0.07276955991983414,0.43794164061546326,0.4102303683757782,-0.06773421913385391,0.38970550894737244,0.3547937273979187,-0.02551419287919998,0.32191693782806396,0.3505856990814209,-0.061270587146282196,0.39750340580940247,0.3459416329860687,-0.048428554087877274,0.44026729464530945,0.35030147433280945,-0.029488494619727135,0.3977978229522705,0.28867214918136597,-0.035887736827135086,0.3456465005874634,0.2840450704097748,-0.05369821563363075,0.3967704176902771,0.29194191098213196,-0.03823566436767578,0.43114718794822693,0.2987487316131592,-0.02015218883752823,0.0,0.0,0.0,0.0,0.0,0.0,0.0,0.0,0.0,0.0,0.0,0.0,0.0,0.0,0.0,0.0,0.0,0.0,0.0,0.0,0.0,0.0,0.0,0.0,0.0,0.0,0.0,0.0,0.0,0.0,0.0,0.0,0.0,0.0,0.0,0.0,0.0,0.0,0.0,0.0,0.0,0.0,0.0,0.0,0.0,0.0,0.0,0.0,0.0,0.0,0.0,0.0,0.0,0.0,0.0,0.0,0.0,0.0,0.0,0.0,0.0,0.0,0.0
down,0.6930440068244934,0.30807429552078247,-5.318642593010736e-07,0.6725947856903076,0.4445507526397705,-0.03611282631754875,0.6211497187614441,0.5683614015579224,-0.06246020272374153,0.5832490921020508,0.6664338111877441,-0.08985518664121628,0.5627947449684143,0.7494698762893677,-0.10983496904373169,0.4858859181404114,0.48156267404556274,-0.01631246879696846,0.409621924161911,0.4817924499511719,-0.05494068190455437,0.47843262553215027,0.46898993849754333,-0.07601707428693771,0.5246889591217041,0.4671107828617096,-0.08349232375621796,0.47714436054229736,0.4071365296840668,-0.01498555950820446,0.4079214334487915,0.4052971601486206,-0.05152329429984093,0.49159497022628784,0.39894330501556396,-0.05783277004957199,0.5289925932884216,0.39830321073532104,-0.05273326113820076,0.47882840037345886,0.3344641327857971,-0.021370012313127518,0.41722986102104187,0.3311403691768646,-0.04843658581376076,0.4887181222438812,0.3323780596256256,-0.03444892540574074,0.5252004265785217,0.3359861373901367,-0.01816084235906601,0.48921293020248413,0.2653898000717163,-0.03221535310149193,0.43649861216545105,0.26015037298202515,-0.04199802875518799,0.48395198583602905,0.27448034286499023,-0.025844968855381012,0.5137078166007996,0.2831100821495056,-0.009778331033885479,0.0,0.0,0.0,0.0,0.0,0.0,0.0,0.0,0.0,0.0,0.0,0.0,0.0,0.0,0.0,0.0,0.0,0.0,0.0,0.0,0.0,0.0,0.0,0.0,0.0,0.0,0.0,0.0,0.0,0.0,0.0,0.0,0.0,0.0,0.0,0.0,0.0,0.0,0.0,0.0,0.0,0.0,0.0,0.0,0.0,0.0,0.0,0.0,0.0,0.0,0.0,0.0,0.0,0.0,0.0,0.0,0.0,0.0,0.0,0.0,0.0,0.0,0.0
down,0.684840738773346,0.301398903131485,-4.842686394113116e-07,0.6690288186073303,0.4444829821586609,-0.036993928253650665,0.6183318495750427,0.5712913870811462,-0.06328237801790237,0.5796583294868469,0.6757331490516663,-0.0900019183754921,0.5584496855735779,0.761693000793457,-0.10948214679956436,0.48122647404670715,0.4968823492527008,-0.0193873830139637,0.39834681153297424,0.4945721924304962,-0.056395355612039566,0.46915751695632935,0.4735654294490814,-0.07496464252471924,0.5187314748764038,0.47138848900794983,-0.08054295927286148,0.4709577262401581,0.41901344060897827,-0.01641482301056385,0.3978106379508972,0.41369959712028503,-0.05252765864133835,0.48563966155052185,0.3993435204029083,-0.05890856310725212,0.5256217122077942,0.4011744260787964,-0.05368425324559212,0.4728187024593353,0.3446756601333618,-0.020336000248789787,0.40741321444511414,0.33861076831817627,-0.048172276467084885,0.4862247407436371,0.33412861824035645,-0.033292535692453384,0.5259201526641846,0.33956849575042725,-0.01614382304251194,0.4839206337928772,0.27476054430007935,-0.028370561078190804,0.4311731457710266,0.26827096939086914,-0.04072638973593712,0.48437973856925964,0.2787845730781555,-0.02456532046198845,0.5167385339736938,0.28772225975990295,-0.007960249669849873,0.0,0.0,0.0,0.0,0.0,0.0,0.0,0.0,0.0,0.0,0.0,0.0,0.0,0.0,0.0,0.0,0.0,0.0,0.0,0.0,0.0,0.0,0.0,0.0,0.0,0.0,0.0,0.0,0.0,0.0,0.0,0.0,0.0,0.0,0.0,0.0,0.0,0.0,0.0,0.0,0.0,0.0,0.0,0.0,0.0,0.0,0.0,0.0,0.0,0.0,0.0,0.0,0.0,0.0,0.0,0.0,0.0,0.0,0.0,0.0,0.0,0.0,0.0
down,0.6540968418121338,0.2692048251628876,-4.5123243808120606e-07,0.6423393487930298,0.4086257517337799,-0.036723967641592026,0.5929383039474487,0.5287113785743713,-0.06215432286262512,0.5565059185028076,0.6223293542861938,-0.08783146739006042,0.5338626503944397,0.6983570456504822,-0.106533482670784,0.46213069558143616,0.4517567753791809,-0.023870626464486122,0.38203859329223633,0.4518173933029175,-0.06098361685872078,0.45267942547798157,0.4294203221797943,-0.07883583754301071,0.5018648505210876,0.4260556697845459,-0.08361180126667023,0.45457571744918823,0.3771287500858307,-0.02172602340579033,0.3839966654777527,0.3734980523586273,-0.06052325665950775,0.4663800001144409,0.3554111421108246,-0.06868870556354523,0.5099578499794006,0.3551413118839264,-0.06356741487979889,0.4560472369194031,0.3061833381652832,-0.026009799912571907,0.3944404125213623,0.30360686779022217,-0.057618461549282074,0.47192510962486267,0.2954666316509247,-0.046225327998399734,0.5162572860717773,0.29846686124801636,-0.029765237122774124,0.46514204144477844,0.23824235796928406,-0.03419586643576622,0.4147125482559204,0.23283906280994415,-0.052998486906290054,0.4670712947845459,0.2401714026927948,-0.041080765426158905,0.5039348602294922,0.24854081869125366,-0.025655319914221764,0.0,0.0,0.0,0.0,0.0,0.0,0.0,0.0,0.0,0.0,0.0,0.0,0.0,0.0,0.0,0.0,0.0,0.0,0.0,0.0,0.0,0.0,0.0,0.0,0.0,0.0,0.0,0.0,0.0,0.0,0.0,0.0,0.0,0.0,0.0,0.0,0.0,0.0,0.0,0.0,0.0,0.0,0.0,0.0,0.0,0.0,0.0,0.0,0.0,0.0,0.0,0.0,0.0,0.0,0.0,0.0,0.0,0.0,0.0,0.0,0.0,0.0,0.0
down,0.5784852504730225,0.28851452469825745,-4.613715418599895e-07,0.5667708516120911,0.4174698293209076,-0.037487708032131195,0.5251166820526123,0.5356414318084717,-0.06464989483356476,0.4940551817417145,0.6303225755691528,-0.09129785001277924,0.47628143429756165,0.7085754871368408,-0.11100015044212341,0.39975473284721375,0.4693669378757477,-0.02563239447772503,0.3289664685726166,0.46808499097824097,-0.06474962085485458,0.3949369490146637,0.45176631212234497,-0.08350905030965805,0.4385073781013489,0.44911831617355347,-0.08917677402496338,0.39076200127601624,0.3953890800476074,-0.02304614894092083,0.3277912735939026,0.3930171728134155,-0.061515092849731445,0.40697014331817627,0.38047030568122864,-0.06756501644849777,0.4422574043273926,0.3788819909095764,-0.06202979013323784,0.3900395631790161,0.3238084018230438,-0.027486497536301613,0.3353199362754822,0.3218657076358795,-0.058329056948423386,0.40773922204971313,0.3168973922729492,-0.04426323249936104,0.441933810710907,0.3183906078338623,-0.027334660291671753,0.39693284034729004,0.2568163573741913,-0.03592018783092499,0.3535905182361603,0.2536528706550598,-0.05037524923682213,0.4055117070674896,0.2621840238571167,-0.03548077493906021,0.433853417634964,0.26709258556365967,-0.019665423780679703,0.0,0.0,0.0,0.0,0.0,0.0,0.0,0.0,0.0,0.0,0.0,0.0,0.0,0.0,0.0,0.0,0.0,0.0,0.0,0.0,0.0,0.0,0.0,0.0,0.0,0.0,0.0,0.0,0.0,0.0,0.0,0.0,0.0,0.0,0.0,0.0,0.0,0.0,0.0,0.0,0.0,0.0,0.0,0.0,0.0,0.0,0.0,0.0,0.0,0.0,0.0,0.0,0.0,0.0,0.0,0.0,0.0,0.0,0.0,0.0,0.0,0.0,0.0
down,0.5404447913169861,0.34180891513824463,-5.574743795477843e-07,0.5258575677871704,0.48197460174560547,-0.026760058477520943,0.49590033292770386,0.6003925204277039,-0.047925032675266266,0.4615216851234436,0.6985823512077332,-0.07140716165304184,0.44483184814453125,0.7766892910003662,-0.08867039531469345,0.3755156993865967,0.536201536655426,-0.0030729465652257204,0.303300678730011,0.5421766042709351,-0.035360775887966156,0.37030643224716187,0.5222172737121582,-0.05088994652032852,0.41223692893981934,0.517386257648468,-0.05504843220114708,0.3638628125190735,0.4633570611476898,-0.00185823580250144,0.2990872263908386,0.47071605920791626,-0.032846760004758835,0.38171082735061646,0.45381173491477966,-0.03656771406531334,0.41592803597450256,0.4494822323322296,-0.030685199424624443,0.36218884587287903,0.39408087730407715,-0.007321648299694061,0.3056282103061676,0.3998368978500366,-0.03291512653231621,0.3824940323829651,0.3924906253814697,-0.01681818999350071,0.41702544689178467,0.3919263184070587,0.0009612640715204179,0.36808642745018005,0.3261061906814575,-0.015968861058354378,0.32204774022102356,0.33160537481307983,-0.025045888498425484,0.37597763538360596,0.3401263952255249,-0.007935306057333946,0.4041566848754883,0.34173232316970825,0.008416980504989624,0.0,0.0,0.0,0.0,0.0,0.0,0.0,0.0,0.0,0.0,0.0,0.0,0.0,0.0,0.0,0.0,0.0,0.0,0.0,0.0,0.0,0.0,0.0,0.0,0.0,0.0,0.0,0.0,0.0,0.0,0.0,0.0,0.0,0.0,0.0,0.0,0.0,0.0,0.0,0.0,0.0,0.0,0.0,0.0,0.0,0.0,0.0,0.0,0.0,0.0,0.0,0.0,0.0,0.0,0.0,0.0,0.0,0.0,0.0,0.0,0.0,0.0,0.0
down,0.5265607833862305,0.34848278760910034,-5.226120265433565e-07,0.5168760418891907,0.47699064016342163,-0.03403639420866966,0.484857439994812,0.5944799184799194,-0.06002960354089737,0.45671772956848145,0.690779983997345,-0.08674255758523941,0.4420146346092224,0.766735315322876,-0.10679614543914795,0.36395856738090515,0.5345414280891418,-0.02146913670003414,0.29339367151260376,0.542078971862793,-0.058873679488897324,0.35860785841941833,0.523606538772583,-0.07446446269750595,0.3998051881790161,0.5182761549949646,-0.07785438746213913,0.3540847897529602,0.4654974341392517,-0.01919182576239109,0.2919532358646393,0.47224339842796326,-0.05589640513062477,0.37203264236450195,0.4552958905696869,-0.05905139446258545,0.40335726737976074,0.4515002965927124,-0.05168929696083069,0.35128626227378845,0.39648959040641785,-0.023776711896061897,0.2998955249786377,0.4019170105457306,-0.05426263064146042,0.37398484349250793,0.3930870294570923,-0.03830558806657791,0.4054777920246124,0.39374005794525146,-0.019606303423643112,0.35479536652565,0.3297785222530365,-0.032100677490234375,0.311769038438797,0.33377760648727417,-0.04542703181505203,0.3633913993835449,0.33976829051971436,-0.029754240065813065,0.39034098386764526,0.3431299328804016,-0.013468164019286633,0.0,0.0,0.0,0.0,0.0,0.0,0.0,0.0,0.0,0.0,0.0,0.0,0.0,0.0,0.0,0.0,0.0,0.0,0.0,0.0,0.0,0.0,0.0,0.0,0.0,0.0,0.0,0.0,0.0,0.0,0.0,0.0,0.0,0.0,0.0,0.0,0.0,0.0,0.0,0.0,0.0,0.0,0.0,0.0,0.0,0.0,0.0,0.0,0.0,0.0,0.0,0.0,0.0,0.0,0.0,0.0,0.0,0.0,0.0,0.0,0.0,0.0,0.0
down,0.6224095821380615,0.2959083020687103,-4.987987836102548e-07,0.6066170930862427,0.42615070939064026,-0.03875067085027695,0.5618405342102051,0.5390692353248596,-0.06450721621513367,0.5230998992919922,0.6327775716781616,-0.08970098942518234,0.49813133478164673,0.7032634019851685,-0.1062198057770729,0.4364711344242096,0.47215741872787476,-0.020365552976727486,0.3631954789161682,0.4812224507331848,-0.058118678629398346,0.43520936369895935,0.4639352560043335,-0.07134365290403366,0.4730818569660187,0.46145355701446533,-0.07277143746614456,0.428320974111557,0.39970219135284424,-0.015400320291519165,0.3682584762573242,0.4100334346294403,-0.05243019387125969,0.45125141739845276,0.3953300416469574,-0.054275721311569214,0.47258079051971436,0.3942759335041046,-0.04553297162055969,0.4287129044532776,0.32784467935562134,-0.018166249617934227,0.3771381378173828,0.3334318995475769,-0.05085938051342964,0.45473477244377136,0.32582974433898926,-0.03436871990561485,0.47812384366989136,0.3251294195652008,-0.014705956913530827,0.43494534492492676,0.25975584983825684,-0.02484780363738537,0.3915907144546509,0.26207345724105835,-0.03970491513609886,0.4451274573802948,0.2703126072883606,-0.02405703067779541,0.4682607650756836,0.2729639708995819,-0.007031802088022232,0.0,0.0,0.0,0.0,0.0,0.0,0.0,0.0,0.0,0.0,0.0,0.0,0.0,0.0,0.0,0.0,0.0,0.0,0.0,0.0,0.0,0.0,0.0,0.0,0.0,0.0,0.0,0.0,0.0,0.0,0.0,0.0,0.0,0.0,0.0,0.0,0.0,0.0,0.0,0.0,0.0,0.0,0.0,0.0,0.0,0.0,0.0,0.0,0.0,0.0,0.0,0.0,0.0,0.0,0.0,0.0,0.0,0.0,0.0,0.0,0.0,0.0,0.0
down,0.6366322040557861,0.29839980602264404,-5.223420771471865e-07,0.6200785040855408,0.4350358247756958,-0.03469131886959076,0.5732083916664124,0.5504997968673706,-0.05936843901872635,0.5325079560279846,0.6460665464401245,-0.0843755379319191,0.5078761577606201,0.7206414341926575,-0.10144219547510147,0.4447292685508728,0.48060765862464905,-0.01547324936836958,0.37096107006073,0.4873214364051819,-0.05399259179830551,0.4414668679237366,0.46680498123168945,-0.06920544803142548,0.4826980531215668,0.4624185562133789,-0.07152610272169113,0.437436044216156,0.40622296929359436,-0.011920235119760036,0.3752184510231018,0.41500309109687805,-0.04962867125868797,0.46183648705482483,0.3988713324069977,-0.052620045840740204,0.4877385199069977,0.3989660441875458,-0.043870724737644196,0.43884754180908203,0.3331235945224762,-0.015722747892141342,0.3847392797470093,0.33884957432746887,-0.047992926090955734,0.4651985168457031,0.3316279649734497,-0.03080104850232601,0.4911624789237976,0.33247536420822144,-0.010154308751225471,0.44641655683517456,0.2636086344718933,-0.023027701303362846,0.40198126435279846,0.26965993642807007,-0.035702839493751526,0.4568652808666229,0.2783329486846924,-0.018107114359736443,0.47953784465789795,0.28053954243659973,0.0001793617120711133,0.0,0.0,0.0,0.0,0.0,0.0,0.0,0.0,0.0,0.0,0.0,0.0,0.0,0.0,0.0,0.0,0.0,0.0,0.0,0.0,0.0,0.0,0.0,0.0,0.0,0.0,0.0,0.0,0.0,0.0,0.0,0.0,0.0,0.0,0.0,0.0,0.0,0.0,0.0,0.0,0.0,0.0,0.0,0.0,0.0,0.0,0.0,0.0,0.0,0.0,0.0,0.0,0.0,0.0,0.0,0.0,0.0,0.0,0.0,0.0,0.0,0.0,0.0
down,0.595259428024292,0.36500346660614014,-4.3474861399772635e-07,0.579906165599823,0.48832014203071594,-0.034422408789396286,0.543383777141571,0.6024963855743408,-0.06098875030875206,0.517939567565918,0.6962684988975525,-0.08842453360557556,0.5058380365371704,0.7715588212013245,-0.1088455319404602,0.4211340546607971,0.5352644920349121,-0.022097088396549225,0.35430407524108887,0.5508615970611572,-0.05869513377547264,0.4166487157344818,0.5349668264389038,-0.07426488399505615,0.4564882516860962,0.5274091958999634,-0.07817735522985458,0.411751389503479,0.4698418080806732,-0.020970406010746956,0.35331153869628906,0.4842112958431244,-0.056872352957725525,0.4269757568836212,0.4700285494327545,-0.06007740646600723,0.45657461881637573,0.46227288246154785,-0.053307998925447464,0.4098263382911682,0.4036557078361511,-0.026938484981656075,0.35918593406677246,0.41461604833602905,-0.05557440221309662,0.42658883333206177,0.4063956141471863,-0.04146132618188858,0.45635586977005005,0.40217074751853943,-0.024984285235404968,0.4142206609249115,0.3385576605796814,-0.03705213591456413,0.3731004297733307,0.3437016010284424,-0.04970262199640274,0.41792792081832886,0.34970611333847046,-0.03613189235329628,0.44214293360710144,0.35086897015571594,-0.02170501835644245,0.0,0.0,0.0,0.0,0.0,0.0,0.0,0.0,0.0,0.0,0.0,0.0,0.0,0.0,0.0,0.0,0.0,0.0,0.0,0.0,0.0,0.0,0.0,0.0,0.0,0.0,0.0,0.0,0.0,0.0,0.0,0.0,0.0,0.0,0.0,0.0,0.0,0.0,0.0,0.0,0.0,0.0,0.0,0.0,0.0,0.0,0.0,0.0,0.0,0.0,0.0,0.0,0.0,0.0,0.0,0.0,0.0,0.0,0.0,0.0,0.0,0.0,0.0
down,0.5079855918884277,0.36381545662879944,-4.355994178695255e-07,0.5059290528297424,0.48376938700675964,-0.03012663498520851,0.4792119264602661,0.5921469926834106,-0.052190978080034256,0.45909595489501953,0.6773273944854736,-0.0746995359659195,0.4437628388404846,0.7408545017242432,-0.09179124981164932,0.36293265223503113,0.5407605171203613,-0.018874889239668846,0.29755663871765137,0.5519119501113892,-0.05326027795672417,0.3538818359375,0.5305172801017761,-0.0701843723654747,0.3930704593658447,0.5226197242736816,-0.0750022903084755,0.35224342346191406,0.4742686450481415,-0.017160354182124138,0.2942824959754944,0.48360592126846313,-0.05080210790038109,0.36385756731033325,0.4657551944255829,-0.056921474635601044,0.39651399850845337,0.45962458848953247,-0.052258726209402084,0.35029980540275574,0.4103115200996399,-0.021265409886837006,0.30019986629486084,0.4171043932437897,-0.04895009845495224,0.36584708094596863,0.4068485200405121,-0.036153391003608704,0.3972882628440857,0.4043659567832947,-0.020200815051794052,0.35460200905799866,0.3492337465286255,-0.028491178527474403,0.31465137004852295,0.3537455201148987,-0.04231111332774162,0.36102351546287537,0.35632941126823425,-0.028423944488167763,0.3861704468727112,0.3563539683818817,-0.013156753033399582,0.0,0.0,0.0,0.0,0.0,0.0,0.0,0.0,0.0,0.0,0.0,0.0,0.0,0.0,0.0,0.0,0.0,0.0,0.0,0.0,0.0,0.0,0.0,0.0,0.0,0.0,0.0,0.0,0.0,0.0,0.0,0.0,0.0,0.0,0.0,0.0,0.0,0.0,0.0,0.0,0.0,0.0,0.0,0.0,0.0,0.0,0.0,0.0,0.0,0.0,0.0,0.0,0.0,0.0,0.0,0.0,0.0,0.0,0.0,0.0,0.0,0.0,0.0
down,0.4705007076263428,0.36845168471336365,-4.047200263812556e-07,0.4682302176952362,0.4852854013442993,-0.03194108605384827,0.44111695885658264,0.592641294002533,-0.05516691133379936,0.42194807529449463,0.6762297749519348,-0.07886207103729248,0.41021600365638733,0.7400158643722534,-0.09710850566625595,0.3299815356731415,0.5393003821372986,-0.021616708487272263,0.26488256454467773,0.551593542098999,-0.0576954260468483,0.3230539858341217,0.5305639505386353,-0.07547830790281296,0.36301493644714355,0.52141934633255,-0.08091829717159271,0.3192876875400543,0.47569629549980164,-0.020687852054834366,0.261787474155426,0.48557427525520325,-0.0562545545399189,0.32945555448532104,0.46672573685646057,-0.062857486307621,0.36203017830848694,0.45877698063850403,-0.05833443999290466,0.31624746322631836,0.4136129915714264,-0.026093939319252968,0.26745957136154175,0.4189595878124237,-0.05719069764018059,0.3340056240558624,0.40797513723373413,-0.0459417887032032,0.365744411945343,0.40454795956611633,-0.030429095029830933,0.31967586278915405,0.3521592915058136,-0.034819308668375015,0.281946063041687,0.35455310344696045,-0.051959164440631866,0.32955342531204224,0.3580000400543213,-0.039772942662239075,0.3561275899410248,0.35975515842437744,-0.025413837283849716,0.0,0.0,0.0,0.0,0.0,0.0,0.0,0.0,0.0,0.0,0.0,0.0,0.0,0.0,0.0,0.0,0.0,0.0,0.0,0.0,0.0,0.0,0.0,0.0,0.0,0.0,0.0,0.0,0.0,0.0,0.0,0.0,0.0,0.0,0.0,0.0,0.0,0.0,0.0,0.0,0.0,0.0,0.0,0.0,0.0,0.0,0.0,0.0,0.0,0.0,0.0,0.0,0.0,0.0,0.0,0.0,0.0,0.0,0.0,0.0,0.0,0.0,0.0
down,0.4679088294506073,0.3784703314304352,-4.0772107468001195e-07,0.45919811725616455,0.4976329207420349,-0.02341189794242382,0.4360538125038147,0.5986546277999878,-0.04176481440663338,0.4143386781215668,0.6818345785140991,-0.06254243105649948,0.40245065093040466,0.7466035485267639,-0.07909992337226868,0.32427623867988586,0.5465654134750366,-0.005601426120847464,0.25983840227127075,0.5530317425727844,-0.03298091143369675,0.31704527139663696,0.5348849296569824,-0.04779111593961716,0.35794490575790405,0.5286266207695007,-0.05205409973859787,0.31322813034057617,0.48207610845565796,-0.004624612163752317,0.2534291744232178,0.4904327988624573,-0.03131215646862984,0.3214684724807739,0.47531357407569885,-0.038344092667102814,0.359266072511673,0.46882393956184387,-0.03546382486820221,0.31153956055641174,0.41979777812957764,-0.008741077966988087,0.25811028480529785,0.424341082572937,-0.031085634604096413,0.32378506660461426,0.41539466381073,-0.02227737382054329,0.36103272438049316,0.4127326011657715,-0.00991447176784277,0.31730273365974426,0.3600229322910309,-0.015373442322015762,0.2734232246875763,0.36469051241874695,-0.027048062533140182,0.3196607530117035,0.3691425621509552,-0.01579049415886402,0.35044771432876587,0.36868399381637573,-0.002870496828109026,0.0,0.0,0.0,0.0,0.0,0.0,0.0,0.0,0.0,0.0,0.0,0.0,0.0,0.0,0.0,0.0,0.0,0.0,0.0,0.0,0.0,0.0,0.0,0.0,0.0,0.0,0.0,0.0,0.0,0.0,0.0,0.0,0.0,0.0,0.0,0.0,0.0,0.0,0.0,0.0,0.0,0.0,0.0,0.0,0.0,0.0,0.0,0.0,0.0,0.0,0.0,0.0,0.0,0.0,0.0,0.0,0.0,0.0,0.0,0.0,0.0,0.0,0.0
down,0.5433381199836731,0.3602915406227112,-4.218495064378658e-07,0.5406427383422852,0.47886109352111816,-0.03227262198925018,0.5167136788368225,0.5874874591827393,-0.055304329842329025,0.4971001446247101,0.6713570356369019,-0.0788462683558464,0.48353803157806396,0.7380225658416748,-0.09678126126527786,0.4009277820587158,0.5345579385757446,-0.01828182488679886,0.3362424075603485,0.5472106337547302,-0.05317698419094086,0.394902765750885,0.5250282287597656,-0.07118117809295654,0.43503785133361816,0.5169926881790161,-0.07683567702770233,0.38927581906318665,0.4682854115962982,-0.01639268361032009,0.33188867568969727,0.47894710302352905,-0.0524415597319603,0.40150851011276245,0.458150714635849,-0.06067577749490738,0.43694227933883667,0.4516197144985199,-0.05701817572116852,0.3854481279850006,0.4054301679134369,-0.020695801824331284,0.3341960608959198,0.41343894600868225,-0.05082528665661812,0.4013110101222992,0.4007835388183594,-0.03978449106216431,0.4369003176689148,0.3988456726074219,-0.024437587708234787,0.3883407711982727,0.3450682759284973,-0.0283321812748909,0.3479638993740082,0.3482268154621124,-0.04469865933060646,0.39616742730140686,0.35091227293014526,-0.032368253916502,0.42480769753456116,0.35312819480895996,-0.01776914671063423,0.0,0.0,0.0,0.0,0.0,0.0,0.0,0.0,0.0,0.0,0.0,0.0,0.0,0.0,0.0,0.0,0.0,0.0,0.0,0.0,0.0,0.0,0.0,0.0,0.0,0.0,0.0,0.0,0.0,0.0,0.0,0.0,0.0,0.0,0.0,0.0,0.0,0.0,0.0,0.0,0.0,0.0,0.0,0.0,0.0,0.0,0.0,0.0,0.0,0.0,0.0,0.0,0.0,0.0,0.0,0.0,0.0,0.0,0.0,0.0,0.0,0.0,0.0
down,0.6039873361587524,0.36823785305023193,-3.7760523241558985e-07,0.5995205044746399,0.48652684688568115,-0.033943288028240204,0.5693892240524292,0.5942015051841736,-0.05692453309893608,0.5474762916564941,0.676128089427948,-0.07956451922655106,0.5343527793884277,0.7407519817352295,-0.09616546332836151,0.44890400767326355,0.5451024770736694,-0.020661570131778717,0.3860267698764801,0.5546966195106506,-0.05629622936248779,0.44661062955856323,0.5294049978256226,-0.07431230694055557,0.48455846309661865,0.5218092799186707,-0.07993166148662567,0.43772274255752563,0.4774397611618042,-0.01811242289841175,0.3808189630508423,0.4844823181629181,-0.054815277457237244,0.45230329036712646,0.4628184735774994,-0.06308376044034958,0.484330415725708,0.4583919942378998,-0.05904404819011688,0.435385137796402,0.41182100772857666,-0.021643880754709244,0.3864392638206482,0.4167511463165283,-0.051919110119342804,0.45513013005256653,0.4051787853240967,-0.04025270417332649,0.4876697063446045,0.40381601452827454,-0.024183060973882675,0.4402800500392914,0.3504835069179535,-0.028598520904779434,0.4016968309879303,0.3518643379211426,-0.043698325753211975,0.4505034387111664,0.35655033588409424,-0.0301076527684927,0.4770524203777313,0.35932525992393494,-0.014550691470503807,0.0,0.0,0.0,0.0,0.0,0.0,0.0,0.0,0.0,0.0,0.0,0.0,0.0,0.0,0.0,0.0,0.0,0.0,0.0,0.0,0.0,0.0,0.0,0.0,0.0,0.0,0.0,0.0,0.0,0.0,0.0,0.0,0.0,0.0,0.0,0.0,0.0,0.0,0.0,0.0,0.0,0.0,0.0,0.0,0.0,0.0,0.0,0.0,0.0,0.0,0.0,0.0,0.0,0.0,0.0,0.0,0.0,0.0,0.0,0.0,0.0,0.0,0.0
down,0.6277595162391663,0.3458998203277588,-4.659533487938461e-07,0.6215068101882935,0.47600582242012024,-0.033884234726428986,0.5791531801223755,0.5919252038002014,-0.055959902703762054,0.5475841760635376,0.6846215724945068,-0.07856196165084839,0.5338086485862732,0.7633211612701416,-0.09456435590982437,0.4559043049812317,0.533748209476471,-0.015083984471857548,0.3826950788497925,0.5456832051277161,-0.05172636732459068,0.44790175557136536,0.5215365290641785,-0.06894756108522415,0.4904122054576874,0.5127997994422913,-0.07320962846279144,0.44445013999938965,0.4638809561729431,-0.013500703498721123,0.38114142417907715,0.4719647169113159,-0.05074721947312355,0.45898962020874023,0.45166826248168945,-0.057244181632995605,0.49315887689590454,0.4462609887123108,-0.05092896893620491,0.4424099326133728,0.3954867422580719,-0.018938271328806877,0.38659796118736267,0.4026085436344147,-0.0509297139942646,0.46150830388069153,0.39105963706970215,-0.03790745511651039,0.49516141414642334,0.38878822326660156,-0.02003093995153904,0.4478500485420227,0.32890236377716064,-0.027945376932621002,0.4040551483631134,0.33246463537216187,-0.04436109960079193,0.45722052454948425,0.3368304967880249,-0.030156336724758148,0.4856605529785156,0.33910825848579407,-0.01361345686018467,0.0,0.0,0.0,0.0,0.0,0.0,0.0,0.0,0.0,0.0,0.0,0.0,0.0,0.0,0.0,0.0,0.0,0.0,0.0,0.0,0.0,0.0,0.0,0.0,0.0,0.0,0.0,0.0,0.0,0.0,0.0,0.0,0.0,0.0,0.0,0.0,0.0,0.0,0.0,0.0,0.0,0.0,0.0,0.0,0.0,0.0,0.0,0.0,0.0,0.0,0.0,0.0,0.0,0.0,0.0,0.0,0.0,0.0,0.0,0.0,0.0,0.0,0.0
down,0.511776328086853,0.37677958607673645,-4.119297898341756e-07,0.5080130696296692,0.4950663149356842,-0.03533875197172165,0.4735682010650635,0.6044552326202393,-0.060348235070705414,0.4489665627479553,0.6868125200271606,-0.08556399494409561,0.43374478816986084,0.7543986439704895,-0.10538977384567261,0.3553668260574341,0.5484816431999207,-0.02473718672990799,0.28660401701927185,0.5597302913665771,-0.06505349278450012,0.34705784916877747,0.5371831655502319,-0.08628465235233307,0.3912770748138428,0.5277493000030518,-0.09314145892858505,0.34634536504745483,0.4797610640525818,-0.023485414683818817,0.2854149043560028,0.4865841269493103,-0.0651266872882843,0.3587513566017151,0.46686631441116333,-0.07547389715909958,0.3971743583679199,0.46065330505371094,-0.07154528796672821,0.345481812953949,0.41282057762145996,-0.028664350509643555,0.2924991250038147,0.41780343651771545,-0.06368616968393326,0.36387816071510315,0.4064815044403076,-0.05252635478973389,0.4024156630039215,0.40455448627471924,-0.035499174147844315,0.3516711890697479,0.3483864665031433,-0.037319157272577286,0.3094848692417145,0.3515426516532898,-0.05703939124941826,0.35922589898109436,0.35554662346839905,-0.043865006417036057,0.38956230878829956,0.3581167459487915,-0.027460111305117607,0.0,0.0,0.0,0.0,0.0,0.0,0.0,0.0,0.0,0.0,0.0,0.0,0.0,0.0,0.0,0.0,0.0,0.0,0.0,0.0,0.0,0.0,0.0,0.0,0.0,0.0,0.0,0.0,0.0,0.0,0.0,0.0,0.0,0.0,0.0,0.0,0.0,0.0,0.0,0.0,0.0,0.0,0.0,0.0,0.0,0.0,0.0,0.0,0.0,0.0,0.0,0.0,0.0,0.0,0.0,0.0,0.0,0.0,0.0,0.0,0.0,0.0,0.0
down,0.46680334210395813,0.37954965233802795,-4.168365705936594e-07,0.4596085250377655,0.49652403593063354,-0.031972479075193405,0.424660325050354,0.6008428335189819,-0.056214962154626846,0.3992060422897339,0.6806013584136963,-0.08157041668891907,0.38375577330589294,0.7450937628746033,-0.1016787588596344,0.31004706025123596,0.5407121181488037,-0.020822856575250626,0.2418501079082489,0.5552871823310852,-0.06143924221396446,0.30145108699798584,0.5385830998420715,-0.08262777328491211,0.34432998299598694,0.5285230875015259,-0.0892140343785286,0.30307868123054504,0.4760020077228546,-0.021585188806056976,0.24297291040420532,0.4861765205860138,-0.06283316016197205,0.3145659565925598,0.47040796279907227,-0.07267925888299942,0.35171037912368774,0.4614810645580292,-0.06825713068246841,0.3028925061225891,0.4122675955295563,-0.028969576582312584,0.24901741743087769,0.4199998676776886,-0.06437155604362488,0.31920957565307617,0.41140133142471313,-0.05425916612148285,0.357156366109848,0.4051058292388916,-0.03755208104848862,0.3096787929534912,0.34863153100013733,-0.039652254432439804,0.26787513494491577,0.3541630804538727,-0.061003178358078,0.3171021640300751,0.3602820634841919,-0.04974212497472763,0.34876948595046997,0.3600388169288635,-0.03412613272666931,0.0,0.0,0.0,0.0,0.0,0.0,0.0,0.0,0.0,0.0,0.0,0.0,0.0,0.0,0.0,0.0,0.0,0.0,0.0,0.0,0.0,0.0,0.0,0.0,0.0,0.0,0.0,0.0,0.0,0.0,0.0,0.0,0.0,0.0,0.0,0.0,0.0,0.0,0.0,0.0,0.0,0.0,0.0,0.0,0.0,0.0,0.0,0.0,0.0,0.0,0.0,0.0,0.0,0.0,0.0,0.0,0.0,0.0,0.0,0.0,0.0,0.0,0.0
down,0.4115234613418579,0.3765818774700165,-4.1575597720111546e-07,0.39804261922836304,0.4872807562351227,-0.030759399756789207,0.36756086349487305,0.5904906988143921,-0.055714499205350876,0.345312237739563,0.6724138259887695,-0.08227498084306717,0.3341946005821228,0.7403250336647034,-0.103439100086689,0.26269641518592834,0.5224416851997375,-0.018843714147806168,0.19662630558013916,0.5350807905197144,-0.05603603646159172,0.2551729083061218,0.5203618407249451,-0.07649696618318558,0.298276424407959,0.5118851661682129,-0.08384113013744354,0.2574912905693054,0.4590340256690979,-0.019621340557932854,0.19602325558662415,0.46985843777656555,-0.05778796598315239,0.2633990943431854,0.4584672152996063,-0.06680378317832947,0.3015386462211609,0.4515112042427063,-0.06353366374969482,0.2585495710372925,0.3971327245235443,-0.026783397421240807,0.20556630194187164,0.405285120010376,-0.05759626626968384,0.26861104369163513,0.40134790539741516,-0.04697832465171814,0.30610382556915283,0.3989822268486023,-0.03179023787379265,0.2655964195728302,0.33545351028442383,-0.03749862313270569,0.22573736310005188,0.33812904357910156,-0.052670322358608246,0.2684057652950287,0.34870269894599915,-0.040269751101732254,0.29771462082862854,0.3534100651741028,-0.026200465857982635,0.0,0.0,0.0,0.0,0.0,0.0,0.0,0.0,0.0,0.0,0.0,0.0,0.0,0.0,0.0,0.0,0.0,0.0,0.0,0.0,0.0,0.0,0.0,0.0,0.0,0.0,0.0,0.0,0.0,0.0,0.0,0.0,0.0,0.0,0.0,0.0,0.0,0.0,0.0,0.0,0.0,0.0,0.0,0.0,0.0,0.0,0.0,0.0,0.0,0.0,0.0,0.0,0.0,0.0,0.0,0.0,0.0,0.0,0.0,0.0,0.0,0.0,0.0
down,0.384185791015625,0.34473198652267456,-4.557594479592808e-07,0.35850489139556885,0.4761779010295868,-0.020383553579449654,0.32599109411239624,0.5862083435058594,-0.039088308811187744,0.2968268394470215,0.6759286522865295,-0.06232195720076561,0.2834354341030121,0.7508867979049683,-0.08108238130807877,0.21880260109901428,0.5079233646392822,0.0025973268784582615,0.14529764652252197,0.5075221061706543,-0.027984539046883583,0.2085009664297104,0.4933430850505829,-0.04555914178490639,0.25441333651542664,0.4919084906578064,-0.05114302411675453,0.21249113976955414,0.4375849962234497,0.0004342379979789257,0.14479832351207733,0.440832257270813,-0.029799649491906166,0.21927867829799652,0.4307129979133606,-0.038082998245954514,0.2602457106113434,0.42694368958473206,-0.03550143167376518,0.21466796100139618,0.3717448115348816,-0.007521231658756733,0.1536847949028015,0.3725318908691406,-0.03165289759635925,0.22447194159030914,0.3714006245136261,-0.02015308290719986,0.2657979130744934,0.3725559115409851,-0.0051284790970385075,0.22384364902973175,0.3095382750034332,-0.0182847511023283,0.17657847702503204,0.3099138140678406,-0.028017254546284676,0.22461345791816711,0.3225876986980438,-0.013291471637785435,0.2569372355937958,0.326036274433136,0.0019407208310440183,0.0,0.0,0.0,0.0,0.0,0.0,0.0,0.0,0.0,0.0,0.0,0.0,0.0,0.0,0.0,0.0,0.0,0.0,0.0,0.0,0.0,0.0,0.0,0.0,0.0,0.0,0.0,0.0,0.0,0.0,0.0,0.0,0.0,0.0,0.0,0.0,0.0,0.0,0.0,0.0,0.0,0.0,0.0,0.0,0.0,0.0,0.0,0.0,0.0,0.0,0.0,0.0,0.0,0.0,0.0,0.0,0.0,0.0,0.0,0.0,0.0,0.0,0.0
down,0.44308406114578247,0.3697549104690552,-4.293735571536672e-07,0.4280083179473877,0.4815589189529419,-0.03380490839481354,0.3928269147872925,0.5880646705627441,-0.06016825884580612,0.3737744092941284,0.6688175797462463,-0.08728820830583572,0.3649761378765106,0.7352074384689331,-0.10842371731996536,0.2753151059150696,0.5246199369430542,-0.022696593776345253,0.2110075056552887,0.5368381142616272,-0.06522408127784729,0.27724337577819824,0.5244750380516052,-0.0875292643904686,0.3182007968425751,0.5187564492225647,-0.09529037773609161,0.266623854637146,0.4561798572540283,-0.023860875517129898,0.21046632528305054,0.4692259430885315,-0.06589766591787338,0.2840665578842163,0.4592386484146118,-0.07476621121168137,0.3167012631893158,0.4530976414680481,-0.07034096121788025,0.2659364342689514,0.3893473446369171,-0.03223113715648651,0.2195785790681839,0.397117555141449,-0.06659208983182907,0.2905024290084839,0.39454352855682373,-0.05468585342168808,0.32276034355163574,0.39388853311538696,-0.03825755789875984,0.2730996310710907,0.32405993342399597,-0.044485416263341904,0.24173741042613983,0.3265954554080963,-0.061634015291929245,0.29285842180252075,0.3389337658882141,-0.04797128587961197,0.31849241256713867,0.3442641794681549,-0.03234166279435158,0.0,0.0,0.0,0.0,0.0,0.0,0.0,0.0,0.0,0.0,0.0,0.0,0.0,0.0,0.0,0.0,0.0,0.0,0.0,0.0,0.0,0.0,0.0,0.0,0.0,0.0,0.0,0.0,0.0,0.0,0.0,0.0,0.0,0.0,0.0,0.0,0.0,0.0,0.0,0.0,0.0,0.0,0.0,0.0,0.0,0.0,0.0,0.0,0.0,0.0,0.0,0.0,0.0,0.0,0.0,0.0,0.0,0.0,0.0,0.0,0.0,0.0,0.0
down,0.5798584818840027,0.41439658403396606,-5.303960506353178e-07,0.5544307827949524,0.5553193688392639,-0.030513189733028412,0.5141254663467407,0.67662513256073,-0.052902765572071075,0.48048242926597595,0.7750405073165894,-0.07826195657253265,0.46506747603416443,0.8568884134292603,-0.09700316190719604,0.38897860050201416,0.6084133386611938,0.0005075172521173954,0.3101455271244049,0.6130838394165039,-0.03880416974425316,0.3775767982006073,0.5939854383468628,-0.060873258858919144,0.42508700489997864,0.5888952612876892,-0.06753730028867722,0.38079896569252014,0.5323054194450378,0.0015189680270850658,0.3116229772567749,0.5369622111320496,-0.03653188794851303,0.39534425735473633,0.5205482840538025,-0.045662593096494675,0.4337030053138733,0.5169435739517212,-0.0411461666226387,0.38114744424819946,0.45871520042419434,-0.005682423245161772,0.3192885220050812,0.46427589654922485,-0.03667106106877327,0.39590370655059814,0.45732903480529785,-0.02393280901014805,0.4351401925086975,0.45762115716934204,-0.005869563203305006,0.38839587569236755,0.387282133102417,-0.016561277210712433,0.3371928632259369,0.3942957818508148,-0.027034003287553787,0.38913771510124207,0.40439215302467346,-0.010208546184003353,0.42024725675582886,0.4068816602230072,0.0073538548313081264,0.0,0.0,0.0,0.0,0.0,0.0,0.0,0.0,0.0,0.0,0.0,0.0,0.0,0.0,0.0,0.0,0.0,0.0,0.0,0.0,0.0,0.0,0.0,0.0,0.0,0.0,0.0,0.0,0.0,0.0,0.0,0.0,0.0,0.0,0.0,0.0,0.0,0.0,0.0,0.0,0.0,0.0,0.0,0.0,0.0,0.0,0.0,0.0,0.0,0.0,0.0,0.0,0.0,0.0,0.0,0.0,0.0,0.0,0.0,0.0,0.0,0.0,0.0
down,0.4000028967857361,0.37086814641952515,-4.706371043994295e-07,0.3726521134376526,0.48652708530426025,-0.027619721367955208,0.33628877997398376,0.5915238261222839,-0.048831138759851456,0.3138890266418457,0.6655083298683167,-0.0730537474155426,0.30180948972702026,0.7174720764160156,-0.09267719089984894,0.22439351677894592,0.5169098377227783,-0.006337558850646019,0.16426068544387817,0.5333601832389832,-0.04516797140240669,0.2247386872768402,0.5342134833335876,-0.06758589297533035,0.2628251314163208,0.5232053995132446,-0.07649832218885422,0.2211514115333557,0.4497775435447693,-0.011045812629163265,0.16124826669692993,0.4642646610736847,-0.05171043053269386,0.2314404845237732,0.471675843000412,-0.0620872937142849,0.26641494035720825,0.4594602882862091,-0.057907067239284515,0.22631429135799408,0.3839554190635681,-0.023253200575709343,0.17561794817447662,0.3947860300540924,-0.05862024798989296,0.2436215579509735,0.406330943107605,-0.0481986403465271,0.2775469422340393,0.4002299904823303,-0.031080324202775955,0.24213626980781555,0.31781429052352905,-0.03877093642950058,0.20097263157367706,0.32509130239486694,-0.05528124049305916,0.24988403916358948,0.34753477573394775,-0.04014001786708832,0.2792295515537262,0.3498634099960327,-0.022927001118659973,0.0,0.0,0.0,0.0,0.0,0.0,0.0,0.0,0.0,0.0,0.0,0.0,0.0,0.0,0.0,0.0,0.0,0.0,0.0,0.0,0.0,0.0,0.0,0.0,0.0,0.0,0.0,0.0,0.0,0.0,0.0,0.0,0.0,0.0,0.0,0.0,0.0,0.0,0.0,0.0,0.0,0.0,0.0,0.0,0.0,0.0,0.0,0.0,0.0,0.0,0.0,0.0,0.0,0.0,0.0,0.0,0.0,0.0,0.0,0.0,0.0,0.0,0.0
down,0.3952573537826538,0.35167184472084045,-5.086106966700754e-07,0.37040823698043823,0.4615126848220825,-0.021888334304094315,0.3365281820297241,0.557920515537262,-0.04037586227059364,0.31188952922821045,0.6224994659423828,-0.06186702847480774,0.3042716681957245,0.6664519906044006,-0.07935723662376404,0.24107162654399872,0.47735536098480225,-0.010743041522800922,0.1914554089307785,0.5020334720611572,-0.042999494820833206,0.24683693051338196,0.5031866431236267,-0.06057029590010643,0.2739759683609009,0.48706576228141785,-0.06919191032648087,0.2375706434249878,0.4168749749660492,-0.01659192144870758,0.1903669387102127,0.44035401940345764,-0.04840930923819542,0.2504917085170746,0.4476110339164734,-0.05332265421748161,0.2712291181087494,0.4283268451690674,-0.05025048553943634,0.24116787314414978,0.35799819231033325,-0.02842293307185173,0.1937711238861084,0.3745271563529968,-0.055707380175590515,0.25329285860061646,0.3892323076725006,-0.04223792999982834,0.2768416106700897,0.3757394254207611,-0.027495134621858597,0.25411751866340637,0.297284871339798,-0.04352680221199989,0.2178736925125122,0.3088575601577759,-0.05593340843915939,0.2586604058742523,0.335769385099411,-0.04105844721198082,0.2807290256023407,0.33499377965927124,-0.026583990082144737,0.0,0.0,0.0,0.0,0.0,0.0,0.0,0.0,0.0,0.0,0.0,0.0,0.0,0.0,0.0,0.0,0.0,0.0,0.0,0.0,0.0,0.0,0.0,0.0,0.0,0.0,0.0,0.0,0.0,0.0,0.0,0.0,0.0,0.0,0.0,0.0,0.0,0.0,0.0,0.0,0.0,0.0,0.0,0.0,0.0,0.0,0.0,0.0,0.0,0.0,0.0,0.0,0.0,0.0,0.0,0.0,0.0,0.0,0.0,0.0,0.0,0.0,0.0
down,0.48510998487472534,0.3034655451774597,-3.410867179809429e-07,0.4708523154258728,0.4094058871269226,-0.024720625951886177,0.439483106136322,0.5008116364479065,-0.04286732152104378,0.41816312074661255,0.5757192373275757,-0.06159822270274162,0.4051734507083893,0.6341323256492615,-0.0762050449848175,0.34766337275505066,0.4449923038482666,-0.014224193058907986,0.2930357754230499,0.44336995482444763,-0.04047198221087456,0.3439531624317169,0.4294613301753998,-0.054699063301086426,0.3800564408302307,0.4295837879180908,-0.05975322052836418,0.3400861322879791,0.3859138786792755,-0.013473615050315857,0.2881947159767151,0.3862054646015167,-0.038408227264881134,0.346279114484787,0.37552785873413086,-0.045216113328933716,0.3776799142360687,0.3749545216560364,-0.04399442300200462,0.3407580554485321,0.3299529552459717,-0.017297878861427307,0.29877227544784546,0.3299814760684967,-0.0382864847779274,0.35429659485816956,0.3249623775482178,-0.030909983441233635,0.38418254256248474,0.3275451958179474,-0.02135791815817356,0.3485577702522278,0.2792530655860901,-0.023829177021980286,0.3204379379749298,0.2768036425113678,-0.035682808607816696,0.3612242639064789,0.28341183066368103,-0.026312218979001045,0.3860258460044861,0.28916987776756287,-0.01604554057121277,0.0,0.0,0.0,0.0,0.0,0.0,0.0,0.0,0.0,0.0,0.0,0.0,0.0,0.0,0.0,0.0,0.0,0.0,0.0,0.0,0.0,0.0,0.0,0.0,0.0,0.0,0.0,0.0,0.0,0.0,0.0,0.0,0.0,0.0,0.0,0.0,0.0,0.0,0.0,0.0,0.0,0.0,0.0,0.0,0.0,0.0,0.0,0.0,0.0,0.0,0.0,0.0,0.0,0.0,0.0,0.0,0.0,0.0,0.0,0.0,0.0,0.0,0.0
down,0.6143501400947571,0.3107871115207672,-3.2530579119338654e-07,0.6051666736602783,0.4197588264942169,-0.031511012464761734,0.574530303478241,0.5174611806869507,-0.053002774715423584,0.5525849461555481,0.595908522605896,-0.07469473779201508,0.5378000736236572,0.657566249370575,-0.09104158729314804,0.46956002712249756,0.4688006043434143,-0.017188051715493202,0.40785932540893555,0.46836069226264954,-0.05308900773525238,0.4631787836551666,0.44667696952819824,-0.07233967632055283,0.5018481612205505,0.4426960349082947,-0.0782066211104393,0.46114683151245117,0.40668728947639465,-0.014906552620232105,0.4058924913406372,0.4016982913017273,-0.051218342036008835,0.47213512659072876,0.38296136260032654,-0.06119447574019432,0.5044278502464294,0.38368645310401917,-0.05837808921933174,0.4588831663131714,0.34689050912857056,-0.018626146018505096,0.4104132056236267,0.3426649272441864,-0.047850240021944046,0.47498148679733276,0.33413058519363403,-0.03800785169005394,0.5080410242080688,0.33768194913864136,-0.02330334484577179,0.46285301446914673,0.2935335338115692,-0.025677362456917763,0.4281409680843353,0.28924840688705444,-0.039771668612957,0.47408831119537354,0.2937089204788208,-0.027321459725499153,0.5014371871948242,0.29807931184768677,-0.01273933332413435,0.0,0.0,0.0,0.0,0.0,0.0,0.0,0.0,0.0,0.0,0.0,0.0,0.0,0.0,0.0,0.0,0.0,0.0,0.0,0.0,0.0,0.0,0.0,0.0,0.0,0.0,0.0,0.0,0.0,0.0,0.0,0.0,0.0,0.0,0.0,0.0,0.0,0.0,0.0,0.0,0.0,0.0,0.0,0.0,0.0,0.0,0.0,0.0,0.0,0.0,0.0,0.0,0.0,0.0,0.0,0.0,0.0,0.0,0.0,0.0,0.0,0.0,0.0
down,0.6811918020248413,0.32495829463005066,-2.9559697622971726e-07,0.6750264167785645,0.4341745972633362,-0.0352143794298172,0.6385564804077148,0.5353312492370605,-0.05913413688540459,0.6176683902740479,0.6160146594047546,-0.08159514516592026,0.6039658188819885,0.678952157497406,-0.09812307357788086,0.5253869891166687,0.4880298972129822,-0.03006143309175968,0.46082523465156555,0.487270712852478,-0.0638510212302208,0.5148292183876038,0.46310311555862427,-0.07949549704790115,0.5521542429924011,0.4619804620742798,-0.08383327722549438,0.5179994702339172,0.4234483242034912,-0.027290547266602516,0.4594753086566925,0.41710856556892395,-0.06101038306951523,0.5243402719497681,0.3980846703052521,-0.06789152324199677,0.553333044052124,0.4037681221961975,-0.06429242342710495,0.5178043842315674,0.36033907532691956,-0.029917290434241295,0.46799254417419434,0.3537898361682892,-0.05734194070100784,0.5295708775520325,0.34504735469818115,-0.046579934656620026,0.5589086413383484,0.3523140847682953,-0.03281807526946068,0.5242248773574829,0.3033037781715393,-0.03599240630865097,0.4862382411956787,0.29631704092025757,-0.05025749281048775,0.529521107673645,0.3008360266685486,-0.03770790994167328,0.5550024509429932,0.3102145195007324,-0.023893868550658226,0.0,0.0,0.0,0.0,0.0,0.0,0.0,0.0,0.0,0.0,0.0,0.0,0.0,0.0,0.0,0.0,0.0,0.0,0.0,0.0,0.0,0.0,0.0,0.0,0.0,0.0,0.0,0.0,0.0,0.0,0.0,0.0,0.0,0.0,0.0,0.0,0.0,0.0,0.0,0.0,0.0,0.0,0.0,0.0,0.0,0.0,0.0,0.0,0.0,0.0,0.0,0.0,0.0,0.0,0.0,0.0,0.0,0.0,0.0,0.0,0.0,0.0,0.0
down,0.8013078570365906,0.2449098378419876,-4.2127726374019403e-07,0.7736228704452515,0.3716684579849243,-0.042648784816265106,0.7163671851158142,0.49352121353149414,-0.07011362910270691,0.6718810796737671,0.5959327816963196,-0.0957285612821579,0.6481143236160278,0.6749476194381714,-0.1120176911354065,0.5965073704719543,0.4226321578025818,-0.02722499892115593,0.5202032923698425,0.4062759578227997,-0.0627666637301445,0.5913742780685425,0.38750264048576355,-0.07535014301538467,0.627352237701416,0.39451050758361816,-0.07774848490953445,0.5906620025634766,0.34978556632995605,-0.020329482853412628,0.5255306959152222,0.3302704393863678,-0.057491108775138855,0.610491931438446,0.3212048411369324,-0.06004871800541878,0.6309245824813843,0.3388766050338745,-0.05275534838438034,0.5944245457649231,0.2781788110733032,-0.020465191453695297,0.5411955714225769,0.25738525390625,-0.05149754509329796,0.6144229769706726,0.2567276954650879,-0.036115314811468124,0.6373668313026428,0.27560344338417053,-0.018333859741687775,0.603556752204895,0.21408429741859436,-0.024689318612217903,0.561643660068512,0.19830657541751862,-0.036223310977220535,0.611238420009613,0.2101455181837082,-0.02007048763334751,0.63371342420578,0.22797194123268127,-0.0041683148592710495,0.0,0.0,0.0,0.0,0.0,0.0,0.0,0.0,0.0,0.0,0.0,0.0,0.0,0.0,0.0,0.0,0.0,0.0,0.0,0.0,0.0,0.0,0.0,0.0,0.0,0.0,0.0,0.0,0.0,0.0,0.0,0.0,0.0,0.0,0.0,0.0,0.0,0.0,0.0,0.0,0.0,0.0,0.0,0.0,0.0,0.0,0.0,0.0,0.0,0.0,0.0,0.0,0.0,0.0,0.0,0.0,0.0,0.0,0.0,0.0,0.0,0.0,0.0
down,0.6678454875946045,0.1098310649394989,-3.455883188507869e-07,0.6479781866073608,0.21997618675231934,-0.03225163370370865,0.5904667973518372,0.3198467493057251,-0.047849901020526886,0.5555077791213989,0.38500821590423584,-0.062382396310567856,0.5380539894104004,0.4262106120586395,-0.07019201666116714,0.48920759558677673,0.27313679456710815,-0.012409758754074574,0.42757612466812134,0.2578665018081665,-0.051223330199718475,0.48271068930625916,0.2436579167842865,-0.07135970145463943,0.5219724774360657,0.24780750274658203,-0.07734766602516174,0.4854060709476471,0.20258745551109314,-0.012895181775093079,0.425865113735199,0.18295137584209442,-0.04852379485964775,0.49463120102882385,0.17668667435646057,-0.055641595274209976,0.5232009291648865,0.1842142790555954,-0.04992706701159477,0.49146509170532227,0.1339968889951706,-0.02099587582051754,0.4402484893798828,0.1189693883061409,-0.052393704652786255,0.5044715404510498,0.12252750247716904,-0.03938833624124527,0.5288110375404358,0.1338256448507309,-0.021857237443327904,0.5080648064613342,0.07324054092168808,-0.03262397274374962,0.4753877818584442,0.06457109749317169,-0.04879691079258919,0.5197285413742065,0.0754714235663414,-0.03375712037086487,0.5397959351539612,0.08670107275247574,-0.016872938722372055,0.0,0.0,0.0,0.0,0.0,0.0,0.0,0.0,0.0,0.0,0.0,0.0,0.0,0.0,0.0,0.0,0.0,0.0,0.0,0.0,0.0,0.0,0.0,0.0,0.0,0.0,0.0,0.0,0.0,0.0,0.0,0.0,0.0,0.0,0.0,0.0,0.0,0.0,0.0,0.0,0.0,0.0,0.0,0.0,0.0,0.0,0.0,0.0,0.0,0.0,0.0,0.0,0.0,0.0,0.0,0.0,0.0,0.0,0.0,0.0,0.0,0.0,0.0
down,0.6073811054229736,0.08603949844837189,-3.095698559718585e-07,0.5961634516716003,0.18928056955337524,-0.032908931374549866,0.5583910346031189,0.2807755768299103,-0.05537904053926468,0.5351502299308777,0.3539333939552307,-0.07565269619226456,0.5169902443885803,0.4092130959033966,-0.09127526730298996,0.4658524990081787,0.22624129056930542,-0.03283661976456642,0.4102683663368225,0.20699149370193481,-0.062418241053819656,0.4613049626350403,0.19165794551372528,-0.07652048021554947,0.5024550557136536,0.19757483899593353,-0.08137496560811996,0.4640924036502838,0.16095833480358124,-0.030742483213543892,0.4123069941997528,0.14096924662590027,-0.06364138424396515,0.47573140263557434,0.1345328539609909,-0.07259184867143631,0.5111960768699646,0.14779631793498993,-0.07137534767389297,0.4705885350704193,0.10246581584215164,-0.032660651952028275,0.4258721172809601,0.08490287512540817,-0.0603630356490612,0.4828358590602875,0.08521541208028793,-0.05094819515943527,0.5146282911300659,0.10089364647865295,-0.03877446800470352,0.48314908146858215,0.053032152354717255,-0.03723679855465889,0.45039597153663635,0.035977691411972046,-0.05409151688218117,0.4919181168079376,0.04565843939781189,-0.04249860718846321,0.5173851847648621,0.06336487829685211,-0.029833277687430382,0.0,0.0,0.0,0.0,0.0,0.0,0.0,0.0,0.0,0.0,0.0,0.0,0.0,0.0,0.0,0.0,0.0,0.0,0.0,0.0,0.0,0.0,0.0,0.0,0.0,0.0,0.0,0.0,0.0,0.0,0.0,0.0,0.0,0.0,0.0,0.0,0.0,0.0,0.0,0.0,0.0,0.0,0.0,0.0,0.0,0.0,0.0,0.0,0.0,0.0,0.0,0.0,0.0,0.0,0.0,0.0,0.0,0.0,0.0,0.0,0.0,0.0,0.0
down,0.5114915370941162,0.13020256161689758,-3.353947022333159e-07,0.5011605024337769,0.2396641969680786,-0.03076714091002941,0.46738654375076294,0.34106186032295227,-0.05084117129445076,0.4437790513038635,0.4224305748939514,-0.07016748934984207,0.4273398220539093,0.48348623514175415,-0.08437807857990265,0.3829255998134613,0.28249192237854004,-0.016366420313715935,0.3293302655220032,0.2675412893295288,-0.047275982797145844,0.3773973882198334,0.2546427845954895,-0.06474824249744415,0.413158118724823,0.2573102116584778,-0.07183992117643356,0.3800390064716339,0.21971507370471954,-0.01464646402746439,0.33018141984939575,0.20631641149520874,-0.0466732531785965,0.39022961258888245,0.2002810537815094,-0.05476420372724533,0.4214426577091217,0.20809850096702576,-0.05311096832156181,0.38385626673698425,0.16285142302513123,-0.01883067563176155,0.34522730112075806,0.14926192164421082,-0.045411162078380585,0.3997974991798401,0.1480371654033661,-0.03541427105665207,0.4267861545085907,0.1585254967212677,-0.02282702550292015,0.3929208517074585,0.11238402873277664,-0.026139061897993088,0.3671383261680603,0.09877774119377136,-0.038625508546829224,0.4074472188949585,0.10680593550205231,-0.026662496849894524,0.4283364415168762,0.11960723251104355,-0.014825933612883091,0.0,0.0,0.0,0.0,0.0,0.0,0.0,0.0,0.0,0.0,0.0,0.0,0.0,0.0,0.0,0.0,0.0,0.0,0.0,0.0,0.0,0.0,0.0,0.0,0.0,0.0,0.0,0.0,0.0,0.0,0.0,0.0,0.0,0.0,0.0,0.0,0.0,0.0,0.0,0.0,0.0,0.0,0.0,0.0,0.0,0.0,0.0,0.0,0.0,0.0,0.0,0.0,0.0,0.0,0.0,0.0,0.0,0.0,0.0,0.0,0.0,0.0,0.0
down,0.4718857407569885,0.2816951274871826,-2.320401364386271e-07,0.4540466368198395,0.378935843706131,-0.03333950787782669,0.4224391281604767,0.46624118089675903,-0.0569038949906826,0.40516847372055054,0.5336676239967346,-0.07979494333267212,0.4011487662792206,0.58609938621521,-0.09811133146286011,0.32958918809890747,0.4250125288963318,-0.022662464529275894,0.28550511598587036,0.4265066087245941,-0.054884932935237885,0.3353678584098816,0.4283277690410614,-0.07024149596691132,0.3623935580253601,0.4303547441959381,-0.07570063322782516,0.3268604278564453,0.36838477849960327,-0.02124425396323204,0.28376662731170654,0.370034396648407,-0.05502690002322197,0.3408263623714447,0.37489476799964905,-0.06201495975255966,0.3628278970718384,0.3737557828426361,-0.058549173176288605,0.33005598187446594,0.3147958219051361,-0.025911100208759308,0.29534828662872314,0.3151506781578064,-0.05331196263432503,0.3495676815509796,0.3224392235279083,-0.04462580010294914,0.3712503910064697,0.3242909610271454,-0.03257071599364281,0.3401978611946106,0.2661435008049011,-0.03404831886291504,0.32209861278533936,0.26864561438560486,-0.04627299681305885,0.36001697182655334,0.2803972661495209,-0.03585932403802872,0.3776915371417999,0.2817929685115814,-0.02458464726805687,0.0,0.0,0.0,0.0,0.0,0.0,0.0,0.0,0.0,0.0,0.0,0.0,0.0,0.0,0.0,0.0,0.0,0.0,0.0,0.0,0.0,0.0,0.0,0.0,0.0,0.0,0.0,0.0,0.0,0.0,0.0,0.0,0.0,0.0,0.0,0.0,0.0,0.0,0.0,0.0,0.0,0.0,0.0,0.0,0.0,0.0,0.0,0.0,0.0,0.0,0.0,0.0,0.0,0.0,0.0,0.0,0.0,0.0,0.0,0.0,0.0,0.0,0.0
down,0.46551257371902466,0.3922603726387024,-2.753530452537234e-07,0.4590442180633545,0.49758797883987427,-0.02865779772400856,0.43569374084472656,0.590085506439209,-0.04892010986804962,0.4189200699329376,0.6684805750846863,-0.07007529586553574,0.41146120429039,0.7318007946014404,-0.08711997419595718,0.3364475667476654,0.5484552979469299,-0.017412560060620308,0.27562129497528076,0.5533956289291382,-0.045757539570331573,0.32437318563461304,0.5316669940948486,-0.06128047779202461,0.36213549971580505,0.5256699323654175,-0.06649396568536758,0.3262356221675873,0.4905642867088318,-0.015228457748889923,0.26989156007766724,0.4947197437286377,-0.043209269642829895,0.3275006115436554,0.4763561487197876,-0.051560938358306885,0.3626653552055359,0.47381070256233215,-0.050478409975767136,0.322907418012619,0.4351498782634735,-0.018157219514250755,0.27459704875946045,0.43653321266174316,-0.04195611923933029,0.3291501998901367,0.4249105453491211,-0.037127088755369186,0.36467909812927246,0.4263021647930145,-0.027772873640060425,0.32504263520240784,0.38398510217666626,-0.024194125086069107,0.2883811593055725,0.38224828243255615,-0.03893127664923668,0.3242875933647156,0.3821173310279846,-0.03249405696988106,0.3531024158000946,0.3875117897987366,-0.023188462480902672,0.0,0.0,0.0,0.0,0.0,0.0,0.0,0.0,0.0,0.0,0.0,0.0,0.0,0.0,0.0,0.0,0.0,0.0,0.0,0.0,0.0,0.0,0.0,0.0,0.0,0.0,0.0,0.0,0.0,0.0,0.0,0.0,0.0,0.0,0.0,0.0,0.0,0.0,0.0,0.0,0.0,0.0,0.0,0.0,0.0,0.0,0.0,0.0,0.0,0.0,0.0,0.0,0.0,0.0,0.0,0.0,0.0,0.0,0.0,0.0,0.0,0.0,0.0
down,0.4816306233406067,0.3889802098274231,-3.4694861028583546e-07,0.47368916869163513,0.4965352416038513,-0.0319334901869297,0.4473336935043335,0.5967527031898499,-0.05623667687177658,0.428872674703598,0.6787152886390686,-0.08040338009595871,0.42145198583602905,0.7446454763412476,-0.09931841492652893,0.3390340805053711,0.5492603182792664,-0.024719949811697006,0.2802557349205017,0.5504356622695923,-0.055290304124355316,0.3334597051143646,0.5334436893463135,-0.07091264426708221,0.3716142177581787,0.5314407348632812,-0.07656560093164444,0.33048078417778015,0.4895709753036499,-0.022855762392282486,0.2780303657054901,0.48980727791786194,-0.0526156984269619,0.34063416719436646,0.47924426198005676,-0.05880656838417053,0.3733758330345154,0.48065897822380066,-0.05651198327541351,0.32960087060928345,0.4305169880390167,-0.026415031403303146,0.284446656703949,0.4301205277442932,-0.049954548478126526,0.34203189611434937,0.42536628246307373,-0.04015191271901131,0.37465211749076843,0.4295281767845154,-0.028540808707475662,0.33559152483940125,0.37365320324897766,-0.03357424959540367,0.3013530969619751,0.37056541442871094,-0.04553794488310814,0.340650349855423,0.37691444158554077,-0.03470850735902786,0.3658778667449951,0.38497495651245117,-0.023356474936008453,0.0,0.0,0.0,0.0,0.0,0.0,0.0,0.0,0.0,0.0,0.0,0.0,0.0,0.0,0.0,0.0,0.0,0.0,0.0,0.0,0.0,0.0,0.0,0.0,0.0,0.0,0.0,0.0,0.0,0.0,0.0,0.0,0.0,0.0,0.0,0.0,0.0,0.0,0.0,0.0,0.0,0.0,0.0,0.0,0.0,0.0,0.0,0.0,0.0,0.0,0.0,0.0,0.0,0.0,0.0,0.0,0.0,0.0,0.0,0.0,0.0,0.0,0.0
down,0.5487254858016968,0.35171714425086975,-3.6589656815522176e-07,0.5408326983451843,0.46824997663497925,-0.03130955621600151,0.5138715505599976,0.5751439929008484,-0.05446518212556839,0.49671000242233276,0.6598520874977112,-0.07821087539196014,0.4866177439689636,0.7256726026535034,-0.0965016782283783,0.40100061893463135,0.5190478563308716,-0.018951701000332832,0.3363756537437439,0.5259331464767456,-0.05300893262028694,0.39257439970970154,0.5074847936630249,-0.07165826112031937,0.4319847524166107,0.5029215812683105,-0.07811597734689713,0.3921797573566437,0.45565134286880493,-0.01756409928202629,0.3339330554008484,0.45786842703819275,-0.05160629749298096,0.39998361468315125,0.44343018531799316,-0.060335855931043625,0.43330952525138855,0.44150903820991516,-0.05776112154126167,0.3909379541873932,0.3954352140426636,-0.022049585357308388,0.3426370322704315,0.3956260085105896,-0.04958907887339592,0.4046356678009033,0.388775110244751,-0.04002063348889351,0.4385506510734558,0.39068958163261414,-0.02641357108950615,0.395950049161911,0.33856672048568726,-0.02995535358786583,0.35832446813583374,0.33539170026779175,-0.04409603402018547,0.40220844745635986,0.34118884801864624,-0.03206675127148628,0.4306128919124603,0.3468951880931854,-0.018188580870628357,0.0,0.0,0.0,0.0,0.0,0.0,0.0,0.0,0.0,0.0,0.0,0.0,0.0,0.0,0.0,0.0,0.0,0.0,0.0,0.0,0.0,0.0,0.0,0.0,0.0,0.0,0.0,0.0,0.0,0.0,0.0,0.0,0.0,0.0,0.0,0.0,0.0,0.0,0.0,0.0,0.0,0.0,0.0,0.0,0.0,0.0,0.0,0.0,0.0,0.0,0.0,0.0,0.0,0.0,0.0,0.0,0.0,0.0,0.0,0.0,0.0,0.0,0.0
down,0.6756390929222107,0.2990729808807373,-4.144557124163839e-07,0.6661549806594849,0.4294176995754242,-0.03819161653518677,0.6190642714500427,0.5459142923355103,-0.06448666006326675,0.5861130356788635,0.6406298279762268,-0.0901312604546547,0.5663619637489319,0.7177482843399048,-0.10864962637424469,0.49123433232307434,0.4804479479789734,-0.02944222278892994,0.414311021566391,0.47895553708076477,-0.06613510847091675,0.48019251227378845,0.45556312799453735,-0.08281563222408295,0.5249040126800537,0.45331716537475586,-0.08708436042070389,0.4833771884441376,0.4083556532859802,-0.026140881702303886,0.4146403670310974,0.40250927209854126,-0.06358323246240616,0.49234944581985474,0.38520511984825134,-0.07068991661071777,0.5291576385498047,0.38878434896469116,-0.0658188983798027,0.48389989137649536,0.33845049142837524,-0.028993619605898857,0.42177754640579224,0.3311469852924347,-0.057854555547237396,0.4921758472919464,0.32434794306755066,-0.04565431922674179,0.5290377736091614,0.33043089509010315,-0.030040472745895386,0.49129554629325867,0.2736431360244751,-0.035822220146656036,0.44232335686683655,0.265619695186615,-0.05006251856684685,0.4889374375343323,0.2728368043899536,-0.03684118017554283,0.5196242332458496,0.28247103095054626,-0.021947350353002548,0.0,0.0,0.0,0.0,0.0,0.0,0.0,0.0,0.0,0.0,0.0,0.0,0.0,0.0,0.0,0.0,0.0,0.0,0.0,0.0,0.0,0.0,0.0,0.0,0.0,0.0,0.0,0.0,0.0,0.0,0.0,0.0,0.0,0.0,0.0,0.0,0.0,0.0,0.0,0.0,0.0,0.0,0.0,0.0,0.0,0.0,0.0,0.0,0.0,0.0,0.0,0.0,0.0,0.0,0.0,0.0,0.0,0.0,0.0,0.0,0.0,0.0,0.0
down,0.6756390929222107,0.2990729808807373,-4.144557124163839e-07,0.6661549806594849,0.4294176995754242,-0.03819161653518677,0.6190642714500427,0.5459142923355103,-0.06448666006326675,0.5861130356788635,0.6406298279762268,-0.0901312604546547,0.5663619637489319,0.7177482843399048,-0.10864962637424469,0.49123433232307434,0.4804479479789734,-0.02944222278892994,0.414311021566391,0.47895553708076477,-0.06613510847091675,0.48019251227378845,0.45556312799453735,-0.08281563222408295,0.5249040126800537,0.45331716537475586,-0.08708436042070389,0.4833771884441376,0.4083556532859802,-0.026140881702303886,0.4146403670310974,0.40250927209854126,-0.06358323246240616,0.49234944581985474,0.38520511984825134,-0.07068991661071777,0.5291576385498047,0.38878434896469116,-0.0658188983798027,0.48389989137649536,0.33845049142837524,-0.028993619605898857,0.42177754640579224,0.3311469852924347,-0.057854555547237396,0.4921758472919464,0.32434794306755066,-0.04565431922674179,0.5290377736091614,0.33043089509010315,-0.030040472745895386,0.49129554629325867,0.2736431360244751,-0.035822220146656036,0.44232335686683655,0.265619695186615,-0.05006251856684685,0.4889374375343323,0.2728368043899536,-0.03684118017554283,0.5196242332458496,0.28247103095054626,-0.021947350353002548,0.0,0.0,0.0,0.0,0.0,0.0,0.0,0.0,0.0,0.0,0.0,0.0,0.0,0.0,0.0,0.0,0.0,0.0,0.0,0.0,0.0,0.0,0.0,0.0,0.0,0.0,0.0,0.0,0.0,0.0,0.0,0.0,0.0,0.0,0.0,0.0,0.0,0.0,0.0,0.0,0.0,0.0,0.0,0.0,0.0,0.0,0.0,0.0,0.0,0.0,0.0,0.0,0.0,0.0,0.0,0.0,0.0,0.0,0.0,0.0,0.0,0.0,0.0
down,0.6319534778594971,0.2886035144329071,-3.5005353993255994e-07,0.626499593257904,0.4049016237258911,-0.039623528718948364,0.5856847763061523,0.5153619647026062,-0.06440602988004684,0.5592787265777588,0.6007929444313049,-0.0865534245967865,0.5382651090621948,0.6642733216285706,-0.10191305726766586,0.4656711518764496,0.4636520743370056,-0.032581716775894165,0.39867448806762695,0.4615916609764099,-0.0677802637219429,0.4606436491012573,0.4393743574619293,-0.08264131844043732,0.5024903416633606,0.43833303451538086,-0.08575088530778885,0.45589104294776917,0.39149805903434753,-0.02694016322493553,0.39365196228027344,0.3860548734664917,-0.06375531107187271,0.4687258005142212,0.36870110034942627,-0.06981455534696579,0.5034880042076111,0.3722672760486603,-0.06398697197437286,0.4561811089515686,0.3221128284931183,-0.026957664638757706,0.40388208627700806,0.3156241178512573,-0.05799677222967148,0.47414445877075195,0.3087586760520935,-0.045212678611278534,0.5080037713050842,0.3156129717826843,-0.028400704264640808,0.4640227258205414,0.2611308693885803,-0.030397705733776093,0.4230615496635437,0.2547486126422882,-0.04727610573172569,0.473300963640213,0.26193270087242126,-0.0336206890642643,0.5019528269767761,0.27172350883483887,-0.01784380152821541,0.0,0.0,0.0,0.0,0.0,0.0,0.0,0.0,0.0,0.0,0.0,0.0,0.0,0.0,0.0,0.0,0.0,0.0,0.0,0.0,0.0,0.0,0.0,0.0,0.0,0.0,0.0,0.0,0.0,0.0,0.0,0.0,0.0,0.0,0.0,0.0,0.0,0.0,0.0,0.0,0.0,0.0,0.0,0.0,0.0,0.0,0.0,0.0,0.0,0.0,0.0,0.0,0.0,0.0,0.0,0.0,0.0,0.0,0.0,0.0,0.0,0.0,0.0
down,0.44711244106292725,0.3310800790786743,-3.146346330140659e-07,0.43900740146636963,0.44442248344421387,-0.03370673954486847,0.40401723980903625,0.5490478873252869,-0.05878794193267822,0.38370001316070557,0.6302282810211182,-0.08360156416893005,0.3717099726200104,0.6973289251327515,-0.1030188724398613,0.29079386591911316,0.4964737892150879,-0.027947383001446724,0.22605668008327484,0.49966707825660706,-0.06371858716011047,0.28369179368019104,0.4757888913154602,-0.08317556977272034,0.3293488919734955,0.4684602916240692,-0.09000568836927414,0.28320008516311646,0.43024566769599915,-0.02727634459733963,0.2212676703929901,0.4309045970439911,-0.06359659135341644,0.28793779015541077,0.41198599338531494,-0.07320334762334824,0.33091333508491516,0.4093867540359497,-0.07074867933988571,0.28390172123908997,0.36685431003570557,-0.03223855420947075,0.22855406999588013,0.36450743675231934,-0.061526622623205185,0.2919527292251587,0.354924738407135,-0.05318126082420349,0.3343450427055359,0.35771894454956055,-0.04019468277692795,0.2915916442871094,0.30735155940055847,-0.04071253165602684,0.24948206543922424,0.3030926585197449,-0.05910549685359001,0.29264187812805176,0.3074107766151428,-0.04941202327609062,0.3260020613670349,0.3145195543766022,-0.036495234817266464,0.0,0.0,0.0,0.0,0.0,0.0,0.0,0.0,0.0,0.0,0.0,0.0,0.0,0.0,0.0,0.0,0.0,0.0,0.0,0.0,0.0,0.0,0.0,0.0,0.0,0.0,0.0,0.0,0.0,0.0,0.0,0.0,0.0,0.0,0.0,0.0,0.0,0.0,0.0,0.0,0.0,0.0,0.0,0.0,0.0,0.0,0.0,0.0,0.0,0.0,0.0,0.0,0.0,0.0,0.0,0.0,0.0,0.0,0.0,0.0,0.0,0.0,0.0
down,0.4170651137828827,0.32889214158058167,-3.1497884833697753e-07,0.41127997636795044,0.44350895285606384,-0.033089399337768555,0.37972545623779297,0.5471486449241638,-0.05757890269160271,0.3581632077693939,0.6277440190315247,-0.08195199817419052,0.34657353162765503,0.6939135789871216,-0.10128706693649292,0.26802822947502136,0.4917943775653839,-0.02563120797276497,0.20330652594566345,0.4932239353656769,-0.05899849161505699,0.26033711433410645,0.47165825963020325,-0.07640644907951355,0.3040095865726471,0.4661121666431427,-0.08203302323818207,0.26038727164268494,0.42636317014694214,-0.024116214364767075,0.19902008771896362,0.4260444641113281,-0.058713238686323166,0.26469627022743225,0.4086633026599884,-0.06823792308568954,0.30525368452072144,0.40656614303588867,-0.06589232385158539,0.2600414454936981,0.36465728282928467,-0.027974989265203476,0.2084210216999054,0.3643108606338501,-0.05673980340361595,0.2724602520465851,0.3553324341773987,-0.049320727586746216,0.3131360411643982,0.3572266101837158,-0.03687800467014313,0.2661972641944885,0.3062199354171753,-0.0351586677134037,0.22606658935546875,0.30369651317596436,-0.05324329808354378,0.27128568291664124,0.3067699074745178,-0.04432690888643265,0.3043991029262543,0.311551034450531,-0.032087795436382294,0.0,0.0,0.0,0.0,0.0,0.0,0.0,0.0,0.0,0.0,0.0,0.0,0.0,0.0,0.0,0.0,0.0,0.0,0.0,0.0,0.0,0.0,0.0,0.0,0.0,0.0,0.0,0.0,0.0,0.0,0.0,0.0,0.0,0.0,0.0,0.0,0.0,0.0,0.0,0.0,0.0,0.0,0.0,0.0,0.0,0.0,0.0,0.0,0.0,0.0,0.0,0.0,0.0,0.0,0.0,0.0,0.0,0.0,0.0,0.0,0.0,0.0,0.0
down,0.401654452085495,0.328022301197052,-2.715844971135084e-07,0.387526273727417,0.44842180609703064,-0.030371971428394318,0.35440555214881897,0.5530713796615601,-0.0513743981719017,0.33060720562934875,0.6369414329528809,-0.07358933240175247,0.3156731426715851,0.7021596431732178,-0.09118987619876862,0.24362917244434357,0.4928857088088989,-0.010911752469837666,0.17599520087242126,0.49222126603126526,-0.0432683527469635,0.23168449103832245,0.4732152819633484,-0.06419681757688522,0.2752850353717804,0.4700748920440674,-0.07240017503499985,0.23779430985450745,0.42593079805374146,-0.009163452312350273,0.17575830221176147,0.4212057292461395,-0.04449886828660965,0.24187037348747253,0.4069131314754486,-0.05843864381313324,0.2835298180580139,0.4094872772693634,-0.05853930488228798,0.241388738155365,0.3638247847557068,-0.012921011075377464,0.18650345504283905,0.35642436146736145,-0.04239540174603462,0.25138139724731445,0.3527922034263611,-0.03593359887599945,0.2943088114261627,0.3608620762825012,-0.02277732640504837,0.2510838508605957,0.30847465991973877,-0.019754953682422638,0.21048210561275482,0.30120348930358887,-0.036350835114717484,0.2542402148246765,0.3099428713321686,-0.025544410571455956,0.287887841463089,0.31906846165657043,-0.011340689845383167,0.0,0.0,0.0,0.0,0.0,0.0,0.0,0.0,0.0,0.0,0.0,0.0,0.0,0.0,0.0,0.0,0.0,0.0,0.0,0.0,0.0,0.0,0.0,0.0,0.0,0.0,0.0,0.0,0.0,0.0,0.0,0.0,0.0,0.0,0.0,0.0,0.0,0.0,0.0,0.0,0.0,0.0,0.0,0.0,0.0,0.0,0.0,0.0,0.0,0.0,0.0,0.0,0.0,0.0,0.0,0.0,0.0,0.0,0.0,0.0,0.0,0.0,0.0
down,0.4507083594799042,0.3295542001724243,-2.2548717026893428e-07,0.44440382719039917,0.431600421667099,-0.03706260398030281,0.4144388735294342,0.5287205576896667,-0.06227020174264908,0.3993788957595825,0.6040100455284119,-0.08520962297916412,0.3911600708961487,0.6635253429412842,-0.10328157246112823,0.3028004467487335,0.49162715673446655,-0.03418730944395065,0.2465553879737854,0.4864025115966797,-0.06653007119894028,0.3008609116077423,0.4642542898654938,-0.08299282193183899,0.34177520871162415,0.4645219147205353,-0.08850682526826859,0.29398855566978455,0.42594003677368164,-0.0306374691426754,0.24083614349365234,0.4182600677013397,-0.06409837305545807,0.3054475486278534,0.4001471996307373,-0.07340259850025177,0.343132346868515,0.4037107825279236,-0.07165374606847763,0.2939302325248718,0.3628711402416229,-0.0320182628929615,0.24705573916435242,0.3536844849586487,-0.06075882166624069,0.3090570271015167,0.3456580638885498,-0.053408410400152206,0.34714460372924805,0.35274621844291687,-0.041621703654527664,0.3012620210647583,0.30660054087638855,-0.0366799496114254,0.26988545060157776,0.2997640073299408,-0.05606268718838692,0.31466010212898254,0.30473387241363525,-0.04732920601963997,0.3451704978942871,0.31448158621788025,-0.03534317389130592,0.0,0.0,0.0,0.0,0.0,0.0,0.0,0.0,0.0,0.0,0.0,0.0,0.0,0.0,0.0,0.0,0.0,0.0,0.0,0.0,0.0,0.0,0.0,0.0,0.0,0.0,0.0,0.0,0.0,0.0,0.0,0.0,0.0,0.0,0.0,0.0,0.0,0.0,0.0,0.0,0.0,0.0,0.0,0.0,0.0,0.0,0.0,0.0,0.0,0.0,0.0,0.0,0.0,0.0,0.0,0.0,0.0,0.0,0.0,0.0,0.0,0.0,0.0
down,0.5482936501502991,0.30666664242744446,-3.470530600679922e-07,0.5296346545219421,0.4358234107494354,-0.03159426897764206,0.48946866393089294,0.547061026096344,-0.053714197129011154,0.45843183994293213,0.638759970664978,-0.07722612470388412,0.43931320309638977,0.7136561870574951,-0.09473542124032974,0.3773882985115051,0.48508667945861816,-0.012783405371010303,0.3012094497680664,0.4818311333656311,-0.04553694650530815,0.362766832113266,0.459230899810791,-0.0635605975985527,0.40717068314552307,0.45977914333343506,-0.06949175149202347,0.3700580894947052,0.41627249121665955,-0.010310742072761059,0.30393511056900024,0.41086095571517944,-0.044994547963142395,0.3763980567455292,0.39313408732414246,-0.05555365979671478,0.414582222700119,0.3991294205188751,-0.05394987389445305,0.37207502126693726,0.3512299954891205,-0.013745155185461044,0.3127844035625458,0.34564685821533203,-0.04245154932141304,0.3817233443260193,0.33804088830947876,-0.03379342705011368,0.42272597551345825,0.34689295291900635,-0.019858401268720627,0.37993374466896057,0.29167479276657104,-0.020505176857113838,0.33515480160713196,0.2839585542678833,-0.035879381000995636,0.379009485244751,0.2898573875427246,-0.024708403274416924,0.4109702706336975,0.2997353672981262,-0.010851237922906876,0.0,0.0,0.0,0.0,0.0,0.0,0.0,0.0,0.0,0.0,0.0,0.0,0.0,0.0,0.0,0.0,0.0,0.0,0.0,0.0,0.0,0.0,0.0,0.0,0.0,0.0,0.0,0.0,0.0,0.0,0.0,0.0,0.0,0.0,0.0,0.0,0.0,0.0,0.0,0.0,0.0,0.0,0.0,0.0,0.0,0.0,0.0,0.0,0.0,0.0,0.0,0.0,0.0,0.0,0.0,0.0,0.0,0.0,0.0,0.0,0.0,0.0,0.0
down,0.5005496740341187,0.33412325382232666,-3.427700789870869e-07,0.488966166973114,0.4578447639942169,-0.03370142728090286,0.4501662850379944,0.5673680305480957,-0.05625159665942192,0.42081278562545776,0.6534323692321777,-0.07894058525562286,0.40303584933280945,0.7230545282363892,-0.09587252140045166,0.33600834012031555,0.5065538883209229,-0.018337314948439598,0.2639824151992798,0.5062174797058105,-0.05223914608359337,0.3236006796360016,0.4865908622741699,-0.07090779393911362,0.3657732307910919,0.4834965169429779,-0.07720314711332321,0.329103946685791,0.438098669052124,-0.015551977790892124,0.2641351819038391,0.43504098057746887,-0.05130712687969208,0.3344247043132782,0.41988345980644226,-0.06191207468509674,0.37222105264663696,0.42233553528785706,-0.059620797634124756,0.33120739459991455,0.3737388551235199,-0.01851356402039528,0.27505239844322205,0.36870113015174866,-0.05008598789572716,0.34298884868621826,0.36316853761672974,-0.04130568355321884,0.3837920129299164,0.369124174118042,-0.026260074228048325,0.33870604634284973,0.31511178612709045,-0.02460569515824318,0.296695351600647,0.3099939823150635,-0.042443305253982544,0.3428260087966919,0.31550487875938416,-0.030658408999443054,0.3759292960166931,0.32200515270233154,-0.015515441074967384,0.0,0.0,0.0,0.0,0.0,0.0,0.0,0.0,0.0,0.0,0.0,0.0,0.0,0.0,0.0,0.0,0.0,0.0,0.0,0.0,0.0,0.0,0.0,0.0,0.0,0.0,0.0,0.0,0.0,0.0,0.0,0.0,0.0,0.0,0.0,0.0,0.0,0.0,0.0,0.0,0.0,0.0,0.0,0.0,0.0,0.0,0.0,0.0,0.0,0.0,0.0,0.0,0.0,0.0,0.0,0.0,0.0,0.0,0.0,0.0,0.0,0.0,0.0
down,0.4549872875213623,0.4061363935470581,-3.242006414438947e-07,0.4428641200065613,0.5203168392181396,-0.03179512917995453,0.41157329082489014,0.6212942600250244,-0.05534936115145683,0.3898804485797882,0.7042024731636047,-0.07988425344228745,0.37721526622772217,0.7710443735122681,-0.09949600696563721,0.30142804980278015,0.5692754983901978,-0.020671779289841652,0.2366427183151245,0.5721370577812195,-0.05469363555312157,0.2920946180820465,0.553276538848877,-0.0735473707318306,0.3341049551963806,0.5478053689002991,-0.08011765778064728,0.2920287847518921,0.5071510672569275,-0.019023237749934196,0.23162604868412018,0.5095509886741638,-0.05226275697350502,0.29634591937065125,0.49465712904930115,-0.0617007352411747,0.3348831534385681,0.49277564883232117,-0.060108479112386703,0.290546715259552,0.4465786814689636,-0.02330670692026615,0.23811297118663788,0.44752949476242065,-0.049751557409763336,0.2981554865837097,0.4384487271308899,-0.0432380735874176,0.33672061562538147,0.4401269853115082,-0.032180801033973694,0.29602012038230896,0.3891983926296234,-0.031191250309348106,0.2548488974571228,0.3879757225513458,-0.0459769144654274,0.2940535843372345,0.39179909229278564,-0.037693414837121964,0.3250373899936676,0.39823776483535767,-0.0268277358263731,0.0,0.0,0.0,0.0,0.0,0.0,0.0,0.0,0.0,0.0,0.0,0.0,0.0,0.0,0.0,0.0,0.0,0.0,0.0,0.0,0.0,0.0,0.0,0.0,0.0,0.0,0.0,0.0,0.0,0.0,0.0,0.0,0.0,0.0,0.0,0.0,0.0,0.0,0.0,0.0,0.0,0.0,0.0,0.0,0.0,0.0,0.0,0.0,0.0,0.0,0.0,0.0,0.0,0.0,0.0,0.0,0.0,0.0,0.0,0.0,0.0,0.0,0.0
down,0.43731552362442017,0.3343960642814636,-4.1874591261148453e-07,0.4221532344818115,0.4370743930339813,-0.024952927604317665,0.3846091628074646,0.5290725827217102,-0.043485816568136215,0.36707258224487305,0.5986053943634033,-0.06311502307653427,0.35950225591659546,0.653700590133667,-0.07747280597686768,0.29212042689323425,0.46901556849479675,-0.0148606663569808,0.23655781149864197,0.4692867696285248,-0.047247711569070816,0.29053062200546265,0.46728503704071045,-0.06317347288131714,0.3180505931377411,0.46716707944869995,-0.06922763586044312,0.2896455228328705,0.41284123063087463,-0.01774611510336399,0.23817867040634155,0.4165041744709015,-0.04920937865972519,0.2964836061000824,0.4191819429397583,-0.054562173783779144,0.31800198554992676,0.4182741641998291,-0.05106301233172417,0.29153335094451904,0.3571430444717407,-0.0266579519957304,0.24720647931098938,0.3609946370124817,-0.050894152373075485,0.30176883935928345,0.36618512868881226,-0.03972944617271423,0.32383760809898376,0.36685916781425476,-0.027117887511849403,0.2991681396961212,0.30175063014030457,-0.03880859538912773,0.2667042911052704,0.30326467752456665,-0.04880103841423988,0.30356618762016296,0.3156992793083191,-0.03637043759226799,0.32174742221832275,0.31987494230270386,-0.024275342002511024,0.0,0.0,0.0,0.0,0.0,0.0,0.0,0.0,0.0,0.0,0.0,0.0,0.0,0.0,0.0,0.0,0.0,0.0,0.0,0.0,0.0,0.0,0.0,0.0,0.0,0.0,0.0,0.0,0.0,0.0,0.0,0.0,0.0,0.0,0.0,0.0,0.0,0.0,0.0,0.0,0.0,0.0,0.0,0.0,0.0,0.0,0.0,0.0,0.0,0.0,0.0,0.0,0.0,0.0,0.0,0.0,0.0,0.0,0.0,0.0,0.0,0.0,0.0
down,0.3852669596672058,0.3146151304244995,-2.866011357127718e-07,0.3731250762939453,0.4213032126426697,-0.02858041785657406,0.34468933939933777,0.5173498392105103,-0.0513116791844368,0.3248532712459564,0.5963338613510132,-0.0749545618891716,0.31284528970718384,0.6615460515022278,-0.09452672302722931,0.2448078840970993,0.45991504192352295,-0.018224459141492844,0.1875641942024231,0.46124187111854553,-0.048457954078912735,0.2402801364660263,0.4460221827030182,-0.0671524628996849,0.28186434507369995,0.44249391555786133,-0.0747249498963356,0.2388705015182495,0.3975227475166321,-0.017029935494065285,0.18370705842971802,0.39721643924713135,-0.04750679433345795,0.2445361614227295,0.38623273372650146,-0.05753813311457634,0.28327661752700806,0.38517576456069946,-0.05733434483408928,0.24118562042713165,0.3399912118911743,-0.02076481282711029,0.19378164410591125,0.33735039830207825,-0.04444226995110512,0.2504587471485138,0.33278027176856995,-0.037720199674367905,0.28828784823417664,0.33610984683036804,-0.027457566931843758,0.249735489487648,0.2874009609222412,-0.02768436260521412,0.21531955897808075,0.28310903906822205,-0.040926601737737656,0.2534680962562561,0.2885693609714508,-0.03199577331542969,0.2817201018333435,0.29423823952674866,-0.021267695352435112,0.0,0.0,0.0,0.0,0.0,0.0,0.0,0.0,0.0,0.0,0.0,0.0,0.0,0.0,0.0,0.0,0.0,0.0,0.0,0.0,0.0,0.0,0.0,0.0,0.0,0.0,0.0,0.0,0.0,0.0,0.0,0.0,0.0,0.0,0.0,0.0,0.0,0.0,0.0,0.0,0.0,0.0,0.0,0.0,0.0,0.0,0.0,0.0,0.0,0.0,0.0,0.0,0.0,0.0,0.0,0.0,0.0,0.0,0.0,0.0,0.0,0.0,0.0
down,0.3725498616695404,0.31968390941619873,-2.3535601201274403e-07,0.35853421688079834,0.42092031240463257,-0.032460764050483704,0.33497142791748047,0.5149977207183838,-0.05675046518445015,0.32029131054878235,0.5881802439689636,-0.08065924048423767,0.31272420287132263,0.646094560623169,-0.09987036138772964,0.2236092984676361,0.4732787013053894,-0.022648869082331657,0.1700621247291565,0.4724743366241455,-0.05238086357712746,0.2256486564874649,0.4549816846847534,-0.06868075579404831,0.2656027674674988,0.45357465744018555,-0.07419025152921677,0.2156481146812439,0.4083552062511444,-0.019512353464961052,0.16662684082984924,0.4067627489566803,-0.05059785768389702,0.2293989360332489,0.3929263949394226,-0.06106894090771675,0.2659122347831726,0.39482879638671875,-0.06079121679067612,0.21682605147361755,0.3473932147026062,-0.02123096212744713,0.17329362034797668,0.3434349298477173,-0.046121995896101,0.2322366088628769,0.3378925323486328,-0.03987669199705124,0.27079442143440247,0.3435653746128082,-0.029429374262690544,0.22437869012355804,0.2937981188297272,-0.02613665908575058,0.19340233504772186,0.2894372045993805,-0.040020789951086044,0.23491550981998444,0.29615283012390137,-0.030955074355006218,0.2648997902870178,0.3037811815738678,-0.019566893577575684,0.0,0.0,0.0,0.0,0.0,0.0,0.0,0.0,0.0,0.0,0.0,0.0,0.0,0.0,0.0,0.0,0.0,0.0,0.0,0.0,0.0,0.0,0.0,0.0,0.0,0.0,0.0,0.0,0.0,0.0,0.0,0.0,0.0,0.0,0.0,0.0,0.0,0.0,0.0,0.0,0.0,0.0,0.0,0.0,0.0,0.0,0.0,0.0,0.0,0.0,0.0,0.0,0.0,0.0,0.0,0.0,0.0,0.0,0.0,0.0,0.0,0.0,0.0
down,0.4505711495876312,0.3188738226890564,-2.2775581953737856e-07,0.4404102861881256,0.42553988099098206,-0.03159612789750099,0.4140858054161072,0.5202288627624512,-0.05316340923309326,0.3968300521373749,0.5940626263618469,-0.07432695478200912,0.38670551776885986,0.6513431072235107,-0.09081576019525528,0.30625689029693604,0.4752712845802307,-0.020095519721508026,0.2500162124633789,0.47380316257476807,-0.04872985556721687,0.302883505821228,0.4534720182418823,-0.06319670379161835,0.34105756878852844,0.4521428942680359,-0.06746438145637512,0.2967010736465454,0.4111332595348358,-0.016533803194761276,0.24490150809288025,0.4081704914569855,-0.04727654904127121,0.3077414035797119,0.3907301723957062,-0.05684126541018486,0.3423498570919037,0.39114367961883545,-0.05544860288500786,0.29571571946144104,0.3501850366592407,-0.01780444011092186,0.250392884016037,0.34660229086875916,-0.043351911008358,0.3105839490890503,0.3384067714214325,-0.037161935120821,0.3462054133415222,0.3418685793876648,-0.026317818090319633,0.3017362058162689,0.29630839824676514,-0.022079741582274437,0.27072373032569885,0.2911163568496704,-0.03751446679234505,0.3131330609321594,0.29651451110839844,-0.029390359297394753,0.3413856625556946,0.30293530225753784,-0.018306855112314224,0.0,0.0,0.0,0.0,0.0,0.0,0.0,0.0,0.0,0.0,0.0,0.0,0.0,0.0,0.0,0.0,0.0,0.0,0.0,0.0,0.0,0.0,0.0,0.0,0.0,0.0,0.0,0.0,0.0,0.0,0.0,0.0,0.0,0.0,0.0,0.0,0.0,0.0,0.0,0.0,0.0,0.0,0.0,0.0,0.0,0.0,0.0,0.0,0.0,0.0,0.0,0.0,0.0,0.0,0.0,0.0,0.0,0.0,0.0,0.0,0.0,0.0,0.0
down,0.5743944048881531,0.36979907751083374,-4.006620599739108e-07,0.557553231716156,0.4816059470176697,-0.03053472377359867,0.5192601680755615,0.5851832628250122,-0.053668633103370667,0.4938478469848633,0.6700173616409302,-0.07769856601953506,0.48190733790397644,0.741431713104248,-0.0955837145447731,0.4108351767063141,0.5231199860572815,-0.018098684027791023,0.3436264395713806,0.5330148935317993,-0.05348929017782211,0.40130096673965454,0.5178925395011902,-0.07202669978141785,0.4410772919654846,0.512037992477417,-0.07834699749946594,0.40289413928985596,0.4612494707107544,-0.018116841092705727,0.34580060839653015,0.4664272367954254,-0.05196930468082428,0.4111263155937195,0.4541477859020233,-0.059153635054826736,0.4430714249610901,0.450979620218277,-0.05589421093463898,0.4021022617816925,0.39963003993034363,-0.02460971288383007,0.3541862368583679,0.40382644534111023,-0.05093765631318092,0.41418352723121643,0.3991110622882843,-0.04103751853108406,0.44552135467529297,0.39964425563812256,-0.02801082842051983,0.4078378975391388,0.33964934945106506,-0.03487871214747429,0.36996084451675415,0.3377948999404907,-0.047833509743213654,0.411466509103775,0.34726929664611816,-0.03663550689816475,0.4378252327442169,0.3538605570793152,-0.02397494576871395,0.0,0.0,0.0,0.0,0.0,0.0,0.0,0.0,0.0,0.0,0.0,0.0,0.0,0.0,0.0,0.0,0.0,0.0,0.0,0.0,0.0,0.0,0.0,0.0,0.0,0.0,0.0,0.0,0.0,0.0,0.0,0.0,0.0,0.0,0.0,0.0,0.0,0.0,0.0,0.0,0.0,0.0,0.0,0.0,0.0,0.0,0.0,0.0,0.0,0.0,0.0,0.0,0.0,0.0,0.0,0.0,0.0,0.0,0.0,0.0,0.0,0.0,0.0
down,0.4477238953113556,0.36015331745147705,-3.385295599400706e-07,0.43719279766082764,0.46940669417381287,-0.03546113893389702,0.40195316076278687,0.5720081329345703,-0.06071331724524498,0.37921735644340515,0.646892786026001,-0.0855170413851738,0.3671174645423889,0.7092067003250122,-0.10465379804372787,0.28484854102134705,0.5230422019958496,-0.02413300797343254,0.22430747747421265,0.5287390351295471,-0.0643840953707695,0.2839507758617401,0.5076826810836792,-0.08597645163536072,0.3276454210281372,0.5017186999320984,-0.09272251278162003,0.2755325436592102,0.45501354336738586,-0.023003187030553818,0.2215314507484436,0.45714521408081055,-0.06375472247600555,0.29273322224617004,0.4394427239894867,-0.0741230845451355,0.331177681684494,0.4364648461341858,-0.07010603696107864,0.2755471169948578,0.38963574171066284,-0.02848721109330654,0.23130427300930023,0.38936346769332886,-0.06430549919605255,0.3003954291343689,0.3815641701221466,-0.05533935874700546,0.33956092596054077,0.38294118642807007,-0.03923875465989113,0.2836496829986572,0.3288801908493042,-0.03730371594429016,0.25205928087234497,0.3267866373062134,-0.05843488499522209,0.30245718359947205,0.3330499231815338,-0.0471307635307312,0.33335188031196594,0.33904844522476196,-0.03148707374930382,0.0,0.0,0.0,0.0,0.0,0.0,0.0,0.0,0.0,0.0,0.0,0.0,0.0,0.0,0.0,0.0,0.0,0.0,0.0,0.0,0.0,0.0,0.0,0.0,0.0,0.0,0.0,0.0,0.0,0.0,0.0,0.0,0.0,0.0,0.0,0.0,0.0,0.0,0.0,0.0,0.0,0.0,0.0,0.0,0.0,0.0,0.0,0.0,0.0,0.0,0.0,0.0,0.0,0.0,0.0,0.0,0.0,0.0,0.0,0.0,0.0,0.0,0.0
down,0.3724158704280853,0.3351253271102905,-3.803490926657105e-07,0.3526565730571747,0.44744840264320374,-0.028577812016010284,0.3152632713317871,0.5505322217941284,-0.051256902515888214,0.2897607088088989,0.6302896738052368,-0.07570262253284454,0.2731756865978241,0.6931422352790833,-0.0950130745768547,0.21228177845478058,0.4791962802410126,-0.014793656766414642,0.1447765827178955,0.4862363636493683,-0.05108082294464111,0.2004808783531189,0.47334957122802734,-0.0726224035024643,0.2448214590549469,0.46751731634140015,-0.08072326332330704,0.20727217197418213,0.4162534773349762,-0.016046758741140366,0.14487245678901672,0.42129650712013245,-0.05221203714609146,0.2104049026966095,0.41157278418540955,-0.06244530528783798,0.2503442168235779,0.40890899300575256,-0.06034259870648384,0.20949974656105042,0.355197936296463,-0.023511648178100586,0.1550978720188141,0.35837867856025696,-0.05341742932796478,0.21840938925743103,0.356208860874176,-0.04478611797094345,0.25857076048851013,0.3577565848827362,-0.0308736152946949,0.21886798739433289,0.2959793508052826,-0.034305695444345474,0.1774405986070633,0.29590457677841187,-0.0512189045548439,0.22132733464241028,0.30683204531669617,-0.04043196886777878,0.2535886764526367,0.31350862979888916,-0.02684958465397358,0.0,0.0,0.0,0.0,0.0,0.0,0.0,0.0,0.0,0.0,0.0,0.0,0.0,0.0,0.0,0.0,0.0,0.0,0.0,0.0,0.0,0.0,0.0,0.0,0.0,0.0,0.0,0.0,0.0,0.0,0.0,0.0,0.0,0.0,0.0,0.0,0.0,0.0,0.0,0.0,0.0,0.0,0.0,0.0,0.0,0.0,0.0,0.0,0.0,0.0,0.0,0.0,0.0,0.0,0.0,0.0,0.0,0.0,0.0,0.0,0.0,0.0,0.0
down,0.409566193819046,0.37293490767478943,-3.6791487900700304e-07,0.39696091413497925,0.47676074504852295,-0.028390271589159966,0.36563533544540405,0.5728551149368286,-0.05075535550713539,0.345724880695343,0.6502076387405396,-0.07388303428888321,0.3348245620727539,0.7134417295455933,-0.09185300767421722,0.26140329241752625,0.5197790265083313,-0.021223952993750572,0.2018328607082367,0.5249267816543579,-0.053083695471286774,0.2563472390174866,0.5110948085784912,-0.06931547820568085,0.2962380647659302,0.5073521733283997,-0.07463734596967697,0.2538802921772003,0.46010822057724,-0.02132469415664673,0.196150541305542,0.4672785997390747,-0.052299290895462036,0.25919845700263977,0.4569911062717438,-0.05927107855677605,0.29484257102012634,0.45372143387794495,-0.0563315823674202,0.2536112368106842,0.40103763341903687,-0.026694338768720627,0.20280298590660095,0.4076426327228546,-0.05104884132742882,0.26068416237831116,0.4033985435962677,-0.04223727434873581,0.2959778904914856,0.4040549397468567,-0.0302791278809309,0.2602069675922394,0.3446168303489685,-0.035253286361694336,0.21968553960323334,0.3475262224674225,-0.04807358980178833,0.25788235664367676,0.35471034049987793,-0.037755656987428665,0.28597956895828247,0.3591682016849518,-0.02584078721702099,0.0,0.0,0.0,0.0,0.0,0.0,0.0,0.0,0.0,0.0,0.0,0.0,0.0,0.0,0.0,0.0,0.0,0.0,0.0,0.0,0.0,0.0,0.0,0.0,0.0,0.0,0.0,0.0,0.0,0.0,0.0,0.0,0.0,0.0,0.0,0.0,0.0,0.0,0.0,0.0,0.0,0.0,0.0,0.0,0.0,0.0,0.0,0.0,0.0,0.0,0.0,0.0,0.0,0.0,0.0,0.0,0.0,0.0,0.0,0.0,0.0,0.0,0.0
down,0.49745211005210876,0.3138534724712372,-2.5222217914233624e-07,0.4881060719490051,0.4150471091270447,-0.0355222187936306,0.4555942416191101,0.5107551217079163,-0.060292087495326996,0.4394344389438629,0.5823514461517334,-0.0835401713848114,0.4311921000480652,0.6408313512802124,-0.10183759033679962,0.34684693813323975,0.4685821831226349,-0.030594829469919205,0.2893976867198944,0.464020699262619,-0.06573464721441269,0.3436710238456726,0.44527432322502136,-0.0838257446885109,0.3844669759273529,0.4442808926105499,-0.08952436596155167,0.33988064527511597,0.40348032116889954,-0.0279300007969141,0.2860977053642273,0.39760059118270874,-0.06380049884319305,0.35117867588996887,0.38108861446380615,-0.07339882105588913,0.38735780119895935,0.38215917348861694,-0.07087494432926178,0.3405766487121582,0.34073400497436523,-0.03063417412340641,0.29261836409568787,0.33472713828086853,-0.060661811381578445,0.35509464144706726,0.3266580402851105,-0.05237996205687523,0.39126747846603394,0.33035027980804443,-0.03923868387937546,0.34809261560440063,0.2842707633972168,-0.036611463874578476,0.31514972448349,0.2794126570224762,-0.05486565828323364,0.35947921872138977,0.28369370102882385,-0.04468810185790062,0.3878457844257355,0.28978657722473145,-0.03151748701930046,0.0,0.0,0.0,0.0,0.0,0.0,0.0,0.0,0.0,0.0,0.0,0.0,0.0,0.0,0.0,0.0,0.0,0.0,0.0,0.0,0.0,0.0,0.0,0.0,0.0,0.0,0.0,0.0,0.0,0.0,0.0,0.0,0.0,0.0,0.0,0.0,0.0,0.0,0.0,0.0,0.0,0.0,0.0,0.0,0.0,0.0,0.0,0.0,0.0,0.0,0.0,0.0,0.0,0.0,0.0,0.0,0.0,0.0,0.0,0.0,0.0,0.0,0.0
down,0.6625159382820129,0.32964926958084106,-4.5945316173856554e-07,0.6471318602561951,0.4593375027179718,-0.0367814339697361,0.6012507081031799,0.5809358954429626,-0.06195459142327309,0.5677685737609863,0.6751800775527954,-0.08675578981637955,0.5511751770973206,0.7530785799026489,-0.10381609946489334,0.475428968667984,0.5073863863945007,-0.0202771108597517,0.40548470616340637,0.5166088342666626,-0.05609075725078583,0.4704855978488922,0.4957766830921173,-0.0749049112200737,0.508675754070282,0.48898935317993164,-0.0822528824210167,0.46639570593833923,0.43664512038230896,-0.017994416877627373,0.4063669741153717,0.4401499629020691,-0.054390206933021545,0.4790995717048645,0.4248320162296295,-0.06258545070886612,0.5092015266418457,0.4247276186943054,-0.05981820821762085,0.4658433198928833,0.3668999969959259,-0.02266118675470352,0.416251540184021,0.3676639199256897,-0.050272949039936066,0.48027244210243225,0.3608645796775818,-0.03920838236808777,0.5096814036369324,0.36384764313697815,-0.02555341087281704,0.47274693846702576,0.29984039068222046,-0.03162093088030815,0.43045443296432495,0.2966964840888977,-0.043805789202451706,0.4764418601989746,0.30617451667785645,-0.030700501054525375,0.5033552646636963,0.31503504514694214,-0.016913531348109245,0.0,0.0,0.0,0.0,0.0,0.0,0.0,0.0,0.0,0.0,0.0,0.0,0.0,0.0,0.0,0.0,0.0,0.0,0.0,0.0,0.0,0.0,0.0,0.0,0.0,0.0,0.0,0.0,0.0,0.0,0.0,0.0,0.0,0.0,0.0,0.0,0.0,0.0,0.0,0.0,0.0,0.0,0.0,0.0,0.0,0.0,0.0,0.0,0.0,0.0,0.0,0.0,0.0,0.0,0.0,0.0,0.0,0.0,0.0,0.0,0.0,0.0,0.0
down,0.6294669508934021,0.3868539333343506,-4.7015635118441423e-07,0.6213977336883545,0.5163790583610535,-0.03825659677386284,0.573143482208252,0.6395737528800964,-0.06369012594223022,0.5408065319061279,0.7333556413650513,-0.08956822007894516,0.5200517773628235,0.8110396862030029,-0.10887081176042557,0.4451628625392914,0.5797808170318604,-0.018406840041279793,0.37267202138900757,0.5841730833053589,-0.06331823766231537,0.4335819482803345,0.5650521516799927,-0.0881975069642067,0.47891780734062195,0.5562803149223328,-0.09668026864528656,0.43548816442489624,0.5048824548721313,-0.018235014751553535,0.36886876821517944,0.5034233927726746,-0.06250520795583725,0.44685620069503784,0.48838281631469727,-0.07298864424228668,0.48495346307754517,0.484083354473114,-0.06804059445858002,0.4339875876903534,0.43115684390068054,-0.026407422497868538,0.3761761486530304,0.43060821294784546,-0.06267185509204865,0.4500749409198761,0.4233786463737488,-0.049348894506692886,0.48646557331085205,0.4243893027305603,-0.03033374808728695,0.4410090744495392,0.3599095940589905,-0.038809943944215775,0.39419248700141907,0.35974961519241333,-0.055760812014341354,0.44501015543937683,0.3646765649318695,-0.039592206478118896,0.4727894067764282,0.36872389912605286,-0.02141469344496727,0.0,0.0,0.0,0.0,0.0,0.0,0.0,0.0,0.0,0.0,0.0,0.0,0.0,0.0,0.0,0.0,0.0,0.0,0.0,0.0,0.0,0.0,0.0,0.0,0.0,0.0,0.0,0.0,0.0,0.0,0.0,0.0,0.0,0.0,0.0,0.0,0.0,0.0,0.0,0.0,0.0,0.0,0.0,0.0,0.0,0.0,0.0,0.0,0.0,0.0,0.0,0.0,0.0,0.0,0.0,0.0,0.0,0.0,0.0,0.0,0.0,0.0,0.0
down,0.40967175364494324,0.40292102098464966,-3.708497615662054e-07,0.3930361568927765,0.5191229581832886,-0.024247396737337112,0.3591918349266052,0.6169592142105103,-0.04355446994304657,0.332195907831192,0.6933922171592712,-0.06616566330194473,0.3170536756515503,0.7548595070838928,-0.08459534496068954,0.2509653568267822,0.5542961955070496,-0.005326306447386742,0.18221092224121094,0.5670299530029297,-0.039322566241025925,0.23900124430656433,0.5554726719856262,-0.05830787867307663,0.2825179696083069,0.5479090809822083,-0.06410428136587143,0.2442219853401184,0.49174919724464417,-0.007344628684222698,0.18006227910518646,0.5037938952445984,-0.04290970414876938,0.24656064808368683,0.49159660935401917,-0.054275479167699814,0.28700223565101624,0.48192501068115234,-0.05198141187429428,0.24568302929401398,0.4299446940422058,-0.015288875438272953,0.18759453296661377,0.4385392665863037,-0.044557686895132065,0.25275975465774536,0.4325273931026459,-0.03861937299370766,0.2929448187351227,0.4280165433883667,-0.026026953011751175,0.25467827916145325,0.36953985691070557,-0.026065334677696228,0.21077096462249756,0.3780467212200165,-0.04327378422021866,0.255672425031662,0.3864997625350952,-0.0346485897898674,0.28984519839286804,0.3878325819969177,-0.021941376850008965,0.0,0.0,0.0,0.0,0.0,0.0,0.0,0.0,0.0,0.0,0.0,0.0,0.0,0.0,0.0,0.0,0.0,0.0,0.0,0.0,0.0,0.0,0.0,0.0,0.0,0.0,0.0,0.0,0.0,0.0,0.0,0.0,0.0,0.0,0.0,0.0,0.0,0.0,0.0,0.0,0.0,0.0,0.0,0.0,0.0,0.0,0.0,0.0,0.0,0.0,0.0,0.0,0.0,0.0,0.0,0.0,0.0,0.0,0.0,0.0,0.0,0.0,0.0
down,0.3608640432357788,0.40544813871383667,-3.594484212499083e-07,0.3426720201969147,0.5121681094169617,-0.023416785523295403,0.31446313858032227,0.6050684452056885,-0.04377349466085434,0.2925706207752228,0.6770926117897034,-0.06710631400346756,0.282073438167572,0.7372838258743286,-0.08667599409818649,0.21395976841449738,0.5396318435668945,-0.0075017367489635944,0.1539602279663086,0.5460259914398193,-0.03891564533114433,0.20768457651138306,0.5366041660308838,-0.05798492208123207,0.2500048577785492,0.5302658081054688,-0.0648670643568039,0.2084859013557434,0.480363667011261,-0.009313269518315792,0.15093043446540833,0.4892447590827942,-0.04096163436770439,0.2130979746580124,0.4818766117095947,-0.051339294761419296,0.2524055540561676,0.4740985333919525,-0.050171859562397,0.21002209186553955,0.4232240617275238,-0.0165351964533329,0.1569996476173401,0.4299094080924988,-0.041336942464113235,0.2177027314901352,0.42739319801330566,-0.034644342958927155,0.25674471259117126,0.4239618182182312,-0.023240217939019203,0.21852725744247437,0.36701521277427673,-0.026696624234318733,0.1779589056968689,0.374763548374176,-0.039807260036468506,0.21927562355995178,0.38470619916915894,-0.030248813331127167,0.25017061829566956,0.3857254981994629,-0.018373223021626472,0.0,0.0,0.0,0.0,0.0,0.0,0.0,0.0,0.0,0.0,0.0,0.0,0.0,0.0,0.0,0.0,0.0,0.0,0.0,0.0,0.0,0.0,0.0,0.0,0.0,0.0,0.0,0.0,0.0,0.0,0.0,0.0,0.0,0.0,0.0,0.0,0.0,0.0,0.0,0.0,0.0,0.0,0.0,0.0,0.0,0.0,0.0,0.0,0.0,0.0,0.0,0.0,0.0,0.0,0.0,0.0,0.0,0.0,0.0,0.0,0.0,0.0,0.0
down,0.5394203066825867,0.43914973735809326,-4.537580480246106e-07,0.5209606289863586,0.5306621193885803,-0.017106536775827408,0.47671443223953247,0.5979289412498474,-0.024294020608067513,0.4266161620616913,0.609225869178772,-0.0329800508916378,0.38922977447509766,0.5967541933059692,-0.037529945373535156,0.3884018063545227,0.5724862217903137,0.011469128541648388,0.3506859540939331,0.5913838148117065,-0.021481990814208984,0.3929113745689392,0.580510139465332,-0.04534254968166351,0.43137308955192566,0.5631424784660339,-0.055366404354572296,0.3747982978820801,0.5148230791091919,0.008767323568463326,0.3369998633861542,0.5323619842529297,-0.026304712519049644,0.38993337750434875,0.5229383707046509,-0.043305348604917526,0.4309035539627075,0.5083713531494141,-0.04497002437710762,0.370710164308548,0.4579823911190033,-3.735136488103308e-05,0.3431605398654938,0.47558897733688354,-0.03528064861893654,0.3958303928375244,0.47106003761291504,-0.03636181727051735,0.43679189682006836,0.46092307567596436,-0.02654636837542057,0.37596073746681213,0.400945782661438,-0.010570942424237728,0.3545597791671753,0.41548821330070496,-0.03674564138054848,0.3965240716934204,0.42111659049987793,-0.035085421055555344,0.43023818731307983,0.4166419208049774,-0.025344394147396088,0.0,0.0,0.0,0.0,0.0,0.0,0.0,0.0,0.0,0.0,0.0,0.0,0.0,0.0,0.0,0.0,0.0,0.0,0.0,0.0,0.0,0.0,0.0,0.0,0.0,0.0,0.0,0.0,0.0,0.0,0.0,0.0,0.0,0.0,0.0,0.0,0.0,0.0,0.0,0.0,0.0,0.0,0.0,0.0,0.0,0.0,0.0,0.0,0.0,0.0,0.0,0.0,0.0,0.0,0.0,0.0,0.0,0.0,0.0,0.0,0.0,0.0,0.0
down,0.673473060131073,0.42627522349357605,-3.3872581184368755e-07,0.6595453023910522,0.5250223875045776,-0.02732843905687332,0.6288672089576721,0.6182956695556641,-0.0492166168987751,0.6131098866462708,0.6825727224349976,-0.07191170752048492,0.6093204617500305,0.733185350894928,-0.09041442722082138,0.5165591239929199,0.5774711966514587,-0.01926145888864994,0.4644066095352173,0.5863670706748962,-0.05315962806344032,0.5216781497001648,0.57059645652771,-0.07207970321178436,0.5586326718330383,0.5657342672348022,-0.07904282957315445,0.5039852857589722,0.5146725177764893,-0.02149900048971176,0.45583248138427734,0.5262178182601929,-0.05474156141281128,0.5208653211593628,0.5116938352584839,-0.06368359178304672,0.5545033812522888,0.5046839118003845,-0.06127398833632469,0.5011850595474243,0.4523616433143616,-0.029045134782791138,0.4612092971801758,0.4620356559753418,-0.05607381835579872,0.5249419808387756,0.45490023493766785,-0.046899113804101944,0.5586438775062561,0.45367372035980225,-0.033924706280231476,0.5081425905227661,0.39226096868515015,-0.03960685804486275,0.47647997736930847,0.3978881537914276,-0.05362013354897499,0.5236436724662781,0.40473735332489014,-0.040840428322553635,0.5512639880180359,0.4080162048339844,-0.026533188298344612,0.0,0.0,0.0,0.0,0.0,0.0,0.0,0.0,0.0,0.0,0.0,0.0,0.0,0.0,0.0,0.0,0.0,0.0,0.0,0.0,0.0,0.0,0.0,0.0,0.0,0.0,0.0,0.0,0.0,0.0,0.0,0.0,0.0,0.0,0.0,0.0,0.0,0.0,0.0,0.0,0.0,0.0,0.0,0.0,0.0,0.0,0.0,0.0,0.0,0.0,0.0,0.0,0.0,0.0,0.0,0.0,0.0,0.0,0.0,0.0,0.0,0.0,0.0
down,0.7719178199768066,0.5035904049873352,-5.71265161397605e-07,0.7551050186157227,0.6143059730529785,-0.027618397027254105,0.7071230411529541,0.7230662703514099,-0.04741496965289116,0.6721982955932617,0.805469274520874,-0.0694950595498085,0.654948890209198,0.8719451427459717,-0.08573637902736664,0.5929626822471619,0.664187490940094,-0.009191956371068954,0.5229093432426453,0.6852699518203735,-0.04908072575926781,0.5803675651550293,0.670818567276001,-0.069877989590168,0.6238694190979004,0.6568207740783691,-0.0763624832034111,0.5863952040672302,0.6005274057388306,-0.012064429000020027,0.5248335599899292,0.6181016564369202,-0.051150765269994736,0.5962596535682678,0.6039518117904663,-0.058501336723566055,0.6315305233001709,0.5909162163734436,-0.05256006494164467,0.5871723890304565,0.5340154767036438,-0.022418588399887085,0.5323478579521179,0.5502658486366272,-0.05712559074163437,0.5997629761695862,0.5437150001525879,-0.04496597871184349,0.634986400604248,0.53570157289505,-0.02659709006547928,0.5959758758544922,0.4654483199119568,-0.03599631413817406,0.547543466091156,0.48003193736076355,-0.05363684892654419,0.5947721600532532,0.4876701533794403,-0.03987973555922508,0.6250470876693726,0.4863945245742798,-0.023288743570446968,0.0,0.0,0.0,0.0,0.0,0.0,0.0,0.0,0.0,0.0,0.0,0.0,0.0,0.0,0.0,0.0,0.0,0.0,0.0,0.0,0.0,0.0,0.0,0.0,0.0,0.0,0.0,0.0,0.0,0.0,0.0,0.0,0.0,0.0,0.0,0.0,0.0,0.0,0.0,0.0,0.0,0.0,0.0,0.0,0.0,0.0,0.0,0.0,0.0,0.0,0.0,0.0,0.0,0.0,0.0,0.0,0.0,0.0,0.0,0.0,0.0,0.0,0.0
down,0.520077109336853,0.5170637369155884,-1.7822003428591415e-07,0.5053799748420715,0.5937002897262573,-0.026694340631365776,0.4728696644306183,0.6621264219284058,-0.04575493186712265,0.44689226150512695,0.7057985663414001,-0.06589493900537491,0.4451693594455719,0.7399545311927795,-0.0829140692949295,0.3765372335910797,0.6417972445487976,-0.005330860149115324,0.3403235673904419,0.6590030193328857,-0.03266239911317825,0.37746426463127136,0.6576410531997681,-0.049413297325372696,0.3935059905052185,0.6456959247589111,-0.05758017674088478,0.3676278591156006,0.5865920186042786,-0.006608438212424517,0.3319210410118103,0.600048840045929,-0.03383580967783928,0.3764823377132416,0.6012986302375793,-0.04143553599715233,0.3957856595516205,0.5907204151153564,-0.03956527262926102,0.3670436143875122,0.5291328430175781,-0.01403356809169054,0.335785448551178,0.5405679941177368,-0.04102609306573868,0.3823910355567932,0.5455895066261292,-0.03564583137631416,0.4088157117366791,0.5389187335968018,-0.0246720053255558,0.374756783246994,0.4696667790412903,-0.024419227614998817,0.34950128197669983,0.48051679134368896,-0.03938949480652809,0.3857880234718323,0.49313226342201233,-0.03114086203277111,0.41162291169166565,0.49154096841812134,-0.020109081640839577,0.0,0.0,0.0,0.0,0.0,0.0,0.0,0.0,0.0,0.0,0.0,0.0,0.0,0.0,0.0,0.0,0.0,0.0,0.0,0.0,0.0,0.0,0.0,0.0,0.0,0.0,0.0,0.0,0.0,0.0,0.0,0.0,0.0,0.0,0.0,0.0,0.0,0.0,0.0,0.0,0.0,0.0,0.0,0.0,0.0,0.0,0.0,0.0,0.0,0.0,0.0,0.0,0.0,0.0,0.0,0.0,0.0,0.0,0.0,0.0,0.0,0.0,0.0
down,0.4089760184288025,0.5002120137214661,-5.365615720620553e-07,0.38338416814804077,0.5905186533927917,-0.01641565002501011,0.34057486057281494,0.6674530506134033,-0.027610119432210922,0.2978442311286926,0.6844093203544617,-0.04214409738779068,0.26772943139076233,0.6636585593223572,-0.052354130893945694,0.25042200088500977,0.6207586526870728,0.008553175255656242,0.2049347460269928,0.6406000256538391,-0.02493049018085003,0.2540380358695984,0.6400696039199829,-0.04598671942949295,0.2905499339103699,0.6226470470428467,-0.054170943796634674,0.24428807199001312,0.5683979988098145,0.00267808698117733,0.2005254030227661,0.5881088972091675,-0.033686231821775436,0.2580176293849945,0.5899782776832581,-0.045458730310201645,0.2952267825603485,0.5724366903305054,-0.042085498571395874,0.24504533410072327,0.5133032202720642,-0.009628894738852978,0.2108185887336731,0.5323787927627563,-0.04414493590593338,0.26771217584609985,0.5376598834991455,-0.03935997560620308,0.3040623068809509,0.5248623490333557,-0.02477863058447838,0.2556071877479553,0.4543446898460388,-0.02397298999130726,0.22556862235069275,0.47444939613342285,-0.045295074582099915,0.2699718773365021,0.48904216289520264,-0.037773214280605316,0.3020544946193695,0.48285582661628723,-0.02417321503162384,0.0,0.0,0.0,0.0,0.0,0.0,0.0,0.0,0.0,0.0,0.0,0.0,0.0,0.0,0.0,0.0,0.0,0.0,0.0,0.0,0.0,0.0,0.0,0.0,0.0,0.0,0.0,0.0,0.0,0.0,0.0,0.0,0.0,0.0,0.0,0.0,0.0,0.0,0.0,0.0,0.0,0.0,0.0,0.0,0.0,0.0,0.0,0.0,0.0,0.0,0.0,0.0,0.0,0.0,0.0,0.0,0.0,0.0,0.0,0.0,0.0,0.0,0.0
down,0.3761482834815979,0.3428173065185547,-4.426169653015677e-07,0.34857481718063354,0.4502274990081787,-0.02743985876441002,0.30323296785354614,0.5437978506088257,-0.049540333449840546,0.27221375703811646,0.617170512676239,-0.07324555516242981,0.25249582529067993,0.6758160591125488,-0.09079837799072266,0.2038564234972,0.455605685710907,-0.01505797915160656,0.14246928691864014,0.45578640699386597,-0.04847739264369011,0.20165060460567474,0.4644378423690796,-0.06407757848501205,0.23445294797420502,0.4638754427433014,-0.06943956762552261,0.203224316239357,0.39497190713882446,-0.016879452392458916,0.14455075562000275,0.400849312543869,-0.049406446516513824,0.20779281854629517,0.4138539135456085,-0.053053487092256546,0.2327837198972702,0.407581090927124,-0.047938182950019836,0.21005792915821075,0.3363669514656067,-0.02518925815820694,0.15498530864715576,0.3425680696964264,-0.049596305936574936,0.21265809237957,0.3575250804424286,-0.035927921533584595,0.2383396178483963,0.3525601923465729,-0.02158435806632042,0.22425127029418945,0.27917903661727905,-0.037134040147066116,0.18365488946437836,0.28766030073165894,-0.04688001051545143,0.22098611295223236,0.3093996047973633,-0.033355604857206345,0.24296508729457855,0.3093211054801941,-0.02023448422551155,0.0,0.0,0.0,0.0,0.0,0.0,0.0,0.0,0.0,0.0,0.0,0.0,0.0,0.0,0.0,0.0,0.0,0.0,0.0,0.0,0.0,0.0,0.0,0.0,0.0,0.0,0.0,0.0,0.0,0.0,0.0,0.0,0.0,0.0,0.0,0.0,0.0,0.0,0.0,0.0,0.0,0.0,0.0,0.0,0.0,0.0,0.0,0.0,0.0,0.0,0.0,0.0,0.0,0.0,0.0,0.0,0.0,0.0,0.0,0.0,0.0,0.0,0.0
down,0.4091981053352356,0.2681257426738739,-4.73619735430475e-07,0.3758333921432495,0.38592272996902466,-0.03520681709051132,0.3170892298221588,0.4923199415206909,-0.06043591722846031,0.2732023000717163,0.5777323246002197,-0.08685877919197083,0.24868853390216827,0.6497353315353394,-0.10645414143800735,0.20621027052402496,0.39529186487197876,-0.01478017307817936,0.13308921456336975,0.37902897596359253,-0.054540760815143585,0.19703738391399384,0.3818068504333496,-0.0757642462849617,0.2412959486246109,0.38667410612106323,-0.0832253247499466,0.20834001898765564,0.32283633947372437,-0.014283434487879276,0.1410629153251648,0.307428240776062,-0.05459345132112503,0.21766400337219238,0.32175153493881226,-0.06171443313360214,0.25338590145111084,0.3287588059902191,-0.05582301691174507,0.21970903873443604,0.2547909617424011,-0.021700870245695114,0.1613648533821106,0.24029573798179626,-0.055503759533166885,0.2285623997449875,0.2608996629714966,-0.04260827973484993,0.2641087472438812,0.27072590589523315,-0.02438325434923172,0.23830834031105042,0.189206063747406,-0.03290614113211632,0.18958540260791779,0.17597873508930206,-0.04788673296570778,0.23308612406253815,0.2029806524515152,-0.032770443707704544,0.26239079236984253,0.21827095746994019,-0.016082340851426125,0.0,0.0,0.0,0.0,0.0,0.0,0.0,0.0,0.0,0.0,0.0,0.0,0.0,0.0,0.0,0.0,0.0,0.0,0.0,0.0,0.0,0.0,0.0,0.0,0.0,0.0,0.0,0.0,0.0,0.0,0.0,0.0,0.0,0.0,0.0,0.0,0.0,0.0,0.0,0.0,0.0,0.0,0.0,0.0,0.0,0.0,0.0,0.0,0.0,0.0,0.0,0.0,0.0,0.0,0.0,0.0,0.0,0.0,0.0,0.0,0.0,0.0,0.0
down,0.6724258065223694,0.24134592711925507,-3.6087936905460083e-07,0.6467922925949097,0.3571629226207733,-0.05180775746703148,0.5854031443595886,0.46509915590286255,-0.08126606792211533,0.5432142615318298,0.5451793670654297,-0.1066100001335144,0.5169768929481506,0.6022900938987732,-0.12359301000833511,0.4440838396549225,0.3917815387248993,-0.03732706233859062,0.3835737407207489,0.37428927421569824,-0.0843823254108429,0.4609299600124359,0.3693307340145111,-0.10725799947977066,0.50949627161026,0.38009941577911377,-0.11362375319004059,0.43986010551452637,0.30407848954200745,-0.031772054731845856,0.3810781240463257,0.2854481041431427,-0.07871589809656143,0.4745001196861267,0.28894221782684326,-0.08707328885793686,0.5161986947059631,0.3011907935142517,-0.0793212503194809,0.4457281827926636,0.219232976436615,-0.03498654067516327,0.400245726108551,0.1981184184551239,-0.0756520926952362,0.48120084404945374,0.21250499784946442,-0.0615350678563118,0.5180962681770325,0.23075684905052185,-0.04084477946162224,0.46104592084884644,0.14358890056610107,-0.043057315051555634,0.4232109785079956,0.12789349257946014,-0.06471076607704163,0.47775551676750183,0.14943784475326538,-0.04822910204529762,0.5083601474761963,0.17058971524238586,-0.02813994511961937,0.0,0.0,0.0,0.0,0.0,0.0,0.0,0.0,0.0,0.0,0.0,0.0,0.0,0.0,0.0,0.0,0.0,0.0,0.0,0.0,0.0,0.0,0.0,0.0,0.0,0.0,0.0,0.0,0.0,0.0,0.0,0.0,0.0,0.0,0.0,0.0,0.0,0.0,0.0,0.0,0.0,0.0,0.0,0.0,0.0,0.0,0.0,0.0,0.0,0.0,0.0,0.0,0.0,0.0,0.0,0.0,0.0,0.0,0.0,0.0,0.0,0.0,0.0
down,0.8755108118057251,0.32488980889320374,-6.347845555865206e-07,0.8328109383583069,0.47223961353302,-0.051748257130384445,0.7615547776222229,0.5976458191871643,-0.08734065294265747,0.7021857500076294,0.6983081698417664,-0.12161528319120407,0.6680991053581238,0.782063364982605,-0.14702187478542328,0.6079937815666199,0.47679027915000916,-0.040785856544971466,0.5451922416687012,0.47679266333580017,-0.08384158462285995,0.6343738436698914,0.48064324259757996,-0.1017824336886406,0.6692108511924744,0.48339080810546875,-0.10885301232337952,0.6051200032234192,0.38918155431747437,-0.036783840507268906,0.5484598875045776,0.39264437556266785,-0.08181563019752502,0.6503257155418396,0.4017804265022278,-0.08644392341375351,0.6777986288070679,0.407720148563385,-0.08078978210687637,0.6127399206161499,0.30272436141967773,-0.04096043109893799,0.5590187311172485,0.302623450756073,-0.07870451360940933,0.6546786427497864,0.3228054642677307,-0.0612313449382782,0.6872204542160034,0.34074667096138,-0.04212972894310951,0.6312686800956726,0.2232058346271515,-0.0507957823574543,0.5814223885536194,0.2139904797077179,-0.06876975297927856,0.6441633701324463,0.24550266563892365,-0.05168018117547035,0.6736697554588318,0.2685561776161194,-0.03404027968645096,0.0,0.0,0.0,0.0,0.0,0.0,0.0,0.0,0.0,0.0,0.0,0.0,0.0,0.0,0.0,0.0,0.0,0.0,0.0,0.0,0.0,0.0,0.0,0.0,0.0,0.0,0.0,0.0,0.0,0.0,0.0,0.0,0.0,0.0,0.0,0.0,0.0,0.0,0.0,0.0,0.0,0.0,0.0,0.0,0.0,0.0,0.0,0.0,0.0,0.0,0.0,0.0,0.0,0.0,0.0,0.0,0.0,0.0,0.0,0.0,0.0,0.0,0.0
down,0.8201344013214111,0.534367024898529,-6.335028501780471e-07,0.8178145885467529,0.642951488494873,-0.03788360208272934,0.7635861039161682,0.7662519216537476,-0.057849906384944916,0.7260029315948486,0.8609037399291992,-0.07653065025806427,0.7041281461715698,0.9311487674713135,-0.08698122203350067,0.639232873916626,0.7151921987533569,-0.015745628625154495,0.5691434144973755,0.7242358922958374,-0.06174097955226898,0.6335791349411011,0.6982111930847168,-0.08121570944786072,0.67295241355896,0.6872393488883972,-0.08497125655412674,0.6285057067871094,0.6422539949417114,-0.014947274699807167,0.5700936317443848,0.6482495069503784,-0.062450289726257324,0.6514955163002014,0.6275812387466431,-0.06808846443891525,0.6794171929359436,0.624505341053009,-0.05725942552089691,0.6271297335624695,0.5679184794425964,-0.0230206660926342,0.5784047245979309,0.571503221988678,-0.06812408566474915,0.6546074748039246,0.5582389235496521,-0.052363112568855286,0.6822575926780701,0.5582690238952637,-0.02780432254076004,0.6343239545822144,0.49404144287109375,-0.03423740342259407,0.5916604995727539,0.5018854141235352,-0.057440079748630524,0.6501092910766602,0.5010172128677368,-0.04001547396183014,0.6774150133132935,0.5034872889518738,-0.01831972412765026,0.0,0.0,0.0,0.0,0.0,0.0,0.0,0.0,0.0,0.0,0.0,0.0,0.0,0.0,0.0,0.0,0.0,0.0,0.0,0.0,0.0,0.0,0.0,0.0,0.0,0.0,0.0,0.0,0.0,0.0,0.0,0.0,0.0,0.0,0.0,0.0,0.0,0.0,0.0,0.0,0.0,0.0,0.0,0.0,0.0,0.0,0.0,0.0,0.0,0.0,0.0,0.0,0.0,0.0,0.0,0.0,0.0,0.0,0.0,0.0,0.0,0.0,0.0
down,0.6069859266281128,0.5449880957603455,-4.2632700569811277e-07,0.6013611555099487,0.6559156179428101,-0.03898113965988159,0.5616701245307922,0.7734407186508179,-0.0644841119647026,0.5320560336112976,0.8605926632881165,-0.08795617520809174,0.5094520449638367,0.9256531000137329,-0.10443682968616486,0.44540250301361084,0.7315878868103027,-0.03160037100315094,0.378884494304657,0.7399179935455322,-0.07491373270750046,0.441389262676239,0.7135378122329712,-0.09491566568613052,0.48708850145339966,0.7014995813369751,-0.10007957369089127,0.4349587857723236,0.659934937953949,-0.02935519814491272,0.3708454966545105,0.6694827079772949,-0.07593473792076111,0.4464762210845947,0.6457457542419434,-0.0850781723856926,0.48823341727256775,0.635901689529419,-0.07800961285829544,0.4347899258136749,0.5895434617996216,-0.03379448130726814,0.38803255558013916,0.5967382788658142,-0.07266155630350113,0.45957839488983154,0.5811076164245605,-0.05994734913110733,0.4965628683567047,0.5760810971260071,-0.04024513438344002,0.4434366524219513,0.5215423107147217,-0.04159523546695709,0.4049616754055023,0.5302648544311523,-0.06311142444610596,0.4570024609565735,0.5318004488945007,-0.04919395595788956,0.4858454167842865,0.5318139791488647,-0.03140693157911301,0.0,0.0,0.0,0.0,0.0,0.0,0.0,0.0,0.0,0.0,0.0,0.0,0.0,0.0,0.0,0.0,0.0,0.0,0.0,0.0,0.0,0.0,0.0,0.0,0.0,0.0,0.0,0.0,0.0,0.0,0.0,0.0,0.0,0.0,0.0,0.0,0.0,0.0,0.0,0.0,0.0,0.0,0.0,0.0,0.0,0.0,0.0,0.0,0.0,0.0,0.0,0.0,0.0,0.0,0.0,0.0,0.0,0.0,0.0,0.0,0.0,0.0,0.0
down,0.4579777717590332,0.5697561502456665,-3.415217690871941e-07,0.45322343707084656,0.6714567542076111,-0.03021576628088951,0.42244869470596313,0.7680329084396362,-0.050183817744255066,0.4014446437358856,0.8321495056152344,-0.0699956938624382,0.39145880937576294,0.8788579106330872,-0.08536452800035477,0.31607791781425476,0.7331874370574951,-0.020993001759052277,0.26023608446121216,0.7427884340286255,-0.05619635060429573,0.31432247161865234,0.7253431677818298,-0.07547896355390549,0.35472020506858826,0.7160557508468628,-0.08208645135164261,0.30538704991340637,0.6712057590484619,-0.021745070815086365,0.2563144266605377,0.680581271648407,-0.05744340643286705,0.31573837995529175,0.6668677926063538,-0.06731187552213669,0.35293900966644287,0.6581434011459351,-0.06431257724761963,0.3039291799068451,0.6084070205688477,-0.02849615179002285,0.2626202404499054,0.6151009798049927,-0.05985695868730545,0.321591317653656,0.6074739694595337,-0.05379131808876991,0.3586946427822113,0.6027809381484985,-0.04119991883635521,0.31194475293159485,0.5448166131973267,-0.03823220729827881,0.28153735399246216,0.5498901605606079,-0.059560101479291916,0.3253505229949951,0.5549193024635315,-0.052006471902132034,0.35593271255493164,0.556212842464447,-0.03964418172836304,0.0,0.0,0.0,0.0,0.0,0.0,0.0,0.0,0.0,0.0,0.0,0.0,0.0,0.0,0.0,0.0,0.0,0.0,0.0,0.0,0.0,0.0,0.0,0.0,0.0,0.0,0.0,0.0,0.0,0.0,0.0,0.0,0.0,0.0,0.0,0.0,0.0,0.0,0.0,0.0,0.0,0.0,0.0,0.0,0.0,0.0,0.0,0.0,0.0,0.0,0.0,0.0,0.0,0.0,0.0,0.0,0.0,0.0,0.0,0.0,0.0,0.0,0.0
down,0.33256202936172485,0.4838557243347168,-4.4261591369831876e-07,0.3091174364089966,0.5910800099372864,-0.025956448167562485,0.2709987759590149,0.692583441734314,-0.048570286482572556,0.24720993638038635,0.7754032611846924,-0.07399371266365051,0.23523235321044922,0.8429267406463623,-0.09529776126146317,0.16405218839645386,0.6220331192016602,-0.011123931035399437,0.10169196128845215,0.6361303925514221,-0.04686887189745903,0.15268436074256897,0.6319168210029602,-0.06875757873058319,0.19343501329421997,0.6227478384971619,-0.07817737758159637,0.15886910259723663,0.5621106624603271,-0.014811769127845764,0.10025577992200851,0.5763936042785645,-0.05020067095756531,0.16329610347747803,0.5762304067611694,-0.06052596867084503,0.19933556020259857,0.566277801990509,-0.059121545404195786,0.1620010882616043,0.5013226866722107,-0.024904733523726463,0.11286938935518265,0.5129772424697876,-0.052974920719861984,0.17204993963241577,0.5165231823921204,-0.044771112501621246,0.2060728371143341,0.5104041695594788,-0.03238546475768089,0.17341262102127075,0.4392890930175781,-0.038337159901857376,0.13064630329608917,0.44659745693206787,-0.0516403466463089,0.17112183570861816,0.4618318974971771,-0.03967687487602234,0.1994066685438156,0.4631839394569397,-0.02650020830333233,0.0,0.0,0.0,0.0,0.0,0.0,0.0,0.0,0.0,0.0,0.0,0.0,0.0,0.0,0.0,0.0,0.0,0.0,0.0,0.0,0.0,0.0,0.0,0.0,0.0,0.0,0.0,0.0,0.0,0.0,0.0,0.0,0.0,0.0,0.0,0.0,0.0,0.0,0.0,0.0,0.0,0.0,0.0,0.0,0.0,0.0,0.0,0.0,0.0,0.0,0.0,0.0,0.0,0.0,0.0,0.0,0.0,0.0,0.0,0.0,0.0,0.0,0.0
down,0.3760274052619934,0.40140849351882935,-3.3443086522311205e-07,0.3617206811904907,0.5137065649032593,-0.035401973873376846,0.31711840629577637,0.614004909992218,-0.05868746340274811,0.28841865062713623,0.6870782971382141,-0.08165770769119263,0.2717854082584381,0.7476913928985596,-0.09909890592098236,0.20512330532073975,0.5525208115577698,-0.02307499200105667,0.14065949618816376,0.550754189491272,-0.061643511056900024,0.20003420114517212,0.5392355918884277,-0.08112980425357819,0.2431786060333252,0.5364070534706116,-0.08653247356414795,0.20017997920513153,0.4837326109409332,-0.021800093352794647,0.13884031772613525,0.4781169891357422,-0.06168750301003456,0.21054023504257202,0.47067147493362427,-0.07133664935827255,0.24998582899570465,0.4686572849750519,-0.06654921174049377,0.20376679301261902,0.41751858592033386,-0.02712584100663662,0.1499418318271637,0.410476416349411,-0.06237587705254555,0.21882125735282898,0.4115495979785919,-0.05385839566588402,0.2590143382549286,0.41509097814559937,-0.037851739674806595,0.2146400660276413,0.3553679287433624,-0.03584609180688858,0.17399907112121582,0.3511039912700653,-0.05732179805636406,0.22131408751010895,0.3616236746311188,-0.04726962372660637,0.25343769788742065,0.36761367321014404,-0.03253971040248871,0.0,0.0,0.0,0.0,0.0,0.0,0.0,0.0,0.0,0.0,0.0,0.0,0.0,0.0,0.0,0.0,0.0,0.0,0.0,0.0,0.0,0.0,0.0,0.0,0.0,0.0,0.0,0.0,0.0,0.0,0.0,0.0,0.0,0.0,0.0,0.0,0.0,0.0,0.0,0.0,0.0,0.0,0.0,0.0,0.0,0.0,0.0,0.0,0.0,0.0,0.0,0.0,0.0,0.0,0.0,0.0,0.0,0.0,0.0,0.0,0.0,0.0,0.0
down,0.4660610556602478,0.4389195740222931,-5.130624458615785e-07,0.43746334314346313,0.5468459129333496,-0.025685489177703857,0.3858092427253723,0.6471619009971619,-0.044360123574733734,0.3494052588939667,0.7119097709655762,-0.06536992639303207,0.3259519636631012,0.7612778544425964,-0.08194754272699356,0.2660925090312958,0.582278847694397,-0.0065140933729708195,0.21694906055927277,0.5972484350204468,-0.046573832631111145,0.28178340196609497,0.5899052023887634,-0.0719267874956131,0.32204669713974,0.578952431678772,-0.08267319947481155,0.26166248321533203,0.5129300355911255,-0.011862740851938725,0.21645015478134155,0.525370180606842,-0.05208420008420944,0.2889547646045685,0.5247788429260254,-0.06449905037879944,0.3259798586368561,0.5171602964401245,-0.06212037429213524,0.26777005195617676,0.44307002425193787,-0.02426537126302719,0.22759637236595154,0.4511469602584839,-0.06105245649814606,0.2978825569152832,0.4577847123146057,-0.052517879754304886,0.33554309606552124,0.45777541399002075,-0.03661022707819939,0.2853277623653412,0.3742198050022125,-0.03957228735089302,0.2507956027984619,0.3765562176704407,-0.060931190848350525,0.30310890078544617,0.39726948738098145,-0.04810153320431709,0.3354543447494507,0.4062316119670868,-0.03132504224777222,0.0,0.0,0.0,0.0,0.0,0.0,0.0,0.0,0.0,0.0,0.0,0.0,0.0,0.0,0.0,0.0,0.0,0.0,0.0,0.0,0.0,0.0,0.0,0.0,0.0,0.0,0.0,0.0,0.0,0.0,0.0,0.0,0.0,0.0,0.0,0.0,0.0,0.0,0.0,0.0,0.0,0.0,0.0,0.0,0.0,0.0,0.0,0.0,0.0,0.0,0.0,0.0,0.0,0.0,0.0,0.0,0.0,0.0,0.0,0.0,0.0,0.0,0.0
down,0.6540265083312988,0.5978299975395203,-5.225371069172979e-07,0.6440944075584412,0.7188736200332642,-0.03489287942647934,0.6001256108283997,0.8353490829467773,-0.05850548669695854,0.5710915923118591,0.928970992565155,-0.08226872980594635,0.5573735237121582,1.0013662576675415,-0.09949953854084015,0.4783010482788086,0.7769744992256165,-0.01876586303114891,0.40988627076148987,0.7916716933250427,-0.056906864047050476,0.4715789258480072,0.7735323905944824,-0.07670712471008301,0.5150266289710999,0.7625659704208374,-0.083744116127491,0.46714577078819275,0.7080445289611816,-0.017778299748897552,0.4059951603412628,0.7181124687194824,-0.054878879338502884,0.48177993297576904,0.7050851583480835,-0.06148473173379898,0.5165989398956299,0.6966958045959473,-0.05644580349326134,0.4662865102291107,0.6377421021461487,-0.024171043187379837,0.41295716166496277,0.6453799605369568,-0.0534728467464447,0.48024019598960876,0.6384040117263794,-0.040792059153318405,0.5125125646591187,0.6329906582832336,-0.02500278688967228,0.47496145963668823,0.5682236552238464,-0.03464178368449211,0.4307362139225006,0.5734325647354126,-0.048871397972106934,0.47639572620391846,0.5798174738883972,-0.03558248654007912,0.5019853711128235,0.580033004283905,-0.02109053172171116,0.0,0.0,0.0,0.0,0.0,0.0,0.0,0.0,0.0,0.0,0.0,0.0,0.0,0.0,0.0,0.0,0.0,0.0,0.0,0.0,0.0,0.0,0.0,0.0,0.0,0.0,0.0,0.0,0.0,0.0,0.0,0.0,0.0,0.0,0.0,0.0,0.0,0.0,0.0,0.0,0.0,0.0,0.0,0.0,0.0,0.0,0.0,0.0,0.0,0.0,0.0,0.0,0.0,0.0,0.0,0.0,0.0,0.0,0.0,0.0,0.0,0.0,0.0
down,0.523898720741272,0.6584451198577881,-3.068898024594091e-07,0.523809552192688,0.7582690715789795,-0.02606772445142269,0.4916466474533081,0.8551236391067505,-0.04530106112360954,0.4725283980369568,0.9219338297843933,-0.0646122545003891,0.4666031301021576,0.9743837714195251,-0.08103933185338974,0.3804762065410614,0.8256601691246033,-0.02226720005273819,0.32923680543899536,0.843332827091217,-0.05535443127155304,0.37822461128234863,0.8205759525299072,-0.07468106597661972,0.41726934909820557,0.8092160820960999,-0.08193020522594452,0.36645275354385376,0.7638586759567261,-0.02475561387836933,0.32053354382514954,0.780489981174469,-0.05553046241402626,0.37742796540260315,0.760333240032196,-0.0650445818901062,0.4150633215904236,0.7485514283180237,-0.06400229036808014,0.3620597720146179,0.7001998424530029,-0.03212794288992882,0.3229168951511383,0.7139062285423279,-0.05931108817458153,0.38191813230514526,0.7004173994064331,-0.05341700464487076,0.4198545515537262,0.6940913796424866,-0.04309597238898277,0.3671821057796478,0.6362460851669312,-0.04210752248764038,0.33745768666267395,0.6460134983062744,-0.06233935058116913,0.38332656025886536,0.6466983556747437,-0.05423646792769432,0.4156133830547333,0.6471661329269409,-0.04234500974416733,0.0,0.0,0.0,0.0,0.0,0.0,0.0,0.0,0.0,0.0,0.0,0.0,0.0,0.0,0.0,0.0,0.0,0.0,0.0,0.0,0.0,0.0,0.0,0.0,0.0,0.0,0.0,0.0,0.0,0.0,0.0,0.0,0.0,0.0,0.0,0.0,0.0,0.0,0.0,0.0,0.0,0.0,0.0,0.0,0.0,0.0,0.0,0.0,0.0,0.0,0.0,0.0,0.0,0.0,0.0,0.0,0.0,0.0,0.0,0.0,0.0,0.0,0.0
down,0.3861122727394104,0.559633731842041,-4.6806493969597796e-07,0.36723393201828003,0.6707687973976135,-0.02792554348707199,0.33389711380004883,0.7734600305557251,-0.05085819214582443,0.3079913556575775,0.8546002507209778,-0.07588737457990646,0.29336825013160706,0.9179726243019104,-0.09551554918289185,0.22627043724060059,0.7073235511779785,-0.016188381239771843,0.15718837082386017,0.718925952911377,-0.052552707493305206,0.21581420302391052,0.7097427845001221,-0.07085631042718887,0.2575996220111847,0.7001311779022217,-0.0767659842967987,0.21906578540802002,0.6449403166770935,-0.017358381301164627,0.1523894965648651,0.6534361243247986,-0.05466154217720032,0.22264784574508667,0.649098813533783,-0.062148381024599075,0.25976449251174927,0.641166090965271,-0.05751320719718933,0.22035890817642212,0.5831544399261475,-0.02463134191930294,0.16452635824680328,0.592681884765625,-0.05436061695218086,0.22990930080413818,0.5931531190872192,-0.04314267635345459,0.26637277007102966,0.5883495211601257,-0.02727893553674221,0.2294767200946808,0.5212010741233826,-0.035208236426115036,0.18165355920791626,0.5297578573226929,-0.048995018005371094,0.22471994161605835,0.5424540638923645,-0.03609301149845123,0.25432348251342773,0.5432447791099548,-0.0215061753988266,0.0,0.0,0.0,0.0,0.0,0.0,0.0,0.0,0.0,0.0,0.0,0.0,0.0,0.0,0.0,0.0,0.0,0.0,0.0,0.0,0.0,0.0,0.0,0.0,0.0,0.0,0.0,0.0,0.0,0.0,0.0,0.0,0.0,0.0,0.0,0.0,0.0,0.0,0.0,0.0,0.0,0.0,0.0,0.0,0.0,0.0,0.0,0.0,0.0,0.0,0.0,0.0,0.0,0.0,0.0,0.0,0.0,0.0,0.0,0.0,0.0,0.0,0.0
down,0.42805787920951843,0.5523412227630615,-4.2073443751178274e-07,0.4119102358818054,0.6623862385749817,-0.03003951534628868,0.3763357102870941,0.766263484954834,-0.052818454802036285,0.3532039225101471,0.8501314520835876,-0.07651930302381516,0.3387868106365204,0.9141996502876282,-0.0949246734380722,0.2670999765396118,0.7091643810272217,-0.018822601065039635,0.20058633387088776,0.718632698059082,-0.053865157067775726,0.25788676738739014,0.7020078301429749,-0.07228715717792511,0.3006335496902466,0.6943527460098267,-0.07847357541322708,0.25933197140693665,0.6450589895248413,-0.018312303349375725,0.19711312651634216,0.6546478867530823,-0.05395866557955742,0.2652425765991211,0.6428554058074951,-0.062576062977314,0.30259275436401367,0.6362805366516113,-0.05937797576189041,0.2608051300048828,0.5818751454353333,-0.02372361160814762,0.2075193226337433,0.5897104144096375,-0.051965828984975815,0.27050337195396423,0.5844908356666565,-0.042330414056777954,0.30629634857177734,0.5815054774284363,-0.02842044271528721,0.26963773369789124,0.5206482410430908,-0.032427843660116196,0.2241416573524475,0.5280053615570068,-0.046587616205215454,0.2670825123786926,0.5365748405456543,-0.034920379519462585,0.2955318093299866,0.5378539562225342,-0.021502265706658363,0.0,0.0,0.0,0.0,0.0,0.0,0.0,0.0,0.0,0.0,0.0,0.0,0.0,0.0,0.0,0.0,0.0,0.0,0.0,0.0,0.0,0.0,0.0,0.0,0.0,0.0,0.0,0.0,0.0,0.0,0.0,0.0,0.0,0.0,0.0,0.0,0.0,0.0,0.0,0.0,0.0,0.0,0.0,0.0,0.0,0.0,0.0,0.0,0.0,0.0,0.0,0.0,0.0,0.0,0.0,0.0,0.0,0.0,0.0,0.0,0.0,0.0,0.0
down,0.6868553161621094,0.5656393766403198,-3.9619487779418705e-07,0.6782655119895935,0.6793419122695923,-0.03570534661412239,0.6382883787155151,0.7967753410339355,-0.06054013967514038,0.6061210036277771,0.8831126093864441,-0.08521386981010437,0.5847312808036804,0.9511854648590088,-0.10393693298101425,0.5169219970703125,0.7334173917770386,-0.020114382728934288,0.45196062326431274,0.7498202323913574,-0.06230919063091278,0.5084316730499268,0.7278485298156738,-0.0845501571893692,0.5474101901054382,0.7106550931930542,-0.09150520712137222,0.5054090023040771,0.6635271906852722,-0.020059796050190926,0.44579392671585083,0.6762698292732239,-0.06462804973125458,0.5152732133865356,0.6623898148536682,-0.07656390964984894,0.5532716512680054,0.6505462527275085,-0.07215958833694458,0.504334568977356,0.5923820734024048,-0.02715616300702095,0.4552340507507324,0.6023645401000977,-0.06579912453889847,0.5242789387702942,0.5967080593109131,-0.05616431310772896,0.56241375207901,0.5902373790740967,-0.03835051879286766,0.5127399563789368,0.5218671560287476,-0.03755798935890198,0.46887385845184326,0.5299842357635498,-0.05965031310915947,0.521522045135498,0.5402969121932983,-0.04703513905405998,0.5549539923667908,0.5407788753509521,-0.02983207255601883,0.0,0.0,0.0,0.0,0.0,0.0,0.0,0.0,0.0,0.0,0.0,0.0,0.0,0.0,0.0,0.0,0.0,0.0,0.0,0.0,0.0,0.0,0.0,0.0,0.0,0.0,0.0,0.0,0.0,0.0,0.0,0.0,0.0,0.0,0.0,0.0,0.0,0.0,0.0,0.0,0.0,0.0,0.0,0.0,0.0,0.0,0.0,0.0,0.0,0.0,0.0,0.0,0.0,0.0,0.0,0.0,0.0,0.0,0.0,0.0,0.0,0.0,0.0
down,0.768894374370575,0.5994507074356079,-5.987305939925136e-07,0.7605358958244324,0.7256233096122742,-0.03748783469200134,0.6949580311775208,0.8499560356140137,-0.05783146619796753,0.6426796317100525,0.9384331107139587,-0.07808102667331696,0.6146342754364014,1.0037946701049805,-0.08959664404392242,0.5670222043991089,0.7739688158035278,-0.01688597910106182,0.48649871349334717,0.7938709259033203,-0.06189572438597679,0.5583006143569946,0.777682363986969,-0.08148279041051865,0.6023843884468079,0.7625331878662109,-0.08636294305324554,0.5585406422615051,0.6991138458251953,-0.016470400616526604,0.4856310784816742,0.7150890827178955,-0.062386102974414825,0.5713781118392944,0.6993104815483093,-0.06655365973711014,0.6026045083999634,0.6838933229446411,-0.055530134588479996,0.5591885447502136,0.6223680377006531,-0.024939246475696564,0.4974541962146759,0.6360095143318176,-0.06331595033407211,0.5768907070159912,0.6303350925445557,-0.04456804692745209,0.6054394841194153,0.6190860271453857,-0.020379742607474327,0.5692944526672363,0.5425875186920166,-0.037785131484270096,0.5170820355415344,0.5561890006065369,-0.05629813298583031,0.5707376599311829,0.5672061443328857,-0.038943637162446976,0.5961258411407471,0.5640780925750732,-0.01878241077065468,0.0,0.0,0.0,0.0,0.0,0.0,0.0,0.0,0.0,0.0,0.0,0.0,0.0,0.0,0.0,0.0,0.0,0.0,0.0,0.0,0.0,0.0,0.0,0.0,0.0,0.0,0.0,0.0,0.0,0.0,0.0,0.0,0.0,0.0,0.0,0.0,0.0,0.0,0.0,0.0,0.0,0.0,0.0,0.0,0.0,0.0,0.0,0.0,0.0,0.0,0.0,0.0,0.0,0.0,0.0,0.0,0.0,0.0,0.0,0.0,0.0,0.0,0.0
down,0.5148712396621704,0.5489281415939331,-2.407341526122764e-07,0.4994126856327057,0.6397218108177185,-0.024087335914373398,0.46059656143188477,0.7281615734100342,-0.041804999113082886,0.43723657727241516,0.7990298867225647,-0.061540234833955765,0.4311927855014801,0.8556925654411316,-0.07933036983013153,0.3646068871021271,0.6937694549560547,-0.00746664684265852,0.3150556981563568,0.7130535244941711,-0.04058288782835007,0.3484283983707428,0.7099021673202515,-0.06262068450450897,0.3749840259552002,0.7021381258964539,-0.07263035327196121,0.35282406210899353,0.6347298622131348,-0.011455622501671314,0.30703020095825195,0.6519551873207092,-0.04483621194958687,0.35606706142425537,0.6480275392532349,-0.057588379830121994,0.387255996465683,0.6340425610542297,-0.05733809992671013,0.3497824966907501,0.5712291598320007,-0.02132018469274044,0.3092677891254425,0.5888379216194153,-0.051056694239377975,0.3611951768398285,0.5890052914619446,-0.04701041057705879,0.3915006220340729,0.5791202783584595,-0.03620050847530365,0.35556453466415405,0.504710853099823,-0.03381943702697754,0.32448264956474304,0.5188913345336914,-0.0511142872273922,0.36329472064971924,0.5289471745491028,-0.04192086309194565,0.38926032185554504,0.5252423882484436,-0.029431534931063652,0.0,0.0,0.0,0.0,0.0,0.0,0.0,0.0,0.0,0.0,0.0,0.0,0.0,0.0,0.0,0.0,0.0,0.0,0.0,0.0,0.0,0.0,0.0,0.0,0.0,0.0,0.0,0.0,0.0,0.0,0.0,0.0,0.0,0.0,0.0,0.0,0.0,0.0,0.0,0.0,0.0,0.0,0.0,0.0,0.0,0.0,0.0,0.0,0.0,0.0,0.0,0.0,0.0,0.0,0.0,0.0,0.0,0.0,0.0,0.0,0.0,0.0,0.0
down,0.41910940408706665,0.45538926124572754,-4.015228967091389e-07,0.39664292335510254,0.5739902853965759,-0.021095046773552895,0.3657474219799042,0.673637866973877,-0.03898262977600098,0.336566686630249,0.7531909346580505,-0.059907834976911545,0.3226879835128784,0.8158696293830872,-0.07624594867229462,0.26954421401023865,0.6090231537818909,-0.0030231382697820663,0.2058870494365692,0.6111447215080261,-0.0338849276304245,0.2591966390609741,0.5960417985916138,-0.05202019214630127,0.299943745136261,0.5895581841468811,-0.05870060622692108,0.2630075216293335,0.5470326542854309,-0.004934987053275108,0.2034171223640442,0.5506768822669983,-0.035842567682266235,0.26992055773735046,0.5401654243469238,-0.04454805329442024,0.30557960271835327,0.535232424736023,-0.04302636533975601,0.2648254632949829,0.4874458909034729,-0.012407468631863594,0.2108532190322876,0.4901910424232483,-0.03663010522723198,0.27332520484924316,0.48633241653442383,-0.026320524513721466,0.30872631072998047,0.48577651381492615,-0.013223388232290745,0.27425214648246765,0.42983874678611755,-0.022789331153035164,0.23345847427845,0.4333091080188751,-0.03360150009393692,0.2757490277290344,0.44292300939559937,-0.021237608045339584,0.30295470356941223,0.4446641504764557,-0.008394487202167511,0.0,0.0,0.0,0.0,0.0,0.0,0.0,0.0,0.0,0.0,0.0,0.0,0.0,0.0,0.0,0.0,0.0,0.0,0.0,0.0,0.0,0.0,0.0,0.0,0.0,0.0,0.0,0.0,0.0,0.0,0.0,0.0,0.0,0.0,0.0,0.0,0.0,0.0,0.0,0.0,0.0,0.0,0.0,0.0,0.0,0.0,0.0,0.0,0.0,0.0,0.0,0.0,0.0,0.0,0.0,0.0,0.0,0.0,0.0,0.0,0.0,0.0,0.0
down,0.4432726502418518,0.464333713054657,-3.840009981104231e-07,0.4255112409591675,0.5705118775367737,-0.028588369488716125,0.38811513781547546,0.6687157154083252,-0.04924885556101799,0.36442241072654724,0.7471769452095032,-0.07072700560092926,0.34871307015419006,0.8067237138748169,-0.08724119514226913,0.2856024503707886,0.618087649345398,-0.014347858726978302,0.2287382036447525,0.6176508665084839,-0.04871553182601929,0.281634658575058,0.6051158905029297,-0.06811168044805527,0.3223310112953186,0.6008723974227905,-0.07503175735473633,0.2796882092952728,0.5559221506118774,-0.01472769770771265,0.22494864463806152,0.5564148426055908,-0.048237789422273636,0.2902784049510956,0.5481197237968445,-0.05711030960083008,0.3257744312286377,0.544723629951477,-0.054603081196546555,0.28170910477638245,0.49523088335990906,-0.021386917680501938,0.2331102341413498,0.4947860538959503,-0.0486539751291275,0.29346147179603577,0.4920543432235718,-0.04012306407094002,0.3265421688556671,0.49333345890045166,-0.027478836476802826,0.2915286421775818,0.43699926137924194,-0.03131042793393135,0.2547091245651245,0.43861910700798035,-0.045257773250341415,0.2962683439254761,0.4476655423641205,-0.03468292951583862,0.32152462005615234,0.4528700113296509,-0.022391296923160553,0.0,0.0,0.0,0.0,0.0,0.0,0.0,0.0,0.0,0.0,0.0,0.0,0.0,0.0,0.0,0.0,0.0,0.0,0.0,0.0,0.0,0.0,0.0,0.0,0.0,0.0,0.0,0.0,0.0,0.0,0.0,0.0,0.0,0.0,0.0,0.0,0.0,0.0,0.0,0.0,0.0,0.0,0.0,0.0,0.0,0.0,0.0,0.0,0.0,0.0,0.0,0.0,0.0,0.0,0.0,0.0,0.0,0.0,0.0,0.0,0.0,0.0,0.0
down,0.5397425889968872,0.48819276690483093,-3.8587455719607533e-07,0.5255422592163086,0.5947701334953308,-0.030294112861156464,0.4885682761669159,0.6984933614730835,-0.05202508345246315,0.4664321839809418,0.7786073088645935,-0.07396313548088074,0.45365309715270996,0.8442624807357788,-0.09085448831319809,0.3875260651111603,0.6423623561859131,-0.017108913511037827,0.33072710037231445,0.6487226486206055,-0.05124743655323982,0.3811241388320923,0.6336531639099121,-0.07075095176696777,0.41924142837524414,0.6271464228630066,-0.07852961868047714,0.37692344188690186,0.5807976722717285,-0.017646783962845802,0.32622048258781433,0.5860196352005005,-0.051400553435087204,0.38699570298194885,0.573235273361206,-0.06068098172545433,0.4188220798969269,0.567446768283844,-0.05884907394647598,0.37460005283355713,0.5186105966567993,-0.02449209801852703,0.33155035972595215,0.5210071802139282,-0.053320594131946564,0.3911040127277374,0.5154096484184265,-0.045056816190481186,0.4216992259025574,0.5142757892608643,-0.03278633952140808,0.38144451379776,0.45720332860946655,-0.03470296040177345,0.3497856855392456,0.45702147483825684,-0.051419250667095184,0.39442434906959534,0.4656771719455719,-0.041157420724630356,0.41985905170440674,0.4713764488697052,-0.028917832300066948,0.0,0.0,0.0,0.0,0.0,0.0,0.0,0.0,0.0,0.0,0.0,0.0,0.0,0.0,0.0,0.0,0.0,0.0,0.0,0.0,0.0,0.0,0.0,0.0,0.0,0.0,0.0,0.0,0.0,0.0,0.0,0.0,0.0,0.0,0.0,0.0,0.0,0.0,0.0,0.0,0.0,0.0,0.0,0.0,0.0,0.0,0.0,0.0,0.0,0.0,0.0,0.0,0.0,0.0,0.0,0.0,0.0,0.0,0.0,0.0,0.0,0.0,0.0
down,0.5648717284202576,0.5389804244041443,-2.894653619023302e-07,0.5565060377120972,0.6481034755706787,-0.03068874403834343,0.5183728933334351,0.7493455410003662,-0.049826573580503464,0.4923863410949707,0.8189159035682678,-0.06956160068511963,0.48139694333076477,0.8678277134895325,-0.08473257720470428,0.41123107075691223,0.7061295509338379,-0.01573016680777073,0.3526301980018616,0.7231671214103699,-0.05283598229289055,0.4001833498477936,0.7033013701438904,-0.07412702590227127,0.4372265636920929,0.6890037655830383,-0.08191513270139694,0.4007754921913147,0.6432497501373291,-0.01713840663433075,0.34653639793395996,0.6554198861122131,-0.05401306971907616,0.40488022565841675,0.6397622227668762,-0.06475108116865158,0.43912073969841003,0.6271976232528687,-0.06200457364320755,0.39797091484069824,0.578226625919342,-0.025441966950893402,0.350788950920105,0.5858247876167297,-0.0588139146566391,0.408994197845459,0.5789190530776978,-0.05305832624435425,0.44390618801116943,0.572101354598999,-0.039659082889556885,0.4039168059825897,0.5105655193328857,-0.03700951486825943,0.36656638979911804,0.5138036012649536,-0.05765075981616974,0.4073129892349243,0.5198091864585876,-0.0492776483297348,0.43614932894706726,0.5205747485160828,-0.036258913576602936,0.0,0.0,0.0,0.0,0.0,0.0,0.0,0.0,0.0,0.0,0.0,0.0,0.0,0.0,0.0,0.0,0.0,0.0,0.0,0.0,0.0,0.0,0.0,0.0,0.0,0.0,0.0,0.0,0.0,0.0,0.0,0.0,0.0,0.0,0.0,0.0,0.0,0.0,0.0,0.0,0.0,0.0,0.0,0.0,0.0,0.0,0.0,0.0,0.0,0.0,0.0,0.0,0.0,0.0,0.0,0.0,0.0,0.0,0.0,0.0,0.0,0.0,0.0
down,0.4825649857521057,0.4449578523635864,-4.5344194177232566e-07,0.46006619930267334,0.5607776045799255,-0.03204880654811859,0.41313958168029785,0.6659752726554871,-0.05660175532102585,0.3814672529697418,0.7501385807991028,-0.08240430802106857,0.3603385090827942,0.8188748955726624,-0.10181458294391632,0.30099695920944214,0.5987274646759033,-0.019507022574543953,0.23426145315170288,0.6020318269729614,-0.05983082205057144,0.2947836220264435,0.5916774868965149,-0.0817776545882225,0.3400743305683136,0.5868971943855286,-0.08942820876836777,0.29586076736450195,0.5324424505233765,-0.02008948288857937,0.236530140042305,0.5364729762077332,-0.05743376165628433,0.30714869499206543,0.530483603477478,-0.06543653458356857,0.3446499705314636,0.5280354022979736,-0.06203576177358627,0.2989109456539154,0.4659578502178192,-0.027905555441975594,0.24537619948387146,0.4685494899749756,-0.05738059803843498,0.3096373677253723,0.4679097831249237,-0.04672076180577278,0.34563300013542175,0.46887797117233276,-0.03238545358181,0.30993717908859253,0.4004173278808594,-0.03969921916723251,0.26689791679382324,0.40062838792800903,-0.054243478924036026,0.30734214186668396,0.4125008285045624,-0.04278304800391197,0.334969162940979,0.4199587106704712,-0.02948242425918579,0.0,0.0,0.0,0.0,0.0,0.0,0.0,0.0,0.0,0.0,0.0,0.0,0.0,0.0,0.0,0.0,0.0,0.0,0.0,0.0,0.0,0.0,0.0,0.0,0.0,0.0,0.0,0.0,0.0,0.0,0.0,0.0,0.0,0.0,0.0,0.0,0.0,0.0,0.0,0.0,0.0,0.0,0.0,0.0,0.0,0.0,0.0,0.0,0.0,0.0,0.0,0.0,0.0,0.0,0.0,0.0,0.0,0.0,0.0,0.0,0.0,0.0,0.0
down,0.5798383951187134,0.4675467312335968,-3.9242493699020997e-07,0.5645788908004761,0.5786389112472534,-0.030349399894475937,0.5269466042518616,0.6853994131088257,-0.05301647633314133,0.5043873190879822,0.7713228464126587,-0.07663747668266296,0.48982590436935425,0.8413519859313965,-0.09503377974033356,0.42007189989089966,0.6270734667778015,-0.016686370596289635,0.35595446825027466,0.6429744958877563,-0.05178598314523697,0.4066759943962097,0.6279349327087402,-0.07268266379833221,0.44733500480651855,0.6185224056243896,-0.08105120807886124,0.4098915159702301,0.5648583173751831,-0.01699848100543022,0.35409650206565857,0.575731098651886,-0.050418972969055176,0.415917307138443,0.5617935657501221,-0.05971308425068855,0.4509921073913574,0.5546879768371582,-0.058232631534338,0.40808841586112976,0.501785397529602,-0.023796681314706802,0.36218684911727905,0.5074371695518494,-0.0504666343331337,0.42015326023101807,0.50115966796875,-0.042057156562805176,0.4530268609523773,0.49913591146469116,-0.030180858448147774,0.4138728380203247,0.4391874372959137,-0.03425292670726776,0.3768675923347473,0.4408579468727112,-0.04745103046298027,0.41795438528060913,0.4505223333835602,-0.03644111752510071,0.44466307759284973,0.456720232963562,-0.024287577718496323,0.0,0.0,0.0,0.0,0.0,0.0,0.0,0.0,0.0,0.0,0.0,0.0,0.0,0.0,0.0,0.0,0.0,0.0,0.0,0.0,0.0,0.0,0.0,0.0,0.0,0.0,0.0,0.0,0.0,0.0,0.0,0.0,0.0,0.0,0.0,0.0,0.0,0.0,0.0,0.0,0.0,0.0,0.0,0.0,0.0,0.0,0.0,0.0,0.0,0.0,0.0,0.0,0.0,0.0,0.0,0.0,0.0,0.0,0.0,0.0,0.0,0.0,0.0
down,0.5997270345687866,0.48120713233947754,-4.3695052909242804e-07,0.5923851132392883,0.6032101511955261,-0.030552048236131668,0.5482000112533569,0.7120215892791748,-0.05052958056330681,0.5189504623413086,0.7942013144493103,-0.07161466032266617,0.5002467036247253,0.8616237640380859,-0.08695605397224426,0.43463268876075745,0.6569150686264038,-0.013155343942344189,0.3640829026699066,0.6683858633041382,-0.04938068985939026,0.41890713572502136,0.6463961005210876,-0.06978309899568558,0.46417325735092163,0.636796236038208,-0.0766303613781929,0.42522624135017395,0.5930899381637573,-0.013976083137094975,0.3626847565174103,0.5982610583305359,-0.049809057265520096,0.4316360652446747,0.5781489014625549,-0.05898309126496315,0.4720424711704254,0.5722598433494568,-0.055159229785203934,0.42428675293922424,0.5291970372200012,-0.0217098668217659,0.36897677183151245,0.5302810668945312,-0.05307907238602638,0.43559449911117554,0.5190134644508362,-0.04426326975226402,0.4745253324508667,0.5176690220832825,-0.029377005994319916,0.432148277759552,0.4649485945701599,-0.032865483313798904,0.3874441087245941,0.4626794755458832,-0.05193248391151428,0.43244221806526184,0.4672493040561676,-0.04174487665295601,0.4632592797279358,0.4737769365310669,-0.027858689427375793,0.0,0.0,0.0,0.0,0.0,0.0,0.0,0.0,0.0,0.0,0.0,0.0,0.0,0.0,0.0,0.0,0.0,0.0,0.0,0.0,0.0,0.0,0.0,0.0,0.0,0.0,0.0,0.0,0.0,0.0,0.0,0.0,0.0,0.0,0.0,0.0,0.0,0.0,0.0,0.0,0.0,0.0,0.0,0.0,0.0,0.0,0.0,0.0,0.0,0.0,0.0,0.0,0.0,0.0,0.0,0.0,0.0,0.0,0.0,0.0,0.0,0.0,0.0
down,0.4945468306541443,0.4412272572517395,-3.89552155866113e-07,0.47986066341400146,0.5641967058181763,-0.03509730473160744,0.43141937255859375,0.6804115176200867,-0.06011861562728882,0.39969876408576965,0.7688809633255005,-0.0855955109000206,0.38206738233566284,0.8410781621932983,-0.10507992655038834,0.30981582403182983,0.6226938962936401,-0.020772816613316536,0.24048835039138794,0.6243982911109924,-0.06076715886592865,0.3002740740776062,0.6032572984695435,-0.08338233828544617,0.34863802790641785,0.5970544815063477,-0.09120170772075653,0.3025733530521393,0.5530895590782166,-0.02112109214067459,0.24084214866161346,0.5497226119041443,-0.06023414060473442,0.3146486282348633,0.533552885055542,-0.0708693340420723,0.3568965494632721,0.5343457460403442,-0.06784763932228088,0.30403855443000793,0.483964204788208,-0.02858460135757923,0.24912743270397186,0.47883620858192444,-0.06253112852573395,0.3203490376472473,0.47139254212379456,-0.05411960557103157,0.36328887939453125,0.4758192300796509,-0.03927406296133995,0.31447792053222656,0.4169006943702698,-0.03972672298550606,0.2696859538555145,0.41365328431129456,-0.06027218699455261,0.3187817633152008,0.4191138744354248,-0.04946739599108696,0.35370519757270813,0.4270811080932617,-0.034783799201250076,0.0,0.0,0.0,0.0,0.0,0.0,0.0,0.0,0.0,0.0,0.0,0.0,0.0,0.0,0.0,0.0,0.0,0.0,0.0,0.0,0.0,0.0,0.0,0.0,0.0,0.0,0.0,0.0,0.0,0.0,0.0,0.0,0.0,0.0,0.0,0.0,0.0,0.0,0.0,0.0,0.0,0.0,0.0,0.0,0.0,0.0,0.0,0.0,0.0,0.0,0.0,0.0,0.0,0.0,0.0,0.0,0.0,0.0,0.0,0.0,0.0,0.0,0.0
down,0.497820645570755,0.45750290155410767,-2.759405504093593e-07,0.48158735036849976,0.5628929734230042,-0.03622570261359215,0.454354465007782,0.6695507764816284,-0.061974719166755676,0.4351743459701538,0.7512872815132141,-0.08688066899776459,0.4280363619327545,0.815331220626831,-0.10654086619615555,0.35418981313705444,0.6238908171653748,-0.024967951700091362,0.3042908012866974,0.624744176864624,-0.05649377778172493,0.35011523962020874,0.6075485944747925,-0.07416306436061859,0.38194817304611206,0.6027961373329163,-0.0820719450712204,0.34332922101020813,0.5621662735939026,-0.022374847903847694,0.29802241921424866,0.5648905038833618,-0.05102125182747841,0.34995147585868835,0.5511391758918762,-0.058189500123262405,0.37510618567466736,0.5485138297080994,-0.05802386254072189,0.34028857946395874,0.504750669002533,-0.02638041041791439,0.29751724004745483,0.5067527294158936,-0.050236236304044724,0.3458690345287323,0.49892285466194153,-0.04405989497900009,0.3709002733230591,0.49975135922431946,-0.03591090068221092,0.34595081210136414,0.45232611894607544,-0.0345468632876873,0.3205393850803375,0.4512921869754791,-0.04796415567398071,0.35540661215782166,0.4526810050010681,-0.04060472548007965,0.3756011724472046,0.45592445135116577,-0.032194893807172775,0.0,0.0,0.0,0.0,0.0,0.0,0.0,0.0,0.0,0.0,0.0,0.0,0.0,0.0,0.0,0.0,0.0,0.0,0.0,0.0,0.0,0.0,0.0,0.0,0.0,0.0,0.0,0.0,0.0,0.0,0.0,0.0,0.0,0.0,0.0,0.0,0.0,0.0,0.0,0.0,0.0,0.0,0.0,0.0,0.0,0.0,0.0,0.0,0.0,0.0,0.0,0.0,0.0,0.0,0.0,0.0,0.0,0.0,0.0,0.0,0.0,0.0,0.0
down,0.5942800641059875,0.3609333336353302,-3.060779931729485e-07,0.5903177261352539,0.4626815915107727,-0.028621507808566093,0.5655625462532043,0.5572165846824646,-0.049271807074546814,0.5530006289482117,0.6267695426940918,-0.0702185183763504,0.5475304126739502,0.6814048290252686,-0.0865403339266777,0.4616388976573944,0.5259958505630493,-0.017827948555350304,0.407853901386261,0.5332911014556885,-0.05075060576200485,0.45844796299934387,0.5117960572242737,-0.06867661327123642,0.4970923662185669,0.5034272074699402,-0.07425292581319809,0.44868379831314087,0.46858030557632446,-0.017376260831952095,0.39648690819740295,0.475702166557312,-0.049855928868055344,0.45549148321151733,0.4545176029205322,-0.05881720036268234,0.4904354214668274,0.4468654692173004,-0.05608126521110535,0.442704439163208,0.4114299714565277,-0.02247847616672516,0.3978956341743469,0.4183346629142761,-0.04901290684938431,0.4556548595428467,0.4042495787143707,-0.04167236015200615,0.4907090961933136,0.40059953927993774,-0.029564037919044495,0.4439259171485901,0.3573066294193268,-0.03069925121963024,0.4123576879501343,0.3620244860649109,-0.04608708620071411,0.454410195350647,0.36124187707901,-0.036876924335956573,0.4826410114765167,0.3609393239021301,-0.024729108437895775,0.0,0.0,0.0,0.0,0.0,0.0,0.0,0.0,0.0,0.0,0.0,0.0,0.0,0.0,0.0,0.0,0.0,0.0,0.0,0.0,0.0,0.0,0.0,0.0,0.0,0.0,0.0,0.0,0.0,0.0,0.0,0.0,0.0,0.0,0.0,0.0,0.0,0.0,0.0,0.0,0.0,0.0,0.0,0.0,0.0,0.0,0.0,0.0,0.0,0.0,0.0,0.0,0.0,0.0,0.0,0.0,0.0,0.0,0.0,0.0,0.0,0.0,0.0
down,0.865634560585022,0.3795986473560333,1.2270204763353831e-07,0.8568034172058105,0.4540013074874878,-0.019576579332351685,0.8320072889328003,0.5240928530693054,-0.03467202186584473,0.8183321356773376,0.5770707130432129,-0.0491960383951664,0.8127316236495972,0.6127469539642334,-0.06452812999486923,0.766817033290863,0.49935492873191833,-0.022367633879184723,0.7161926627159119,0.5154069662094116,-0.0402848944067955,0.6878448724746704,0.5239700078964233,-0.05496419221162796,0.6651405692100525,0.5329200625419617,-0.06528973579406738,0.7536892294883728,0.44587868452072144,-0.025199193507432938,0.7052024602890015,0.45642784237861633,-0.03851652517914772,0.6770009994506836,0.46247127652168274,-0.049969632178545,0.6525815725326538,0.46628066897392273,-0.05904339626431465,0.7486662864685059,0.3950197398662567,-0.030852824449539185,0.7002683877944946,0.40358906984329224,-0.04231046140193939,0.6713978052139282,0.40929311513900757,-0.04755489155650139,0.646733820438385,0.4124208390712738,-0.05131702870130539,0.7491306066513062,0.34502559900283813,-0.0386728011071682,0.70685875415802,0.34973210096359253,-0.04673806205391884,0.680400013923645,0.353893905878067,-0.04680168628692627,0.6569924354553223,0.3582807183265686,-0.04665195196866989,0.0,0.0,0.0,0.0,0.0,0.0,0.0,0.0,0.0,0.0,0.0,0.0,0.0,0.0,0.0,0.0,0.0,0.0,0.0,0.0,0.0,0.0,0.0,0.0,0.0,0.0,0.0,0.0,0.0,0.0,0.0,0.0,0.0,0.0,0.0,0.0,0.0,0.0,0.0,0.0,0.0,0.0,0.0,0.0,0.0,0.0,0.0,0.0,0.0,0.0,0.0,0.0,0.0,0.0,0.0,0.0,0.0,0.0,0.0,0.0,0.0,0.0,0.0
down,0.9345533847808838,0.38602712750434875,-3.60062330173605e-07,0.9342097043991089,0.4894717037677765,-0.033291470259428024,0.895209014415741,0.5886359214782715,-0.05346371978521347,0.8648209571838379,0.6676607728004456,-0.0726156234741211,0.8474482893943787,0.7256913185119629,-0.0851583182811737,0.7847638130187988,0.5468639135360718,-0.021987108513712883,0.7231106162071228,0.555967390537262,-0.05188005417585373,0.7767477631568909,0.5326346158981323,-0.06338632851839066,0.8101984262466431,0.527080774307251,-0.0654774010181427,0.7736140489578247,0.4892711639404297,-0.01907903514802456,0.7181447148323059,0.492374062538147,-0.05054406821727753,0.7815499305725098,0.47167304158210754,-0.05544377863407135,0.8055500388145447,0.47207558155059814,-0.05030031502246857,0.7698452472686768,0.4307839572429657,-0.021840646862983704,0.7213679552078247,0.4302936792373657,-0.04778207838535309,0.7797115445137024,0.4179159700870514,-0.037750981748104095,0.8038289546966553,0.4202518165111542,-0.0243495162576437,0.7730891704559326,0.3737757205963135,-0.028009695932269096,0.732751190662384,0.37374621629714966,-0.04201275110244751,0.7736395001411438,0.3747965097427368,-0.03183037042617798,0.7963843941688538,0.3800501227378845,-0.01964571699500084,0.0,0.0,0.0,0.0,0.0,0.0,0.0,0.0,0.0,0.0,0.0,0.0,0.0,0.0,0.0,0.0,0.0,0.0,0.0,0.0,0.0,0.0,0.0,0.0,0.0,0.0,0.0,0.0,0.0,0.0,0.0,0.0,0.0,0.0,0.0,0.0,0.0,0.0,0.0,0.0,0.0,0.0,0.0,0.0,0.0,0.0,0.0,0.0,0.0,0.0,0.0,0.0,0.0,0.0,0.0,0.0,0.0,0.0,0.0,0.0,0.0,0.0,0.0
down,0.8547523021697998,0.36416417360305786,-4.120577727917407e-07,0.840355634689331,0.46130144596099854,-0.031280774623155594,0.8068358302116394,0.5590398907661438,-0.05323810875415802,0.784948468208313,0.6370636820793152,-0.07343274354934692,0.7731463313102722,0.7014700174331665,-0.08661796897649765,0.6951730847358704,0.5135908126831055,-0.025775611400604248,0.656734049320221,0.5116764903068542,-0.05136660113930702,0.7150063514709473,0.49367856979370117,-0.06021393835544586,0.7322494983673096,0.49419188499450684,-0.06405753642320633,0.6836850643157959,0.4542478024959564,-0.023179301992058754,0.6608262062072754,0.45199137926101685,-0.04948383942246437,0.7217526435852051,0.4406159520149231,-0.05100555717945099,0.7285197973251343,0.4463672935962677,-0.0480789989233017,0.6828117370605469,0.39676859974861145,-0.025528065860271454,0.6703259944915771,0.3943013548851013,-0.04481492564082146,0.7233026027679443,0.39000242948532104,-0.03324029594659805,0.7315636873245239,0.39904165267944336,-0.023730898275971413,0.6873694062232971,0.34528687596321106,-0.031650763005018234,0.6818060874938965,0.3387594223022461,-0.038857873529195786,0.7196488380432129,0.34562963247299194,-0.02877938002347946,0.7280093431472778,0.3564167618751526,-0.019864071160554886,0.0,0.0,0.0,0.0,0.0,0.0,0.0,0.0,0.0,0.0,0.0,0.0,0.0,0.0,0.0,0.0,0.0,0.0,0.0,0.0,0.0,0.0,0.0,0.0,0.0,0.0,0.0,0.0,0.0,0.0,0.0,0.0,0.0,0.0,0.0,0.0,0.0,0.0,0.0,0.0,0.0,0.0,0.0,0.0,0.0,0.0,0.0,0.0,0.0,0.0,0.0,0.0,0.0,0.0,0.0,0.0,0.0,0.0,0.0,0.0,0.0,0.0,0.0
down,0.7678487300872803,0.2772285044193268,-3.0254591365519445e-07,0.7534648180007935,0.37723973393440247,-0.030227631330490112,0.7197256088256836,0.47494420409202576,-0.05112326145172119,0.6962462663650513,0.5561244487762451,-0.07149060070514679,0.6856563091278076,0.6235876083374023,-0.08496686816215515,0.6193024516105652,0.43269795179367065,-0.01293623261153698,0.5659398436546326,0.4236285388469696,-0.04221544787287712,0.6186007261276245,0.4070110321044922,-0.057096097618341446,0.6495492458343506,0.4089210629463196,-0.06254506856203079,0.608975887298584,0.37596896290779114,-0.009351074695587158,0.5716325044631958,0.36493271589279175,-0.039036985486745834,0.6293693780899048,0.3550199270248413,-0.046382706612348557,0.6466943025588989,0.3672313392162323,-0.04512080177664757,0.6079054474830627,0.3212711811065674,-0.011761452071368694,0.5827961564064026,0.30898362398147583,-0.033235564827919006,0.6307342052459717,0.3066134452819824,-0.025674954056739807,0.6474471688270569,0.3212449550628662,-0.01637062430381775,0.6118625402450562,0.27458518743515015,-0.017762113362550735,0.5974496006965637,0.2618114948272705,-0.024677567183971405,0.6309980154037476,0.26971644163131714,-0.01581280492246151,0.6459597945213318,0.2844516634941101,-0.0069639780558645725,0.0,0.0,0.0,0.0,0.0,0.0,0.0,0.0,0.0,0.0,0.0,0.0,0.0,0.0,0.0,0.0,0.0,0.0,0.0,0.0,0.0,0.0,0.0,0.0,0.0,0.0,0.0,0.0,0.0,0.0,0.0,0.0,0.0,0.0,0.0,0.0,0.0,0.0,0.0,0.0,0.0,0.0,0.0,0.0,0.0,0.0,0.0,0.0,0.0,0.0,0.0,0.0,0.0,0.0,0.0,0.0,0.0,0.0,0.0,0.0,0.0,0.0,0.0
down,0.799339771270752,0.272291362285614,-3.437019984176004e-07,0.7923688292503357,0.3679629862308502,-0.024968598037958145,0.7661260962486267,0.4577341675758362,-0.04312172904610634,0.7453235983848572,0.5318123698234558,-0.06153993308544159,0.7351146340370178,0.590949535369873,-0.07462316751480103,0.6746654510498047,0.4243152141571045,-0.014934438280761242,0.6193332076072693,0.4322665333747864,-0.04106760397553444,0.6682478189468384,0.4101877212524414,-0.05284611135721207,0.6990827918052673,0.4047972559928894,-0.05599472299218178,0.6632084250450134,0.3721944987773895,-0.013235201127827168,0.6132400631904602,0.3808009922504425,-0.03914252668619156,0.6698923110961914,0.3599032163619995,-0.043346088379621506,0.6952335834503174,0.3568892478942871,-0.03955937922000885,0.6592448353767395,0.3204711377620697,-0.01618034951388836,0.6179130673408508,0.32961857318878174,-0.03744157403707504,0.6699554920196533,0.31536978483200073,-0.027895677834749222,0.6960789561271667,0.31397563219070435,-0.01580173335969448,0.6606959700584412,0.27200424671173096,-0.02170654386281967,0.6253908276557922,0.2787337601184845,-0.030804896727204323,0.6616941094398499,0.278456449508667,-0.01990855298936367,0.6842674612998962,0.27978962659835815,-0.008368336595594883,0.0,0.0,0.0,0.0,0.0,0.0,0.0,0.0,0.0,0.0,0.0,0.0,0.0,0.0,0.0,0.0,0.0,0.0,0.0,0.0,0.0,0.0,0.0,0.0,0.0,0.0,0.0,0.0,0.0,0.0,0.0,0.0,0.0,0.0,0.0,0.0,0.0,0.0,0.0,0.0,0.0,0.0,0.0,0.0,0.0,0.0,0.0,0.0,0.0,0.0,0.0,0.0,0.0,0.0,0.0,0.0,0.0,0.0,0.0,0.0,0.0,0.0,0.0
down,0.8644633889198303,0.2304484248161316,-2.8815614427912806e-07,0.858411431312561,0.3239094913005829,-0.02616303227841854,0.8291276097297668,0.40683531761169434,-0.04290951415896416,0.80580735206604,0.47464534640312195,-0.05916360393166542,0.7912904024124146,0.5265269875526428,-0.07029452174901962,0.739302396774292,0.36970460414886475,-0.015963198617100716,0.6861557960510254,0.37501463294029236,-0.03865310549736023,0.7333253622055054,0.3546493351459503,-0.04799331724643707,0.7630544304847717,0.35192155838012695,-0.04960864782333374,0.7290951013565063,0.3201550245285034,-0.011977660469710827,0.6828915476799011,0.3256283700466156,-0.03579035401344299,0.7368366122245789,0.3066847324371338,-0.040209583938121796,0.7618995904922485,0.30665022134780884,-0.03671882301568985,0.7268927097320557,0.2715975046157837,-0.012110671028494835,0.6863337159156799,0.27453771233558655,-0.03184046223759651,0.7355910539627075,0.2626141309738159,-0.02448304183781147,0.762218177318573,0.2641671299934387,-0.014194163493812084,0.7299538850784302,0.2269502431154251,-0.014739397913217545,0.6968653798103333,0.2291661649942398,-0.025461172685027122,0.7318516373634338,0.2302972674369812,-0.01736205816268921,0.75611811876297,0.23437462747097015,-0.007479047402739525,0.0,0.0,0.0,0.0,0.0,0.0,0.0,0.0,0.0,0.0,0.0,0.0,0.0,0.0,0.0,0.0,0.0,0.0,0.0,0.0,0.0,0.0,0.0,0.0,0.0,0.0,0.0,0.0,0.0,0.0,0.0,0.0,0.0,0.0,0.0,0.0,0.0,0.0,0.0,0.0,0.0,0.0,0.0,0.0,0.0,0.0,0.0,0.0,0.0,0.0,0.0,0.0,0.0,0.0,0.0,0.0,0.0,0.0,0.0,0.0,0.0,0.0,0.0
down,0.9072438478469849,0.2256266176700592,-3.031890116744762e-07,0.9046404361724854,0.31392860412597656,-0.028674878180027008,0.8684859871864319,0.3965998888015747,-0.045288410037755966,0.8413994312286377,0.4610324501991272,-0.060614462941884995,0.8239172101020813,0.5081279277801514,-0.07012549042701721,0.7789603471755981,0.35416334867477417,-0.018842527642846107,0.7257192730903625,0.35520899295806885,-0.04620540142059326,0.7720178365707397,0.33897629380226135,-0.05712214484810829,0.8000023365020752,0.33661437034606934,-0.05931709706783295,0.7709793448448181,0.30445870757102966,-0.01579028181731701,0.7241491079330444,0.30179697275161743,-0.04342717304825783,0.7792253494262695,0.2876611351966858,-0.04694997891783714,0.7972336411476135,0.28928351402282715,-0.041766565293073654,0.7697719931602478,0.255435973405838,-0.01788509264588356,0.7329545021057129,0.2513657808303833,-0.04146483168005943,0.7834384441375732,0.24392622709274292,-0.03239152953028679,0.7994105219841003,0.24725942313671112,-0.020174048840999603,0.7744449377059937,0.2084999978542328,-0.02276495099067688,0.7457831501960754,0.20517802238464355,-0.03413279727101326,0.7822901606559753,0.207608163356781,-0.02439257502555847,0.7983103394508362,0.2131771445274353,-0.013337444514036179,0.0,0.0,0.0,0.0,0.0,0.0,0.0,0.0,0.0,0.0,0.0,0.0,0.0,0.0,0.0,0.0,0.0,0.0,0.0,0.0,0.0,0.0,0.0,0.0,0.0,0.0,0.0,0.0,0.0,0.0,0.0,0.0,0.0,0.0,0.0,0.0,0.0,0.0,0.0,0.0,0.0,0.0,0.0,0.0,0.0,0.0,0.0,0.0,0.0,0.0,0.0,0.0,0.0,0.0,0.0,0.0,0.0,0.0,0.0,0.0,0.0,0.0,0.0
down,0.8816946148872375,0.212502121925354,-2.9338437457226973e-07,0.8720369935035706,0.29748502373695374,-0.026975665241479874,0.8380457758903503,0.3755834400653839,-0.04370912164449692,0.813453733921051,0.4371146559715271,-0.0595104843378067,0.7977516651153564,0.48333853483200073,-0.06989926844835281,0.7540276050567627,0.3340500593185425,-0.01760585606098175,0.7071887254714966,0.33327969908714294,-0.04390750825405121,0.7550213932991028,0.31783562898635864,-0.05489708110690117,0.7791020274162292,0.31837135553359985,-0.057774174958467484,0.7464560270309448,0.2845292091369629,-0.015534681268036366,0.7089012861251831,0.28148552775382996,-0.04041583463549614,0.7628298401832581,0.26917609572410583,-0.04394189268350601,0.7772201895713806,0.2737451493740082,-0.04053599014878273,0.7449966669082642,0.23467594385147095,-0.018545668572187424,0.714645266532898,0.23045992851257324,-0.04036802798509598,0.7659273743629456,0.2251342087984085,-0.0317491739988327,0.7811862826347351,0.23101216554641724,-0.021254025399684906,0.749202311038971,0.18889951705932617,-0.024299873039126396,0.7255745530128479,0.18370649218559265,-0.0357077494263649,0.7623273134231567,0.18764452636241913,-0.02657374180853367,0.7774026393890381,0.19459398090839386,-0.016454197466373444,0.0,0.0,0.0,0.0,0.0,0.0,0.0,0.0,0.0,0.0,0.0,0.0,0.0,0.0,0.0,0.0,0.0,0.0,0.0,0.0,0.0,0.0,0.0,0.0,0.0,0.0,0.0,0.0,0.0,0.0,0.0,0.0,0.0,0.0,0.0,0.0,0.0,0.0,0.0,0.0,0.0,0.0,0.0,0.0,0.0,0.0,0.0,0.0,0.0,0.0,0.0,0.0,0.0,0.0,0.0,0.0,0.0,0.0,0.0,0.0,0.0,0.0,0.0
down,0.7645578384399414,0.2225615680217743,-2.5472127163084224e-07,0.7562369704246521,0.3096933364868164,-0.025140514597296715,0.727043867111206,0.3913511633872986,-0.04178495332598686,0.705505907535553,0.455361545085907,-0.05783889815211296,0.6906099319458008,0.5057305693626404,-0.06909094750881195,0.6481624841690063,0.3554014563560486,-0.016446739435195923,0.5967073440551758,0.3567991256713867,-0.041992511600255966,0.6390569806098938,0.3368441164493561,-0.05450595170259476,0.6691411137580872,0.33384373784065247,-0.05800690874457359,0.6420957446098328,0.305855929851532,-0.01436646468937397,0.594199001789093,0.3055557310581207,-0.03993988409638405,0.6442182660102844,0.2887679934501648,-0.04579039290547371,0.6690569519996643,0.2905360758304596,-0.04318336769938469,0.6415666937828064,0.25746122002601624,-0.016556214541196823,0.6011706590652466,0.25726956129074097,-0.037931688129901886,0.6496032476425171,0.247873917222023,-0.02957736700773239,0.6750650405883789,0.25083470344543457,-0.018314305692911148,0.6457155346870422,0.21398964524269104,-0.02118484303355217,0.6160141825675964,0.21369421482086182,-0.03212602064013481,0.649642825126648,0.21522384881973267,-0.022319423034787178,0.6709526181221008,0.21946242451667786,-0.011227876879274845,0.0,0.0,0.0,0.0,0.0,0.0,0.0,0.0,0.0,0.0,0.0,0.0,0.0,0.0,0.0,0.0,0.0,0.0,0.0,0.0,0.0,0.0,0.0,0.0,0.0,0.0,0.0,0.0,0.0,0.0,0.0,0.0,0.0,0.0,0.0,0.0,0.0,0.0,0.0,0.0,0.0,0.0,0.0,0.0,0.0,0.0,0.0,0.0,0.0,0.0,0.0,0.0,0.0,0.0,0.0,0.0,0.0,0.0,0.0,0.0,0.0,0.0,0.0
down,0.4015219211578369,0.3293307423591614,-1.8491992648250744e-07,0.40190595388412476,0.4277656078338623,-0.030273426324129105,0.4226379990577698,0.5405832529067993,-0.04316026717424393,0.4485400915145874,0.6249497532844543,-0.053273580968379974,0.46600204706192017,0.6874165534973145,-0.056971605867147446,0.5238077640533447,0.49313464760780334,-0.01762288622558117,0.5758436918258667,0.5159286856651306,-0.04988354817032814,0.521521270275116,0.4853014349937439,-0.06409449875354767,0.48681968450546265,0.46592795848846436,-0.0676150992512703,0.5397663116455078,0.4377680718898773,-0.01485692523419857,0.5940985083580017,0.4545954167842865,-0.04499417915940285,0.5302255749702454,0.43179160356521606,-0.04980813339352608,0.5008867979049683,0.4241448640823364,-0.04749169573187828,0.5450022220611572,0.38070785999298096,-0.01812213659286499,0.5965998768806458,0.3972744643688202,-0.05115162208676338,0.5363218188285828,0.3816625773906708,-0.04121972620487213,0.5053352117538452,0.3752080500125885,-0.027142662554979324,0.5405190587043762,0.32310914993286133,-0.023798951879143715,0.5795533061027527,0.33352145552635193,-0.045028191059827805,0.5368179678916931,0.33153456449508667,-0.035957057029008865,0.5094391107559204,0.3279460072517395,-0.02389688417315483,0.0,0.0,0.0,0.0,0.0,0.0,0.0,0.0,0.0,0.0,0.0,0.0,0.0,0.0,0.0,0.0,0.0,0.0,0.0,0.0,0.0,0.0,0.0,0.0,0.0,0.0,0.0,0.0,0.0,0.0,0.0,0.0,0.0,0.0,0.0,0.0,0.0,0.0,0.0,0.0,0.0,0.0,0.0,0.0,0.0,0.0,0.0,0.0,0.0,0.0,0.0,0.0,0.0,0.0,0.0,0.0,0.0,0.0,0.0,0.0,0.0,0.0,0.0
down,0.4619922935962677,0.35233935713768005,-2.1646880554726522e-07,0.47192245721817017,0.45900222659111023,-0.01781436800956726,0.4863296151161194,0.548843502998352,-0.02417687140405178,0.5132697820663452,0.6257171630859375,-0.030405942350625992,0.5274608731269836,0.6804465651512146,-0.029659392312169075,0.5843574404716492,0.4935009777545929,0.01088530570268631,0.6311180591583252,0.5242775082588196,-0.013181740418076515,0.5781791806221008,0.5017284154891968,-0.026298781856894493,0.547243058681488,0.4777674078941345,-0.03009849227964878,0.5986403822898865,0.44248294830322266,0.010936209000647068,0.6459754705429077,0.46766218543052673,-0.014766735024750233,0.5811474919319153,0.44857507944107056,-0.022866657003760338,0.5559708476066589,0.43631309270858765,-0.023249711841344833,0.6024160981178284,0.38909488916397095,0.005889508407562971,0.6486769914627075,0.4118430018424988,-0.020630817860364914,0.5904443264007568,0.40066879987716675,-0.008390582166612148,0.562981367111206,0.3909130096435547,0.006639829836785793,0.5967786312103271,0.3318787217140198,-0.0009306248975917697,0.6344846487045288,0.3518928289413452,-0.014357219450175762,0.5935588479042053,0.3547389507293701,-0.0002584781323093921,0.5708048939704895,0.35025447607040405,0.014578865841031075,0.0,0.0,0.0,0.0,0.0,0.0,0.0,0.0,0.0,0.0,0.0,0.0,0.0,0.0,0.0,0.0,0.0,0.0,0.0,0.0,0.0,0.0,0.0,0.0,0.0,0.0,0.0,0.0,0.0,0.0,0.0,0.0,0.0,0.0,0.0,0.0,0.0,0.0,0.0,0.0,0.0,0.0,0.0,0.0,0.0,0.0,0.0,0.0,0.0,0.0,0.0,0.0,0.0,0.0,0.0,0.0,0.0,0.0,0.0,0.0,0.0,0.0,0.0
down,0.5607474446296692,0.36585384607315063,-2.0523036425856844e-07,0.5664288401603699,0.46074962615966797,-0.015118641778826714,0.5836780667304993,0.5490776896476746,-0.02052498795092106,0.6038693785667419,0.621359646320343,-0.027616463601589203,0.6148486137390137,0.6763635873794556,-0.030576998367905617,0.677260160446167,0.5020263195037842,0.0072779580950737,0.7245389223098755,0.5306297540664673,-0.017444465309381485,0.6776564717292786,0.5101958513259888,-0.03340436518192291,0.6452537775039673,0.4893021285533905,-0.039472226053476334,0.6895907521247864,0.4538208544254303,0.0040511926636099815,0.7387028336524963,0.4785117506980896,-0.01865357533097267,0.682256817817688,0.4624091684818268,-0.02757457084953785,0.6518385410308838,0.4486303925514221,-0.029065929353237152,0.6934587359428406,0.40197303891181946,-0.00425912719219923,0.741890549659729,0.4225102365016937,-0.02885616570711136,0.6886856555938721,0.41314440965652466,-0.022284194827079773,0.658602774143219,0.40296462178230286,-0.011661997996270657,0.6902164220809937,0.34423738718032837,-0.01429843157529831,0.7312248349189758,0.3614528477191925,-0.028945140540599823,0.6945573091506958,0.3665443956851959,-0.019878197461366653,0.6671866178512573,0.36359843611717224,-0.008911726996302605,0.0,0.0,0.0,0.0,0.0,0.0,0.0,0.0,0.0,0.0,0.0,0.0,0.0,0.0,0.0,0.0,0.0,0.0,0.0,0.0,0.0,0.0,0.0,0.0,0.0,0.0,0.0,0.0,0.0,0.0,0.0,0.0,0.0,0.0,0.0,0.0,0.0,0.0,0.0,0.0,0.0,0.0,0.0,0.0,0.0,0.0,0.0,0.0,0.0,0.0,0.0,0.0,0.0,0.0,0.0,0.0,0.0,0.0,0.0,0.0,0.0,0.0,0.0
down,0.5889956951141357,0.34753063321113586,-2.0697086711152224e-07,0.5925358533859253,0.4479529857635498,-0.016368981450796127,0.6078007221221924,0.5375604629516602,-0.021655108779668808,0.6339879631996155,0.608733057975769,-0.027681786566972733,0.6435091495513916,0.6640872359275818,-0.02834060974419117,0.6976092457771301,0.4972788691520691,0.005564649123698473,0.7498465180397034,0.5150997638702393,-0.020611992105841637,0.7005221843719482,0.49507296085357666,-0.03498593717813492,0.6672514081001282,0.4824456572532654,-0.039872776716947556,0.711800217628479,0.4456765353679657,0.0032701187301427126,0.7658843994140625,0.46312084794044495,-0.023705994710326195,0.7047762274742126,0.4467170834541321,-0.03128892555832863,0.6746344566345215,0.43771782517433167,-0.031023556366562843,0.7178069949150085,0.39200565218925476,-0.004140536300837994,0.7683593034744263,0.40660810470581055,-0.03259890154004097,0.7136205434799194,0.39659643173217773,-0.023548707365989685,0.6833181977272034,0.3901470899581909,-0.010525749064981937,0.7147731781005859,0.3356139659881592,-0.0132052106782794,0.7582072019577026,0.34806931018829346,-0.02883225679397583,0.7185609340667725,0.35025328397750854,-0.01815614104270935,0.690335214138031,0.34750768542289734,-0.005774471443146467,0.0,0.0,0.0,0.0,0.0,0.0,0.0,0.0,0.0,0.0,0.0,0.0,0.0,0.0,0.0,0.0,0.0,0.0,0.0,0.0,0.0,0.0,0.0,0.0,0.0,0.0,0.0,0.0,0.0,0.0,0.0,0.0,0.0,0.0,0.0,0.0,0.0,0.0,0.0,0.0,0.0,0.0,0.0,0.0,0.0,0.0,0.0,0.0,0.0,0.0,0.0,0.0,0.0,0.0,0.0,0.0,0.0,0.0,0.0,0.0,0.0,0.0,0.0
down,0.557637095451355,0.2759745717048645,-6.780825145824565e-08,0.5758218765258789,0.3697512447834015,-0.01609872281551361,0.5951775908470154,0.45555034279823303,-0.02437692880630493,0.6170931458473206,0.5302351117134094,-0.03319384902715683,0.6375563740730286,0.5815147757530212,-0.037492536008358,0.6824308037757874,0.4069955050945282,0.003767546499148011,0.7224810719490051,0.41840916872024536,-0.01689046248793602,0.6703087091445923,0.40308302640914917,-0.029944712296128273,0.6442318558692932,0.3970409333705902,-0.03576510027050972,0.6924890875816345,0.3573479950428009,0.0016294709639623761,0.7331181168556213,0.36678552627563477,-0.01662290468811989,0.6739034652709961,0.3575301170349121,-0.02351728267967701,0.6524090766906738,0.35081586241722107,-0.026281552389264107,0.6946341395378113,0.3046831786632538,-0.0047637117095291615,0.7370818853378296,0.3138667345046997,-0.024028874933719635,0.6828276515007019,0.3086834251880646,-0.014701305888593197,0.658093273639679,0.3014892339706421,-0.00507865846157074,0.691573441028595,0.2481369525194168,-0.012945795431733131,0.7246994972229004,0.25646650791168213,-0.021965984255075455,0.6876224279403687,0.26255619525909424,-0.010055463761091232,0.6653129458427429,0.2584106922149658,0.0010565464617684484,0.0,0.0,0.0,0.0,0.0,0.0,0.0,0.0,0.0,0.0,0.0,0.0,0.0,0.0,0.0,0.0,0.0,0.0,0.0,0.0,0.0,0.0,0.0,0.0,0.0,0.0,0.0,0.0,0.0,0.0,0.0,0.0,0.0,0.0,0.0,0.0,0.0,0.0,0.0,0.0,0.0,0.0,0.0,0.0,0.0,0.0,0.0,0.0,0.0,0.0,0.0,0.0,0.0,0.0,0.0,0.0,0.0,0.0,0.0,0.0,0.0,0.0,0.0
down,0.42929181456565857,0.2789350152015686,-1.350689018408957e-07,0.4491645395755768,0.38244694471359253,-0.01948826014995575,0.4711148142814636,0.4745822548866272,-0.03125263750553131,0.49190789461135864,0.5517411231994629,-0.04441848024725914,0.4977954924106598,0.6133062243461609,-0.05259308964014053,0.5713385343551636,0.42327842116355896,3.570213812054135e-05,0.6138124465942383,0.4319899380207062,-0.027529209852218628,0.5575663447380066,0.4135998487472534,-0.04359102621674538,0.5288040041923523,0.4077831208705902,-0.05092444643378258,0.5779925584793091,0.3688840866088867,-0.0041470215655863285,0.6203197836875916,0.37435775995254517,-0.030430292710661888,0.5559128522872925,0.3666260838508606,-0.03741179406642914,0.529867947101593,0.36521875858306885,-0.03824322670698166,0.5758888125419617,0.31302976608276367,-0.013828447088599205,0.6170302033424377,0.3169906735420227,-0.0426141694188118,0.5566368103027344,0.31476110219955444,-0.033490315079689026,0.5280596017837524,0.31301644444465637,-0.021272871643304825,0.5696940422058105,0.2517600357532501,-0.02557111717760563,0.6038355231285095,0.2581890821456909,-0.042572349309921265,0.5624350905418396,0.2680274248123169,-0.032542355358600616,0.5364144444465637,0.2690896987915039,-0.02070082351565361,0.0,0.0,0.0,0.0,0.0,0.0,0.0,0.0,0.0,0.0,0.0,0.0,0.0,0.0,0.0,0.0,0.0,0.0,0.0,0.0,0.0,0.0,0.0,0.0,0.0,0.0,0.0,0.0,0.0,0.0,0.0,0.0,0.0,0.0,0.0,0.0,0.0,0.0,0.0,0.0,0.0,0.0,0.0,0.0,0.0,0.0,0.0,0.0,0.0,0.0,0.0,0.0,0.0,0.0,0.0,0.0,0.0,0.0,0.0,0.0,0.0,0.0,0.0
down,0.37550193071365356,0.2902216911315918,-1.3958980105144292e-07,0.39921101927757263,0.393109530210495,-0.023305488750338554,0.4251587986946106,0.49254316091537476,-0.03514714539051056,0.44818246364593506,0.5776453614234924,-0.04728396609425545,0.46063825488090515,0.6390166282653809,-0.05336553603410721,0.5303403735160828,0.4406008720397949,0.00044345902279019356,0.5746650099754333,0.4560105800628662,-0.02817019261419773,0.5174853801727295,0.4375961720943451,-0.045619770884513855,0.48775148391723633,0.4330626130104065,-0.05386175587773323,0.5367107391357422,0.3870690166950226,-0.0011709618847817183,0.5796300172805786,0.4001779556274414,-0.029759451746940613,0.514359712600708,0.3910196125507355,-0.03888552635908127,0.4892100691795349,0.388266921043396,-0.0409715473651886,0.5349317193031311,0.33059757947921753,-0.008649270981550217,0.5760067701339722,0.33608490228652954,-0.038884423673152924,0.5146782994270325,0.33536162972450256,-0.030513059347867966,0.4857933819293976,0.3352707326412201,-0.018636614084243774,0.5280759334564209,0.27090561389923096,-0.01842190884053707,0.5613871812820435,0.27630138397216797,-0.03507031500339508,0.5188063383102417,0.28765302896499634,-0.024789860472083092,0.49219435453414917,0.29050207138061523,-0.01290098950266838,0.0,0.0,0.0,0.0,0.0,0.0,0.0,0.0,0.0,0.0,0.0,0.0,0.0,0.0,0.0,0.0,0.0,0.0,0.0,0.0,0.0,0.0,0.0,0.0,0.0,0.0,0.0,0.0,0.0,0.0,0.0,0.0,0.0,0.0,0.0,0.0,0.0,0.0,0.0,0.0,0.0,0.0,0.0,0.0,0.0,0.0,0.0,0.0,0.0,0.0,0.0,0.0,0.0,0.0,0.0,0.0,0.0,0.0,0.0,0.0,0.0,0.0,0.0
down,0.3739435076713562,0.3393367528915405,-1.0239056535965574e-07,0.38968467712402344,0.45044052600860596,-0.01649726927280426,0.41215741634368896,0.5478000044822693,-0.02325510047376156,0.43322739005088806,0.6267417073249817,-0.0307153407484293,0.4488171339035034,0.6848757266998291,-0.03199470788240433,0.5183316469192505,0.4923345744609833,0.00906074233353138,0.5626913905143738,0.5197457075119019,-0.01728827878832817,0.5060808658599854,0.49676087498664856,-0.032117199152708054,0.46902188658714294,0.46640217304229736,-0.036383457481861115,0.5288861393928528,0.44290414452552795,0.0054853614419698715,0.5774507522583008,0.4614889621734619,-0.02243204042315483,0.5110501050949097,0.44474145770072937,-0.03399611636996269,0.47688359022140503,0.4292157292366028,-0.03613132983446121,0.5299164652824402,0.3865239918231964,-0.003118715016171336,0.5746538639068604,0.40359407663345337,-0.03153336048126221,0.515461266040802,0.3950226306915283,-0.02274857461452484,0.4830241799354553,0.3829352855682373,-0.009817571379244328,0.5203656554222107,0.32542988657951355,-0.013481911271810532,0.5548332929611206,0.3412746787071228,-0.029631972312927246,0.5113906264305115,0.3448854684829712,-0.017334945499897003,0.4858373701572418,0.3387572467327118,-0.003226255066692829,0.0,0.0,0.0,0.0,0.0,0.0,0.0,0.0,0.0,0.0,0.0,0.0,0.0,0.0,0.0,0.0,0.0,0.0,0.0,0.0,0.0,0.0,0.0,0.0,0.0,0.0,0.0,0.0,0.0,0.0,0.0,0.0,0.0,0.0,0.0,0.0,0.0,0.0,0.0,0.0,0.0,0.0,0.0,0.0,0.0,0.0,0.0,0.0,0.0,0.0,0.0,0.0,0.0,0.0,0.0,0.0,0.0,0.0,0.0,0.0,0.0,0.0,0.0
down,0.4983293414115906,0.3579697012901306,-1.8360398712502501e-07,0.5158507227897644,0.47142308950424194,-0.009576910175383091,0.5294384956359863,0.5569671392440796,-0.012912580743432045,0.5509479641914368,0.6350658535957336,-0.01800018921494484,0.5635939240455627,0.6897455453872681,-0.016509152948856354,0.6287161111831665,0.5073578953742981,0.022634169086813927,0.676080584526062,0.5357770919799805,0.0015375871444121003,0.6224984526634216,0.5125476121902466,-0.013667680323123932,0.5898534059524536,0.48943713307380676,-0.020161021500825882,0.64117431640625,0.46035659313201904,0.018511192873120308,0.6927723288536072,0.48341795802116394,-0.005928589031100273,0.6274086236953735,0.4638611972332001,-0.019021496176719666,0.5969303846359253,0.4492180049419403,-0.023670347407460213,0.6449282765388489,0.4078699052333832,0.010212955996394157,0.6932532787322998,0.42705437541007996,-0.013053717091679573,0.6353985667228699,0.414969265460968,-0.0037272374611347914,0.603308916091919,0.403279572725296,0.008033781312406063,0.637778639793396,0.3524373769760132,0.0005017067305743694,0.6780545711517334,0.36574310064315796,-0.010500282049179077,0.6366099119186401,0.3693404197692871,0.0028750591445714235,0.6101728081703186,0.36704158782958984,0.016502248123288155,0.0,0.0,0.0,0.0,0.0,0.0,0.0,0.0,0.0,0.0,0.0,0.0,0.0,0.0,0.0,0.0,0.0,0.0,0.0,0.0,0.0,0.0,0.0,0.0,0.0,0.0,0.0,0.0,0.0,0.0,0.0,0.0,0.0,0.0,0.0,0.0,0.0,0.0,0.0,0.0,0.0,0.0,0.0,0.0,0.0,0.0,0.0,0.0,0.0,0.0,0.0,0.0,0.0,0.0,0.0,0.0,0.0,0.0,0.0,0.0,0.0,0.0,0.0
down,0.571952760219574,0.3780703544616699,-1.787521597407249e-07,0.5855733752250671,0.4690397083759308,-0.011965403333306313,0.6029025316238403,0.5480060577392578,-0.017918191850185394,0.617845892906189,0.618563711643219,-0.026081329211592674,0.6270711421966553,0.6701350212097168,-0.030055424198508263,0.6845810413360596,0.5101890563964844,0.006133639719337225,0.7321739792823792,0.5300180315971375,-0.018905067816376686,0.6859710216522217,0.5098546743392944,-0.03412216156721115,0.6547366380691528,0.49466627836227417,-0.039907731115818024,0.6944656372070312,0.46591028571128845,0.0009785976726561785,0.7419379949569702,0.48118236660957336,-0.024058401584625244,0.6861335039138794,0.4656764268875122,-0.0324464812874794,0.6571493744850159,0.45541688799858093,-0.033337514847517014,0.6975889205932617,0.4181685447692871,-0.008791150525212288,0.7453361749649048,0.42971888184547424,-0.034334901720285416,0.6938720345497131,0.41978320479393005,-0.02673843875527382,0.6639978289604187,0.41152191162109375,-0.015390617772936821,0.6941276788711548,0.36632055044174194,-0.02005019038915634,0.7334561347961426,0.3762527108192444,-0.03450094908475876,0.697900116443634,0.3788001537322998,-0.024845166131854057,0.6715688705444336,0.3756905496120453,-0.013414055109024048,0.0,0.0,0.0,0.0,0.0,0.0,0.0,0.0,0.0,0.0,0.0,0.0,0.0,0.0,0.0,0.0,0.0,0.0,0.0,0.0,0.0,0.0,0.0,0.0,0.0,0.0,0.0,0.0,0.0,0.0,0.0,0.0,0.0,0.0,0.0,0.0,0.0,0.0,0.0,0.0,0.0,0.0,0.0,0.0,0.0,0.0,0.0,0.0,0.0,0.0,0.0,0.0,0.0,0.0,0.0,0.0,0.0,0.0,0.0,0.0,0.0,0.0,0.0
down,0.6431537866592407,0.3620390295982361,-1.6181846262952604e-07,0.6544197797775269,0.46471983194351196,-0.010222564451396465,0.6634570956230164,0.5452097058296204,-0.014133507385849953,0.6775448322296143,0.6217402815818787,-0.01916227675974369,0.681470513343811,0.6779263019561768,-0.017428284510970116,0.7519697546958923,0.49911168217658997,0.019863395020365715,0.7963231801986694,0.5163248181343079,0.0024186032824218273,0.7411379814147949,0.4957071542739868,-0.00907487515360117,0.7150300145149231,0.4841184616088867,-0.014306978322565556,0.7629306316375732,0.45340293645858765,0.016942225396633148,0.8108710050582886,0.4704495370388031,-0.0035006680991500616,0.7447399497032166,0.4535176753997803,-0.01251800637692213,0.7232202887535095,0.4438682794570923,-0.015839828178286552,0.7682258486747742,0.40365082025527954,0.010315800085663795,0.8114039301872253,0.4184134900569916,-0.009649335406720638,0.7553167939186096,0.4075157046318054,0.0026630754582583904,0.73301762342453,0.3997359573841095,0.014977982267737389,0.7647719383239746,0.3509582281112671,0.002334948629140854,0.8033504486083984,0.3652535080909729,-0.004330996423959732,0.7637853026390076,0.367262065410614,0.011873944662511349,0.742647111415863,0.36252760887145996,0.02604367397725582,0.0,0.0,0.0,0.0,0.0,0.0,0.0,0.0,0.0,0.0,0.0,0.0,0.0,0.0,0.0,0.0,0.0,0.0,0.0,0.0,0.0,0.0,0.0,0.0,0.0,0.0,0.0,0.0,0.0,0.0,0.0,0.0,0.0,0.0,0.0,0.0,0.0,0.0,0.0,0.0,0.0,0.0,0.0,0.0,0.0,0.0,0.0,0.0,0.0,0.0,0.0,0.0,0.0,0.0,0.0,0.0,0.0,0.0,0.0,0.0,0.0,0.0,0.0
down,0.6017055511474609,0.49877235293388367,-5.543234848914835e-08,0.593576192855835,0.5827832818031311,-0.013360511511564255,0.5933888554573059,0.6703495979309082,-0.01975538395345211,0.5914096236228943,0.7414367198944092,-0.02706086076796055,0.5864256620407104,0.7932180166244507,-0.030416078865528107,0.6645656228065491,0.6483004093170166,0.0008400593651458621,0.7106898427009583,0.6676670908927917,-0.020685218274593353,0.6705756783485413,0.6420928239822388,-0.034634798765182495,0.6424667239189148,0.6343832015991211,-0.041325293481349945,0.6817262172698975,0.6046033501625061,-0.0023565851151943207,0.7283868789672852,0.6235488653182983,-0.0206815917044878,0.6807761788368225,0.6028746962547302,-0.026303386315703392,0.6576229333877563,0.5967702865600586,-0.02841005101799965,0.6924458146095276,0.5590258240699768,-0.009822222404181957,0.7361841797828674,0.5798673033714294,-0.029132850468158722,0.693651556968689,0.5631293654441833,-0.02210010401904583,0.6698592305183411,0.5537582635879517,-0.014158031903207302,0.6965935230255127,0.5140838027000427,-0.01891452632844448,0.733067512512207,0.531244158744812,-0.028558744117617607,0.7031351327896118,0.5267409086227417,-0.020183788612484932,0.6810595989227295,0.5193082690238953,-0.012105143629014492,0.0,0.0,0.0,0.0,0.0,0.0,0.0,0.0,0.0,0.0,0.0,0.0,0.0,0.0,0.0,0.0,0.0,0.0,0.0,0.0,0.0,0.0,0.0,0.0,0.0,0.0,0.0,0.0,0.0,0.0,0.0,0.0,0.0,0.0,0.0,0.0,0.0,0.0,0.0,0.0,0.0,0.0,0.0,0.0,0.0,0.0,0.0,0.0,0.0,0.0,0.0,0.0,0.0,0.0,0.0,0.0,0.0,0.0,0.0,0.0,0.0,0.0,0.0
down,0.5665975213050842,0.4152866005897522,-7.893301301464817e-08,0.5830371975898743,0.498943030834198,-0.0265215951949358,0.605581521987915,0.5871111154556274,-0.041472528129816055,0.624288022518158,0.6657166481018066,-0.05653509497642517,0.6326001882553101,0.7268727421760559,-0.06656830757856369,0.7004036903381348,0.5284161567687988,-0.012872226536273956,0.7478078007698059,0.5257713198661804,-0.04621438682079315,0.6997078657150269,0.5220141410827637,-0.063972607254982,0.6718708872795105,0.5296761393547058,-0.07168182730674744,0.7086822986602783,0.4787437319755554,-0.0146363889798522,0.7553269863128662,0.47173452377319336,-0.046305373311042786,0.6989256143569946,0.4760698080062866,-0.05364823341369629,0.6745713353157043,0.4887557625770569,-0.05456191301345825,0.7064730525016785,0.43004879355430603,-0.02251433953642845,0.7503312826156616,0.42084014415740967,-0.05419865995645523,0.6971844434738159,0.4260491728782654,-0.04466317966580391,0.6706797480583191,0.43810784816741943,-0.03255078196525574,0.6971979737281799,0.38015493750572205,-0.03331094607710838,0.731378436088562,0.36590489745140076,-0.05103372037410736,0.6953203678131104,0.3797672390937805,-0.04236355051398277,0.6709465384483337,0.3933641314506531,-0.032302696257829666,0.0,0.0,0.0,0.0,0.0,0.0,0.0,0.0,0.0,0.0,0.0,0.0,0.0,0.0,0.0,0.0,0.0,0.0,0.0,0.0,0.0,0.0,0.0,0.0,0.0,0.0,0.0,0.0,0.0,0.0,0.0,0.0,0.0,0.0,0.0,0.0,0.0,0.0,0.0,0.0,0.0,0.0,0.0,0.0,0.0,0.0,0.0,0.0,0.0,0.0,0.0,0.0,0.0,0.0,0.0,0.0,0.0,0.0,0.0,0.0,0.0,0.0,0.0
down,0.5560157895088196,0.41940954327583313,-9.96370701500382e-08,0.5706160068511963,0.5013105273246765,-0.024433817714452744,0.6013840436935425,0.5934273600578308,-0.03662151098251343,0.6212939620018005,0.6663636565208435,-0.0488072894513607,0.6308228969573975,0.7273480892181396,-0.05752791464328766,0.6892372965812683,0.5300045609474182,-0.010787996463477612,0.7360191345214844,0.5234394669532776,-0.04226021096110344,0.6958664655685425,0.5183197855949402,-0.06132957339286804,0.6666570901870728,0.5230417847633362,-0.06929343938827515,0.6945773959159851,0.47944188117980957,-0.011750009842216969,0.7404109239578247,0.4697006344795227,-0.04048171266913414,0.6936502456665039,0.4709610342979431,-0.04926418140530586,0.6670534610748291,0.4781695008277893,-0.050544846802949905,0.6911360621452332,0.43372416496276855,-0.01856459304690361,0.7346957325935364,0.42314979434013367,-0.04681306704878807,0.6909397840499878,0.42664849758148193,-0.04193948581814766,0.6636486053466797,0.4331396222114563,-0.03243036940693855,0.6818636059761047,0.3886573910713196,-0.02801651321351528,0.7190797924995422,0.3797647953033447,-0.043711598962545395,0.689806342124939,0.3884240388870239,-0.0370565727353096,0.6659175753593445,0.3956858217716217,-0.02808007225394249,0.0,0.0,0.0,0.0,0.0,0.0,0.0,0.0,0.0,0.0,0.0,0.0,0.0,0.0,0.0,0.0,0.0,0.0,0.0,0.0,0.0,0.0,0.0,0.0,0.0,0.0,0.0,0.0,0.0,0.0,0.0,0.0,0.0,0.0,0.0,0.0,0.0,0.0,0.0,0.0,0.0,0.0,0.0,0.0,0.0,0.0,0.0,0.0,0.0,0.0,0.0,0.0,0.0,0.0,0.0,0.0,0.0,0.0,0.0,0.0,0.0,0.0,0.0
down,0.6063598394393921,0.38753506541252136,-3.1296824687387925e-08,0.625826895236969,0.4657549262046814,-0.017209824174642563,0.6536844372749329,0.5456989407539368,-0.02627723291516304,0.6729186773300171,0.6120936274528503,-0.036126602441072464,0.6835324168205261,0.66440349817276,-0.04255567863583565,0.7247093319892883,0.4849605858325958,-0.00593591621145606,0.7718983888626099,0.4834176003932953,-0.03278600797057152,0.7332831025123596,0.47949761152267456,-0.049317747354507446,0.7067343592643738,0.48294350504875183,-0.0565950907766819,0.7285282611846924,0.4389075040817261,-0.009117135778069496,0.7722647190093994,0.43323814868927,-0.032598868012428284,0.7265896797180176,0.4353996813297272,-0.039475683122873306,0.7048824429512024,0.44226691126823425,-0.04096119478344917,0.7234134674072266,0.39465320110321045,-0.017179537564516068,0.7648450136184692,0.3903352618217468,-0.04163464531302452,0.7218936085700989,0.3956618309020996,-0.035677842795848846,0.6987651586532593,0.40262529253959656,-0.026708396151661873,0.7117162942886353,0.3510723114013672,-0.02717864140868187,0.7442086935043335,0.3452308773994446,-0.041391510516405106,0.7157970666885376,0.3565461039543152,-0.03431297466158867,0.6949371099472046,0.36453932523727417,-0.02575751394033432,0.0,0.0,0.0,0.0,0.0,0.0,0.0,0.0,0.0,0.0,0.0,0.0,0.0,0.0,0.0,0.0,0.0,0.0,0.0,0.0,0.0,0.0,0.0,0.0,0.0,0.0,0.0,0.0,0.0,0.0,0.0,0.0,0.0,0.0,0.0,0.0,0.0,0.0,0.0,0.0,0.0,0.0,0.0,0.0,0.0,0.0,0.0,0.0,0.0,0.0,0.0,0.0,0.0,0.0,0.0,0.0,0.0,0.0,0.0,0.0,0.0,0.0,0.0
down,0.6349214315414429,0.4511609673500061,-5.626626631283216e-08,0.648605465888977,0.5316469669342041,-0.01966160535812378,0.6756703853607178,0.6144812107086182,-0.029873253777623177,0.6989858150482178,0.6778649687767029,-0.04015510529279709,0.7104824781417847,0.7296299934387207,-0.047066062688827515,0.7518962025642395,0.5530876517295837,-0.007589386310428381,0.7984567284584045,0.5507534742355347,-0.03043231926858425,0.7613994479179382,0.5464598536491394,-0.043679021298885345,0.7353053689002991,0.5485937595367432,-0.04911596328020096,0.7567843794822693,0.5057061910629272,-0.008833000436425209,0.8035451173782349,0.5003963708877563,-0.028109364211559296,0.7611899375915527,0.5025031566619873,-0.033081427216529846,0.7389132976531982,0.5080915689468384,-0.033710844814777374,0.753834068775177,0.4613000750541687,-0.014703337103128433,0.797328531742096,0.4566115140914917,-0.034953247755765915,0.7575855255126953,0.4605724811553955,-0.028461042791604996,0.7344250679016113,0.46521198749542236,-0.020104514434933662,0.7454877495765686,0.4162469506263733,-0.022691303864121437,0.7814110517501831,0.41240328550338745,-0.034151140600442886,0.7531910538673401,0.421872615814209,-0.02629704214632511,0.7315472960472107,0.42634648084640503,-0.017636490985751152,0.0,0.0,0.0,0.0,0.0,0.0,0.0,0.0,0.0,0.0,0.0,0.0,0.0,0.0,0.0,0.0,0.0,0.0,0.0,0.0,0.0,0.0,0.0,0.0,0.0,0.0,0.0,0.0,0.0,0.0,0.0,0.0,0.0,0.0,0.0,0.0,0.0,0.0,0.0,0.0,0.0,0.0,0.0,0.0,0.0,0.0,0.0,0.0,0.0,0.0,0.0,0.0,0.0,0.0,0.0,0.0,0.0,0.0,0.0,0.0,0.0,0.0,0.0
down,0.6240566968917847,0.517731249332428,2.0329052330403385e-10,0.6317501068115234,0.5966885685920715,-0.01844632811844349,0.6518687605857849,0.6819990277290344,-0.02809801511466503,0.6652027368545532,0.7486884593963623,-0.03881760686635971,0.6723098754882812,0.803482174873352,-0.04797046631574631,0.7333930730819702,0.6217885613441467,-0.004467817954719067,0.7771908044815063,0.6320919394493103,-0.02838117443025112,0.7481091022491455,0.627751886844635,-0.046815793961286545,0.7188509702682495,0.6223105788230896,-0.05593249201774597,0.7411354184150696,0.5758925676345825,-0.006637988146394491,0.7851942181587219,0.5807723999023438,-0.028138212859630585,0.7482886910438538,0.5808468461036682,-0.03988638520240784,0.7192082405090332,0.5803096890449524,-0.04481741786003113,0.739885151386261,0.5322140455245972,-0.013247931376099586,0.7821091413497925,0.5357749462127686,-0.034227799624204636,0.7465054392814636,0.5384343266487122,-0.033630501478910446,0.7184566259384155,0.5385866165161133,-0.02906058169901371,0.732555627822876,0.4878396987915039,-0.021990641951560974,0.7662565112113953,0.49091872572898865,-0.03467382490634918,0.7411432266235352,0.4994722008705139,-0.03025665506720543,0.7179168462753296,0.5035417675971985,-0.02419656328856945,0.0,0.0,0.0,0.0,0.0,0.0,0.0,0.0,0.0,0.0,0.0,0.0,0.0,0.0,0.0,0.0,0.0,0.0,0.0,0.0,0.0,0.0,0.0,0.0,0.0,0.0,0.0,0.0,0.0,0.0,0.0,0.0,0.0,0.0,0.0,0.0,0.0,0.0,0.0,0.0,0.0,0.0,0.0,0.0,0.0,0.0,0.0,0.0,0.0,0.0,0.0,0.0,0.0,0.0,0.0,0.0,0.0,0.0,0.0,0.0,0.0,0.0,0.0
down,0.6023659110069275,0.5232260227203369,-5.937408076306383e-08,0.6144577860832214,0.6060050129890442,-0.018733415752649307,0.6376542448997498,0.6913094520568848,-0.028294162824749947,0.6521143317222595,0.7606363296508789,-0.03857289254665375,0.6578499674797058,0.8143210411071777,-0.04538479447364807,0.7179344296455383,0.6382775902748108,-0.007853117771446705,0.7654480934143066,0.6442865133285522,-0.034897565841674805,0.7267048954963684,0.6362612247467041,-0.0518299862742424,0.6989022493362427,0.6337283253669739,-0.05945070460438728,0.7257804870605469,0.5916060209274292,-0.010553695261478424,0.771634578704834,0.5928139090538025,-0.0351666696369648,0.7257851362228394,0.5919314622879028,-0.04359724745154381,0.7013696432113647,0.5930020809173584,-0.0458216518163681,0.7245234847068787,0.546507716178894,-0.01814413256943226,0.768230676651001,0.5465691685676575,-0.04317416623234749,0.7237387895584106,0.548140287399292,-0.03885197639465332,0.6980040669441223,0.5499129891395569,-0.030854269862174988,0.7170683741569519,0.5005267858505249,-0.027797702699899673,0.7505167126655579,0.4999387860298157,-0.04321642592549324,0.721040666103363,0.5084280967712402,-0.037870682775974274,0.6990579962730408,0.5133562684059143,-0.030453607439994812,0.0,0.0,0.0,0.0,0.0,0.0,0.0,0.0,0.0,0.0,0.0,0.0,0.0,0.0,0.0,0.0,0.0,0.0,0.0,0.0,0.0,0.0,0.0,0.0,0.0,0.0,0.0,0.0,0.0,0.0,0.0,0.0,0.0,0.0,0.0,0.0,0.0,0.0,0.0,0.0,0.0,0.0,0.0,0.0,0.0,0.0,0.0,0.0,0.0,0.0,0.0,0.0,0.0,0.0,0.0,0.0,0.0,0.0,0.0,0.0,0.0,0.0,0.0
down,0.5372380018234253,0.5236082673072815,-1.0672497552377536e-07,0.5432060360908508,0.6093668341636658,-0.023772243410348892,0.5675890445709229,0.7021896243095398,-0.035178590565919876,0.5870939493179321,0.7739656567573547,-0.04593390226364136,0.5939467549324036,0.830399751663208,-0.05321795120835304,0.6550794243812561,0.6458431482315063,-0.015252751298248768,0.7038784623146057,0.6483745574951172,-0.04072000831365585,0.6654752492904663,0.6405015587806702,-0.05487217754125595,0.6378120183944702,0.6395869851112366,-0.06103840097784996,0.6637341976165771,0.5954468250274658,-0.015739334747195244,0.7118440270423889,0.5948708057403564,-0.03767272084951401,0.6667239665985107,0.5916855931282043,-0.042526230216026306,0.6438265442848206,0.5948269963264465,-0.04331186041235924,0.6621819734573364,0.5477646589279175,-0.021151119843125343,0.7081152200698853,0.547134518623352,-0.04465639591217041,0.6656914353370667,0.5472301244735718,-0.03783959522843361,0.6415765285491943,0.5500766038894653,-0.029157521203160286,0.6550310254096985,0.49947911500930786,-0.028959188610315323,0.6925583481788635,0.4984511137008667,-0.042998336255550385,0.6642071008682251,0.5060883164405823,-0.03565775603055954,0.6427419781684875,0.5097936391830444,-0.027490466833114624,0.0,0.0,0.0,0.0,0.0,0.0,0.0,0.0,0.0,0.0,0.0,0.0,0.0,0.0,0.0,0.0,0.0,0.0,0.0,0.0,0.0,0.0,0.0,0.0,0.0,0.0,0.0,0.0,0.0,0.0,0.0,0.0,0.0,0.0,0.0,0.0,0.0,0.0,0.0,0.0,0.0,0.0,0.0,0.0,0.0,0.0,0.0,0.0,0.0,0.0,0.0,0.0,0.0,0.0,0.0,0.0,0.0,0.0,0.0,0.0,0.0,0.0,0.0
down,0.5105751752853394,0.5052652359008789,-1.417328263642048e-07,0.5175392627716064,0.5919573307037354,-0.02620106190443039,0.5425572395324707,0.6829594969749451,-0.03890259936451912,0.5626488327980042,0.7578756213188171,-0.050401199609041214,0.5689899325370789,0.8166353702545166,-0.056947220116853714,0.632594108581543,0.6252853870391846,-0.015465835109353065,0.6820896863937378,0.6284278035163879,-0.0433480329811573,0.6367539167404175,0.6164918541908264,-0.057766761630773544,0.6108998656272888,0.6150166988372803,-0.06368216872215271,0.6401659846305847,0.5734943747520447,-0.01468287967145443,0.6874948143959045,0.5732671618461609,-0.03964758291840553,0.6347652673721313,0.5685441493988037,-0.04430742189288139,0.6162339448928833,0.5722070336341858,-0.0443396158516407,0.6389843225479126,0.5245066285133362,-0.019306257367134094,0.6845381259918213,0.525868833065033,-0.045847225934267044,0.6349788308143616,0.5253790616989136,-0.03708538040518761,0.6137061715126038,0.5280867218971252,-0.02623431384563446,0.6327484846115112,0.47553786635398865,-0.026463808491826057,0.6678983569145203,0.47569262981414795,-0.042060092091560364,0.6358723640441895,0.4833906888961792,-0.033849362283945084,0.6162094473838806,0.4866880178451538,-0.024464566260576248,0.0,0.0,0.0,0.0,0.0,0.0,0.0,0.0,0.0,0.0,0.0,0.0,0.0,0.0,0.0,0.0,0.0,0.0,0.0,0.0,0.0,0.0,0.0,0.0,0.0,0.0,0.0,0.0,0.0,0.0,0.0,0.0,0.0,0.0,0.0,0.0,0.0,0.0,0.0,0.0,0.0,0.0,0.0,0.0,0.0,0.0,0.0,0.0,0.0,0.0,0.0,0.0,0.0,0.0,0.0,0.0,0.0,0.0,0.0,0.0,0.0,0.0,0.0
down,0.4631282389163971,0.49029541015625,-1.711109121060872e-07,0.4750330448150635,0.5777498483657837,-0.022183094173669815,0.4953724145889282,0.6711544394493103,-0.0339776873588562,0.5084966421127319,0.7505778670310974,-0.0454239621758461,0.5123702883720398,0.8099251985549927,-0.0512290894985199,0.5900163650512695,0.6152178049087524,-0.010173154063522816,0.6315886974334717,0.6149582266807556,-0.03958519548177719,0.5817762613296509,0.6013724207878113,-0.05669514834880829,0.5596356391906738,0.604810357093811,-0.06514965742826462,0.5970830321311951,0.5609526634216309,-0.012043607421219349,0.6354745030403137,0.5564631819725037,-0.03662177920341492,0.5769109725952148,0.5514075756072998,-0.04138413071632385,0.562357485294342,0.560846745967865,-0.042547162622213364,0.5946734547615051,0.5106757283210754,-0.019417021423578262,0.6317578554153442,0.5049436688423157,-0.045028526335954666,0.5776364803314209,0.5048221349716187,-0.0338880829513073,0.5594503283500671,0.5134496688842773,-0.02259708195924759,0.5881915092468262,0.4605732560157776,-0.029329929500818253,0.6154795289039612,0.4530833959579468,-0.042620010673999786,0.5806500315666199,0.4604371190071106,-0.031977180391550064,0.5637443661689758,0.467969685792923,-0.021698012948036194,0.0,0.0,0.0,0.0,0.0,0.0,0.0,0.0,0.0,0.0,0.0,0.0,0.0,0.0,0.0,0.0,0.0,0.0,0.0,0.0,0.0,0.0,0.0,0.0,0.0,0.0,0.0,0.0,0.0,0.0,0.0,0.0,0.0,0.0,0.0,0.0,0.0,0.0,0.0,0.0,0.0,0.0,0.0,0.0,0.0,0.0,0.0,0.0,0.0,0.0,0.0,0.0,0.0,0.0,0.0,0.0,0.0,0.0,0.0,0.0,0.0,0.0,0.0
down,0.32986462116241455,0.5323909521102905,-3.6667277214519345e-08,0.3467679023742676,0.6287592649459839,-0.02202136069536209,0.376605361700058,0.730786144733429,-0.031745851039886475,0.38666868209838867,0.8117357492446899,-0.04115772247314453,0.3848729133605957,0.8728229403495789,-0.04572788625955582,0.4630318880081177,0.669170081615448,-0.008570038713514805,0.5045234560966492,0.673664927482605,-0.03134514018893242,0.4537217319011688,0.6568237543106079,-0.04337284341454506,0.4344010055065155,0.6567611694335938,-0.049768801778554916,0.4697602391242981,0.6165136694908142,-0.010608136653900146,0.5067052245140076,0.6132422685623169,-0.029335035011172295,0.4507989287376404,0.6072828769683838,-0.03429559990763664,0.4399184584617615,0.6129868626594543,-0.037631556391716,0.4674625098705292,0.560920774936676,-0.01768714189529419,0.5073056221008301,0.5601325631141663,-0.038741711527109146,0.4553323984146118,0.5563448667526245,-0.03014315851032734,0.4398117661476135,0.559207022190094,-0.022182445973157883,0.46233251690864563,0.5038700699806213,-0.027085011824965477,0.49300214648246765,0.5017051100730896,-0.037220340222120285,0.460452675819397,0.5081002712249756,-0.026975054293870926,0.4461800456047058,0.5110874176025391,-0.018363306298851967,0.0,0.0,0.0,0.0,0.0,0.0,0.0,0.0,0.0,0.0,0.0,0.0,0.0,0.0,0.0,0.0,0.0,0.0,0.0,0.0,0.0,0.0,0.0,0.0,0.0,0.0,0.0,0.0,0.0,0.0,0.0,0.0,0.0,0.0,0.0,0.0,0.0,0.0,0.0,0.0,0.0,0.0,0.0,0.0,0.0,0.0,0.0,0.0,0.0,0.0,0.0,0.0,0.0,0.0,0.0,0.0,0.0,0.0,0.0,0.0,0.0,0.0,0.0
down,0.31139591336250305,0.5316148996353149,-4.733352199082219e-08,0.3232690989971161,0.6267250180244446,-0.021508267149329185,0.35246044397354126,0.7280031442642212,-0.03185972198843956,0.3643241822719574,0.8105640411376953,-0.042797863483428955,0.36988118290901184,0.8695220947265625,-0.049652278423309326,0.43809014558792114,0.6668435335159302,-0.012775725685060024,0.4884452223777771,0.6741032600402832,-0.04204382374882698,0.442762166261673,0.6638277769088745,-0.05895208567380905,0.416183739900589,0.6632261276245117,-0.06692184507846832,0.4453309178352356,0.6116805672645569,-0.016827663406729698,0.490219384431839,0.6110079288482666,-0.04167890176177025,0.4392952620983124,0.6090543270111084,-0.04888782277703285,0.4208506643772125,0.615111768245697,-0.05226052179932594,0.4438822269439697,0.5559682846069336,-0.026366040110588074,0.4849468171596527,0.5556366443634033,-0.05297163128852844,0.4365409314632416,0.5579352378845215,-0.046838875859975815,0.41514310240745544,0.5639394521713257,-0.03891319781541824,0.4382610321044922,0.5003985166549683,-0.03826151415705681,0.47199371457099915,0.4991384744644165,-0.05293560028076172,0.4395178258419037,0.5079681277275085,-0.04461738094687462,0.4185318946838379,0.5122190117835999,-0.0362943597137928,0.0,0.0,0.0,0.0,0.0,0.0,0.0,0.0,0.0,0.0,0.0,0.0,0.0,0.0,0.0,0.0,0.0,0.0,0.0,0.0,0.0,0.0,0.0,0.0,0.0,0.0,0.0,0.0,0.0,0.0,0.0,0.0,0.0,0.0,0.0,0.0,0.0,0.0,0.0,0.0,0.0,0.0,0.0,0.0,0.0,0.0,0.0,0.0,0.0,0.0,0.0,0.0,0.0,0.0,0.0,0.0,0.0,0.0,0.0,0.0,0.0,0.0,0.0
down,0.37769055366516113,0.4944418668746948,-3.3886649930536805e-08,0.39593586325645447,0.5916404724121094,-0.022195857018232346,0.43011245131492615,0.6868258118629456,-0.03306935355067253,0.44882750511169434,0.7654441595077515,-0.04408914968371391,0.4585719704627991,0.8261292576789856,-0.05053199082612991,0.5203786492347717,0.6259416341781616,-0.011681484058499336,0.5647218227386475,0.6297590136528015,-0.03860355541110039,0.5160636305809021,0.6207412481307983,-0.053156234323978424,0.490499883890152,0.6203417778015137,-0.06013292446732521,0.5244073867797852,0.5735189914703369,-0.014807989820837975,0.5648548603057861,0.5702966451644897,-0.038489930331707,0.5098660588264465,0.5705298781394958,-0.045007623732089996,0.4913347065448761,0.5764276385307312,-0.047946345061063766,0.5186947584152222,0.5182968378067017,-0.023148681968450546,0.5601633191108704,0.5161364674568176,-0.04914712533354759,0.5088990926742554,0.5205512642860413,-0.04294351488351822,0.4873281717300415,0.5258638858795166,-0.035077255219221115,0.5089065432548523,0.4615294337272644,-0.03378672897815704,0.5409553050994873,0.45885157585144043,-0.04984254762530327,0.508460283279419,0.47022899985313416,-0.04290686547756195,0.4894062578678131,0.47556617856025696,-0.03514716401696205,0.0,0.0,0.0,0.0,0.0,0.0,0.0,0.0,0.0,0.0,0.0,0.0,0.0,0.0,0.0,0.0,0.0,0.0,0.0,0.0,0.0,0.0,0.0,0.0,0.0,0.0,0.0,0.0,0.0,0.0,0.0,0.0,0.0,0.0,0.0,0.0,0.0,0.0,0.0,0.0,0.0,0.0,0.0,0.0,0.0,0.0,0.0,0.0,0.0,0.0,0.0,0.0,0.0,0.0,0.0,0.0,0.0,0.0,0.0,0.0,0.0,0.0,0.0
down,0.4482499361038208,0.4689634144306183,-1.0949990070230342e-07,0.46501731872558594,0.5601028800010681,-0.024160511791706085,0.49442094564437866,0.6576542854309082,-0.03892452269792557,0.5149900913238525,0.738318145275116,-0.05330361798405647,0.5234023928642273,0.8013680577278137,-0.06277124583721161,0.5893852114677429,0.5942531824111938,-0.01645592972636223,0.6363494992256165,0.605100691318512,-0.04576921463012695,0.5873445868492126,0.5921123027801514,-0.06005639582872391,0.5621142983436584,0.5858465433120728,-0.0655711367726326,0.5955400466918945,0.5405814051628113,-0.018536457791924477,0.6375778913497925,0.5469842553138733,-0.042911335825920105,0.5797451138496399,0.541895866394043,-0.04661909118294716,0.5636844038963318,0.5431681275367737,-0.04633663594722748,0.5914194583892822,0.48840129375457764,-0.02584502287209034,0.6328189969062805,0.49381762742996216,-0.05142275616526604,0.5778732895851135,0.4940633177757263,-0.04041587561368942,0.5585240125656128,0.4950219988822937,-0.02867905981838703,0.5828108787536621,0.4342620074748993,-0.03556523472070694,0.6160035729408264,0.43759962916374207,-0.04957711696624756,0.5797635912895203,0.44825780391693115,-0.03852395340800285,0.5603339076042175,0.4496217966079712,-0.027348581701517105,0.0,0.0,0.0,0.0,0.0,0.0,0.0,0.0,0.0,0.0,0.0,0.0,0.0,0.0,0.0,0.0,0.0,0.0,0.0,0.0,0.0,0.0,0.0,0.0,0.0,0.0,0.0,0.0,0.0,0.0,0.0,0.0,0.0,0.0,0.0,0.0,0.0,0.0,0.0,0.0,0.0,0.0,0.0,0.0,0.0,0.0,0.0,0.0,0.0,0.0,0.0,0.0,0.0,0.0,0.0,0.0,0.0,0.0,0.0,0.0,0.0,0.0,0.0
down,0.5275864005088806,0.4491661489009857,-5.436868377728388e-08,0.5418870449066162,0.5367574691772461,-0.020740371197462082,0.5722252726554871,0.6290081739425659,-0.03140740469098091,0.590823769569397,0.7038103342056274,-0.04234624654054642,0.60036700963974,0.7602246999740601,-0.04979057237505913,0.6616165041923523,0.5620461106300354,-0.01265662256628275,0.7111330628395081,0.5749541521072388,-0.04031670466065407,0.6693487167358398,0.5697697997093201,-0.056840602308511734,0.6388740539550781,0.5613266825675964,-0.06383870542049408,0.6676194667816162,0.5131902098655701,-0.01540402416139841,0.7150809168815613,0.5209217071533203,-0.03992641344666481,0.6650625467300415,0.5213803052902222,-0.04782555624842644,0.6394168138504028,0.5186960101127625,-0.04987168684601784,0.6637195944786072,0.46453896164894104,-0.02298436500132084,0.7082325220108032,0.469547301530838,-0.04842698574066162,0.6597704291343689,0.47448354959487915,-0.04312234744429588,0.6337511539459229,0.4731517434120178,-0.03460454195737839,0.6544651985168457,0.41297778487205505,-0.032735612243413925,0.6891395449638367,0.41891932487487793,-0.04886471480131149,0.6571758985519409,0.43038928508758545,-0.04205089062452316,0.6356130242347717,0.4321187734603882,-0.033658962696790695,0.0,0.0,0.0,0.0,0.0,0.0,0.0,0.0,0.0,0.0,0.0,0.0,0.0,0.0,0.0,0.0,0.0,0.0,0.0,0.0,0.0,0.0,0.0,0.0,0.0,0.0,0.0,0.0,0.0,0.0,0.0,0.0,0.0,0.0,0.0,0.0,0.0,0.0,0.0,0.0,0.0,0.0,0.0,0.0,0.0,0.0,0.0,0.0,0.0,0.0,0.0,0.0,0.0,0.0,0.0,0.0,0.0,0.0,0.0,0.0,0.0,0.0,0.0
down,0.5694507360458374,0.44293054938316345,-1.0479652701178566e-07,0.5867699980735779,0.5286111831665039,-0.02357611618936062,0.6189647316932678,0.6196293234825134,-0.03577202558517456,0.6441605687141418,0.6908513903617859,-0.04756109416484833,0.6559422016143799,0.7475924491882324,-0.05529198423027992,0.705631673336029,0.5540733337402344,-0.017275726422667503,0.7593480348587036,0.5632175803184509,-0.04603036120533943,0.7151597738265991,0.5557172298431396,-0.06169305369257927,0.6843817234039307,0.5496184825897217,-0.06789714843034744,0.7111395001411438,0.5043931007385254,-0.01858741044998169,0.7614299654960632,0.5087201595306396,-0.0444500632584095,0.7114731073379517,0.5092290043830872,-0.051538463681936264,0.6867246627807617,0.5086675882339478,-0.053041502833366394,0.7076199054718018,0.45594796538352966,-0.024853195995092392,0.7567954063415527,0.4589231014251709,-0.05065586417913437,0.7091448307037354,0.46351158618927,-0.04476361721754074,0.683280885219574,0.4646446108818054,-0.036018647253513336,0.6985279321670532,0.4055180549621582,-0.033539243042469025,0.737895667552948,0.406704306602478,-0.04964155703783035,0.7062557935714722,0.42042866349220276,-0.04346782714128494,0.6822209358215332,0.4251285195350647,-0.035517122596502304,0.0,0.0,0.0,0.0,0.0,0.0,0.0,0.0,0.0,0.0,0.0,0.0,0.0,0.0,0.0,0.0,0.0,0.0,0.0,0.0,0.0,0.0,0.0,0.0,0.0,0.0,0.0,0.0,0.0,0.0,0.0,0.0,0.0,0.0,0.0,0.0,0.0,0.0,0.0,0.0,0.0,0.0,0.0,0.0,0.0,0.0,0.0,0.0,0.0,0.0,0.0,0.0,0.0,0.0,0.0,0.0,0.0,0.0,0.0,0.0,0.0,0.0,0.0
down,0.6127572655677795,0.47583112120628357,-9.784363186327028e-08,0.6319283843040466,0.5650990605354309,-0.021725937724113464,0.664268970489502,0.6533550024032593,-0.03329334035515785,0.6896117329597473,0.7226662039756775,-0.04488267004489899,0.7009071111679077,0.7797883152961731,-0.0520513616502285,0.7497250437736511,0.5897443294525146,-0.010790310800075531,0.8007640838623047,0.5923884510993958,-0.038659512996673584,0.7529202103614807,0.583269476890564,-0.05373124033212662,0.7233986854553223,0.5799321532249451,-0.05967826396226883,0.754019558429718,0.5382318496704102,-0.012900708243250847,0.8020209074020386,0.5389313101768494,-0.03780348226428032,0.747796893119812,0.5373349189758301,-0.043653227388858795,0.7241906523704529,0.5373678803443909,-0.04390028491616249,0.7491201162338257,0.48833033442497253,-0.020085079595446587,0.7954387068748474,0.48723945021629333,-0.04648111015558243,0.7448872923851013,0.4902994930744171,-0.03831586241722107,0.7207184433937073,0.4919961094856262,-0.02746102213859558,0.7392414808273315,0.4361698031425476,-0.029316343367099762,0.77727210521698,0.4375946521759033,-0.045145440846681595,0.743045449256897,0.44757720828056335,-0.03572235628962517,0.7207260131835938,0.44844430685043335,-0.024825066328048706,0.0,0.0,0.0,0.0,0.0,0.0,0.0,0.0,0.0,0.0,0.0,0.0,0.0,0.0,0.0,0.0,0.0,0.0,0.0,0.0,0.0,0.0,0.0,0.0,0.0,0.0,0.0,0.0,0.0,0.0,0.0,0.0,0.0,0.0,0.0,0.0,0.0,0.0,0.0,0.0,0.0,0.0,0.0,0.0,0.0,0.0,0.0,0.0,0.0,0.0,0.0,0.0,0.0,0.0,0.0,0.0,0.0,0.0,0.0,0.0,0.0,0.0,0.0
down,0.6456692218780518,0.5165903568267822,-1.032735426065301e-07,0.6662477254867554,0.6066206097602844,-0.02057035267353058,0.6965146064758301,0.6926383972167969,-0.03174725919961929,0.7194547653198242,0.7632525563240051,-0.043485578149557114,0.7302380800247192,0.8188945055007935,-0.05108125880360603,0.7844623923301697,0.6284632682800293,-0.010341078974306583,0.8397084474563599,0.64337158203125,-0.03684036806225777,0.7935355305671692,0.6334125995635986,-0.05191095173358917,0.7620089054107666,0.6217291951179504,-0.057774219661951065,0.7895922660827637,0.5800792574882507,-0.01297542080283165,0.8438243865966797,0.589816153049469,-0.037917476147413254,0.7908536195755005,0.5880340337753296,-0.04602063074707985,0.7632193565368652,0.5822645425796509,-0.04752902314066887,0.7861894369125366,0.5316190123558044,-0.02028859779238701,0.8388642072677612,0.5385414958000183,-0.04496494680643082,0.7889641523361206,0.5417478680610657,-0.03910085931420326,0.7612355351448059,0.538240373134613,-0.02983155846595764,0.7776492238044739,0.47949546575546265,-0.029807664453983307,0.8194719552993774,0.4870847463607788,-0.04535664990544319,0.7864607572555542,0.49932706356048584,-0.03804692253470421,0.7620183229446411,0.5003314018249512,-0.028777319937944412,0.0,0.0,0.0,0.0,0.0,0.0,0.0,0.0,0.0,0.0,0.0,0.0,0.0,0.0,0.0,0.0,0.0,0.0,0.0,0.0,0.0,0.0,0.0,0.0,0.0,0.0,0.0,0.0,0.0,0.0,0.0,0.0,0.0,0.0,0.0,0.0,0.0,0.0,0.0,0.0,0.0,0.0,0.0,0.0,0.0,0.0,0.0,0.0,0.0,0.0,0.0,0.0,0.0,0.0,0.0,0.0,0.0,0.0,0.0,0.0,0.0,0.0,0.0
down,0.6660062670707703,0.5286206603050232,-1.510749427779956e-07,0.6859748363494873,0.6180357933044434,-0.020952003076672554,0.7169280052185059,0.7058092951774597,-0.03223235160112381,0.7404184341430664,0.7770223617553711,-0.04369610548019409,0.7481194138526917,0.8335050344467163,-0.05066418647766113,0.8057724833488464,0.6417943835258484,-0.012185103259980679,0.8598050475120544,0.6554070711135864,-0.0387793704867363,0.8117579221725464,0.6429360508918762,-0.05311387777328491,0.7810383439064026,0.6313965916633606,-0.05873723328113556,0.8109387755393982,0.5924187898635864,-0.014630249701440334,0.8649032115936279,0.6021096706390381,-0.039436791092157364,0.8102399110794067,0.5987481474876404,-0.04599129408597946,0.7840734124183655,0.5937823057174683,-0.046633969992399216,0.8073933720588684,0.5439044833183289,-0.0217206422239542,0.8593106865882874,0.5512049794197083,-0.047053802758455276,0.8080849647521973,0.5536412000656128,-0.040123458951711655,0.7814444303512573,0.5500078797340393,-0.030119506642222404,0.798412024974823,0.492527574300766,-0.03095610998570919,0.8386826515197754,0.5000520944595337,-0.04699739068746567,0.8047736287117004,0.5125405788421631,-0.03952224925160408,0.7808777689933777,0.5132806301116943,-0.0301912073045969,0.0,0.0,0.0,0.0,0.0,0.0,0.0,0.0,0.0,0.0,0.0,0.0,0.0,0.0,0.0,0.0,0.0,0.0,0.0,0.0,0.0,0.0,0.0,0.0,0.0,0.0,0.0,0.0,0.0,0.0,0.0,0.0,0.0,0.0,0.0,0.0,0.0,0.0,0.0,0.0,0.0,0.0,0.0,0.0,0.0,0.0,0.0,0.0,0.0,0.0,0.0,0.0,0.0,0.0,0.0,0.0,0.0,0.0,0.0,0.0,0.0,0.0,0.0
down,0.6726372838020325,0.5000733733177185,-9.720813665126116e-08,0.6965839266777039,0.58980792760849,-0.021048838272690773,0.7292157411575317,0.6736870408058167,-0.03210647776722908,0.7574197053909302,0.7399231791496277,-0.04361836239695549,0.7707332968711853,0.7913907170295715,-0.050889965146780014,0.816512405872345,0.6001642942428589,-0.008081105537712574,0.8724481463432312,0.6099940538406372,-0.03356774151325226,0.8263877034187317,0.6043663620948792,-0.04814314842224121,0.7946523427963257,0.5966858267784119,-0.05390028655529022,0.8196986317634583,0.5512675642967224,-0.009953303262591362,0.8747141361236572,0.556377112865448,-0.034451451152563095,0.8212010860443115,0.5595015287399292,-0.04251710698008537,0.7936432361602783,0.5572946667671204,-0.04394810274243355,0.8143535852432251,0.5032219886779785,-0.016587236896157265,0.8679312467575073,0.5069131851196289,-0.04092544689774513,0.818650484085083,0.514748215675354,-0.03545495867729187,0.7904425859451294,0.5137045979499817,-0.02642216347157955,0.8024957180023193,0.4529830813407898,-0.02548333816230297,0.8455377221107483,0.45868492126464844,-0.04058327153325081,0.8132908344268799,0.47569096088409424,-0.03375064954161644,0.7883758544921875,0.48011186718940735,-0.02489953115582466,0.0,0.0,0.0,0.0,0.0,0.0,0.0,0.0,0.0,0.0,0.0,0.0,0.0,0.0,0.0,0.0,0.0,0.0,0.0,0.0,0.0,0.0,0.0,0.0,0.0,0.0,0.0,0.0,0.0,0.0,0.0,0.0,0.0,0.0,0.0,0.0,0.0,0.0,0.0,0.0,0.0,0.0,0.0,0.0,0.0,0.0,0.0,0.0,0.0,0.0,0.0,0.0,0.0,0.0,0.0,0.0,0.0,0.0,0.0,0.0,0.0,0.0,0.0
down,0.6751530766487122,0.5320382118225098,-1.146474062352354e-07,0.6960206031799316,0.6207384467124939,-0.018855169415473938,0.7286084890365601,0.7047762870788574,-0.028527142480015755,0.7535418272018433,0.7722105979919434,-0.038888223469257355,0.7637732028961182,0.8252757787704468,-0.04536700248718262,0.8142940402030945,0.6370655298233032,-0.009583166800439358,0.8689448237419128,0.6498669385910034,-0.034051563590765,0.8252069354057312,0.6420818567276001,-0.04778493195772171,0.7943671941757202,0.6315253973007202,-0.0530850812792778,0.817940890789032,0.5894353985786438,-0.01238637138158083,0.8718490600585938,0.5961077213287354,-0.03505858778953552,0.8214748501777649,0.5973565578460693,-0.042367834597826004,0.794480562210083,0.5942996144294739,-0.044082045555114746,0.8132078051567078,0.5420511364936829,-0.019593581557273865,0.8654012084007263,0.5475234985351562,-0.04222901165485382,0.8181103467941284,0.5535037517547607,-0.03741970285773277,0.790459930896759,0.5520647764205933,-0.02964646741747856,0.8026096224784851,0.49205154180526733,-0.028905289247632027,0.8447663187980652,0.4971151351928711,-0.04312492907047272,0.8143212199211121,0.5124802589416504,-0.03722154349088669,0.7897510528564453,0.5166230797767639,-0.029660331085324287,0.0,0.0,0.0,0.0,0.0,0.0,0.0,0.0,0.0,0.0,0.0,0.0,0.0,0.0,0.0,0.0,0.0,0.0,0.0,0.0,0.0,0.0,0.0,0.0,0.0,0.0,0.0,0.0,0.0,0.0,0.0,0.0,0.0,0.0,0.0,0.0,0.0,0.0,0.0,0.0,0.0,0.0,0.0,0.0,0.0,0.0,0.0,0.0,0.0,0.0,0.0,0.0,0.0,0.0,0.0,0.0,0.0,0.0,0.0,0.0,0.0,0.0,0.0
down,0.6627482175827026,0.5268092155456543,-9.439968096103257e-08,0.6840494871139526,0.6153700351715088,-0.01985280215740204,0.7176794409751892,0.7013574838638306,-0.03069928288459778,0.7421025633811951,0.7690367102622986,-0.04250229522585869,0.7511078119277954,0.8258203864097595,-0.05104077607393265,0.8032281994819641,0.6329970359802246,-0.008382968604564667,0.8565759062767029,0.636963963508606,-0.033578284084796906,0.8144775629043579,0.6330296397209167,-0.04917488247156143,0.7840568423271179,0.6300881505012512,-0.05601123720407486,0.8065112233161926,0.5826186537742615,-0.011156322434544563,0.8592162728309631,0.5826880931854248,-0.032843172550201416,0.8112773895263672,0.5857903957366943,-0.039437342435121536,0.7849453091621399,0.5871331095695496,-0.04108646512031555,0.8013753294944763,0.5336085557937622,-0.018700100481510162,0.8521963357925415,0.5340375304222107,-0.04106341674923897,0.8079169988632202,0.5402881503105164,-0.034934405237436295,0.7811222076416016,0.5405100584030151,-0.026466812938451767,0.7915123105049133,0.48191627860069275,-0.02852865308523178,0.8329195976257324,0.48590075969696045,-0.04204018786549568,0.8028556108474731,0.4984404742717743,-0.03401296213269234,0.7791115641593933,0.4989084005355835,-0.02494386024773121,0.0,0.0,0.0,0.0,0.0,0.0,0.0,0.0,0.0,0.0,0.0,0.0,0.0,0.0,0.0,0.0,0.0,0.0,0.0,0.0,0.0,0.0,0.0,0.0,0.0,0.0,0.0,0.0,0.0,0.0,0.0,0.0,0.0,0.0,0.0,0.0,0.0,0.0,0.0,0.0,0.0,0.0,0.0,0.0,0.0,0.0,0.0,0.0,0.0,0.0,0.0,0.0,0.0,0.0,0.0,0.0,0.0,0.0,0.0,0.0,0.0,0.0,0.0
down,0.6196840405464172,0.479611873626709,-1.0363916658207017e-07,0.6412116289138794,0.5677948594093323,-0.020036572590470314,0.6747949719429016,0.6563512086868286,-0.031486205756664276,0.6949860453605652,0.72869873046875,-0.04328230768442154,0.7052043080329895,0.7869576811790466,-0.05166957527399063,0.7590897679328918,0.5956878066062927,-0.012408562935888767,0.8081011176109314,0.5998668670654297,-0.03862534835934639,0.7630681395530701,0.5894546508789062,-0.054421648383140564,0.7318457961082458,0.5839036107063293,-0.061556458473205566,0.7653018832206726,0.5424898266792297,-0.015114295296370983,0.8131163120269775,0.5447523593902588,-0.0392012782394886,0.7605934143066406,0.5425525903701782,-0.04677599295973778,0.7319789528846741,0.5404389500617981,-0.0484403595328331,0.7615039348602295,0.49155423045158386,-0.022089125588536263,0.8098868727684021,0.4909125864505768,-0.04679632559418678,0.759894073009491,0.49332958459854126,-0.039751581847667694,0.7312912940979004,0.49284693598747253,-0.030121449381113052,0.7516750693321228,0.43944495916366577,-0.03094893880188465,0.7905884385108948,0.4395902752876282,-0.04660309478640556,0.7567532658576965,0.44867098331451416,-0.03784817084670067,0.7322635650634766,0.45008862018585205,-0.027561603114008904,0.0,0.0,0.0,0.0,0.0,0.0,0.0,0.0,0.0,0.0,0.0,0.0,0.0,0.0,0.0,0.0,0.0,0.0,0.0,0.0,0.0,0.0,0.0,0.0,0.0,0.0,0.0,0.0,0.0,0.0,0.0,0.0,0.0,0.0,0.0,0.0,0.0,0.0,0.0,0.0,0.0,0.0,0.0,0.0,0.0,0.0,0.0,0.0,0.0,0.0,0.0,0.0,0.0,0.0,0.0,0.0,0.0,0.0,0.0,0.0,0.0,0.0,0.0
down,0.5617548227310181,0.4527628421783447,-1.4004211834617308e-07,0.5741130113601685,0.5420819520950317,-0.023840732872486115,0.6071835160255432,0.6372169256210327,-0.035044074058532715,0.6303187608718872,0.7126047611236572,-0.04586368054151535,0.6396556496620178,0.7706453204154968,-0.052716709673404694,0.6986173987388611,0.5722465515136719,-0.013775227591395378,0.7510420083999634,0.5769203901290894,-0.043069448322057724,0.7058889269828796,0.5660975575447083,-0.0600644014775753,0.675006091594696,0.5623204708099365,-0.06724873185157776,0.7059535384178162,0.5184270143508911,-0.015110418200492859,0.756562352180481,0.5206857919692993,-0.04107107222080231,0.7051970362663269,0.517037570476532,-0.047799527645111084,0.6799303293228149,0.5174572467803955,-0.048566784709692,0.7029473781585693,0.46679580211639404,-0.02176312357187271,0.7516955733299255,0.46829989552497864,-0.04882487654685974,0.7026811242103577,0.46873968839645386,-0.04108501598238945,0.6770975589752197,0.4692581593990326,-0.03040427714586258,0.6934860348701477,0.4137974977493286,-0.030791454017162323,0.7330614924430847,0.4154445230960846,-0.04727833345532417,0.6998661160469055,0.42390888929367065,-0.03842288255691528,0.677026629447937,0.4260227084159851,-0.02806410752236843,0.0,0.0,0.0,0.0,0.0,0.0,0.0,0.0,0.0,0.0,0.0,0.0,0.0,0.0,0.0,0.0,0.0,0.0,0.0,0.0,0.0,0.0,0.0,0.0,0.0,0.0,0.0,0.0,0.0,0.0,0.0,0.0,0.0,0.0,0.0,0.0,0.0,0.0,0.0,0.0,0.0,0.0,0.0,0.0,0.0,0.0,0.0,0.0,0.0,0.0,0.0,0.0,0.0,0.0,0.0,0.0,0.0,0.0,0.0,0.0,0.0,0.0,0.0
down,0.5180597305297852,0.41292470693588257,-1.1796065990665738e-07,0.5338236689567566,0.5057403445243835,-0.026352237910032272,0.5658358335494995,0.6008459329605103,-0.039275556802749634,0.5916299819946289,0.6768546104431152,-0.05150178447365761,0.6005847454071045,0.7368364334106445,-0.05864885449409485,0.6611055135726929,0.5334344506263733,-0.015140049159526825,0.7141167521476746,0.537458062171936,-0.04498746618628502,0.6650541424751282,0.5292829871177673,-0.059914011508226395,0.6361533999443054,0.5263586640357971,-0.06545418500900269,0.6665109992027283,0.48034340143203735,-0.01557503268122673,0.7172926068305969,0.48080357909202576,-0.04326977953314781,0.6608816385269165,0.4801207184791565,-0.04918718338012695,0.6390321254730225,0.48251861333847046,-0.04926605150103569,0.6627599596977234,0.428544282913208,-0.021651210263371468,0.7115672826766968,0.4290660321712494,-0.05061037465929985,0.6585779786109924,0.43261781334877014,-0.04269690066576004,0.6341888308525085,0.43426159024238586,-0.03160000964999199,0.6539217829704285,0.3745095729827881,-0.030348530039191246,0.6925907731056213,0.3750903904438019,-0.04796645790338516,0.658130943775177,0.387515664100647,-0.040381744503974915,0.6356645822525024,0.3918071985244751,-0.03082358092069626,0.0,0.0,0.0,0.0,0.0,0.0,0.0,0.0,0.0,0.0,0.0,0.0,0.0,0.0,0.0,0.0,0.0,0.0,0.0,0.0,0.0,0.0,0.0,0.0,0.0,0.0,0.0,0.0,0.0,0.0,0.0,0.0,0.0,0.0,0.0,0.0,0.0,0.0,0.0,0.0,0.0,0.0,0.0,0.0,0.0,0.0,0.0,0.0,0.0,0.0,0.0,0.0,0.0,0.0,0.0,0.0,0.0,0.0,0.0,0.0,0.0,0.0,0.0
down,0.49744853377342224,0.4072691798210144,-1.411870726997222e-07,0.5107826590538025,0.49945998191833496,-0.028238331899046898,0.5430224537849426,0.5963019132614136,-0.04246539995074272,0.5683735609054565,0.6754697561264038,-0.055680908262729645,0.5764807462692261,0.7368245720863342,-0.06318829208612442,0.6422697901725769,0.5301904678344727,-0.015819253399968147,0.6947859525680542,0.537269651889801,-0.04738582670688629,0.6428517699241638,0.5265903472900391,-0.06270071864128113,0.6147854924201965,0.523168683052063,-0.06819187104701996,0.6482124924659729,0.47540226578712463,-0.01529974676668644,0.6964284181594849,0.47732263803482056,-0.0431361123919487,0.6368168592453003,0.4747025668621063,-0.04725088179111481,0.619076669216156,0.47893404960632324,-0.04611332714557648,0.6447757482528687,0.42188024520874023,-0.020909383893013,0.6907060146331787,0.4244021773338318,-0.050282567739486694,0.6359821557998657,0.4276863634586334,-0.04027833417057991,0.6159407496452332,0.4310285449028015,-0.027840210124850273,0.6364280581474304,0.36722972989082336,-0.029257280752062798,0.6724404692649841,0.36937451362609863,-0.04597955197095871,0.6369108557701111,0.381464421749115,-0.03662671521306038,0.6171894669532776,0.3849347233772278,-0.02595485746860504,0.0,0.0,0.0,0.0,0.0,0.0,0.0,0.0,0.0,0.0,0.0,0.0,0.0,0.0,0.0,0.0,0.0,0.0,0.0,0.0,0.0,0.0,0.0,0.0,0.0,0.0,0.0,0.0,0.0,0.0,0.0,0.0,0.0,0.0,0.0,0.0,0.0,0.0,0.0,0.0,0.0,0.0,0.0,0.0,0.0,0.0,0.0,0.0,0.0,0.0,0.0,0.0,0.0,0.0,0.0,0.0,0.0,0.0,0.0,0.0,0.0,0.0,0.0
down,0.4863274097442627,0.34767064452171326,-1.3002605214751384e-07,0.503013551235199,0.446196973323822,-0.03135857358574867,0.5420902967453003,0.5504168272018433,-0.04574408382177353,0.5746622085571289,0.6305582523345947,-0.05857248976826668,0.5850286483764648,0.6948869228363037,-0.06500297784805298,0.6380664110183716,0.47593608498573303,-0.016531355679035187,0.6948978304862976,0.47531288862228394,-0.04823023080825806,0.6398807764053345,0.46544191241264343,-0.06152539700269699,0.6113584041595459,0.4681323766708374,-0.06562694162130356,0.6434924602508545,0.41815507411956787,-0.014641893096268177,0.6953461170196533,0.4102945923805237,-0.042490214109420776,0.6322020292282104,0.40905797481536865,-0.04446994513273239,0.6157138347625732,0.4208029806613922,-0.041989635676145554,0.6390674114227295,0.36228716373443604,-0.019518498331308365,0.6894146800041199,0.3565860390663147,-0.049094490706920624,0.6318874955177307,0.360706090927124,-0.037134841084480286,0.6108213067054749,0.3704971671104431,-0.023549901321530342,0.6292881369590759,0.3065187335014343,-0.02750501222908497,0.6696749329566956,0.2992147207260132,-0.04292324185371399,0.6331192851066589,0.3130384683609009,-0.03242504224181175,0.6119107007980347,0.32222893834114075,-0.021244339644908905,0.0,0.0,0.0,0.0,0.0,0.0,0.0,0.0,0.0,0.0,0.0,0.0,0.0,0.0,0.0,0.0,0.0,0.0,0.0,0.0,0.0,0.0,0.0,0.0,0.0,0.0,0.0,0.0,0.0,0.0,0.0,0.0,0.0,0.0,0.0,0.0,0.0,0.0,0.0,0.0,0.0,0.0,0.0,0.0,0.0,0.0,0.0,0.0,0.0,0.0,0.0,0.0,0.0,0.0,0.0,0.0,0.0,0.0,0.0,0.0,0.0,0.0,0.0
down,0.49352025985717773,0.35012704133987427,-6.428610532793755e-08,0.5069218873977661,0.44541147351264954,-0.03144904971122742,0.5434719920158386,0.5498138666152954,-0.04561135545372963,0.5732643008232117,0.6310105323791504,-0.05777917802333832,0.5843482613563538,0.6952810883522034,-0.06368322670459747,0.6388930082321167,0.47796642780303955,-0.01854349486529827,0.6932897567749023,0.4778553545475006,-0.050326790660619736,0.6414939165115356,0.4695241451263428,-0.06399279832839966,0.6129583120346069,0.4719794988632202,-0.06831440329551697,0.6447589993476868,0.4210682809352875,-0.016652163118124008,0.6953059434890747,0.4139630198478699,-0.04510463401675224,0.6359990835189819,0.41420942544937134,-0.04865066707134247,0.6188389658927917,0.42549920082092285,-0.04726293310523033,0.6409281492233276,0.3661843538284302,-0.021271880716085434,0.6899697184562683,0.35979077219963074,-0.051553696393966675,0.6349170207977295,0.36524420976638794,-0.04157690331339836,0.6138405203819275,0.376162052154541,-0.029203759506344795,0.6311772465705872,0.31237444281578064,-0.0288391150534153,0.6695382595062256,0.306165874004364,-0.04514128342270851,0.6341846585273743,0.3183935880661011,-0.0355549082159996,0.6142231822013855,0.32702872157096863,-0.024961331859230995,0.0,0.0,0.0,0.0,0.0,0.0,0.0,0.0,0.0,0.0,0.0,0.0,0.0,0.0,0.0,0.0,0.0,0.0,0.0,0.0,0.0,0.0,0.0,0.0,0.0,0.0,0.0,0.0,0.0,0.0,0.0,0.0,0.0,0.0,0.0,0.0,0.0,0.0,0.0,0.0,0.0,0.0,0.0,0.0,0.0,0.0,0.0,0.0,0.0,0.0,0.0,0.0,0.0,0.0,0.0,0.0,0.0,0.0,0.0,0.0,0.0,0.0,0.0
down,0.5012260675430298,0.364740788936615,-1.1931808785448084e-07,0.51035076379776,0.4595628082752228,-0.029562370851635933,0.5437211990356445,0.5622304677963257,-0.04330942779779434,0.5707775950431824,0.6437777876853943,-0.05536576732993126,0.5776148438453674,0.7090386748313904,-0.06153830513358116,0.6402251720428467,0.5023227334022522,-0.016080908477306366,0.6912692785263062,0.49949946999549866,-0.04443243145942688,0.6420795917510986,0.4853779375553131,-0.05598387122154236,0.6166309118270874,0.4900134205818176,-0.05971107259392738,0.6479538083076477,0.4462262690067291,-0.014089621603488922,0.6911824345588684,0.4359510540962219,-0.03847513720393181,0.6345738172531128,0.42858582735061646,-0.03912262246012688,0.6206312775611877,0.4432181119918823,-0.036528583616018295,0.6465254426002502,0.39278388023376465,-0.01831638067960739,0.6865711212158203,0.38503777980804443,-0.044876113533973694,0.6353371739387512,0.3834972083568573,-0.03290503844618797,0.6176112294197083,0.3962792456150055,-0.020153170451521873,0.640618085861206,0.34053391218185425,-0.025433706119656563,0.6751163601875305,0.33525899052619934,-0.03881761431694031,0.6408586502075195,0.341654896736145,-0.027319110929965973,0.6221410632133484,0.34770384430885315,-0.015651937574148178,0.0,0.0,0.0,0.0,0.0,0.0,0.0,0.0,0.0,0.0,0.0,0.0,0.0,0.0,0.0,0.0,0.0,0.0,0.0,0.0,0.0,0.0,0.0,0.0,0.0,0.0,0.0,0.0,0.0,0.0,0.0,0.0,0.0,0.0,0.0,0.0,0.0,0.0,0.0,0.0,0.0,0.0,0.0,0.0,0.0,0.0,0.0,0.0,0.0,0.0,0.0,0.0,0.0,0.0,0.0,0.0,0.0,0.0,0.0,0.0,0.0,0.0,0.0
down,0.5063133239746094,0.43339186906814575,-1.387873567182396e-07,0.5132997632026672,0.5182656645774841,-0.02689211070537567,0.5392800569534302,0.6108280420303345,-0.04115515947341919,0.5604491233825684,0.6865744590759277,-0.05441148951649666,0.5667692422866821,0.7471138834953308,-0.06346854567527771,0.6325242519378662,0.5537487864494324,-0.018647965043783188,0.6841536164283752,0.5644058585166931,-0.04774704575538635,0.6422722935676575,0.5559260845184326,-0.06323983520269394,0.6149798035621643,0.5498569011688232,-0.06954214721918106,0.6406421661376953,0.5038983225822449,-0.01812261901795864,0.6909472346305847,0.5087194442749023,-0.04363115131855011,0.6406063437461853,0.5055364966392517,-0.04887239634990692,0.6193118095397949,0.5077998638153076,-0.049165934324264526,0.6396645307540894,0.4568479061126709,-0.02295524999499321,0.6870209574699402,0.4588419198989868,-0.04856587201356888,0.6400902271270752,0.4595106542110443,-0.0408097468316555,0.6170657277107239,0.46217504143714905,-0.030863754451274872,0.6334666609764099,0.4091058671474457,-0.030564244836568832,0.6709266901016235,0.40845799446105957,-0.045512907207012177,0.6404651999473572,0.4181966781616211,-0.03821411728858948,0.6197548508644104,0.42333436012268066,-0.029778799042105675,0.0,0.0,0.0,0.0,0.0,0.0,0.0,0.0,0.0,0.0,0.0,0.0,0.0,0.0,0.0,0.0,0.0,0.0,0.0,0.0,0.0,0.0,0.0,0.0,0.0,0.0,0.0,0.0,0.0,0.0,0.0,0.0,0.0,0.0,0.0,0.0,0.0,0.0,0.0,0.0,0.0,0.0,0.0,0.0,0.0,0.0,0.0,0.0,0.0,0.0,0.0,0.0,0.0,0.0,0.0,0.0,0.0,0.0,0.0,0.0,0.0,0.0,0.0
down,0.5245066285133362,0.39942044019699097,-1.2029190088469477e-07,0.5330884456634521,0.4893728196620941,-0.021041270345449448,0.5587089657783508,0.5810562372207642,-0.03079904615879059,0.5787907242774963,0.6530291438102722,-0.040736228227615356,0.58198082447052,0.7111099362373352,-0.046572715044021606,0.6456542015075684,0.5241111516952515,-0.004769961349666119,0.6950360536575317,0.5293585658073425,-0.027382807806134224,0.6530808806419373,0.5167015790939331,-0.04112986847758293,0.630374014377594,0.5179328918457031,-0.04766431450843811,0.6524459719657898,0.4730994701385498,-0.005451878998428583,0.699242353439331,0.4727781414985657,-0.023502426221966743,0.6529998779296875,0.4683555066585541,-0.02730005793273449,0.6348241567611694,0.4739226698875427,-0.02811482548713684,0.6521462798118591,0.4246964156627655,-0.011368053033947945,0.6955626606941223,0.4260501265525818,-0.030360978096723557,0.6542129516601562,0.42497551441192627,-0.021688083186745644,0.6342349052429199,0.42746925354003906,-0.012603973038494587,0.6488610506057739,0.3757684528827667,-0.0197878610342741,0.6878118515014648,0.38036099076271057,-0.02879595197737217,0.6591188311576843,0.3854762315750122,-0.01846289075911045,0.6391744613647461,0.3847854435443878,-0.008662947453558445,0.0,0.0,0.0,0.0,0.0,0.0,0.0,0.0,0.0,0.0,0.0,0.0,0.0,0.0,0.0,0.0,0.0,0.0,0.0,0.0,0.0,0.0,0.0,0.0,0.0,0.0,0.0,0.0,0.0,0.0,0.0,0.0,0.0,0.0,0.0,0.0,0.0,0.0,0.0,0.0,0.0,0.0,0.0,0.0,0.0,0.0,0.0,0.0,0.0,0.0,0.0,0.0,0.0,0.0,0.0,0.0,0.0,0.0,0.0,0.0,0.0,0.0,0.0
down,0.47838065028190613,0.38875502347946167,-9.320631733089613e-08,0.48731449246406555,0.4747049808502197,-0.025825733318924904,0.5129837989807129,0.5712890625,-0.039534199982881546,0.5302955508232117,0.6488429307937622,-0.052449099719524384,0.5344691276550293,0.710102379322052,-0.06123468652367592,0.6057586073875427,0.5107009410858154,-0.018519055098295212,0.6565985679626465,0.5196848511695862,-0.047804199159145355,0.6134501695632935,0.5109853744506836,-0.06462303549051285,0.5850533843040466,0.5087532997131348,-0.07220222800970078,0.6151295900344849,0.45932847261428833,-0.019043317064642906,0.6621466875076294,0.464522123336792,-0.04463866725564003,0.6118810772895813,0.4617421627044678,-0.05109764263033867,0.590011477470398,0.4629763960838318,-0.05260198935866356,0.6147008538246155,0.4097900688648224,-0.024800043553113937,0.6617320775985718,0.4139147996902466,-0.05065082013607025,0.6140891313552856,0.41498661041259766,-0.04351919889450073,0.5904707312583923,0.41608136892318726,-0.034225452691316605,0.6084776520729065,0.35888442397117615,-0.03321250155568123,0.645160436630249,0.36130326986312866,-0.04857043921947479,0.6136518120765686,0.3711142838001251,-0.04107675701379776,0.5921585559844971,0.374342143535614,-0.03253420814871788,0.0,0.0,0.0,0.0,0.0,0.0,0.0,0.0,0.0,0.0,0.0,0.0,0.0,0.0,0.0,0.0,0.0,0.0,0.0,0.0,0.0,0.0,0.0,0.0,0.0,0.0,0.0,0.0,0.0,0.0,0.0,0.0,0.0,0.0,0.0,0.0,0.0,0.0,0.0,0.0,0.0,0.0,0.0,0.0,0.0,0.0,0.0,0.0,0.0,0.0,0.0,0.0,0.0,0.0,0.0,0.0,0.0,0.0,0.0,0.0,0.0,0.0,0.0
down,0.46163225173950195,0.39520224928855896,-7.100211973920523e-08,0.47001343965530396,0.48063167929649353,-0.024945760145783424,0.49797213077545166,0.5794655084609985,-0.03782117739319801,0.515246570110321,0.6593314409255981,-0.05021313950419426,0.5197870135307312,0.7189376354217529,-0.05854975804686546,0.5925199389457703,0.5198705196380615,-0.014196471311151981,0.6431634426116943,0.5295954942703247,-0.043223679065704346,0.5998401045799255,0.5185940265655518,-0.059827566146850586,0.5713804960250854,0.5147879123687744,-0.06679710745811462,0.6014189720153809,0.4677744507789612,-0.014728853479027748,0.6491533517837524,0.47152647376060486,-0.040190067142248154,0.5977891087532043,0.4664248824119568,-0.04677484557032585,0.5762059688568115,0.4680858254432678,-0.04753565043210983,0.6001949310302734,0.41699719429016113,-0.020664501935243607,0.6460732221603394,0.4200948178768158,-0.04666430130600929,0.5978207588195801,0.41970452666282654,-0.039709895849227905,0.57521653175354,0.42102164030075073,-0.02981494925916195,0.5931308269500732,0.36582446098327637,-0.02911463752388954,0.6299273371696472,0.36911797523498535,-0.044106096029281616,0.597643256187439,0.3774631917476654,-0.035907819867134094,0.5768740177154541,0.3803682327270508,-0.026365594938397408,0.0,0.0,0.0,0.0,0.0,0.0,0.0,0.0,0.0,0.0,0.0,0.0,0.0,0.0,0.0,0.0,0.0,0.0,0.0,0.0,0.0,0.0,0.0,0.0,0.0,0.0,0.0,0.0,0.0,0.0,0.0,0.0,0.0,0.0,0.0,0.0,0.0,0.0,0.0,0.0,0.0,0.0,0.0,0.0,0.0,0.0,0.0,0.0,0.0,0.0,0.0,0.0,0.0,0.0,0.0,0.0,0.0,0.0,0.0,0.0,0.0,0.0,0.0
down,0.42179739475250244,0.39213770627975464,-1.1278395817271303e-07,0.43102583289146423,0.48327407240867615,-0.028979508206248283,0.4594150185585022,0.5847388505935669,-0.04321475699543953,0.4807027280330658,0.6650393009185791,-0.05581502616405487,0.48228657245635986,0.7277482748031616,-0.06305600702762604,0.5546724200248718,0.5226809978485107,-0.019532743841409683,0.607669472694397,0.5297929644584656,-0.04934748262166977,0.5611914992332458,0.5165457725524902,-0.06337221711874008,0.5342044234275818,0.5139928460121155,-0.06864070147275925,0.5626387000083923,0.4681755006313324,-0.018506944179534912,0.614750862121582,0.469672292470932,-0.0464143380522728,0.5585448741912842,0.4629696309566498,-0.05153066664934158,0.5378860235214233,0.4679670035839081,-0.05112329125404358,0.5612008571624756,0.4161009192466736,-0.023116478696465492,0.610177218914032,0.4164535701274872,-0.052085597068071365,0.5585920214653015,0.41503894329071045,-0.04422803223133087,0.5357741117477417,0.41972553730010986,-0.03324689343571663,0.5546712279319763,0.3643752932548523,-0.030435703694820404,0.5945845246315002,0.3623238205909729,-0.04661339521408081,0.5619863867759705,0.37131544947624207,-0.03892593830823898,0.5406654477119446,0.3784087300300598,-0.02973582223057747,0.0,0.0,0.0,0.0,0.0,0.0,0.0,0.0,0.0,0.0,0.0,0.0,0.0,0.0,0.0,0.0,0.0,0.0,0.0,0.0,0.0,0.0,0.0,0.0,0.0,0.0,0.0,0.0,0.0,0.0,0.0,0.0,0.0,0.0,0.0,0.0,0.0,0.0,0.0,0.0,0.0,0.0,0.0,0.0,0.0,0.0,0.0,0.0,0.0,0.0,0.0,0.0,0.0,0.0,0.0,0.0,0.0,0.0,0.0,0.0,0.0,0.0,0.0
down,0.40343430638313293,0.4009961485862732,-1.3570348755820305e-07,0.40701499581336975,0.4934903681278229,-0.03129381313920021,0.43609464168548584,0.6020385026931763,-0.046402521431446075,0.45831650495529175,0.6870865225791931,-0.059480663388967514,0.4574770927429199,0.7518593072891235,-0.06649844348430634,0.5349876880645752,0.5394096970558167,-0.021298062056303024,0.5901206731796265,0.5479810833930969,-0.05246657878160477,0.5405956506729126,0.532712459564209,-0.06565113365650177,0.5132777690887451,0.5303990244865417,-0.06992469727993011,0.5440794229507446,0.48320794105529785,-0.019030684605240822,0.5932788848876953,0.48548391461372375,-0.04710528254508972,0.5337209105491638,0.47484809160232544,-0.049441080540418625,0.5173895955085754,0.4832502603530884,-0.04707452282309532,0.5442405939102173,0.42984920740127563,-0.023028960451483727,0.5916466116905212,0.43388545513153076,-0.0527203269302845,0.5369468927383423,0.42986780405044556,-0.042164064943790436,0.516460657119751,0.4363935589790344,-0.029410015791654587,0.5395143032073975,0.3775080442428589,-0.029978042468428612,0.5791630744934082,0.3780771493911743,-0.04667375236749649,0.5431960821151733,0.3857281804084778,-0.037863221019506454,0.5219377875328064,0.39259493350982666,-0.027764203026890755,0.0,0.0,0.0,0.0,0.0,0.0,0.0,0.0,0.0,0.0,0.0,0.0,0.0,0.0,0.0,0.0,0.0,0.0,0.0,0.0,0.0,0.0,0.0,0.0,0.0,0.0,0.0,0.0,0.0,0.0,0.0,0.0,0.0,0.0,0.0,0.0,0.0,0.0,0.0,0.0,0.0,0.0,0.0,0.0,0.0,0.0,0.0,0.0,0.0,0.0,0.0,0.0,0.0,0.0,0.0,0.0,0.0,0.0,0.0,0.0,0.0,0.0,0.0
down,0.38794177770614624,0.400956392288208,-9.308309500966061e-08,0.39091211557388306,0.4922736883163452,-0.03350571542978287,0.4233062267303467,0.6052975654602051,-0.049663059413433075,0.4464157819747925,0.692699670791626,-0.06308908015489578,0.44409075379371643,0.7590491771697998,-0.07046252489089966,0.5244572162628174,0.5401999354362488,-0.024959633126854897,0.5764120817184448,0.5505831837654114,-0.05570157244801521,0.525368332862854,0.5344815254211426,-0.06692377477884293,0.498554527759552,0.5295474529266357,-0.06965819001197815,0.5340086817741394,0.48279231786727905,-0.021939069032669067,0.5793456435203552,0.4867161512374878,-0.04887927323579788,0.5195775032043457,0.47425350546836853,-0.04939071089029312,0.5067436695098877,0.4818181097507477,-0.04576094448566437,0.5331364274024963,0.42738619446754456,-0.025266103446483612,0.5771830677986145,0.43284937739372253,-0.05361877754330635,0.5234599709510803,0.4274476170539856,-0.04163612425327301,0.5074856877326965,0.43364444375038147,-0.02845223806798458,0.5279219746589661,0.37283822894096375,-0.03168874979019165,0.5640820860862732,0.37401488423347473,-0.0468900203704834,0.5287982225418091,0.3804740905761719,-0.036512911319732666,0.5119085907936096,0.38673830032348633,-0.02570447139441967,0.0,0.0,0.0,0.0,0.0,0.0,0.0,0.0,0.0,0.0,0.0,0.0,0.0,0.0,0.0,0.0,0.0,0.0,0.0,0.0,0.0,0.0,0.0,0.0,0.0,0.0,0.0,0.0,0.0,0.0,0.0,0.0,0.0,0.0,0.0,0.0,0.0,0.0,0.0,0.0,0.0,0.0,0.0,0.0,0.0,0.0,0.0,0.0,0.0,0.0,0.0,0.0,0.0,0.0,0.0,0.0,0.0,0.0,0.0,0.0,0.0,0.0,0.0
down,0.42853209376335144,0.364190012216568,-1.35106660081874e-07,0.442525178194046,0.4596816301345825,-0.028941096737980843,0.47529488801956177,0.5609464049339294,-0.042934708297252655,0.498320996761322,0.64352947473526,-0.05609273910522461,0.5030518174171448,0.7087066769599915,-0.06379546225070953,0.5690336227416992,0.49146607518196106,-0.01593657024204731,0.6210060119628906,0.4916499853134155,-0.048667941242456436,0.5711395144462585,0.48255643248558044,-0.06529612094163895,0.544933021068573,0.4869648218154907,-0.0721220076084137,0.5760749578475952,0.4353955388069153,-0.01577114686369896,0.6247270703315735,0.43073102831840515,-0.04397169128060341,0.5671142339706421,0.42798054218292236,-0.04802349582314491,0.550775408744812,0.437576562166214,-0.047392282634973526,0.5744494199752808,0.3809947967529297,-0.022157058119773865,0.6225260496139526,0.3778434991836548,-0.051849402487277985,0.5690227150917053,0.3789675235748291,-0.04111349955201149,0.5482818484306335,0.38588809967041016,-0.028346959501504898,0.5678533315658569,0.3260329067707062,-0.03159845247864723,0.6062567234039307,0.32278186082839966,-0.04748193174600601,0.5725440382957458,0.3322615921497345,-0.037378277629613876,0.5530282855033875,0.33726102113723755,-0.026486031711101532,0.0,0.0,0.0,0.0,0.0,0.0,0.0,0.0,0.0,0.0,0.0,0.0,0.0,0.0,0.0,0.0,0.0,0.0,0.0,0.0,0.0,0.0,0.0,0.0,0.0,0.0,0.0,0.0,0.0,0.0,0.0,0.0,0.0,0.0,0.0,0.0,0.0,0.0,0.0,0.0,0.0,0.0,0.0,0.0,0.0,0.0,0.0,0.0,0.0,0.0,0.0,0.0,0.0,0.0,0.0,0.0,0.0,0.0,0.0,0.0,0.0,0.0,0.0
down,0.45496928691864014,0.3430631756782532,-1.141908043678086e-07,0.46940478682518005,0.43707597255706787,-0.028232241049408913,0.4983203411102295,0.5292829275131226,-0.04256553575396538,0.521680474281311,0.6063973307609558,-0.05666433274745941,0.5287153124809265,0.6710687875747681,-0.06569989025592804,0.5961584448814392,0.4617977738380432,-0.009217212907969952,0.6410154104232788,0.4584689140319824,-0.040229376405477524,0.5944520235061646,0.4487762451171875,-0.05754813551902771,0.5695416927337646,0.45317763090133667,-0.06509216129779816,0.6023677587509155,0.4065803289413452,-0.008700783364474773,0.6430692076683044,0.3978496789932251,-0.035524796694517136,0.5894578099250793,0.39587992429733276,-0.041111212223768234,0.5726308226585388,0.407270610332489,-0.04157143831253052,0.5997459888458252,0.3541546165943146,-0.014939865097403526,0.6409433484077454,0.3446733355522156,-0.04319901019334793,0.5922695398330688,0.3469446301460266,-0.03508667275309563,0.5714987516403198,0.3567366898059845,-0.024220256134867668,0.5923851132392883,0.30221956968307495,-0.024173006415367126,0.6259433627128601,0.2926941215991974,-0.03829411789774895,0.594581127166748,0.302081823348999,-0.029122721403837204,0.5745530724525452,0.30908405780792236,-0.018950864672660828,0.0,0.0,0.0,0.0,0.0,0.0,0.0,0.0,0.0,0.0,0.0,0.0,0.0,0.0,0.0,0.0,0.0,0.0,0.0,0.0,0.0,0.0,0.0,0.0,0.0,0.0,0.0,0.0,0.0,0.0,0.0,0.0,0.0,0.0,0.0,0.0,0.0,0.0,0.0,0.0,0.0,0.0,0.0,0.0,0.0,0.0,0.0,0.0,0.0,0.0,0.0,0.0,0.0,0.0,0.0,0.0,0.0,0.0,0.0,0.0,0.0,0.0,0.0
down,0.46483147144317627,0.3174000382423401,-1.1949656197884906e-07,0.4796188473701477,0.40641021728515625,-0.028829185292124748,0.515243649482727,0.5029792785644531,-0.043314751237630844,0.5418941378593445,0.5806609392166138,-0.05640764534473419,0.5496753454208374,0.6420193910598755,-0.06439889222383499,0.6081701517105103,0.4326396584510803,-0.020214347168803215,0.6620954275131226,0.43572428822517395,-0.051343221217393875,0.6135851144790649,0.4280756413936615,-0.06658133119344711,0.5846182107925415,0.4277600646018982,-0.07222156226634979,0.6137569546699524,0.37713858485221863,-0.01924181543290615,0.6638529300689697,0.3742542862892151,-0.046936996281147,0.6083312034606934,0.3759712278842926,-0.051410410553216934,0.5885720252990723,0.3821226954460144,-0.05075400695204735,0.6096320748329163,0.32518845796585083,-0.024074599146842957,0.6591013669967651,0.3219431936740875,-0.05214506387710571,0.6085702776908875,0.3282942771911621,-0.04322361946105957,0.5866492986679077,0.3335471749305725,-0.03190596029162407,0.5993620753288269,0.2746155261993408,-0.03172578290104866,0.6392676830291748,0.27212584018707275,-0.047126516699790955,0.6067639589309692,0.28479456901550293,-0.038363732397556305,0.585968554019928,0.29027438163757324,-0.028503281995654106,0.0,0.0,0.0,0.0,0.0,0.0,0.0,0.0,0.0,0.0,0.0,0.0,0.0,0.0,0.0,0.0,0.0,0.0,0.0,0.0,0.0,0.0,0.0,0.0,0.0,0.0,0.0,0.0,0.0,0.0,0.0,0.0,0.0,0.0,0.0,0.0,0.0,0.0,0.0,0.0,0.0,0.0,0.0,0.0,0.0,0.0,0.0,0.0,0.0,0.0,0.0,0.0,0.0,0.0,0.0,0.0,0.0,0.0,0.0,0.0,0.0,0.0,0.0
down,0.4310415983200073,0.3265130817890167,-1.449189994673361e-07,0.44818276166915894,0.4137435555458069,-0.027403557673096657,0.48074862360954285,0.5062638521194458,-0.042001862078905106,0.5067269802093506,0.584636926651001,-0.055266980081796646,0.5139089822769165,0.6462658643722534,-0.06264391541481018,0.5753335952758789,0.4403471350669861,-0.014694815501570702,0.6225407719612122,0.43888023495674133,-0.04389967396855354,0.5720174908638,0.42759791016578674,-0.05793650820851326,0.5502729415893555,0.4300268292427063,-0.06344447284936905,0.5809057950973511,0.38568758964538574,-0.013709155842661858,0.6238285303115845,0.3794827461242676,-0.03880081698298454,0.5654388666152954,0.37871628999710083,-0.04156101867556572,0.5538660883903503,0.38749516010284424,-0.040214017033576965,0.577873706817627,0.33404088020324707,-0.018521256744861603,0.6199712157249451,0.3286769390106201,-0.045085012912750244,0.566535234451294,0.33246588706970215,-0.033952560275793076,0.5509137511253357,0.34039655327796936,-0.021542154252529144,0.5704449415206909,0.28296104073524475,-0.02598242461681366,0.6040486097335815,0.277848482131958,-0.039263494312763214,0.5694318413734436,0.2889506220817566,-0.02833832986652851,0.5523763298988342,0.2952154576778412,-0.01706804521381855,0.0,0.0,0.0,0.0,0.0,0.0,0.0,0.0,0.0,0.0,0.0,0.0,0.0,0.0,0.0,0.0,0.0,0.0,0.0,0.0,0.0,0.0,0.0,0.0,0.0,0.0,0.0,0.0,0.0,0.0,0.0,0.0,0.0,0.0,0.0,0.0,0.0,0.0,0.0,0.0,0.0,0.0,0.0,0.0,0.0,0.0,0.0,0.0,0.0,0.0,0.0,0.0,0.0,0.0,0.0,0.0,0.0,0.0,0.0,0.0,0.0,0.0,0.0
down,0.35379400849342346,0.2959597110748291,-6.272270525187196e-08,0.37249597907066345,0.3863445222377777,-0.028604667633771896,0.4099057614803314,0.4861178994178772,-0.042443715035915375,0.4331623613834381,0.5692542791366577,-0.05455911532044411,0.4409722089767456,0.6333099603652954,-0.06124715879559517,0.5010451674461365,0.41507089138031006,-0.019741477444767952,0.546944260597229,0.40761980414390564,-0.047913845628499985,0.49862396717071533,0.40251797437667847,-0.06035146117210388,0.47407659888267517,0.40646836161613464,-0.06501234322786331,0.5057719945907593,0.3581460118293762,-0.019413579255342484,0.5461444854736328,0.34835389256477356,-0.04398230463266373,0.49134719371795654,0.3504638671875,-0.047447267919778824,0.47828271985054016,0.35991525650024414,-0.04756879806518555,0.5000141263008118,0.3037220239639282,-0.02466435544192791,0.5399747490882874,0.2945326566696167,-0.05113380774855614,0.4892732501029968,0.3014291524887085,-0.04117061197757721,0.47216796875,0.31106916069984436,-0.030411994084715843,0.4885202646255493,0.2503964900970459,-0.03269536793231964,0.5211911201477051,0.2417282611131668,-0.046739477664232254,0.4891723692417145,0.254086434841156,-0.03650670126080513,0.4727064371109009,0.2620949149131775,-0.02641180343925953,0.0,0.0,0.0,0.0,0.0,0.0,0.0,0.0,0.0,0.0,0.0,0.0,0.0,0.0,0.0,0.0,0.0,0.0,0.0,0.0,0.0,0.0,0.0,0.0,0.0,0.0,0.0,0.0,0.0,0.0,0.0,0.0,0.0,0.0,0.0,0.0,0.0,0.0,0.0,0.0,0.0,0.0,0.0,0.0,0.0,0.0,0.0,0.0,0.0,0.0,0.0,0.0,0.0,0.0,0.0,0.0,0.0,0.0,0.0,0.0,0.0,0.0,0.0
down,0.3156636953353882,0.310096800327301,-1.0059011401608586e-07,0.33003824949264526,0.39883753657341003,-0.03241407871246338,0.3672027587890625,0.5022668242454529,-0.047555919736623764,0.390402615070343,0.5869790315628052,-0.06031699851155281,0.3968208432197571,0.6507985591888428,-0.06705377250909805,0.45838871598243713,0.43508023023605347,-0.02379499189555645,0.5074116587638855,0.4352104663848877,-0.05329446867108345,0.45688068866729736,0.42475152015686035,-0.06448347866535187,0.4323749244213104,0.42627012729644775,-0.06794574111700058,0.46464625000953674,0.37753474712371826,-0.02154257521033287,0.5081942677497864,0.371660053730011,-0.04778382554650307,0.44972771406173706,0.3678230345249176,-0.04927251860499382,0.4378267228603363,0.37871894240379333,-0.04734908416867256,0.46067893505096436,0.32289960980415344,-0.025393376126885414,0.5036505460739136,0.31799179315567017,-0.05349380150437355,0.4501930773258209,0.31956443190574646,-0.04146762564778328,0.434215784072876,0.3289794921875,-0.02880123443901539,0.45193326473236084,0.26924821734428406,-0.03233005851507187,0.4882843494415283,0.26343661546707153,-0.04744747281074524,0.4540621042251587,0.27332180738449097,-0.03675972297787666,0.43659907579421997,0.28065091371536255,-0.026038585230708122,0.0,0.0,0.0,0.0,0.0,0.0,0.0,0.0,0.0,0.0,0.0,0.0,0.0,0.0,0.0,0.0,0.0,0.0,0.0,0.0,0.0,0.0,0.0,0.0,0.0,0.0,0.0,0.0,0.0,0.0,0.0,0.0,0.0,0.0,0.0,0.0,0.0,0.0,0.0,0.0,0.0,0.0,0.0,0.0,0.0,0.0,0.0,0.0,0.0,0.0,0.0,0.0,0.0,0.0,0.0,0.0,0.0,0.0,0.0,0.0,0.0,0.0,0.0
down,0.28736868500709534,0.326880544424057,-1.4238888468298683e-07,0.30333495140075684,0.41754791140556335,-0.030800435692071915,0.3401523232460022,0.5180650353431702,-0.045957356691360474,0.3633747696876526,0.600712776184082,-0.05902886018157005,0.36694416403770447,0.6652613282203674,-0.06607785820960999,0.4350232183933258,0.4489915072917938,-0.02209160104393959,0.48377856612205505,0.44585421681404114,-0.052449166774749756,0.43187040090560913,0.436124324798584,-0.06596727669239044,0.4084227383136749,0.44086262583732605,-0.07118342816829681,0.4408656656742096,0.3897343575954437,-0.020197654142975807,0.48432135581970215,0.38387373089790344,-0.04643284156918526,0.42363184690475464,0.38227349519729614,-0.04829399287700653,0.41118723154067993,0.392490416765213,-0.04671531915664673,0.4369414448738098,0.33443933725357056,-0.024253880605101585,0.480887770652771,0.33037522435188293,-0.05193296819925308,0.42613720893859863,0.3329277038574219,-0.039431776851415634,0.4096168577671051,0.3404214680194855,-0.026314841583371162,0.4280870258808136,0.2803703546524048,-0.03127231448888779,0.4644281268119812,0.27621573209762573,-0.04547926411032677,0.42974239587783813,0.2868879437446594,-0.03394709900021553,0.41193583607673645,0.2921438217163086,-0.022376321256160736,0.0,0.0,0.0,0.0,0.0,0.0,0.0,0.0,0.0,0.0,0.0,0.0,0.0,0.0,0.0,0.0,0.0,0.0,0.0,0.0,0.0,0.0,0.0,0.0,0.0,0.0,0.0,0.0,0.0,0.0,0.0,0.0,0.0,0.0,0.0,0.0,0.0,0.0,0.0,0.0,0.0,0.0,0.0,0.0,0.0,0.0,0.0,0.0,0.0,0.0,0.0,0.0,0.0,0.0,0.0,0.0,0.0,0.0,0.0,0.0,0.0,0.0,0.0
down,0.2499321550130844,0.33272528648376465,-1.3438028645396116e-07,0.2636801302433014,0.4242730736732483,-0.033383507281541824,0.29962605237960815,0.5285404920578003,-0.050229769200086594,0.32431793212890625,0.6134951710700989,-0.0641973689198494,0.3288358151912689,0.6805239319801331,-0.07183120399713516,0.39607077836990356,0.46198856830596924,-0.02738737128674984,0.4448937773704529,0.45971381664276123,-0.05814150348305702,0.39301231503486633,0.4481268525123596,-0.07015276700258255,0.37177175283432007,0.4533325731754303,-0.0747772604227066,0.4031611680984497,0.40297213196754456,-0.024790890514850616,0.44626736640930176,0.3971858620643616,-0.05151645094156265,0.38427603244781494,0.3928203582763672,-0.05196390673518181,0.3751513957977295,0.4063565135002136,-0.04980135336518288,0.4005046486854553,0.34664028882980347,-0.028157534077763557,0.44208604097366333,0.3418070673942566,-0.05612346529960632,0.3858804404735565,0.34259721636772156,-0.04180148243904114,0.372085303068161,0.3544459342956543,-0.028196970000863075,0.39387771487236023,0.29131990671157837,-0.03468872979283333,0.4275270998477936,0.28521955013275146,-0.0489017516374588,0.3914583623409271,0.2948138117790222,-0.0367281436920166,0.3755567669868469,0.30268096923828125,-0.025317532941699028,0.0,0.0,0.0,0.0,0.0,0.0,0.0,0.0,0.0,0.0,0.0,0.0,0.0,0.0,0.0,0.0,0.0,0.0,0.0,0.0,0.0,0.0,0.0,0.0,0.0,0.0,0.0,0.0,0.0,0.0,0.0,0.0,0.0,0.0,0.0,0.0,0.0,0.0,0.0,0.0,0.0,0.0,0.0,0.0,0.0,0.0,0.0,0.0,0.0,0.0,0.0,0.0,0.0,0.0,0.0,0.0,0.0,0.0,0.0,0.0,0.0,0.0,0.0
down,0.20176896452903748,0.31172847747802734,-9.292153180240348e-08,0.2155357003211975,0.4062587022781372,-0.030190326273441315,0.2542378008365631,0.5095194578170776,-0.04507177323102951,0.28263944387435913,0.5926486849784851,-0.05796128883957863,0.28930041193962097,0.6603806018829346,-0.06520181894302368,0.34795650839805603,0.4394444227218628,-0.02172073908150196,0.3959026038646698,0.43257197737693787,-0.05034932494163513,0.34571364521980286,0.4248868525028229,-0.06184910610318184,0.32216426730155945,0.4312906265258789,-0.06630440801382065,0.3537939786911011,0.38086801767349243,-0.02076553739607334,0.3976781666278839,0.37113630771636963,-0.0440741628408432,0.3397301137447357,0.36917024850845337,-0.044306084513664246,0.3276362419128418,0.38317957520484924,-0.042608123272657394,0.3488900661468506,0.32394182682037354,-0.0257529616355896,0.39029526710510254,0.3154471218585968,-0.051714517176151276,0.3369796872138977,0.319853276014328,-0.038676097989082336,0.32013845443725586,0.333411306142807,-0.02632884308695793,0.33881309628486633,0.26751816272735596,-0.03369744494557381,0.3731253147125244,0.25760120153427124,-0.04726584628224373,0.3388690948486328,0.26926547288894653,-0.035708628594875336,0.3213643729686737,0.27921682596206665,-0.025015298277139664,0.0,0.0,0.0,0.0,0.0,0.0,0.0,0.0,0.0,0.0,0.0,0.0,0.0,0.0,0.0,0.0,0.0,0.0,0.0,0.0,0.0,0.0,0.0,0.0,0.0,0.0,0.0,0.0,0.0,0.0,0.0,0.0,0.0,0.0,0.0,0.0,0.0,0.0,0.0,0.0,0.0,0.0,0.0,0.0,0.0,0.0,0.0,0.0,0.0,0.0,0.0,0.0,0.0,0.0,0.0,0.0,0.0,0.0,0.0,0.0,0.0,0.0,0.0
down,0.18077029287815094,0.3086356818675995,-3.735571141305627e-08,0.1904955506324768,0.4054151773452759,-0.031139709055423737,0.22817909717559814,0.5118383765220642,-0.046627387404441833,0.2564513683319092,0.5968698263168335,-0.060058608651161194,0.2594565749168396,0.6646268367767334,-0.06747015565633774,0.32085445523262024,0.4443463683128357,-0.019827183336019516,0.37028735876083374,0.445872038602829,-0.04671594128012657,0.32059353590011597,0.43543171882629395,-0.05512787774205208,0.2953178882598877,0.43509870767593384,-0.05677778273820877,0.32769903540611267,0.3854817748069763,-0.017771892249584198,0.37326401472091675,0.3822743892669678,-0.040782101452350616,0.3127799332141876,0.37699487805366516,-0.03929746523499489,0.29977044463157654,0.3879321217536926,-0.03517561033368111,0.32477590441703796,0.3279454708099365,-0.021906886249780655,0.3653164505958557,0.3256415128707886,-0.04769064858555794,0.3094765245914459,0.3277560770511627,-0.03469924256205559,0.29293689131736755,0.3375017046928406,-0.02153118886053562,0.31750941276550293,0.2704402804374695,-0.028946608304977417,0.35269027948379517,0.27007347345352173,-0.04173972085118294,0.31649288535118103,0.28089672327041626,-0.03022986836731434,0.29906296730041504,0.287551611661911,-0.019232509657740593,0.0,0.0,0.0,0.0,0.0,0.0,0.0,0.0,0.0,0.0,0.0,0.0,0.0,0.0,0.0,0.0,0.0,0.0,0.0,0.0,0.0,0.0,0.0,0.0,0.0,0.0,0.0,0.0,0.0,0.0,0.0,0.0,0.0,0.0,0.0,0.0,0.0,0.0,0.0,0.0,0.0,0.0,0.0,0.0,0.0,0.0,0.0,0.0,0.0,0.0,0.0,0.0,0.0,0.0,0.0,0.0,0.0,0.0,0.0,0.0,0.0,0.0,0.0
down,0.1839466094970703,0.32556426525115967,-1.4357024724631628e-07,0.19388031959533691,0.4197274446487427,-0.027915822342038155,0.23062780499458313,0.5247328877449036,-0.04112602770328522,0.2562655210494995,0.6093273758888245,-0.05284007638692856,0.2596901059150696,0.6764119863510132,-0.059102240949869156,0.32234081625938416,0.45997387170791626,-0.01854889653623104,0.37253475189208984,0.46414223313331604,-0.045927487313747406,0.3239995837211609,0.450080931186676,-0.05672021955251694,0.2979544699192047,0.44905388355255127,-0.06019646301865578,0.33061715960502625,0.402342826128006,-0.01805996336042881,0.3748566508293152,0.4000421166419983,-0.04082231968641281,0.31727343797683716,0.39108899235725403,-0.04113970324397087,0.30236348509788513,0.400336891412735,-0.03913132846355438,0.32901468873023987,0.3447924852371216,-0.02341979183256626,0.3713783025741577,0.3447846472263336,-0.04916829615831375,0.3180807828903198,0.34206682443618774,-0.03694254904985428,0.2989831566810608,0.35012489557266235,-0.024781635031104088,0.32219749689102173,0.28730687499046326,-0.03148436173796654,0.3608413338661194,0.2841442823410034,-0.045390356332063675,0.3251776099205017,0.2920342683792114,-0.03411340340971947,0.3043130338191986,0.2980436384677887,-0.02325928397476673,0.0,0.0,0.0,0.0,0.0,0.0,0.0,0.0,0.0,0.0,0.0,0.0,0.0,0.0,0.0,0.0,0.0,0.0,0.0,0.0,0.0,0.0,0.0,0.0,0.0,0.0,0.0,0.0,0.0,0.0,0.0,0.0,0.0,0.0,0.0,0.0,0.0,0.0,0.0,0.0,0.0,0.0,0.0,0.0,0.0,0.0,0.0,0.0,0.0,0.0,0.0,0.0,0.0,0.0,0.0,0.0,0.0,0.0,0.0,0.0,0.0,0.0,0.0
down,0.24412553012371063,0.371523916721344,-8.1459582190746e-08,0.2506198287010193,0.4638085663318634,-0.026777740567922592,0.27793142199516296,0.5651393532752991,-0.039750661700963974,0.297696053981781,0.646652102470398,-0.0515301413834095,0.30021968483924866,0.7093695402145386,-0.057940032333135605,0.37350112199783325,0.5144386887550354,-0.014868770726025105,0.4186205267906189,0.5221829414367676,-0.04133545979857445,0.37200936675071716,0.5048884749412537,-0.05205107107758522,0.3479025363922119,0.5008208155632019,-0.05544276908040047,0.38302484154701233,0.46128907799720764,-0.014589400961995125,0.4213360548019409,0.46426570415496826,-0.037626322358846664,0.3670733571052551,0.4511823356151581,-0.03947608545422554,0.3544046878814697,0.457163542509079,-0.038084737956523895,0.3826269805431366,0.4067423641681671,-0.019982783123850822,0.4186956286430359,0.4106714129447937,-0.044999055564403534,0.3683485686779022,0.40395715832710266,-0.034438520669937134,0.3526242971420288,0.40886595845222473,-0.023383548483252525,0.3782646656036377,0.3504107892513275,-0.02798854000866413,0.4080522060394287,0.3524787425994873,-0.041233621537685394,0.3741493225097656,0.3569147288799286,-0.031098855659365654,0.3580600619316101,0.3602508306503296,-0.021069036796689034,0.0,0.0,0.0,0.0,0.0,0.0,0.0,0.0,0.0,0.0,0.0,0.0,0.0,0.0,0.0,0.0,0.0,0.0,0.0,0.0,0.0,0.0,0.0,0.0,0.0,0.0,0.0,0.0,0.0,0.0,0.0,0.0,0.0,0.0,0.0,0.0,0.0,0.0,0.0,0.0,0.0,0.0,0.0,0.0,0.0,0.0,0.0,0.0,0.0,0.0,0.0,0.0,0.0,0.0,0.0,0.0,0.0,0.0,0.0,0.0,0.0,0.0,0.0
down,0.2873743176460266,0.4116947650909424,-8.444021659670398e-08,0.2910413146018982,0.499063104391098,-0.024960430338978767,0.31568485498428345,0.5967153310775757,-0.036853644996881485,0.33008554577827454,0.6748207807540894,-0.04724925383925438,0.3309991657733917,0.7324769496917725,-0.05235768109560013,0.4066988229751587,0.5505552291870117,-0.019095689058303833,0.45185673236846924,0.564954400062561,-0.044439058750867844,0.40674734115600586,0.5463742017745972,-0.05446077138185501,0.38428637385368347,0.5396129488945007,-0.0576850026845932,0.41768136620521545,0.49931806325912476,-0.019000422209501266,0.4563342332839966,0.5086933374404907,-0.04077215865254402,0.4032324254512787,0.49397513270378113,-0.041652217507362366,0.39113348722457886,0.49588650465011597,-0.04001302644610405,0.41946572065353394,0.4474552869796753,-0.023889975622296333,0.4568893313407898,0.45830079913139343,-0.04802664369344711,0.407951295375824,0.4499460458755493,-0.036827463656663895,0.39372631907463074,0.44972503185272217,-0.0254632830619812,0.41696906089782715,0.39408576488494873,-0.031086765229701996,0.4465849995613098,0.4034116864204407,-0.04502442106604576,0.41396015882492065,0.40628689527511597,-0.03477127477526665,0.3997523784637451,0.404718816280365,-0.02457132376730442,0.0,0.0,0.0,0.0,0.0,0.0,0.0,0.0,0.0,0.0,0.0,0.0,0.0,0.0,0.0,0.0,0.0,0.0,0.0,0.0,0.0,0.0,0.0,0.0,0.0,0.0,0.0,0.0,0.0,0.0,0.0,0.0,0.0,0.0,0.0,0.0,0.0,0.0,0.0,0.0,0.0,0.0,0.0,0.0,0.0,0.0,0.0,0.0,0.0,0.0,0.0,0.0,0.0,0.0,0.0,0.0,0.0,0.0,0.0,0.0,0.0,0.0,0.0
down,0.3303140699863434,0.4142565131187439,-1.3984303848246782e-07,0.3379557132720947,0.5036823153495789,-0.023492272943258286,0.36016157269477844,0.5978059768676758,-0.03513669967651367,0.37498143315315247,0.6714086532592773,-0.046165287494659424,0.37288373708724976,0.7293550968170166,-0.052471037954092026,0.4523733854293823,0.5472129583358765,-0.01379598118364811,0.49514859914779663,0.5633812546730042,-0.038624778389930725,0.4513648450374603,0.5466680526733398,-0.0505116768181324,0.42891839146614075,0.5381726026535034,-0.054948773235082626,0.4621681869029999,0.4989897608757019,-0.013914602808654308,0.49997657537460327,0.5092185139656067,-0.03556210547685623,0.4495887756347656,0.49817588925361633,-0.03966778144240379,0.4357508718967438,0.49652665853500366,-0.040119268000125885,0.4637124240398407,0.4503685534000397,-0.018855158239603043,0.5019251704216003,0.46153444051742554,-0.04174910858273506,0.45458683371543884,0.45624545216560364,-0.03311711177229881,0.43724796175956726,0.45377352833747864,-0.023264700546860695,0.46129441261291504,0.3995179831981659,-0.02614263817667961,0.49423450231552124,0.4101511240005493,-0.038152776658535004,0.46245265007019043,0.41561979055404663,-0.028485184535384178,0.4445037543773651,0.4131242632865906,-0.018640611320734024,0.0,0.0,0.0,0.0,0.0,0.0,0.0,0.0,0.0,0.0,0.0,0.0,0.0,0.0,0.0,0.0,0.0,0.0,0.0,0.0,0.0,0.0,0.0,0.0,0.0,0.0,0.0,0.0,0.0,0.0,0.0,0.0,0.0,0.0,0.0,0.0,0.0,0.0,0.0,0.0,0.0,0.0,0.0,0.0,0.0,0.0,0.0,0.0,0.0,0.0,0.0,0.0,0.0,0.0,0.0,0.0,0.0,0.0,0.0,0.0,0.0,0.0,0.0
down,0.3631902039051056,0.41745972633361816,-1.436736596360788e-07,0.36843422055244446,0.49611666798591614,-0.02250472456216812,0.3904664218425751,0.5871608853340149,-0.033913999795913696,0.40256980061531067,0.6589552164077759,-0.0445966012775898,0.4028022289276123,0.7118847370147705,-0.05092206224799156,0.47890666127204895,0.5421455502510071,-0.01395459845662117,0.5214006304740906,0.5573755502700806,-0.03959563001990318,0.481557697057724,0.5438700318336487,-0.05241760239005089,0.45803186297416687,0.5359779000282288,-0.05724471062421799,0.48891812562942505,0.4966045618057251,-0.01427244208753109,0.5276889801025391,0.5084282159805298,-0.036439891904592514,0.4795875549316406,0.4971669912338257,-0.0401444211602211,0.4643876254558563,0.4959027171134949,-0.039764925837516785,0.4906546473503113,0.4519389569759369,-0.019395707175135612,0.528642475605011,0.46253764629364014,-0.04256594553589821,0.48307523131370544,0.45717179775238037,-0.03415098413825035,0.4656781852245331,0.4551011621952057,-0.024192648008465767,0.4882161021232605,0.40563488006591797,-0.02681901305913925,0.5193535089492798,0.4143356382846832,-0.04007751867175102,0.4887540340423584,0.4184717535972595,-0.031527046114206314,0.4718526005744934,0.4169418215751648,-0.022310903295874596,0.0,0.0,0.0,0.0,0.0,0.0,0.0,0.0,0.0,0.0,0.0,0.0,0.0,0.0,0.0,0.0,0.0,0.0,0.0,0.0,0.0,0.0,0.0,0.0,0.0,0.0,0.0,0.0,0.0,0.0,0.0,0.0,0.0,0.0,0.0,0.0,0.0,0.0,0.0,0.0,0.0,0.0,0.0,0.0,0.0,0.0,0.0,0.0,0.0,0.0,0.0,0.0,0.0,0.0,0.0,0.0,0.0,0.0,0.0,0.0,0.0,0.0,0.0
down,0.3897280693054199,0.40335869789123535,-1.1754111284290047e-07,0.3976854383945465,0.48678240180015564,-0.02036159113049507,0.4180545508861542,0.5708514451980591,-0.030682966113090515,0.4315158724784851,0.6390549540519714,-0.04125956445932388,0.4316529631614685,0.6924271583557129,-0.048219338059425354,0.49737492203712463,0.5253042578697205,-0.009427344426512718,0.543107271194458,0.5339277982711792,-0.03384270891547203,0.5053781270980835,0.5209531188011169,-0.04779147729277611,0.48159167170524597,0.5173344612121582,-0.053861621767282486,0.506972074508667,0.47927242517471313,-0.010621209628880024,0.551754355430603,0.48626434803009033,-0.03246600925922394,0.5075939893722534,0.4777851104736328,-0.0382874459028244,0.4881283938884735,0.47721028327941895,-0.039467815309762955,0.509255588054657,0.4336202144622803,-0.016482342034578323,0.55145263671875,0.44162094593048096,-0.038897302001714706,0.5092949271202087,0.4370737075805664,-0.032672520726919174,0.4878189265727997,0.436156302690506,-0.0241176038980484,0.5069893598556519,0.38674890995025635,-0.024562211707234383,0.5408377051353455,0.392849862575531,-0.03659332916140556,0.5127390027046204,0.398431658744812,-0.02928522229194641,0.49291014671325684,0.39901095628738403,-0.021185703575611115,0.0,0.0,0.0,0.0,0.0,0.0,0.0,0.0,0.0,0.0,0.0,0.0,0.0,0.0,0.0,0.0,0.0,0.0,0.0,0.0,0.0,0.0,0.0,0.0,0.0,0.0,0.0,0.0,0.0,0.0,0.0,0.0,0.0,0.0,0.0,0.0,0.0,0.0,0.0,0.0,0.0,0.0,0.0,0.0,0.0,0.0,0.0,0.0,0.0,0.0,0.0,0.0,0.0,0.0,0.0,0.0,0.0,0.0,0.0,0.0,0.0,0.0,0.0
down,0.41044923663139343,0.39670896530151367,-1.0491929458567029e-07,0.4187108278274536,0.47492992877960205,-0.02045750431716442,0.4384000599384308,0.5570775270462036,-0.0318605974316597,0.4524224102497101,0.6246811747550964,-0.043560128659009933,0.4539228081703186,0.6778776049613953,-0.05162413418292999,0.5219547748565674,0.5093085169792175,-0.009138675406575203,0.5654792189598083,0.5203381776809692,-0.034446198493242264,0.5270404815673828,0.5105420351028442,-0.04939114674925804,0.5034105777740479,0.5067565441131592,-0.055869124829769135,0.5302388668060303,0.4656587243080139,-0.010316471569240093,0.5710150599479675,0.47290536761283875,-0.03196872025728226,0.5263463854789734,0.4678431451320648,-0.0377851240336895,0.5088841319084167,0.4677411615848541,-0.038967229425907135,0.5309073328971863,0.42241519689559937,-0.016327183693647385,0.5699631571769714,0.42970946431159973,-0.038096170872449875,0.5279324054718018,0.4284226596355438,-0.03211304545402527,0.5085165500640869,0.42790544033050537,-0.023859040811657906,0.5272250175476074,0.37816208600997925,-0.024576447904109955,0.5592128038406372,0.3842569589614868,-0.035974714905023575,0.5321498513221741,0.3920339345932007,-0.028794074431061745,0.5144405961036682,0.39300811290740967,-0.02085416577756405,0.0,0.0,0.0,0.0,0.0,0.0,0.0,0.0,0.0,0.0,0.0,0.0,0.0,0.0,0.0,0.0,0.0,0.0,0.0,0.0,0.0,0.0,0.0,0.0,0.0,0.0,0.0,0.0,0.0,0.0,0.0,0.0,0.0,0.0,0.0,0.0,0.0,0.0,0.0,0.0,0.0,0.0,0.0,0.0,0.0,0.0,0.0,0.0,0.0,0.0,0.0,0.0,0.0,0.0,0.0,0.0,0.0,0.0,0.0,0.0,0.0,0.0,0.0
down,0.4250452518463135,0.39283037185668945,-1.8030884518793755e-07,0.43613293766975403,0.47316667437553406,-0.021687926724553108,0.45579957962036133,0.5529280304908752,-0.032839711755514145,0.4697735011577606,0.6223371028900146,-0.04384532570838928,0.47143930196762085,0.6724873781204224,-0.049819089472293854,0.5391399264335632,0.5071103572845459,-0.008427334018051624,0.5820668339729309,0.5148657560348511,-0.03384063020348549,0.5397311449050903,0.500489354133606,-0.04693502187728882,0.5190864205360413,0.4981555938720703,-0.05228135362267494,0.5468398928642273,0.46271729469299316,-0.00894301850348711,0.5850319266319275,0.46580439805984497,-0.03146549314260483,0.5351596474647522,0.4581924378871918,-0.03508443385362625,0.5230014324188232,0.4623466432094574,-0.0348195917904377,0.5471662878990173,0.41988658905029297,-0.0145732332020998,0.5838811993598938,0.4223443269729614,-0.038080982863903046,0.5377694368362427,0.4193876087665558,-0.02886323444545269,0.5226571559906006,0.4218764305114746,-0.018261926248669624,0.544238269329071,0.3755871057510376,-0.02263590134680271,0.5731919407844543,0.3760891556739807,-0.03471631184220314,0.5436576008796692,0.3825841546058655,-0.025749867781996727,0.5284140110015869,0.38484054803848267,-0.016362668946385384,0.0,0.0,0.0,0.0,0.0,0.0,0.0,0.0,0.0,0.0,0.0,0.0,0.0,0.0,0.0,0.0,0.0,0.0,0.0,0.0,0.0,0.0,0.0,0.0,0.0,0.0,0.0,0.0,0.0,0.0,0.0,0.0,0.0,0.0,0.0,0.0,0.0,0.0,0.0,0.0,0.0,0.0,0.0,0.0,0.0,0.0,0.0,0.0,0.0,0.0,0.0,0.0,0.0,0.0,0.0,0.0,0.0,0.0,0.0,0.0,0.0,0.0,0.0
down,0.45176491141319275,0.37142762541770935,-4.814574339206956e-08,0.46155181527137756,0.4537878930568695,-0.02092285268008709,0.4824448227882385,0.5386034250259399,-0.032137226313352585,0.4983094334602356,0.606216311454773,-0.043499138206243515,0.5025308132171631,0.6599919199943542,-0.05164653807878494,0.5647761225700378,0.4851537346839905,-0.010728673078119755,0.6126025915145874,0.4955550730228424,-0.03543068841099739,0.5757426023483276,0.4862183928489685,-0.05048980191349983,0.5494794249534607,0.4816480278968811,-0.05707508325576782,0.5732877850532532,0.4396452307701111,-0.011782070621848106,0.6199182868003845,0.4457964301109314,-0.03377804905176163,0.576396107673645,0.44165241718292236,-0.04120854660868645,0.5538064241409302,0.4402730166912079,-0.04326681047677994,0.573602557182312,0.395097017288208,-0.017443697899580002,0.6184666156768799,0.4009762406349182,-0.0389799103140831,0.5787563920021057,0.39974531531333923,-0.03465347737073898,0.5555084347724915,0.39852601289749146,-0.027390122413635254,0.5685426592826843,0.34954243898391724,-0.02537611871957779,0.6050370931625366,0.35500800609588623,-0.037186991423368454,0.5794321298599243,0.363315612077713,-0.031126702204346657,0.5592377781867981,0.36500489711761475,-0.023877274245023727,0.0,0.0,0.0,0.0,0.0,0.0,0.0,0.0,0.0,0.0,0.0,0.0,0.0,0.0,0.0,0.0,0.0,0.0,0.0,0.0,0.0,0.0,0.0,0.0,0.0,0.0,0.0,0.0,0.0,0.0,0.0,0.0,0.0,0.0,0.0,0.0,0.0,0.0,0.0,0.0,0.0,0.0,0.0,0.0,0.0,0.0,0.0,0.0,0.0,0.0,0.0,0.0,0.0,0.0,0.0,0.0,0.0,0.0,0.0,0.0,0.0,0.0,0.0
down,0.48679545521736145,0.3693940341472626,-7.983877736705836e-08,0.4932478368282318,0.4542909264564514,-0.022696848958730698,0.5129708051681519,0.544857382774353,-0.03432008996605873,0.5300750136375427,0.6155370473861694,-0.04564579203724861,0.5332567095756531,0.6717314720153809,-0.05307789146900177,0.6027419567108154,0.49597254395484924,-0.010664629749953747,0.648283064365387,0.5072547197341919,-0.03683190420269966,0.6065440773963928,0.49217715859413147,-0.05141177028417587,0.5795723795890808,0.4853520095348358,-0.057190123945474625,0.6126226186752319,0.4497760832309723,-0.011124555952847004,0.6590555906295776,0.4565500020980835,-0.03459237143397331,0.6113725304603577,0.44804060459136963,-0.04094717279076576,0.5881516337394714,0.446597158908844,-0.04164084419608116,0.6137158870697021,0.4035870432853699,-0.016614031046628952,0.6576858162879944,0.40976065397262573,-0.040812600404024124,0.6127873659133911,0.4050666093826294,-0.03563806414604187,0.5887751579284668,0.40356627106666565,-0.02710363082587719,0.6096503138542175,0.35563039779663086,-0.024330025538802147,0.6450520753860474,0.3605250120162964,-0.038223590701818466,0.6145794987678528,0.36579763889312744,-0.031720586121082306,0.5926387906074524,0.3670157194137573,-0.02356255240738392,0.0,0.0,0.0,0.0,0.0,0.0,0.0,0.0,0.0,0.0,0.0,0.0,0.0,0.0,0.0,0.0,0.0,0.0,0.0,0.0,0.0,0.0,0.0,0.0,0.0,0.0,0.0,0.0,0.0,0.0,0.0,0.0,0.0,0.0,0.0,0.0,0.0,0.0,0.0,0.0,0.0,0.0,0.0,0.0,0.0,0.0,0.0,0.0,0.0,0.0,0.0,0.0,0.0,0.0,0.0,0.0,0.0,0.0,0.0,0.0,0.0,0.0,0.0
down,0.49676382541656494,0.37805840373039246,-1.3105369589538896e-07,0.5023261904716492,0.4733423888683319,-0.017496751621365547,0.5193858742713928,0.5610779523849487,-0.025047393515706062,0.5351910591125488,0.6333171725273132,-0.033695511519908905,0.5377728939056396,0.6878697872161865,-0.038094911724328995,0.6064318418502808,0.5154731273651123,0.004049921873956919,0.6550778150558472,0.5362381935119629,-0.020371684804558754,0.6130671501159668,0.5142606496810913,-0.035829320549964905,0.584509551525116,0.499868780374527,-0.042282942682504654,0.6173117756843567,0.4707816243171692,0.0021175274159759283,0.6692042350769043,0.4866657853126526,-0.02147766947746277,0.6196751594543457,0.4710404574871063,-0.030350156128406525,0.593682587146759,0.46366769075393677,-0.03226665407419205,0.6216598749160767,0.4249803423881531,-0.005136736668646336,0.6719092726707458,0.4385896623134613,-0.029472297057509422,0.6248817443847656,0.4283220171928406,-0.02468934841454029,0.5974891185760498,0.4213089942932129,-0.015714043751358986,0.6198763251304626,0.37734800577163696,-0.014458205550909042,0.6608482599258423,0.3879201412200928,-0.028574606403708458,0.6282177567481995,0.38997015357017517,-0.022015687078237534,0.6028814315795898,0.389523983001709,-0.013486858457326889,0.0,0.0,0.0,0.0,0.0,0.0,0.0,0.0,0.0,0.0,0.0,0.0,0.0,0.0,0.0,0.0,0.0,0.0,0.0,0.0,0.0,0.0,0.0,0.0,0.0,0.0,0.0,0.0,0.0,0.0,0.0,0.0,0.0,0.0,0.0,0.0,0.0,0.0,0.0,0.0,0.0,0.0,0.0,0.0,0.0,0.0,0.0,0.0,0.0,0.0,0.0,0.0,0.0,0.0,0.0,0.0,0.0,0.0,0.0,0.0,0.0,0.0,0.0
down,0.5027211904525757,0.43953678011894226,-1.7485020009644359e-07,0.5064455270767212,0.5194880366325378,-0.02514408342540264,0.5214335322380066,0.6080637574195862,-0.038485053926706314,0.5315612554550171,0.6796380281448364,-0.05042320489883423,0.5293784737586975,0.7353464365005493,-0.057642895728349686,0.6140059232711792,0.567842423915863,-0.017577674239873886,0.6559717655181885,0.5856181979179382,-0.04331211745738983,0.6108483076095581,0.5620446801185608,-0.05513826012611389,0.5898624062538147,0.5537369847297668,-0.059374768286943436,0.626632034778595,0.5237427353858948,-0.016380595043301582,0.6640766263008118,0.5365332365036011,-0.03847721219062805,0.6144135594367981,0.5180530548095703,-0.04014163464307785,0.598994791507721,0.514467716217041,-0.03841816261410713,0.6309807896614075,0.47925448417663574,-0.020091351121664047,0.665742039680481,0.49294403195381165,-0.0432279072701931,0.6197944283485413,0.47943559288978577,-0.030764231458306313,0.6032880544662476,0.47411030530929565,-0.01834796369075775,0.6323742270469666,0.4314054846763611,-0.02625717595219612,0.661341667175293,0.44653019309043884,-0.03900182619690895,0.6269657015800476,0.4425514340400696,-0.026770608499646187,0.6100958585739136,0.43499892950057983,-0.014718460850417614,0.0,0.0,0.0,0.0,0.0,0.0,0.0,0.0,0.0,0.0,0.0,0.0,0.0,0.0,0.0,0.0,0.0,0.0,0.0,0.0,0.0,0.0,0.0,0.0,0.0,0.0,0.0,0.0,0.0,0.0,0.0,0.0,0.0,0.0,0.0,0.0,0.0,0.0,0.0,0.0,0.0,0.0,0.0,0.0,0.0,0.0,0.0,0.0,0.0,0.0,0.0,0.0,0.0,0.0,0.0,0.0,0.0,0.0,0.0,0.0,0.0,0.0,0.0
down,0.516501784324646,0.5411728024482727,-8.932319417453982e-08,0.513888418674469,0.6285521388053894,-0.010608591139316559,0.5262365341186523,0.7120662927627563,-0.014776776544749737,0.5348334312438965,0.7800943851470947,-0.021846679970622063,0.531450629234314,0.8290138840675354,-0.02573232538998127,0.6179382801055908,0.66856849193573,0.01630955934524536,0.6637898683547974,0.7039889097213745,-0.0036380693782120943,0.6259787082672119,0.6852023601531982,-0.01826564408838749,0.5978148579597473,0.6628432273864746,-0.023869451135396957,0.6310782432556152,0.6278226971626282,0.012688374146819115,0.6786146759986877,0.6561378836631775,-0.004752314183861017,0.6328128576278687,0.6388952136039734,-0.013552768155932426,0.6077185869216919,0.6267574429512024,-0.015370037406682968,0.6388745903968811,0.583695650100708,0.00408285902813077,0.6838133931159973,0.6112989187240601,-0.014532380737364292,0.6408184170722961,0.5997776389122009,-0.0109465466812253,0.6158661246299744,0.5878762006759644,-0.00309892394579947,0.6415104269981384,0.5356462597846985,-0.006107362452894449,0.6774863600730896,0.5588375926017761,-0.015771685168147087,0.6463980078697205,0.5604657530784607,-0.008423805236816406,0.6233522891998291,0.5556714534759521,0.00028800853760913014,0.0,0.0,0.0,0.0,0.0,0.0,0.0,0.0,0.0,0.0,0.0,0.0,0.0,0.0,0.0,0.0,0.0,0.0,0.0,0.0,0.0,0.0,0.0,0.0,0.0,0.0,0.0,0.0,0.0,0.0,0.0,0.0,0.0,0.0,0.0,0.0,0.0,0.0,0.0,0.0,0.0,0.0,0.0,0.0,0.0,0.0,0.0,0.0,0.0,0.0,0.0,0.0,0.0,0.0,0.0,0.0,0.0,0.0,0.0,0.0,0.0,0.0,0.0
down,0.508490264415741,0.48894214630126953,-1.213906983821289e-07,0.5100024342536926,0.5673195123672485,-0.021300388500094414,0.5226760506629944,0.6492224931716919,-0.03305774927139282,0.5293897390365601,0.7148730754852295,-0.0445033498108387,0.5249672532081604,0.7676916122436523,-0.05226407200098038,0.6125640869140625,0.6084065437316895,-0.010488747619092464,0.6529074907302856,0.6228234171867371,-0.03358734771609306,0.6116756796836853,0.6032053828239441,-0.04664827883243561,0.5904890298843384,0.596153974533081,-0.05216237157583237,0.6229302287101746,0.5656324625015259,-0.010270819067955017,0.6582616567611694,0.5734825134277344,-0.029220180585980415,0.6142826080322266,0.5595403909683228,-0.032712794840335846,0.5975624918937683,0.5569588541984558,-0.032842542976140976,0.6257873773574829,0.5234290361404419,-0.014717404730618,0.6588571071624756,0.532004177570343,-0.03443324565887451,0.6188796162605286,0.5214533805847168,-0.02525220811367035,0.6014853119850159,0.5158410668373108,-0.015631910413503647,0.6258515119552612,0.47943392395973206,-0.02143249660730362,0.6552292108535767,0.49110594391822815,-0.03228776156902313,0.6251039505004883,0.48737531900405884,-0.021661190316081047,0.6078284382820129,0.47895556688308716,-0.011093501932919025,0.0,0.0,0.0,0.0,0.0,0.0,0.0,0.0,0.0,0.0,0.0,0.0,0.0,0.0,0.0,0.0,0.0,0.0,0.0,0.0,0.0,0.0,0.0,0.0,0.0,0.0,0.0,0.0,0.0,0.0,0.0,0.0,0.0,0.0,0.0,0.0,0.0,0.0,0.0,0.0,0.0,0.0,0.0,0.0,0.0,0.0,0.0,0.0,0.0,0.0,0.0,0.0,0.0,0.0,0.0,0.0,0.0,0.0,0.0,0.0,0.0,0.0,0.0
down,0.48456984758377075,0.4515075981616974,-1.2875554489255592e-07,0.48906978964805603,0.5276060104370117,-0.018817758187651634,0.5035035610198975,0.6066341996192932,-0.029291240498423576,0.5119830965995789,0.6700475215911865,-0.04008764773607254,0.5124183893203735,0.7197421789169312,-0.04808379337191582,0.5910846590995789,0.5585620403289795,-0.01039162278175354,0.6359544396400452,0.5717856287956238,-0.03263777866959572,0.598779022693634,0.5608869194984436,-0.04743736982345581,0.5743136405944824,0.5530152916908264,-0.054432157427072525,0.6004220843315125,0.5160013437271118,-0.011857744306325912,0.6435747146606445,0.5252633094787598,-0.029353586956858635,0.6027670502662659,0.5192574262619019,-0.034389641135931015,0.5818232297897339,0.5149118304252625,-0.03617226704955101,0.601952314376831,0.4738180637359619,-0.017534248530864716,0.6426514387130737,0.4832381010055542,-0.035453032702207565,0.6049944758415222,0.4797208905220032,-0.02872541733086109,0.5837414264678955,0.4728084206581116,-0.02121785096824169,0.5994446873664856,0.4294033646583557,-0.025450771674513817,0.6347518563270569,0.4400824308395386,-0.03632210195064545,0.608068585395813,0.4431840777397156,-0.027782320976257324,0.5886879563331604,0.4370386302471161,-0.019184567034244537,0.0,0.0,0.0,0.0,0.0,0.0,0.0,0.0,0.0,0.0,0.0,0.0,0.0,0.0,0.0,0.0,0.0,0.0,0.0,0.0,0.0,0.0,0.0,0.0,0.0,0.0,0.0,0.0,0.0,0.0,0.0,0.0,0.0,0.0,0.0,0.0,0.0,0.0,0.0,0.0,0.0,0.0,0.0,0.0,0.0,0.0,0.0,0.0,0.0,0.0,0.0,0.0,0.0,0.0,0.0,0.0,0.0,0.0,0.0,0.0,0.0,0.0,0.0
down,0.4571763277053833,0.38374239206314087,-1.1228664931195453e-07,0.46438294649124146,0.4668303430080414,-0.020696450024843216,0.4814848005771637,0.547065019607544,-0.03264806792140007,0.4929017126560211,0.6137369275093079,-0.04527859017252922,0.4921088218688965,0.6653569936752319,-0.05495578795671463,0.5697857141494751,0.4873964190483093,-0.01038434449583292,0.6172010898590088,0.5006840825080872,-0.03362167254090309,0.5786870121955872,0.4934779405593872,-0.048553429543972015,0.5531560182571411,0.4856448769569397,-0.055499106645584106,0.5771847367286682,0.4425099194049835,-0.011975757777690887,0.625191867351532,0.45222169160842896,-0.03144296631217003,0.5817835927009583,0.45006048679351807,-0.037672318518161774,0.5597257018089294,0.44671720266342163,-0.03975828364491463,0.5769770741462708,0.3979959785938263,-0.01806274801492691,0.623892068862915,0.4088006019592285,-0.037795357406139374,0.5837488770484924,0.40953537821769714,-0.032058753073215485,0.560711681842804,0.40457671880722046,-0.024556834250688553,0.572623074054718,0.3512071371078491,-0.026634905487298965,0.6104491949081421,0.3608328104019165,-0.037999141961336136,0.5845036506652832,0.3697423040866852,-0.030430268496274948,0.5645542144775391,0.36746764183044434,-0.0224954504519701,0.0,0.0,0.0,0.0,0.0,0.0,0.0,0.0,0.0,0.0,0.0,0.0,0.0,0.0,0.0,0.0,0.0,0.0,0.0,0.0,0.0,0.0,0.0,0.0,0.0,0.0,0.0,0.0,0.0,0.0,0.0,0.0,0.0,0.0,0.0,0.0,0.0,0.0,0.0,0.0,0.0,0.0,0.0,0.0,0.0,0.0,0.0,0.0,0.0,0.0,0.0,0.0,0.0,0.0,0.0,0.0,0.0,0.0,0.0,0.0,0.0,0.0,0.0
down,0.4339374899864197,0.3294970989227295,-1.5329337088587636e-07,0.4463353157043457,0.4160778820514679,-0.020416829735040665,0.4653872549533844,0.4993738532066345,-0.032277703285217285,0.47764766216278076,0.570602297782898,-0.04519394040107727,0.47911468148231506,0.6249213218688965,-0.054834358394145966,0.5569010376930237,0.43278640508651733,-0.007054902147501707,0.6064660549163818,0.4472642242908478,-0.032005440443754196,0.564944326877594,0.4391629099845886,-0.04915323853492737,0.5376810431480408,0.4297276735305786,-0.057337429374456406,0.5641114711761475,0.38531163334846497,-0.009518139064311981,0.6145087480545044,0.39534589648246765,-0.03052583523094654,0.5688681602478027,0.3932417929172516,-0.03883643075823784,0.5457568764686584,0.3890698552131653,-0.042175740003585815,0.5635159611701965,0.3390001952648163,-0.016839537769556046,0.6099181175231934,0.3486039340496063,-0.03798454999923706,0.56782066822052,0.3499269485473633,-0.033138208091259,0.5443720817565918,0.345392644405365,-0.025807108730077744,0.558222234249115,0.29037535190582275,-0.026719171553850174,0.5985671877861023,0.30027803778648376,-0.03862488642334938,0.5702733993530273,0.311226487159729,-0.030748503282666206,0.5479084849357605,0.3105579614639282,-0.022376036271452904,0.0,0.0,0.0,0.0,0.0,0.0,0.0,0.0,0.0,0.0,0.0,0.0,0.0,0.0,0.0,0.0,0.0,0.0,0.0,0.0,0.0,0.0,0.0,0.0,0.0,0.0,0.0,0.0,0.0,0.0,0.0,0.0,0.0,0.0,0.0,0.0,0.0,0.0,0.0,0.0,0.0,0.0,0.0,0.0,0.0,0.0,0.0,0.0,0.0,0.0,0.0,0.0,0.0,0.0,0.0,0.0,0.0,0.0,0.0,0.0,0.0,0.0,0.0
down,0.3851083815097809,0.25774288177490234,-1.7824567066782038e-07,0.40520527958869934,0.3475613594055176,-0.02283993922173977,0.43598729372024536,0.437383234500885,-0.03642607852816582,0.4542289078235626,0.5134549140930176,-0.050041232258081436,0.45466622710227966,0.5719682574272156,-0.058407701551914215,0.5322926044464111,0.3686194121837616,-0.014405437745153904,0.5807316899299622,0.3736925423145294,-0.04246761277318001,0.5278589129447937,0.3646024465560913,-0.05742141231894493,0.5074095726013184,0.36595338582992554,-0.0645168200135231,0.5372948050498962,0.31616535782814026,-0.016938386484980583,0.5824465155601501,0.31801632046699524,-0.038198068737983704,0.525201678276062,0.31752514839172363,-0.03928011283278465,0.5136067867279053,0.32222145795822144,-0.0387193039059639,0.5333672165870667,0.2651961147785187,-0.02478346787393093,0.576984167098999,0.26967763900756836,-0.04811864718794823,0.5247415900230408,0.2727600038051605,-0.03446824476122856,0.5080507397651672,0.27303510904312134,-0.021857332438230515,0.5248328447341919,0.21249406039714813,-0.035281114280223846,0.5614247918128967,0.21877048909664154,-0.04763544350862503,0.5270798206329346,0.22977012395858765,-0.034287724643945694,0.5084100365638733,0.2265615314245224,-0.022002102807164192,0.0,0.0,0.0,0.0,0.0,0.0,0.0,0.0,0.0,0.0,0.0,0.0,0.0,0.0,0.0,0.0,0.0,0.0,0.0,0.0,0.0,0.0,0.0,0.0,0.0,0.0,0.0,0.0,0.0,0.0,0.0,0.0,0.0,0.0,0.0,0.0,0.0,0.0,0.0,0.0,0.0,0.0,0.0,0.0,0.0,0.0,0.0,0.0,0.0,0.0,0.0,0.0,0.0,0.0,0.0,0.0,0.0,0.0,0.0,0.0,0.0,0.0,0.0
down,0.35531988739967346,0.21807652711868286,-1.9240265203279705e-07,0.370453804731369,0.31334173679351807,-0.026600869372487068,0.40295761823654175,0.4095552861690521,-0.03893149271607399,0.4259044826030731,0.4866468906402588,-0.04997958242893219,0.42677873373031616,0.5467867255210876,-0.05506116524338722,0.5012268424034119,0.3375282287597656,-0.01485799252986908,0.5482203364372253,0.33680999279022217,-0.04139605537056923,0.4940553605556488,0.3259793519973755,-0.053558316081762314,0.47204992175102234,0.3286457657814026,-0.05890648439526558,0.506070077419281,0.28071507811546326,-0.014709588140249252,0.5515186786651611,0.27762848138809204,-0.037330858409404755,0.4903213679790497,0.27546370029449463,-0.03878692165017128,0.4781589210033417,0.2845206558704376,-0.03794677183032036,0.5022310614585876,0.2267393171787262,-0.020145293325185776,0.5444631576538086,0.22528031468391418,-0.046196915209293365,0.48879995942115784,0.22847500443458557,-0.03417101129889488,0.4727374017238617,0.2348242998123169,-0.021968156099319458,0.4940783381462097,0.17178182303905487,-0.028218530118465424,0.5308729410171509,0.171680748462677,-0.04193009436130524,0.4941078722476959,0.18345844745635986,-0.03003723733127117,0.4748009145259857,0.18669982254505157,-0.018725333735346794,0.0,0.0,0.0,0.0,0.0,0.0,0.0,0.0,0.0,0.0,0.0,0.0,0.0,0.0,0.0,0.0,0.0,0.0,0.0,0.0,0.0,0.0,0.0,0.0,0.0,0.0,0.0,0.0,0.0,0.0,0.0,0.0,0.0,0.0,0.0,0.0,0.0,0.0,0.0,0.0,0.0,0.0,0.0,0.0,0.0,0.0,0.0,0.0,0.0,0.0,0.0,0.0,0.0,0.0,0.0,0.0,0.0,0.0,0.0,0.0,0.0,0.0,0.0
down,0.3073574900627136,0.19226837158203125,-1.5855462720537616e-07,0.32579097151756287,0.29084378480911255,-0.02738793194293976,0.3627854585647583,0.3947901427745819,-0.04075393080711365,0.3865775167942047,0.4758259654045105,-0.052741438150405884,0.3887450695037842,0.5393686890602112,-0.0589972659945488,0.46062198281288147,0.3194124698638916,-0.01877148635685444,0.5112296938896179,0.3222017288208008,-0.04698598384857178,0.4568535387516022,0.3108583092689514,-0.05987536534667015,0.4315144717693329,0.31026607751846313,-0.06533417850732803,0.4662877023220062,0.2597940266132355,-0.019052034243941307,0.5142971873283386,0.2608013153076172,-0.0439002625644207,0.45322373509407043,0.2581827938556671,-0.046910736709833145,0.43824222683906555,0.26252514123916626,-0.046491172164678574,0.4616263508796692,0.20253245532512665,-0.024723298847675323,0.5078960657119751,0.20450861752033234,-0.051588572561740875,0.45161810517311096,0.20797590911388397,-0.040110278874635696,0.4333745539188385,0.21155548095703125,-0.028055548667907715,0.45131444931030273,0.1447097659111023,-0.03297374024987221,0.48865169286727905,0.14599263668060303,-0.0474635548889637,0.45208466053009033,0.15903788805007935,-0.03596389293670654,0.4328984022140503,0.16351453959941864,-0.02466719225049019,0.0,0.0,0.0,0.0,0.0,0.0,0.0,0.0,0.0,0.0,0.0,0.0,0.0,0.0,0.0,0.0,0.0,0.0,0.0,0.0,0.0,0.0,0.0,0.0,0.0,0.0,0.0,0.0,0.0,0.0,0.0,0.0,0.0,0.0,0.0,0.0,0.0,0.0,0.0,0.0,0.0,0.0,0.0,0.0,0.0,0.0,0.0,0.0,0.0,0.0,0.0,0.0,0.0,0.0,0.0,0.0,0.0,0.0,0.0,0.0,0.0,0.0,0.0
down,0.26134559512138367,0.2183195948600769,-1.1472573646642559e-07,0.2802724838256836,0.32021158933639526,-0.029596442356705666,0.31569159030914307,0.42384254932403564,-0.04439575970172882,0.3371778726577759,0.5068477392196655,-0.057386040687561035,0.3384016752243042,0.5737391710281372,-0.0641900822520256,0.41560813784599304,0.3545665144920349,-0.020337672904133797,0.4627280831336975,0.3590165972709656,-0.048228416591882706,0.40557119250297546,0.3445471227169037,-0.06005663052201271,0.3827856183052063,0.34363946318626404,-0.06514662504196167,0.4217839539051056,0.29550600051879883,-0.019683869555592537,0.4638120234012604,0.29618561267852783,-0.04325320944190025,0.40009602904319763,0.29029256105422974,-0.04557434096932411,0.3905926048755646,0.29725515842437744,-0.04580356925725937,0.4177570044994354,0.23739279806613922,-0.024603646248579025,0.45961713790893555,0.24132278561592102,-0.050245001912117004,0.4025276005268097,0.24074602127075195,-0.03762342408299446,0.3895724415779114,0.24513161182403564,-0.025885891169309616,0.40950170159339905,0.17737820744514465,-0.03238894045352936,0.44472432136535645,0.17843718826770782,-0.04594138637185097,0.40774133801460266,0.18971508741378784,-0.033775702118873596,0.3909633159637451,0.19265492260456085,-0.022618090733885765,0.0,0.0,0.0,0.0,0.0,0.0,0.0,0.0,0.0,0.0,0.0,0.0,0.0,0.0,0.0,0.0,0.0,0.0,0.0,0.0,0.0,0.0,0.0,0.0,0.0,0.0,0.0,0.0,0.0,0.0,0.0,0.0,0.0,0.0,0.0,0.0,0.0,0.0,0.0,0.0,0.0,0.0,0.0,0.0,0.0,0.0,0.0,0.0,0.0,0.0,0.0,0.0,0.0,0.0,0.0,0.0,0.0,0.0,0.0,0.0,0.0,0.0,0.0
down,0.1871504783630371,0.26576459407806396,-7.866161411129724e-08,0.20003536343574524,0.3721959888935089,-0.02457481436431408,0.23114648461341858,0.47926065325737,-0.03704332932829857,0.25247424840927124,0.5661585330963135,-0.049133893102407455,0.2550800144672394,0.6338979601860046,-0.055576179176568985,0.33343371748924255,0.413058876991272,-0.011528986506164074,0.38029372692108154,0.42854440212249756,-0.03600216656923294,0.3263924717903137,0.40920838713645935,-0.0467730313539505,0.3032933473587036,0.4012402296066284,-0.05119748041033745,0.341821551322937,0.356037974357605,-0.012754826806485653,0.38576269149780273,0.36309200525283813,-0.034084003418684006,0.32434093952178955,0.3546592593193054,-0.037497628480196,0.3095727562904358,0.35687386989593506,-0.03831147029995918,0.34024375677108765,0.29728925228118896,-0.01923784427344799,0.3842710852622986,0.3067249059677124,-0.04265306144952774,0.3258673846721649,0.30493462085723877,-0.03232831135392189,0.30599382519721985,0.30498993396759033,-0.022006280720233917,0.3336569368839264,0.23622648417949677,-0.02818962372839451,0.3709367513656616,0.2451130896806717,-0.040404271334409714,0.3322262167930603,0.25577935576438904,-0.029531242325901985,0.3107947111129761,0.25721368193626404,-0.019351202994585037,0.0,0.0,0.0,0.0,0.0,0.0,0.0,0.0,0.0,0.0,0.0,0.0,0.0,0.0,0.0,0.0,0.0,0.0,0.0,0.0,0.0,0.0,0.0,0.0,0.0,0.0,0.0,0.0,0.0,0.0,0.0,0.0,0.0,0.0,0.0,0.0,0.0,0.0,0.0,0.0,0.0,0.0,0.0,0.0,0.0,0.0,0.0,0.0,0.0,0.0,0.0,0.0,0.0,0.0,0.0,0.0,0.0,0.0,0.0,0.0,0.0,0.0,0.0
down,0.1503269225358963,0.2847396433353424,-1.5814649145795556e-07,0.1623372733592987,0.38893693685531616,-0.029752559959888458,0.20065191388130188,0.5006083846092224,-0.044353604316711426,0.2259122133255005,0.5879921317100525,-0.05718246474862099,0.22794203460216522,0.654756486415863,-0.06335972249507904,0.30303168296813965,0.43116921186447144,-0.018071873113512993,0.35108891129493713,0.4496176540851593,-0.042993418872356415,0.2940206527709961,0.42832326889038086,-0.05024620518088341,0.2728484272956848,0.41855013370513916,-0.05198391154408455,0.3108089864253998,0.37367239594459534,-0.016041994094848633,0.3546569049358368,0.38380011916160583,-0.03704027831554413,0.2871429920196533,0.36871594190597534,-0.03564564138650894,0.28112637996673584,0.3744855523109436,-0.03292246162891388,0.30888915061950684,0.3156907558441162,-0.019745107740163803,0.3518700897693634,0.32633069157600403,-0.042863789945840836,0.29115355014801025,0.319840669631958,-0.02817789651453495,0.28007209300994873,0.3222306966781616,-0.015563195571303368,0.30428528785705566,0.25590136647224426,-0.026300419121980667,0.3412778079509735,0.2618091106414795,-0.037034016102552414,0.301002562046051,0.27026695013046265,-0.02387506142258644,0.2837408483028412,0.2730923593044281,-0.012783573940396309,0.0,0.0,0.0,0.0,0.0,0.0,0.0,0.0,0.0,0.0,0.0,0.0,0.0,0.0,0.0,0.0,0.0,0.0,0.0,0.0,0.0,0.0,0.0,0.0,0.0,0.0,0.0,0.0,0.0,0.0,0.0,0.0,0.0,0.0,0.0,0.0,0.0,0.0,0.0,0.0,0.0,0.0,0.0,0.0,0.0,0.0,0.0,0.0,0.0,0.0,0.0,0.0,0.0,0.0,0.0,0.0,0.0,0.0,0.0,0.0,0.0,0.0,0.0
down,0.13870015740394592,0.3299100697040558,-2.551030888753303e-07,0.15344664454460144,0.4373384118080139,-0.025011826306581497,0.1925187110900879,0.5453729033470154,-0.03621084988117218,0.2138778269290924,0.6283807158470154,-0.046653568744659424,0.21329233050346375,0.6892921328544617,-0.050390176475048065,0.2932276129722595,0.48500505089759827,-0.013498852960765362,0.341534286737442,0.5082948207855225,-0.04028697311878204,0.28231438994407654,0.4823508560657501,-0.05224436894059181,0.26547735929489136,0.47366034984588623,-0.05794663727283478,0.30191320180892944,0.42826637625694275,-0.014097262173891068,0.34506186842918396,0.440605491399765,-0.034739360213279724,0.27637213468551636,0.422121524810791,-0.03382498398423195,0.2711377441883087,0.4260256588459015,-0.03233565390110016,0.3002660572528839,0.36952871084213257,-0.020342888310551643,0.33987918496131897,0.38080596923828125,-0.04200894385576248,0.2807823419570923,0.37066084146499634,-0.0251438207924366,0.27307477593421936,0.36982107162475586,-0.011772030033171177,0.29654014110565186,0.3086780309677124,-0.02944440394639969,0.3297727704048157,0.318490207195282,-0.03904492035508156,0.29153722524642944,0.32127833366394043,-0.023341909050941467,0.27889779210090637,0.3160998523235321,-0.01066957414150238,0.0,0.0,0.0,0.0,0.0,0.0,0.0,0.0,0.0,0.0,0.0,0.0,0.0,0.0,0.0,0.0,0.0,0.0,0.0,0.0,0.0,0.0,0.0,0.0,0.0,0.0,0.0,0.0,0.0,0.0,0.0,0.0,0.0,0.0,0.0,0.0,0.0,0.0,0.0,0.0,0.0,0.0,0.0,0.0,0.0,0.0,0.0,0.0,0.0,0.0,0.0,0.0,0.0,0.0,0.0,0.0,0.0,0.0,0.0,0.0,0.0,0.0,0.0
down,0.16342531144618988,0.36460497975349426,-1.9669769812935556e-07,0.17350560426712036,0.47674399614334106,-0.017005445435643196,0.2069852352142334,0.5879244208335876,-0.02440044842660427,0.22614184021949768,0.6729142665863037,-0.03279225155711174,0.22988829016685486,0.7333353757858276,-0.03629295155405998,0.3119426667690277,0.5302817225456238,-0.0013770376099273562,0.35425570607185364,0.5627245306968689,-0.021152274683117867,0.3000207841396332,0.5343981385231018,-0.03307190164923668,0.2833334803581238,0.519054651260376,-0.04012852534651756,0.31994855403900146,0.47441452741622925,-0.004446717444807291,0.3585556745529175,0.4951130747795105,-0.017208736389875412,0.2980647683143616,0.47520744800567627,-0.01941228099167347,0.2899884581565857,0.4711111783981323,-0.02267702855169773,0.3198600113391876,0.41327884793281555,-0.012191744521260262,0.3580318093299866,0.43449652194976807,-0.028308479115366936,0.3029599189758301,0.4225338101387024,-0.016317643225193024,0.28973618149757385,0.41428297758102417,-0.00805546436458826,0.31791192293167114,0.34898045659065247,-0.021829616278409958,0.35122618079185486,0.3694812059402466,-0.028355412185192108,0.3126228451728821,0.3719318211078644,-0.014192505739629269,0.29559326171875,0.3635103404521942,-0.0039008730091154575,0.0,0.0,0.0,0.0,0.0,0.0,0.0,0.0,0.0,0.0,0.0,0.0,0.0,0.0,0.0,0.0,0.0,0.0,0.0,0.0,0.0,0.0,0.0,0.0,0.0,0.0,0.0,0.0,0.0,0.0,0.0,0.0,0.0,0.0,0.0,0.0,0.0,0.0,0.0,0.0,0.0,0.0,0.0,0.0,0.0,0.0,0.0,0.0,0.0,0.0,0.0,0.0,0.0,0.0,0.0,0.0,0.0,0.0,0.0,0.0,0.0,0.0,0.0
down,0.28571099042892456,0.4743415415287018,-1.226017332101037e-07,0.2871045768260956,0.5741512775421143,-0.008535724133253098,0.30549246072769165,0.6671721935272217,-0.010394908487796783,0.3110530972480774,0.73880934715271,-0.01460969913750887,0.3101157248020172,0.7884877324104309,-0.013586482964456081,0.40236780047416687,0.6351001262664795,0.011338246054947376,0.444704532623291,0.6716206073760986,-0.007578347809612751,0.395805299282074,0.6409991383552551,-0.01863524317741394,0.37436842918395996,0.6174336671829224,-0.022624479606747627,0.41667795181274414,0.5891380310058594,0.005568742752075195,0.4579681158065796,0.6174190044403076,-0.010366006754338741,0.40277332067489624,0.5944821238517761,-0.015279753133654594,0.3838355541229248,0.5802878141403198,-0.015805823728442192,0.42418426275253296,0.5368269085884094,-0.00456282589584589,0.4588872790336609,0.5626261830329895,-0.021890366449952126,0.40633392333984375,0.5465462803840637,-0.012857263907790184,0.3881072998046875,0.5327660441398621,-0.0030193133279681206,0.4273549020290375,0.4786611795425415,-0.01611754670739174,0.45021852850914,0.5041273832321167,-0.024269158020615578,0.41462862491607666,0.4994771480560303,-0.012135356664657593,0.39976778626441956,0.4881071150302887,-0.0006874449318274856,0.0,0.0,0.0,0.0,0.0,0.0,0.0,0.0,0.0,0.0,0.0,0.0,0.0,0.0,0.0,0.0,0.0,0.0,0.0,0.0,0.0,0.0,0.0,0.0,0.0,0.0,0.0,0.0,0.0,0.0,0.0,0.0,0.0,0.0,0.0,0.0,0.0,0.0,0.0,0.0,0.0,0.0,0.0,0.0,0.0,0.0,0.0,0.0,0.0,0.0,0.0,0.0,0.0,0.0,0.0,0.0,0.0,0.0,0.0,0.0,0.0,0.0,0.0
down,0.3121693432331085,0.48369890451431274,-1.2880128963388415e-07,0.31423309445381165,0.5833801031112671,-0.011444884352385998,0.3318350613117218,0.6764258146286011,-0.015022754669189453,0.33832934498786926,0.7465021014213562,-0.02035897597670555,0.3391006588935852,0.7947182655334473,-0.020346330478787422,0.4275924265384674,0.6475018262863159,0.006368047092109919,0.4689372181892395,0.6809784173965454,-0.014954879879951477,0.4191210865974426,0.6488156914710999,-0.026655202731490135,0.3981356918811798,0.6289499402046204,-0.03110484406352043,0.44034138321876526,0.6020501255989075,0.0013322228332981467,0.48074257373809814,0.6282366514205933,-0.017334775999188423,0.4246143698692322,0.6031229496002197,-0.02204408124089241,0.4061928391456604,0.5919254422187805,-0.022320181131362915,0.44645214080810547,0.5506360530853271,-0.008292746730148792,0.48205646872520447,0.575169563293457,-0.028786396607756615,0.4292600154876709,0.5564172863960266,-0.019478153437376022,0.41079017519950867,0.5440286993980408,-0.008875543251633644,0.44932836294174194,0.4926997423171997,-0.0194439385086298,0.47586601972579956,0.516659677028656,-0.030492393299937248,0.43909913301467896,0.5118266344070435,-0.01913069374859333,0.4219591021537781,0.5014721155166626,-0.007657941896468401,0.0,0.0,0.0,0.0,0.0,0.0,0.0,0.0,0.0,0.0,0.0,0.0,0.0,0.0,0.0,0.0,0.0,0.0,0.0,0.0,0.0,0.0,0.0,0.0,0.0,0.0,0.0,0.0,0.0,0.0,0.0,0.0,0.0,0.0,0.0,0.0,0.0,0.0,0.0,0.0,0.0,0.0,0.0,0.0,0.0,0.0,0.0,0.0,0.0,0.0,0.0,0.0,0.0,0.0,0.0,0.0,0.0,0.0,0.0,0.0,0.0,0.0,0.0
down,0.41025012731552124,0.4680781364440918,-6.116166417768909e-08,0.41658562421798706,0.5599843263626099,-0.0179962869733572,0.4321456849575043,0.6494436860084534,-0.028094056993722916,0.4411393105983734,0.7206961512565613,-0.03997484967112541,0.4380462169647217,0.777167797088623,-0.049254585057497025,0.5257954597473145,0.602224588394165,-0.003302673576399684,0.5736058354377747,0.6318396329879761,-0.02597992867231369,0.5372553467750549,0.6167603731155396,-0.04221012070775032,0.5104956030845642,0.6001664400100708,-0.05008760467171669,0.5359339118003845,0.5581424832344055,-0.006662355270236731,0.5854508280754089,0.5823838114738464,-0.026376210153102875,0.5433556437492371,0.5730950832366943,-0.03592254966497421,0.5162519812583923,0.5621574521064758,-0.0399615615606308,0.5392381548881531,0.5108670592308044,-0.014627906493842602,0.5870335102081299,0.5334652066230774,-0.03334981948137283,0.5477564930915833,0.5291842818260193,-0.03081950545310974,0.5207738280296326,0.5195890069007874,-0.025561872869729996,0.5391543507575989,0.45855891704559326,-0.024936798959970474,0.5778335928916931,0.47626805305480957,-0.035110730677843094,0.5519201755523682,0.4849091172218323,-0.029318122193217278,0.5289289355278015,0.48253133893013,-0.022898664698004723,0.0,0.0,0.0,0.0,0.0,0.0,0.0,0.0,0.0,0.0,0.0,0.0,0.0,0.0,0.0,0.0,0.0,0.0,0.0,0.0,0.0,0.0,0.0,0.0,0.0,0.0,0.0,0.0,0.0,0.0,0.0,0.0,0.0,0.0,0.0,0.0,0.0,0.0,0.0,0.0,0.0,0.0,0.0,0.0,0.0,0.0,0.0,0.0,0.0,0.0,0.0,0.0,0.0,0.0,0.0,0.0,0.0,0.0,0.0,0.0,0.0,0.0,0.0
down,0.42336416244506836,0.4613224267959595,-5.5139981469665145e-08,0.42999452352523804,0.5496719479560852,-0.01894994080066681,0.44808703660964966,0.6407270431518555,-0.029257318004965782,0.4574616253376007,0.7134491801261902,-0.04050339385867119,0.4566429853439331,0.7695686221122742,-0.048747096210718155,0.5396328568458557,0.5941144824028015,-0.009319779463112354,0.5900601744651794,0.6244149208068848,-0.0326865091919899,0.5521723628044128,0.6091394424438477,-0.04800456762313843,0.5232764482498169,0.5902221202850342,-0.0547758974134922,0.5505083203315735,0.5497926473617554,-0.011844425462186337,0.6001419425010681,0.5736144781112671,-0.0317770317196846,0.5563738346099854,0.5637349486351013,-0.040003228932619095,0.530005931854248,0.5520497560501099,-0.04320983961224556,0.5535506010055542,0.5027649402618408,-0.01872420869767666,0.6014588475227356,0.5252575278282166,-0.0380018912255764,0.5606767535209656,0.5206499695777893,-0.03439773619174957,0.5349189043045044,0.5102266669273376,-0.028434082865715027,0.5528563857078552,0.4509618580341339,-0.027858508750796318,0.590529203414917,0.4715610444545746,-0.03923211619257927,0.5628717541694641,0.47832608222961426,-0.033114366233348846,0.5409719944000244,0.47313952445983887,-0.026278110221028328,0.0,0.0,0.0,0.0,0.0,0.0,0.0,0.0,0.0,0.0,0.0,0.0,0.0,0.0,0.0,0.0,0.0,0.0,0.0,0.0,0.0,0.0,0.0,0.0,0.0,0.0,0.0,0.0,0.0,0.0,0.0,0.0,0.0,0.0,0.0,0.0,0.0,0.0,0.0,0.0,0.0,0.0,0.0,0.0,0.0,0.0,0.0,0.0,0.0,0.0,0.0,0.0,0.0,0.0,0.0,0.0,0.0,0.0,0.0,0.0,0.0,0.0,0.0
down,0.4578604996204376,0.4466601014137268,-1.1395292176530347e-07,0.46267929673194885,0.5350998640060425,-0.015541051514446735,0.4812179207801819,0.6182553172111511,-0.022621434181928635,0.49382033944129944,0.6868939399719238,-0.03142375871539116,0.4931580424308777,0.7374832630157471,-0.036450404673814774,0.5702491402626038,0.5659445524215698,0.005205431487411261,0.6195462346076965,0.593779444694519,-0.017525389790534973,0.5790839195251465,0.5771945118904114,-0.032319504767656326,0.5517589449882507,0.5600111484527588,-0.03811713308095932,0.5806844234466553,0.521732747554779,0.0025878215674310923,0.6293284893035889,0.5438233613967896,-0.01706208847463131,0.5813996195793152,0.5300431251525879,-0.02448991872370243,0.5591202974319458,0.5210650563240051,-0.025598997250199318,0.5846202969551086,0.476104199886322,-0.0050279186107218266,0.6295021176338196,0.4981139302253723,-0.025439048185944557,0.5846427083015442,0.4892943501472473,-0.019194040447473526,0.5623029470443726,0.47961658239364624,-0.009580139070749283,0.5838956832885742,0.426888644695282,-0.014657598920166492,0.620905339717865,0.44681471586227417,-0.02558874897658825,0.5903723835945129,0.4515303373336792,-0.016639288514852524,0.5698402523994446,0.44779568910598755,-0.0065419659949839115,0.0,0.0,0.0,0.0,0.0,0.0,0.0,0.0,0.0,0.0,0.0,0.0,0.0,0.0,0.0,0.0,0.0,0.0,0.0,0.0,0.0,0.0,0.0,0.0,0.0,0.0,0.0,0.0,0.0,0.0,0.0,0.0,0.0,0.0,0.0,0.0,0.0,0.0,0.0,0.0,0.0,0.0,0.0,0.0,0.0,0.0,0.0,0.0,0.0,0.0,0.0,0.0,0.0,0.0,0.0,0.0,0.0,0.0,0.0,0.0,0.0,0.0,0.0
down,0.47209984064102173,0.4315706491470337,-8.699262110667405e-08,0.47787725925445557,0.5089755058288574,-0.018335800617933273,0.49469929933547974,0.5893838405609131,-0.02791067771613598,0.5054247975349426,0.6525305509567261,-0.03827354684472084,0.5079101920127869,0.701461136341095,-0.045827463269233704,0.5764826536178589,0.5394840836524963,-0.007925529964268208,0.6224647164344788,0.5640337467193604,-0.030959170311689377,0.5884163975715637,0.5504732131958008,-0.04601253941655159,0.5618644952774048,0.5364910364151001,-0.05260112136602402,0.5868539810180664,0.4976198971271515,-0.009775761514902115,0.6320955753326416,0.5171194672584534,-0.029666705057024956,0.5927891731262207,0.5070798397064209,-0.037062883377075195,0.5692538619041443,0.49926137924194336,-0.0391789935529232,0.5901176333427429,0.45498591661453247,-0.0159924179315567,0.6347429156303406,0.4745364189147949,-0.035647936165332794,0.5979190468788147,0.4688662588596344,-0.031229600310325623,0.5740187168121338,0.4604661762714386,-0.024043338373303413,0.5886403918266296,0.40932226181030273,-0.024354154244065285,0.6239316463470459,0.425309419631958,-0.03637992590665817,0.5991374850273132,0.4317246079444885,-0.030314387753605843,0.5785457491874695,0.428766131401062,-0.022934578359127045,0.0,0.0,0.0,0.0,0.0,0.0,0.0,0.0,0.0,0.0,0.0,0.0,0.0,0.0,0.0,0.0,0.0,0.0,0.0,0.0,0.0,0.0,0.0,0.0,0.0,0.0,0.0,0.0,0.0,0.0,0.0,0.0,0.0,0.0,0.0,0.0,0.0,0.0,0.0,0.0,0.0,0.0,0.0,0.0,0.0,0.0,0.0,0.0,0.0,0.0,0.0,0.0,0.0,0.0,0.0,0.0,0.0,0.0,0.0,0.0,0.0,0.0,0.0
down,0.4488343596458435,0.42285311222076416,-1.3308728341598908e-07,0.4539831876754761,0.5013670325279236,-0.015933338552713394,0.4705159068107605,0.5779127478599548,-0.02310245670378208,0.48260247707366943,0.6405384540557861,-0.0315532386302948,0.48431846499443054,0.6873599290847778,-0.037091296166181564,0.5505582690238953,0.5280212163925171,0.001807731343433261,0.5922656059265137,0.5474446415901184,-0.018880588933825493,0.5573819279670715,0.5341687202453613,-0.033242903649806976,0.5323787927627563,0.5221034288406372,-0.03941548988223076,0.560396671295166,0.48766374588012695,0.00010593911429168656,0.6026958227157593,0.5011585354804993,-0.017645958811044693,0.5638993978500366,0.49186602234840393,-0.0250479094684124,0.54270339012146,0.4865858554840088,-0.026945162564516068,0.5634678602218628,0.44660043716430664,-0.0061750225722789764,0.6054551005363464,0.462083101272583,-0.025339921936392784,0.568049967288971,0.45588937401771545,-0.021343713626265526,0.5459099411964417,0.44954004883766174,-0.014003526419401169,0.562349796295166,0.40268266201019287,-0.014362399466335773,0.5944191217422485,0.41601210832595825,-0.026028553023934364,0.5680786371231079,0.41836798191070557,-0.019558554515242577,0.5488155484199524,0.41525164246559143,-0.011550011113286018,0.0,0.0,0.0,0.0,0.0,0.0,0.0,0.0,0.0,0.0,0.0,0.0,0.0,0.0,0.0,0.0,0.0,0.0,0.0,0.0,0.0,0.0,0.0,0.0,0.0,0.0,0.0,0.0,0.0,0.0,0.0,0.0,0.0,0.0,0.0,0.0,0.0,0.0,0.0,0.0,0.0,0.0,0.0,0.0,0.0,0.0,0.0,0.0,0.0,0.0,0.0,0.0,0.0,0.0,0.0,0.0,0.0,0.0,0.0,0.0,0.0,0.0,0.0
down,0.41547924280166626,0.3878905177116394,-1.1439542646485279e-07,0.4254778027534485,0.4626403748989105,-0.0176443699747324,0.4440653324127197,0.5382558703422546,-0.027691882103681564,0.4562172293663025,0.6010540127754211,-0.03812001273036003,0.458600252866745,0.6486973762512207,-0.04544461891055107,0.5234501361846924,0.4893210530281067,-0.010044866241514683,0.5683327317237854,0.5046346783638,-0.031754203140735626,0.5313452482223511,0.4957846701145172,-0.045671865344047546,0.506998598575592,0.48640769720077515,-0.052178043872117996,0.5315084457397461,0.4486759901046753,-0.012046856805682182,0.5768431425094604,0.46082180738449097,-0.03032158687710762,0.5355250835418701,0.45598354935646057,-0.03630909323692322,0.5156025886535645,0.4502429962158203,-0.03837170451879501,0.532392680644989,0.40822383761405945,-0.01792951114475727,0.574868381023407,0.41983553767204285,-0.03591084107756615,0.5364148616790771,0.41799768805503845,-0.02999846450984478,0.5160576105117798,0.4121406674385071,-0.022762838751077652,0.5289401412010193,0.3651549816131592,-0.025945181027054787,0.5636335611343384,0.37551793456077576,-0.036893974989652634,0.5378502011299133,0.38329067826271057,-0.02991541288793087,0.5192276835441589,0.38133105635643005,-0.0224636010825634,0.0,0.0,0.0,0.0,0.0,0.0,0.0,0.0,0.0,0.0,0.0,0.0,0.0,0.0,0.0,0.0,0.0,0.0,0.0,0.0,0.0,0.0,0.0,0.0,0.0,0.0,0.0,0.0,0.0,0.0,0.0,0.0,0.0,0.0,0.0,0.0,0.0,0.0,0.0,0.0,0.0,0.0,0.0,0.0,0.0,0.0,0.0,0.0,0.0,0.0,0.0,0.0,0.0,0.0,0.0,0.0,0.0,0.0,0.0,0.0,0.0,0.0,0.0
