enemy,0.5652713775634766,0.4138791561126709,1.7936962137810042e-07,0.6090625524520874,0.5279370546340942,-0.022056883201003075,0.6662583947181702,0.6095489859580994,-0.04509599506855011,0.7062411308288574,0.7012211084365845,-0.06463774293661118,0.7230969667434692,0.7817069292068481,-0.08299559354782104,0.7782416343688965,0.49412667751312256,-0.05880030617117882,0.8815733194351196,0.47225236892700195,-0.07975833117961884,0.9489188194274902,0.4521256983280182,-0.09545429050922394,0.999707818031311,0.43803876638412476,-0.10676009953022003,0.7855727672576904,0.4163658022880554,-0.052018843591213226,0.8071301579475403,0.44692331552505493,-0.05714544653892517,0.7746299505233765,0.4734951853752136,-0.0484052412211895,0.7388822436332703,0.4832875430583954,-0.04779665544629097,0.763738751411438,0.35720962285995483,-0.04443538933992386,0.7706642746925354,0.4056292176246643,-0.0528971403837204,0.7398004531860352,0.42548367381095886,-0.04007329046726227,0.7066666483879089,0.4272335469722748,-0.03437158837914467,0.7377668023109436,0.31774523854255676,-0.03835941478610039,0.7408344149589539,0.3585672676563263,-0.03998327627778053,0.7137420177459717,0.3789561986923218,-0.025617094710469246,0.688025951385498,0.38470202684402466,-0.016165662556886673,0.0,0.0,0.0,0.0,0.0,0.0,0.0,0.0,0.0,0.0,0.0,0.0,0.0,0.0,0.0,0.0,0.0,0.0,0.0,0.0,0.0,0.0,0.0,0.0,0.0,0.0,0.0,0.0,0.0,0.0,0.0,0.0,0.0,0.0,0.0,0.0,0.0,0.0,0.0,0.0,0.0,0.0,0.0,0.0,0.0,0.0,0.0,0.0,0.0,0.0,0.0,0.0,0.0,0.0,0.0,0.0,0.0,0.0,0.0,0.0,0.0,0.0,0.0
enemy,0.4811863899230957,0.4546213150024414,1.0883604772971012e-07,0.5193967819213867,0.5698236227035522,-0.02237715944647789,0.5739418864250183,0.6591489911079407,-0.045444268733263016,0.6098284721374512,0.7533535957336426,-0.06458500027656555,0.6238133311271667,0.8298372030258179,-0.08268780261278152,0.6835318803787231,0.5534417033195496,-0.06422804296016693,0.7829200029373169,0.5441754460334778,-0.09090892225503922,0.8483226299285889,0.5294598340988159,-0.10986968129873276,0.8979476690292358,0.5172291994094849,-0.12280170619487762,0.6912806630134583,0.4774593114852905,-0.058824047446250916,0.704294741153717,0.4977840483188629,-0.0716535821557045,0.6618199944496155,0.5143908262252808,-0.06455156207084656,0.6232554912567139,0.519934892654419,-0.06292927265167236,0.6699158549308777,0.41578274965286255,-0.05267833173274994,0.6721407771110535,0.44603097438812256,-0.06770100444555283,0.6351282000541687,0.46161675453186035,-0.05422737076878548,0.6003374457359314,0.4626166522502899,-0.045820802450180054,0.6428282260894775,0.37283074855804443,-0.04776918143033981,0.6491286158561707,0.3989013433456421,-0.05526365339756012,0.6188225150108337,0.41204535961151123,-0.04067785292863846,0.5926499366760254,0.41639405488967896,-0.02926623448729515,0.0,0.0,0.0,0.0,0.0,0.0,0.0,0.0,0.0,0.0,0.0,0.0,0.0,0.0,0.0,0.0,0.0,0.0,0.0,0.0,0.0,0.0,0.0,0.0,0.0,0.0,0.0,0.0,0.0,0.0,0.0,0.0,0.0,0.0,0.0,0.0,0.0,0.0,0.0,0.0,0.0,0.0,0.0,0.0,0.0,0.0,0.0,0.0,0.0,0.0,0.0,0.0,0.0,0.0,0.0,0.0,0.0,0.0,0.0,0.0,0.0,0.0,0.0
enemy,0.3786103129386902,0.45845064520835876,1.6107661338082835e-07,0.405692994594574,0.5878203511238098,-0.0454065278172493,0.4435810446739197,0.6978186964988708,-0.06856020539999008,0.45984819531440735,0.8040434122085571,-0.08907201141119003,0.47022944688796997,0.8859850168228149,-0.1069917157292366,0.5969254970550537,0.6004812121391296,-0.020976461470127106,0.6942788362503052,0.6195665597915649,-0.04221665486693382,0.7509886622428894,0.6346772909164429,-0.05854549631476402,0.8034422993659973,0.6352641582489014,-0.07312744855880737,0.5976857542991638,0.5359991192817688,-0.020155541598796844,0.661289632320404,0.5742282867431641,-0.049396663904190063,0.578569769859314,0.5717716813087463,-0.05394532531499863,0.5469506978988647,0.5601977109909058,-0.05098783224821091,0.5853806734085083,0.4701874852180481,-0.026139836758375168,0.6355054974555969,0.5065704584121704,-0.0676179975271225,0.5565975904464722,0.5111741423606873,-0.054058756679296494,0.535713791847229,0.4961298108100891,-0.03516487032175064,0.5668943524360657,0.3964737057685852,-0.036359626799821854,0.6204006671905518,0.42872917652130127,-0.06599380820989609,0.5653388500213623,0.4495801329612732,-0.050127461552619934,0.5389713644981384,0.4391627311706543,-0.032783400267362595,0.0,0.0,0.0,0.0,0.0,0.0,0.0,0.0,0.0,0.0,0.0,0.0,0.0,0.0,0.0,0.0,0.0,0.0,0.0,0.0,0.0,0.0,0.0,0.0,0.0,0.0,0.0,0.0,0.0,0.0,0.0,0.0,0.0,0.0,0.0,0.0,0.0,0.0,0.0,0.0,0.0,0.0,0.0,0.0,0.0,0.0,0.0,0.0,0.0,0.0,0.0,0.0,0.0,0.0,0.0,0.0,0.0,0.0,0.0,0.0,0.0,0.0,0.0
enemy,0.3562467098236084,0.4133480191230774,1.7851741418439815e-08,0.38419586420059204,0.5338680744171143,-0.03739422559738159,0.43610262870788574,0.6484454870223999,-0.0603141225874424,0.45657336711883545,0.7539228200912476,-0.08244186639785767,0.46278542280197144,0.8362593054771423,-0.10333766788244247,0.5923558473587036,0.5569171905517578,-0.0340765081346035,0.6973559856414795,0.5706461668014526,-0.06332054734230042,0.7582641243934631,0.5829339027404785,-0.0848568007349968,0.8148960471153259,0.5833433270454407,-0.10354357212781906,0.5919913053512573,0.4882966876029968,-0.03928685188293457,0.6526138782501221,0.5130499005317688,-0.07734207808971405,0.5718001127243042,0.5112453103065491,-0.0852736160159111,0.5405213236808777,0.5044697523117065,-0.08645806461572647,0.5745365619659424,0.41581618785858154,-0.049307070672512054,0.6218758225440979,0.4374157190322876,-0.09653768688440323,0.5471200346946716,0.4457206428050995,-0.08414219319820404,0.5228597521781921,0.4395270347595215,-0.0676875039935112,0.5504360198974609,0.3371983766555786,-0.062476299703121185,0.6021628379821777,0.3531913757324219,-0.09642229974269867,0.5482189059257507,0.37582409381866455,-0.08265520632266998,0.5190261006355286,0.3741084337234497,-0.06757908314466476,0.0,0.0,0.0,0.0,0.0,0.0,0.0,0.0,0.0,0.0,0.0,0.0,0.0,0.0,0.0,0.0,0.0,0.0,0.0,0.0,0.0,0.0,0.0,0.0,0.0,0.0,0.0,0.0,0.0,0.0,0.0,0.0,0.0,0.0,0.0,0.0,0.0,0.0,0.0,0.0,0.0,0.0,0.0,0.0,0.0,0.0,0.0,0.0,0.0,0.0,0.0,0.0,0.0,0.0,0.0,0.0,0.0,0.0,0.0,0.0,0.0,0.0,0.0
enemy,0.3085836172103882,0.32407164573669434,2.2060345372665324e-07,0.33657506108283997,0.44851449131965637,-0.04322468861937523,0.3992851972579956,0.576056182384491,-0.06680866330862045,0.4280349314212799,0.6924027800559998,-0.08800235390663147,0.4387069344520569,0.7819331884384155,-0.10809262096881866,0.5586007833480835,0.46202945709228516,-0.04263096675276756,0.6801636219024658,0.46707141399383545,-0.07201406359672546,0.7563428282737732,0.48179566860198975,-0.09419102221727371,0.8246437311172485,0.4858285188674927,-0.11438518017530441,0.556003987789154,0.3850674033164978,-0.04534276947379112,0.6175292134284973,0.4017488360404968,-0.08549469709396362,0.5335136651992798,0.4063398540019989,-0.09392115473747253,0.49819087982177734,0.40209296345710754,-0.09488773345947266,0.5324839949607849,0.3043002188205719,-0.05282095819711685,0.5777024030685425,0.3135336637496948,-0.09879367053508759,0.5020573735237122,0.3318706452846527,-0.0860247015953064,0.47549256682395935,0.3332304358482361,-0.06958939880132675,0.5011430382728577,0.21935251355171204,-0.06409972161054611,0.5539737939834595,0.22529613971710205,-0.09500308334827423,0.5029296278953552,0.25094476342201233,-0.07963740825653076,0.4754047393798828,0.254916787147522,-0.06398263573646545,0.0,0.0,0.0,0.0,0.0,0.0,0.0,0.0,0.0,0.0,0.0,0.0,0.0,0.0,0.0,0.0,0.0,0.0,0.0,0.0,0.0,0.0,0.0,0.0,0.0,0.0,0.0,0.0,0.0,0.0,0.0,0.0,0.0,0.0,0.0,0.0,0.0,0.0,0.0,0.0,0.0,0.0,0.0,0.0,0.0,0.0,0.0,0.0,0.0,0.0,0.0,0.0,0.0,0.0,0.0,0.0,0.0,0.0,0.0,0.0,0.0,0.0,0.0
enemy,0.34495052695274353,0.2504836320877075,3.410661122416059e-07,0.3758701682090759,0.35490453243255615,-0.04725920408964157,0.44383636116981506,0.47479987144470215,-0.07488903403282166,0.4765301048755646,0.5825225710868835,-0.09963811188936234,0.5010009407997131,0.6621072292327881,-0.12404270470142365,0.5885990262031555,0.3347347676753998,-0.0564127191901207,0.710938572883606,0.3332473635673523,-0.09612369537353516,0.7918543815612793,0.34613412618637085,-0.12411484867334366,0.8629559278488159,0.3468448519706726,-0.14697754383087158,0.5796539187431335,0.25799810886383057,-0.0589924231171608,0.6441512107849121,0.27371543645858765,-0.11385740339756012,0.5612307786941528,0.2982560098171234,-0.12669041752815247,0.5165064334869385,0.29691776633262634,-0.12817785143852234,0.5491232872009277,0.1818595677614212,-0.06617901474237442,0.5995221138000488,0.19171257317066193,-0.12457611411809921,0.521668553352356,0.22771355509757996,-0.10869874060153961,0.4835124909877777,0.2308577448129654,-0.08706876635551453,0.5103992819786072,0.10352090001106262,-0.07727259397506714,0.5644139647483826,0.11501672863960266,-0.1191951334476471,0.510201632976532,0.14983436465263367,-0.10317037999629974,0.4755104184150696,0.15295270085334778,-0.08430889248847961,0.0,0.0,0.0,0.0,0.0,0.0,0.0,0.0,0.0,0.0,0.0,0.0,0.0,0.0,0.0,0.0,0.0,0.0,0.0,0.0,0.0,0.0,0.0,0.0,0.0,0.0,0.0,0.0,0.0,0.0,0.0,0.0,0.0,0.0,0.0,0.0,0.0,0.0,0.0,0.0,0.0,0.0,0.0,0.0,0.0,0.0,0.0,0.0,0.0,0.0,0.0,0.0,0.0,0.0,0.0,0.0,0.0,0.0,0.0,0.0,0.0,0.0,0.0
enemy,0.3713230490684509,0.1850692182779312,2.1483978684955218e-07,0.42105531692504883,0.3152875304222107,-0.03744150325655937,0.4906904697418213,0.43296635150909424,-0.05781775712966919,0.5312333106994629,0.5385838747024536,-0.07876639813184738,0.5501643419265747,0.6255110502243042,-0.09857573360204697,0.6304177641868591,0.29939794540405273,-0.029103990644216537,0.7607325315475464,0.28275951743125916,-0.059676703065633774,0.8374396562576294,0.2805786430835724,-0.08442967385053635,0.9099748134613037,0.27311834692955017,-0.10646707564592361,0.6193290948867798,0.22807914018630981,-0.035852495580911636,0.6882113218307495,0.22288762032985687,-0.08172125369310379,0.6050801277160645,0.2426636517047882,-0.09877008944749832,0.5625134706497192,0.2512063980102539,-0.10468298941850662,0.5888920426368713,0.1529521346092224,-0.04721587523818016,0.6405958533287048,0.1428792029619217,-0.09829942137002945,0.5645566582679749,0.1746334582567215,-0.09198466688394547,0.5275280475616455,0.18838359415531158,-0.07792417705059052,0.5523550510406494,0.07597699761390686,-0.06175677478313446,0.6070935726165771,0.06597548723220825,-0.09710697829723358,0.5567668080329895,0.1003078818321228,-0.08621548861265182,0.5220156908035278,0.11609084904193878,-0.07216762006282806,0.0,0.0,0.0,0.0,0.0,0.0,0.0,0.0,0.0,0.0,0.0,0.0,0.0,0.0,0.0,0.0,0.0,0.0,0.0,0.0,0.0,0.0,0.0,0.0,0.0,0.0,0.0,0.0,0.0,0.0,0.0,0.0,0.0,0.0,0.0,0.0,0.0,0.0,0.0,0.0,0.0,0.0,0.0,0.0,0.0,0.0,0.0,0.0,0.0,0.0,0.0,0.0,0.0,0.0,0.0,0.0,0.0,0.0,0.0,0.0,0.0,0.0,0.0
enemy,0.207069993019104,0.34675681591033936,1.47782202475355e-07,0.23790796101093292,0.4826429486274719,-0.05034782364964485,0.29163312911987305,0.6066614985466003,-0.07271439582109451,0.3136574625968933,0.7253126502037048,-0.09095890074968338,0.32490643858909607,0.8163110017776489,-0.10607858747243881,0.44922885298728943,0.5045063495635986,-0.03271691873669624,0.5628510117530823,0.5233112573623657,-0.057886362075805664,0.6286446452140808,0.5367840528488159,-0.07701518386602402,0.690664529800415,0.5388839840888977,-0.09447699785232544,0.4476398527622223,0.43103092908859253,-0.031052948907017708,0.5115427374839783,0.45914995670318604,-0.06631654500961304,0.42245736718177795,0.45534035563468933,-0.07311567664146423,0.3886134922504425,0.4497891962528229,-0.07211071997880936,0.4294643998146057,0.3561435341835022,-0.0364580862224102,0.4767385721206665,0.3838402032852173,-0.08275479823350906,0.3944494128227234,0.3906574845314026,-0.07149206101894379,0.3740909993648529,0.3838844299316406,-0.054453760385513306,0.40341901779174805,0.27720046043395996,-0.04631272703409195,0.45795246958732605,0.3029402196407318,-0.07792199403047562,0.4013475179672241,0.3243730664253235,-0.06344225257635117,0.37423980236053467,0.3205370306968689,-0.047785740345716476,0.0,0.0,0.0,0.0,0.0,0.0,0.0,0.0,0.0,0.0,0.0,0.0,0.0,0.0,0.0,0.0,0.0,0.0,0.0,0.0,0.0,0.0,0.0,0.0,0.0,0.0,0.0,0.0,0.0,0.0,0.0,0.0,0.0,0.0,0.0,0.0,0.0,0.0,0.0,0.0,0.0,0.0,0.0,0.0,0.0,0.0,0.0,0.0,0.0,0.0,0.0,0.0,0.0,0.0,0.0,0.0,0.0,0.0,0.0,0.0,0.0,0.0,0.0
enemy,0.4143680930137634,0.32804661989212036,1.0942002148794927e-07,0.44774216413497925,0.44695284962654114,-0.04053911194205284,0.5011071562767029,0.5575792193412781,-0.06252288073301315,0.5260251760482788,0.6610875129699707,-0.08303532004356384,0.5415399670600891,0.7421043515205383,-0.10143580287694931,0.6410812139511108,0.45035549998283386,-0.02607267163693905,0.7439632415771484,0.4608927071094513,-0.05406293645501137,0.8054132461547852,0.47205212712287903,-0.07431093603372574,0.8625800013542175,0.47071143984794617,-0.09108639508485794,0.6392986178398132,0.38748815655708313,-0.02882218174636364,0.6980065703392029,0.4344923794269562,-0.06679052859544754,0.6144095659255981,0.4347597658634186,-0.0753408744931221,0.5821059942245483,0.41718900203704834,-0.07435213774442673,0.6238945126533508,0.3217281103134155,-0.03740176558494568,0.6680586338043213,0.36889898777008057,-0.08550336956977844,0.5885052680969238,0.3734200894832611,-0.07231302559375763,0.566165566444397,0.35341545939445496,-0.0526023730635643,0.6024547219276428,0.24796630442142487,-0.04943883419036865,0.6510772705078125,0.287336528301239,-0.08273900300264359,0.5958310961723328,0.31093353033065796,-0.067328542470932,0.5686052441596985,0.29908180236816406,-0.04970674589276314,0.0,0.0,0.0,0.0,0.0,0.0,0.0,0.0,0.0,0.0,0.0,0.0,0.0,0.0,0.0,0.0,0.0,0.0,0.0,0.0,0.0,0.0,0.0,0.0,0.0,0.0,0.0,0.0,0.0,0.0,0.0,0.0,0.0,0.0,0.0,0.0,0.0,0.0,0.0,0.0,0.0,0.0,0.0,0.0,0.0,0.0,0.0,0.0,0.0,0.0,0.0,0.0,0.0,0.0,0.0,0.0,0.0,0.0,0.0,0.0,0.0,0.0,0.0
enemy,0.6847283840179443,0.31101852655410767,2.2026467760838386e-08,0.6242420673370361,0.4730660617351532,-0.027472279965877533,0.5510091781616211,0.5790154933929443,-0.054044581949710846,0.5088721513748169,0.7048460841178894,-0.07859537750482559,0.5002942681312561,0.8079906105995178,-0.10589221864938736,0.38566985726356506,0.4218197166919708,-0.04428262636065483,0.2652639150619507,0.4177253842353821,-0.040008701384067535,0.19307048618793488,0.4195888936519623,-0.039796553552150726,0.13948917388916016,0.41151222586631775,-0.044164933264255524,0.3847801387310028,0.31174132227897644,-0.03179636225104332,0.38001784682273865,0.37806540727615356,-0.016592886298894882,0.42443355917930603,0.40066951513290405,-0.004309701267629862,0.4680919349193573,0.3910709321498871,-0.0006768830353394151,0.42229628562927246,0.23823650181293488,-0.017803413793444633,0.42871659994125366,0.31274402141571045,0.0007516915793530643,0.46993643045425415,0.3335709273815155,0.010708309710025787,0.506501317024231,0.32999101281166077,0.011272660456597805,0.460040807723999,0.18898388743400574,-0.007135206367820501,0.4606702923774719,0.24090072512626648,0.007941966876387596,0.4979436993598938,0.2695692777633667,0.02093113213777542,0.5331842303276062,0.27549585700035095,0.030028555542230606,0.0,0.0,0.0,0.0,0.0,0.0,0.0,0.0,0.0,0.0,0.0,0.0,0.0,0.0,0.0,0.0,0.0,0.0,0.0,0.0,0.0,0.0,0.0,0.0,0.0,0.0,0.0,0.0,0.0,0.0,0.0,0.0,0.0,0.0,0.0,0.0,0.0,0.0,0.0,0.0,0.0,0.0,0.0,0.0,0.0,0.0,0.0,0.0,0.0,0.0,0.0,0.0,0.0,0.0,0.0,0.0,0.0,0.0,0.0,0.0,0.0,0.0,0.0
enemy,0.5340321660041809,0.25557461380958557,9.972713144179579e-08,0.4794169068336487,0.39673495292663574,-0.01606031320989132,0.4008413553237915,0.47906428575515747,-0.03539963811635971,0.34598642587661743,0.5758035182952881,-0.052975885570049286,0.3185023069381714,0.6559512615203857,-0.07443775236606598,0.27984699606895447,0.3187727928161621,-0.017062516883015633,0.1857893466949463,0.324649453163147,0.006746807601302862,0.12818153202533722,0.33378010988235474,0.01695287600159645,0.08653050661087036,0.33225584030151367,0.018289951607584953,0.2867107391357422,0.21919548511505127,-0.0030587431974709034,0.29310494661331177,0.2833217978477478,0.030267272144556046,0.3303665220737457,0.3063201904296875,0.04382684454321861,0.3685932755470276,0.2970869839191437,0.04618733376264572,0.3266511857509613,0.1605946570634842,0.014137400314211845,0.32853689789772034,0.22571948170661926,0.048864129930734634,0.3599849045276642,0.24781571328639984,0.052427180111408234,0.39038631319999695,0.24394464492797852,0.04481082037091255,0.364547461271286,0.12604370713233948,0.030428627505898476,0.36043205857276917,0.17238035798072815,0.06188444793224335,0.38708576560020447,0.19817005097866058,0.07443789392709732,0.4182921350002289,0.20239685475826263,0.07842782139778137,0.0,0.0,0.0,0.0,0.0,0.0,0.0,0.0,0.0,0.0,0.0,0.0,0.0,0.0,0.0,0.0,0.0,0.0,0.0,0.0,0.0,0.0,0.0,0.0,0.0,0.0,0.0,0.0,0.0,0.0,0.0,0.0,0.0,0.0,0.0,0.0,0.0,0.0,0.0,0.0,0.0,0.0,0.0,0.0,0.0,0.0,0.0,0.0,0.0,0.0,0.0,0.0,0.0,0.0,0.0,0.0,0.0,0.0,0.0,0.0,0.0,0.0,0.0
enemy,0.7617708444595337,0.26931077241897583,1.450721072160377e-07,0.6942954063415527,0.4143234193325043,-0.02733166143298149,0.6105862855911255,0.505996584892273,-0.05674954503774643,0.559286892414093,0.6188933253288269,-0.0839485302567482,0.5396520495414734,0.7158740758895874,-0.11575642973184586,0.4735459089279175,0.3333922028541565,-0.04223185032606125,0.3580947518348694,0.331310510635376,-0.03269215300679207,0.2875237464904785,0.329326868057251,-0.031120456755161285,0.235916405916214,0.32036009430885315,-0.03436633199453354,0.47945651412010193,0.22548483312129974,-0.025303997099399567,0.47732090950012207,0.298281192779541,-0.003299760865047574,0.5143805742263794,0.3272950053215027,0.008882821537554264,0.5564748048782349,0.3243155777454376,0.012074463069438934,0.5217781066894531,0.16512364149093628,-0.00562273571267724,0.5245609283447266,0.24004830420017242,0.021038301289081573,0.5602001547813416,0.2670409381389618,0.02616702765226364,0.5962101817131042,0.2671867311000824,0.022148624062538147,0.5620566606521606,0.13071522116661072,0.011896313168108463,0.5620592832565308,0.18081003427505493,0.03759372979402542,0.5926432013511658,0.21130220592021942,0.05067230761051178,0.6260726451873779,0.2189594954252243,0.057553038001060486,0.0,0.0,0.0,0.0,0.0,0.0,0.0,0.0,0.0,0.0,0.0,0.0,0.0,0.0,0.0,0.0,0.0,0.0,0.0,0.0,0.0,0.0,0.0,0.0,0.0,0.0,0.0,0.0,0.0,0.0,0.0,0.0,0.0,0.0,0.0,0.0,0.0,0.0,0.0,0.0,0.0,0.0,0.0,0.0,0.0,0.0,0.0,0.0,0.0,0.0,0.0,0.0,0.0,0.0,0.0,0.0,0.0,0.0,0.0,0.0,0.0,0.0,0.0
enemy,0.9236658215522766,0.19003991782665253,3.682377069935683e-08,0.8822293877601624,0.28887486457824707,-0.027017654851078987,0.8320441246032715,0.3546180725097656,-0.049587178975343704,0.8000891804695129,0.42792361974716187,-0.06851260364055634,0.7870033383369446,0.4892576336860657,-0.08916350454092026,0.7348592877388,0.24053241312503815,-0.04433237761259079,0.6549883484840393,0.24132390320301056,-0.048194605857133865,0.6072384119033813,0.23949001729488373,-0.052090439945459366,0.57164067029953,0.23268087208271027,-0.05711999163031578,0.7370785474777222,0.16920723021030426,-0.031706005334854126,0.7223736047744751,0.216117724776268,-0.02841160260140896,0.7481334209442139,0.23691996932029724,-0.021818993613123894,0.775978684425354,0.2352689504623413,-0.019432896748185158,0.7607319355010986,0.12864400446414948,-0.018354883417487144,0.752709150314331,0.17697696387767792,-0.012799806892871857,0.7761797308921814,0.19554418325424194,-0.006365527398884296,0.7996537089347839,0.19723637402057648,-0.004919196013361216,0.7849662899971008,0.10372830182313919,-0.0074116201139986515,0.7793177366256714,0.1403418630361557,-0.001787944114767015,0.7999863624572754,0.159925177693367,0.0062463837675750256,0.8203405141830444,0.1660795509815216,0.012183458544313908,0.0,0.0,0.0,0.0,0.0,0.0,0.0,0.0,0.0,0.0,0.0,0.0,0.0,0.0,0.0,0.0,0.0,0.0,0.0,0.0,0.0,0.0,0.0,0.0,0.0,0.0,0.0,0.0,0.0,0.0,0.0,0.0,0.0,0.0,0.0,0.0,0.0,0.0,0.0,0.0,0.0,0.0,0.0,0.0,0.0,0.0,0.0,0.0,0.0,0.0,0.0,0.0,0.0,0.0,0.0,0.0,0.0,0.0,0.0,0.0,0.0,0.0,0.0
enemy,0.8058207035064697,0.27260124683380127,1.087087539985987e-07,0.7711784839630127,0.3786654472351074,-0.020726466551423073,0.7262905836105347,0.45216572284698486,-0.04212794825434685,0.7084196209907532,0.5349119901657104,-0.06179450824856758,0.7114191651344299,0.599922776222229,-0.08440809696912766,0.6200769543647766,0.3587803244590759,-0.03663104400038719,0.5431625247001648,0.37020450830459595,-0.03606898710131645,0.49670839309692383,0.37509769201278687,-0.03806270286440849,0.46193212270736694,0.37276023626327515,-0.042106810957193375,0.6152960658073425,0.2900719940662384,-0.025669533759355545,0.6111783981323242,0.3352912962436676,-0.013680361211299896,0.6372248530387878,0.35049429535865784,-0.002895069308578968,0.6634768843650818,0.34585636854171753,0.0013562293024733663,0.636340856552124,0.24677006900310516,-0.01349819265305996,0.6369088292121887,0.29609113931655884,0.003224472515285015,0.6601418256759644,0.3101664185523987,0.013094993308186531,0.6820377111434937,0.3084966540336609,0.014985498040914536,0.65859055519104,0.22163580358028412,-0.0038578584790229797,0.6586251854896545,0.2576041519641876,0.010080529376864433,0.6795378923416138,0.2741857171058655,0.020951921120285988,0.7001444697380066,0.2771076560020447,0.027980554848909378,0.0,0.0,0.0,0.0,0.0,0.0,0.0,0.0,0.0,0.0,0.0,0.0,0.0,0.0,0.0,0.0,0.0,0.0,0.0,0.0,0.0,0.0,0.0,0.0,0.0,0.0,0.0,0.0,0.0,0.0,0.0,0.0,0.0,0.0,0.0,0.0,0.0,0.0,0.0,0.0,0.0,0.0,0.0,0.0,0.0,0.0,0.0,0.0,0.0,0.0,0.0,0.0,0.0,0.0,0.0,0.0,0.0,0.0,0.0,0.0,0.0,0.0,0.0
enemy,0.4221409559249878,0.2812328338623047,3.817277445250511e-07,0.46053606271743774,0.38052231073379517,-0.024762604385614395,0.5040720701217651,0.44437411427497864,-0.04995988681912422,0.5295925140380859,0.5294060707092285,-0.0690658688545227,0.5420026779174805,0.5994428396224976,-0.08650694042444229,0.5897212028503418,0.3491283655166626,-0.06728537380695343,0.687759518623352,0.3582075536251068,-0.08327724039554596,0.7452266216278076,0.35769036412239075,-0.09069115668535233,0.7870888710021973,0.3558301329612732,-0.09447058290243149,0.5960365533828735,0.2783954441547394,-0.05413035303354263,0.6452028155326843,0.3201182186603546,-0.04879141226410866,0.6231884360313416,0.34481608867645264,-0.029454397037625313,0.5934196710586548,0.3520504832267761,-0.021228358149528503,0.5836979150772095,0.22817851603031158,-0.04032674431800842,0.615517795085907,0.28181523084640503,-0.03618282079696655,0.5927426815032959,0.29880067706108093,-0.020452823489904404,0.5658703446388245,0.2945440709590912,-0.014623564667999744,0.5695909261703491,0.19716332852840424,-0.028138864785432816,0.5863263010978699,0.2472856640815735,-0.019923463463783264,0.5642046332359314,0.2616400122642517,-0.005862138234078884,0.5418922305107117,0.2586454153060913,0.0013188308803364635,0.0,0.0,0.0,0.0,0.0,0.0,0.0,0.0,0.0,0.0,0.0,0.0,0.0,0.0,0.0,0.0,0.0,0.0,0.0,0.0,0.0,0.0,0.0,0.0,0.0,0.0,0.0,0.0,0.0,0.0,0.0,0.0,0.0,0.0,0.0,0.0,0.0,0.0,0.0,0.0,0.0,0.0,0.0,0.0,0.0,0.0,0.0,0.0,0.0,0.0,0.0,0.0,0.0,0.0,0.0,0.0,0.0,0.0,0.0,0.0,0.0,0.0,0.0
enemy,0.5447683930397034,0.15742900967597961,2.273401520369589e-07,0.5876996517181396,0.247370645403862,-0.021028870716691017,0.6382250189781189,0.3097212016582489,-0.03987424075603485,0.6759090423583984,0.37700313329696655,-0.05618643760681152,0.6975730657577515,0.43921709060668945,-0.07082889974117279,0.7256152629852295,0.19642530381679535,-0.04305903986096382,0.8063549399375916,0.18645595014095306,-0.05636211857199669,0.8554131984710693,0.17685258388519287,-0.06723867356777191,0.8928927183151245,0.16908229887485504,-0.07656533271074295,0.7240085005760193,0.12812046706676483,-0.03835081681609154,0.7305237650871277,0.1671224981546402,-0.046260979026556015,0.7020578980445862,0.1912035197019577,-0.043378207832574844,0.6770657300949097,0.19609056413173676,-0.045013125985860825,0.6987648606300354,0.07988369464874268,-0.03343726694583893,0.7006235122680664,0.1234302669763565,-0.04299667850136757,0.6756985187530518,0.14095373451709747,-0.03556293994188309,0.6528622508049011,0.14204993844032288,-0.03271584212779999,0.6732669472694397,0.04740715026855469,-0.030229421332478523,0.674872636795044,0.08648084104061127,-0.035868316888809204,0.6516844034194946,0.10318353772163391,-0.027767857536673546,0.6317410469055176,0.10739167034626007,-0.022005438804626465,0.0,0.0,0.0,0.0,0.0,0.0,0.0,0.0,0.0,0.0,0.0,0.0,0.0,0.0,0.0,0.0,0.0,0.0,0.0,0.0,0.0,0.0,0.0,0.0,0.0,0.0,0.0,0.0,0.0,0.0,0.0,0.0,0.0,0.0,0.0,0.0,0.0,0.0,0.0,0.0,0.0,0.0,0.0,0.0,0.0,0.0,0.0,0.0,0.0,0.0,0.0,0.0,0.0,0.0,0.0,0.0,0.0,0.0,0.0,0.0,0.0,0.0,0.0
enemy,0.5508766174316406,0.29568541049957275,1.4036758955171535e-07,0.5861623287200928,0.3779914379119873,-0.009976282715797424,0.630302906036377,0.4120880365371704,-0.016798432916402817,0.6679019927978516,0.4058336019515991,-0.02282881550490856,0.6875015497207642,0.379385769367218,-0.027854030951857567,0.7064685225486755,0.353826105594635,-0.00893526989966631,0.7247495651245117,0.374451220035553,-0.017300883308053017,0.7022157907485962,0.37692439556121826,-0.028641579672694206,0.6820655465126038,0.37214547395706177,-0.03668247163295746,0.7076911330223083,0.2969517707824707,-0.008050080388784409,0.7169459462165833,0.3194693326950073,-0.0064766001887619495,0.6997634172439575,0.32959821820259094,-0.009175899438560009,0.6814427971839905,0.3302990198135376,-0.01501526590436697,0.6941716074943542,0.24697265028953552,-0.008184174075722694,0.7018011808395386,0.2713005840778351,-0.008728494867682457,0.6857763528823853,0.28001639246940613,-0.0067494893446564674,0.6663520932197571,0.2794238328933716,-0.007805312518030405,0.6750600934028625,0.20673556625843048,-0.0094009293243289,0.6821885704994202,0.22855126857757568,-0.009549548849463463,0.6684448719024658,0.23781560361385345,-0.004030219279229641,0.6534338593482971,0.2397676706314087,-0.0001639682741370052,0.0,0.0,0.0,0.0,0.0,0.0,0.0,0.0,0.0,0.0,0.0,0.0,0.0,0.0,0.0,0.0,0.0,0.0,0.0,0.0,0.0,0.0,0.0,0.0,0.0,0.0,0.0,0.0,0.0,0.0,0.0,0.0,0.0,0.0,0.0,0.0,0.0,0.0,0.0,0.0,0.0,0.0,0.0,0.0,0.0,0.0,0.0,0.0,0.0,0.0,0.0,0.0,0.0,0.0,0.0,0.0,0.0,0.0,0.0,0.0,0.0,0.0,0.0
enemy,0.5268683433532715,0.4061763882637024,2.6840453415388765e-07,0.5514612197875977,0.5110291838645935,-0.016104917973279953,0.5858076810836792,0.5886597633361816,-0.03589089214801788,0.6107624769210815,0.6676657795906067,-0.05426459759473801,0.6229003071784973,0.730739414691925,-0.07167520374059677,0.6803681254386902,0.5127702355384827,-0.0438988022506237,0.7668342590332031,0.5268918871879578,-0.06508134305477142,0.8247023224830627,0.5338572859764099,-0.0810227245092392,0.8686761260032654,0.5371171832084656,-0.09228786826133728,0.692122220993042,0.44789549708366394,-0.04345092177391052,0.7186924815177917,0.4761298894882202,-0.0578625462949276,0.6922858953475952,0.48733463883399963,-0.0548749640583992,0.6643038988113403,0.4833259880542755,-0.0547633059322834,0.6831783652305603,0.3914887309074402,-0.0429074689745903,0.6973975896835327,0.42997533082962036,-0.05576449632644653,0.6753093600273132,0.4347686171531677,-0.04457969591021538,0.6513564586639404,0.42411231994628906,-0.03784159943461418,0.6693105697631836,0.34695109724998474,-0.043766651302576065,0.6798467040061951,0.38348588347435,-0.0486602708697319,0.657532274723053,0.3879404664039612,-0.03637290745973587,0.6362120509147644,0.3798311650753021,-0.02727997861802578,0.0,0.0,0.0,0.0,0.0,0.0,0.0,0.0,0.0,0.0,0.0,0.0,0.0,0.0,0.0,0.0,0.0,0.0,0.0,0.0,0.0,0.0,0.0,0.0,0.0,0.0,0.0,0.0,0.0,0.0,0.0,0.0,0.0,0.0,0.0,0.0,0.0,0.0,0.0,0.0,0.0,0.0,0.0,0.0,0.0,0.0,0.0,0.0,0.0,0.0,0.0,0.0,0.0,0.0,0.0,0.0,0.0,0.0,0.0,0.0,0.0,0.0,0.0
enemy,0.5353471040725708,0.5810309648513794,2.681077830857248e-07,0.541934072971344,0.6621613502502441,-0.012919575907289982,0.5720654129981995,0.7243029475212097,-0.02302282303571701,0.5883811116218567,0.7626040577888489,-0.032460104674100876,0.6048772931098938,0.7718234062194824,-0.04216434806585312,0.6506050825119019,0.7009603381156921,-0.024699006229639053,0.709823489189148,0.7329666018486023,-0.038747720420360565,0.7532930970191956,0.7566667199134827,-0.05110522359609604,0.7879753708839417,0.7741456627845764,-0.0617629773914814,0.666752278804779,0.651027262210846,-0.02485726960003376,0.693375289440155,0.6691743731498718,-0.03477172181010246,0.6698312163352966,0.6680430769920349,-0.03507077321410179,0.6463981866836548,0.6664034128189087,-0.03772218897938728,0.668399453163147,0.59858238697052,-0.025654349476099014,0.6824567317962646,0.6219291090965271,-0.034210991114377975,0.6637787818908691,0.621167004108429,-0.02593393065035343,0.6447895765304565,0.6140812039375305,-0.022402038797736168,0.6648423671722412,0.552670955657959,-0.028121978044509888,0.6676089763641357,0.5751831531524658,-0.034815579652786255,0.6489529013633728,0.5737838745117188,-0.028163820505142212,0.6326557397842407,0.5667192935943604,-0.023587623611092567,0.0,0.0,0.0,0.0,0.0,0.0,0.0,0.0,0.0,0.0,0.0,0.0,0.0,0.0,0.0,0.0,0.0,0.0,0.0,0.0,0.0,0.0,0.0,0.0,0.0,0.0,0.0,0.0,0.0,0.0,0.0,0.0,0.0,0.0,0.0,0.0,0.0,0.0,0.0,0.0,0.0,0.0,0.0,0.0,0.0,0.0,0.0,0.0,0.0,0.0,0.0,0.0,0.0,0.0,0.0,0.0,0.0,0.0,0.0,0.0,0.0,0.0,0.0
enemy,0.6782997846603394,0.26804879307746887,3.4833055906347e-07,0.7081743478775024,0.3655110001564026,-0.014062373898923397,0.7592512965202332,0.42479413747787476,-0.026523109525442123,0.7904917597770691,0.48208752274513245,-0.036708932369947433,0.8087329864501953,0.533607006072998,-0.04597139731049538,0.8461301922798157,0.3328491747379303,-0.03219068422913551,0.9218904972076416,0.3163691759109497,-0.038037098944187164,0.9707615375518799,0.3029251992702484,-0.04525070637464523,1.0063925981521606,0.29544222354888916,-0.05258214473724365,0.8462508320808411,0.26837560534477234,-0.02646542713046074,0.855226993560791,0.2962322235107422,-0.02268308214843273,0.8301399350166321,0.317788690328598,-0.01597004011273384,0.8053712248802185,0.3193546533584595,-0.01655386947095394,0.8223104476928711,0.21589341759681702,-0.01972188986837864,0.8258348107337952,0.2565876543521881,-0.020921694114804268,0.8041987419128418,0.27332794666290283,-0.015193399973213673,0.7843286395072937,0.27057206630706787,-0.014746474102139473,0.7964633703231812,0.1831231266260147,-0.013340085744857788,0.796256959438324,0.22214597463607788,-0.012228481471538544,0.7779728770256042,0.2352118045091629,-0.003001454519107938,0.7628381848335266,0.23101648688316345,0.0020980306435376406,0.0,0.0,0.0,0.0,0.0,0.0,0.0,0.0,0.0,0.0,0.0,0.0,0.0,0.0,0.0,0.0,0.0,0.0,0.0,0.0,0.0,0.0,0.0,0.0,0.0,0.0,0.0,0.0,0.0,0.0,0.0,0.0,0.0,0.0,0.0,0.0,0.0,0.0,0.0,0.0,0.0,0.0,0.0,0.0,0.0,0.0,0.0,0.0,0.0,0.0,0.0,0.0,0.0,0.0,0.0,0.0,0.0,0.0,0.0,0.0,0.0,0.0,0.0
enemy,0.6648171544075012,0.2796977162361145,3.8451219097623834e-07,0.6935430765151978,0.3812318742275238,-0.017572510987520218,0.7492944598197937,0.44269299507141113,-0.02850193716585636,0.7807323336601257,0.5001753568649292,-0.03634697571396828,0.795549213886261,0.5507614612579346,-0.04265674203634262,0.8418539762496948,0.33239758014678955,-0.032193511724472046,0.9142313003540039,0.31751394271850586,-0.037943147122859955,0.963204562664032,0.3061223030090332,-0.04677590727806091,1.0004322528839111,0.2983841598033905,-0.05636259540915489,0.8371073007583618,0.2659769058227539,-0.025008393451571465,0.8431623578071594,0.2973984181880951,-0.02555990032851696,0.8168978691101074,0.321670800447464,-0.02231277897953987,0.7933526635169983,0.3219105005264282,-0.024545466527342796,0.8094038963317871,0.21657706797122955,-0.01722876727581024,0.8119491934776306,0.25776922702789307,-0.02158341556787491,0.7899557948112488,0.27964526414871216,-0.017777442932128906,0.7706633806228638,0.2768215835094452,-0.017773225903511047,0.7797566056251526,0.18627913296222687,-0.010219922289252281,0.7817786931991577,0.22559309005737305,-0.011550444178283215,0.7644705772399902,0.24022461473941803,-0.004062132444232702,0.7490530014038086,0.23495399951934814,0.0001574904308654368,0.0,0.0,0.0,0.0,0.0,0.0,0.0,0.0,0.0,0.0,0.0,0.0,0.0,0.0,0.0,0.0,0.0,0.0,0.0,0.0,0.0,0.0,0.0,0.0,0.0,0.0,0.0,0.0,0.0,0.0,0.0,0.0,0.0,0.0,0.0,0.0,0.0,0.0,0.0,0.0,0.0,0.0,0.0,0.0,0.0,0.0,0.0,0.0,0.0,0.0,0.0,0.0,0.0,0.0,0.0,0.0,0.0,0.0,0.0,0.0,0.0,0.0,0.0
enemy,0.6573076844215393,0.3053726553916931,2.7006771574633603e-07,0.6865785717964172,0.39701882004737854,-0.018244115635752678,0.7398410439491272,0.4576912522315979,-0.03154832869768143,0.7719807624816895,0.515119731426239,-0.041686274111270905,0.7860845923423767,0.5661355257034302,-0.05079682171344757,0.8215973377227783,0.35559555888175964,-0.04141370207071304,0.8930501937866211,0.34602686762809753,-0.056339215487241745,0.9441578388214111,0.33771374821662903,-0.0705808475613594,0.9829180836677551,0.33071398735046387,-0.08314236253499985,0.8183983564376831,0.2914865016937256,-0.0365452766418457,0.8352904319763184,0.30774182081222534,-0.04658711329102516,0.8075671195983887,0.3261982202529907,-0.04421243071556091,0.7816840410232544,0.3281762897968292,-0.045782335102558136,0.7942339181900024,0.24492649734020233,-0.03133225813508034,0.80909663438797,0.2695983350276947,-0.04240143299102783,0.7877222299575806,0.2887885272502899,-0.03407702594995499,0.7647695541381836,0.28925222158432007,-0.02963453345000744,0.7668120265007019,0.21393434703350067,-0.02728731743991375,0.7785249352455139,0.240562304854393,-0.03352979198098183,0.7620742917060852,0.2550264596939087,-0.024495884776115417,0.7451726794242859,0.25520771741867065,-0.018100734800100327,0.0,0.0,0.0,0.0,0.0,0.0,0.0,0.0,0.0,0.0,0.0,0.0,0.0,0.0,0.0,0.0,0.0,0.0,0.0,0.0,0.0,0.0,0.0,0.0,0.0,0.0,0.0,0.0,0.0,0.0,0.0,0.0,0.0,0.0,0.0,0.0,0.0,0.0,0.0,0.0,0.0,0.0,0.0,0.0,0.0,0.0,0.0,0.0,0.0,0.0,0.0,0.0,0.0,0.0,0.0,0.0,0.0,0.0,0.0,0.0,0.0,0.0,0.0
enemy,0.6408520936965942,0.30225250124931335,3.5881208759747096e-07,0.6755239367485046,0.4013037085533142,-0.020594917237758636,0.7302364706993103,0.47262880206108093,-0.03709753602743149,0.7661995887756348,0.5385475754737854,-0.04925590753555298,0.7836416363716125,0.5960519313812256,-0.059899765998125076,0.8211655616760254,0.3508378267288208,-0.045688558369874954,0.904076874256134,0.33914729952812195,-0.05660586431622505,0.9599659442901611,0.3279319107532501,-0.06752460449934006,1.002305269241333,0.3190869987010956,-0.07786719501018524,0.8196977972984314,0.2807161211967468,-0.03802967071533203,0.8318384289741516,0.3115019202232361,-0.03961533308029175,0.8035686612129211,0.33077484369277954,-0.0324719063937664,0.7776131629943848,0.32966184616088867,-0.03233587369322777,0.7934078574180603,0.22943273186683655,-0.029744168743491173,0.7996106147766113,0.27157410979270935,-0.03553866222500801,0.7752646207809448,0.29092109203338623,-0.028134744614362717,0.7535731792449951,0.2900484800338745,-0.02591351792216301,0.7655451893806458,0.1970626711845398,-0.022320440039038658,0.771426796913147,0.24026764929294586,-0.024497991427779198,0.7508371472358704,0.25305360555648804,-0.01481441967189312,0.7344399690628052,0.250210702419281,-0.009092243388295174,0.0,0.0,0.0,0.0,0.0,0.0,0.0,0.0,0.0,0.0,0.0,0.0,0.0,0.0,0.0,0.0,0.0,0.0,0.0,0.0,0.0,0.0,0.0,0.0,0.0,0.0,0.0,0.0,0.0,0.0,0.0,0.0,0.0,0.0,0.0,0.0,0.0,0.0,0.0,0.0,0.0,0.0,0.0,0.0,0.0,0.0,0.0,0.0,0.0,0.0,0.0,0.0,0.0,0.0,0.0,0.0,0.0,0.0,0.0,0.0,0.0,0.0,0.0
enemy,0.6121038794517517,0.3419174253940582,2.1530242122480558e-07,0.6506689786911011,0.4553055763244629,-0.01975061744451523,0.7005650997161865,0.5342361927032471,-0.04201975092291832,0.7345807552337646,0.6197153329849243,-0.06079504266381264,0.7495083212852478,0.6950462460517883,-0.07841160893440247,0.8019260168075562,0.42090660333633423,-0.05180581286549568,0.8922451138496399,0.41127240657806396,-0.06652586162090302,0.9507278203964233,0.3971102237701416,-0.07933974266052246,0.9955265522003174,0.3864904046058655,-0.08936509490013123,0.8072615265846252,0.349384069442749,-0.044109173119068146,0.8174946308135986,0.3722047209739685,-0.04000909999012947,0.7890418171882629,0.39021778106689453,-0.02987687848508358,0.7604036331176758,0.393507182598114,-0.02978108637034893,0.7837609052658081,0.2919936776161194,-0.03533882647752762,0.7872976660728455,0.33066612482070923,-0.034712448716163635,0.7613856196403503,0.3451911211013794,-0.024973347783088684,0.7354941964149475,0.3440815806388855,-0.023363634943962097,0.7579686045646667,0.2549925446510315,-0.02750195749104023,0.7601481676101685,0.29004859924316406,-0.02173561416566372,0.7393810153007507,0.30193501710891724,-0.008502757176756859,0.7201862931251526,0.30110877752304077,-0.0016449576942250133,0.0,0.0,0.0,0.0,0.0,0.0,0.0,0.0,0.0,0.0,0.0,0.0,0.0,0.0,0.0,0.0,0.0,0.0,0.0,0.0,0.0,0.0,0.0,0.0,0.0,0.0,0.0,0.0,0.0,0.0,0.0,0.0,0.0,0.0,0.0,0.0,0.0,0.0,0.0,0.0,0.0,0.0,0.0,0.0,0.0,0.0,0.0,0.0,0.0,0.0,0.0,0.0,0.0,0.0,0.0,0.0,0.0,0.0,0.0,0.0,0.0,0.0,0.0
enemy,0.2548317313194275,0.3987393379211426,3.2264424021377636e-08,0.2722107172012329,0.5197441577911377,-0.03276609629392624,0.3208761215209961,0.6322038173675537,-0.04724636673927307,0.34686359763145447,0.7331363558769226,-0.062435805797576904,0.3594991862773895,0.8106584548950195,-0.07710489630699158,0.45905208587646484,0.5436414480209351,-0.023050572723150253,0.5630894899368286,0.5758497714996338,-0.05453415587544441,0.6275703310966492,0.5975756645202637,-0.07832316309213638,0.6839118003845215,0.6110177636146545,-0.09633053839206696,0.46168839931488037,0.48139846324920654,-0.02659815177321434,0.5141512751579285,0.5290553569793701,-0.07652908563613892,0.4320317506790161,0.5196003317832947,-0.09001521021127701,0.38046810030937195,0.49703434109687805,-0.08878520131111145,0.4534491300582886,0.4140262305736542,-0.03505590558052063,0.5049669146537781,0.46691766381263733,-0.09050489217042923,0.42228788137435913,0.4636757969856262,-0.07983841001987457,0.37475281953811646,0.4388675093650818,-0.05807103216648102,0.44071564078330994,0.3392888307571411,-0.04621519148349762,0.49162524938583374,0.390174925327301,-0.0861390009522438,0.43438127636909485,0.40601450204849243,-0.07481656968593597,0.3931765556335449,0.39339977502822876,-0.05714236572384834,0.0,0.0,0.0,0.0,0.0,0.0,0.0,0.0,0.0,0.0,0.0,0.0,0.0,0.0,0.0,0.0,0.0,0.0,0.0,0.0,0.0,0.0,0.0,0.0,0.0,0.0,0.0,0.0,0.0,0.0,0.0,0.0,0.0,0.0,0.0,0.0,0.0,0.0,0.0,0.0,0.0,0.0,0.0,0.0,0.0,0.0,0.0,0.0,0.0,0.0,0.0,0.0,0.0,0.0,0.0,0.0,0.0,0.0,0.0,0.0,0.0,0.0,0.0
enemy,0.1602780818939209,0.30232352018356323,1.01939349406166e-07,0.17734715342521667,0.37930557131767273,-0.024563953280448914,0.20847190916538239,0.46372175216674805,-0.040893618017435074,0.2235754430294037,0.5351206064224243,-0.05629926547408104,0.23056413233280182,0.5945156216621399,-0.07145639508962631,0.3024429380893707,0.40227317810058594,-0.02793140895664692,0.37474164366722107,0.4155483543872833,-0.05265325680375099,0.4219093322753906,0.4287044107913971,-0.07101207971572876,0.4633001685142517,0.43523141741752625,-0.08515740931034088,0.30437877774238586,0.35455480217933655,-0.031040096655488014,0.3332276940345764,0.37134021520614624,-0.06382313370704651,0.2789066731929779,0.3624315559864044,-0.07165765017271042,0.2506665289402008,0.35031962394714355,-0.07257852703332901,0.2952575981616974,0.302721232175827,-0.03680502995848656,0.32296767830848694,0.3164733052253723,-0.0723152756690979,0.27292895317077637,0.31428301334381104,-0.06172657012939453,0.24840092658996582,0.3041255474090576,-0.04777917638421059,0.2821452021598816,0.248529851436615,-0.04444676637649536,0.308786541223526,0.2609052062034607,-0.06787961721420288,0.27128952741622925,0.26695170998573303,-0.055366020649671555,0.2504231333732605,0.2579233646392822,-0.0418277308344841,0.0,0.0,0.0,0.0,0.0,0.0,0.0,0.0,0.0,0.0,0.0,0.0,0.0,0.0,0.0,0.0,0.0,0.0,0.0,0.0,0.0,0.0,0.0,0.0,0.0,0.0,0.0,0.0,0.0,0.0,0.0,0.0,0.0,0.0,0.0,0.0,0.0,0.0,0.0,0.0,0.0,0.0,0.0,0.0,0.0,0.0,0.0,0.0,0.0,0.0,0.0,0.0,0.0,0.0,0.0,0.0,0.0,0.0,0.0,0.0,0.0,0.0,0.0
enemy,0.14659588038921356,0.21569287776947021,3.426134043138518e-08,0.16818031668663025,0.2918870151042938,-0.02583746798336506,0.20969150960445404,0.3749338984489441,-0.042765647172927856,0.2339269518852234,0.44628462195396423,-0.059687379747629166,0.2460026741027832,0.5059853196144104,-0.07623148709535599,0.30789029598236084,0.30554652214050293,-0.028307583183050156,0.3853827714920044,0.31758925318717957,-0.05168900266289711,0.43235063552856445,0.3276250660419464,-0.06784868240356445,0.4727756381034851,0.33188596367836,-0.08060473203659058,0.30773210525512695,0.2556813657283783,-0.03125341236591339,0.3367784321308136,0.2795724868774414,-0.067562036216259,0.28027981519699097,0.2800847589969635,-0.07657094299793243,0.2498563677072525,0.267961323261261,-0.07720836997032166,0.2957128584384918,0.20515455305576324,-0.03686490282416344,0.323020875453949,0.2279249131679535,-0.07381337136030197,0.27117666602134705,0.23632469773292542,-0.06489454209804535,0.24327674508094788,0.2277611494064331,-0.0514855831861496,0.2795366048812866,0.15131066739559174,-0.04473074525594711,0.3099212348461151,0.17405854165554047,-0.07097622007131577,0.2724311053752899,0.19163644313812256,-0.06266225129365921,0.24707818031311035,0.1895751655101776,-0.05134330317378044,0.0,0.0,0.0,0.0,0.0,0.0,0.0,0.0,0.0,0.0,0.0,0.0,0.0,0.0,0.0,0.0,0.0,0.0,0.0,0.0,0.0,0.0,0.0,0.0,0.0,0.0,0.0,0.0,0.0,0.0,0.0,0.0,0.0,0.0,0.0,0.0,0.0,0.0,0.0,0.0,0.0,0.0,0.0,0.0,0.0,0.0,0.0,0.0,0.0,0.0,0.0,0.0,0.0,0.0,0.0,0.0,0.0,0.0,0.0,0.0,0.0,0.0,0.0
enemy,0.20067277550697327,0.21427693963050842,1.5851555623669356e-09,0.21586816012859344,0.30316007137298584,-0.023047013208270073,0.25918009877204895,0.388843297958374,-0.032686877995729446,0.284219890832901,0.460955947637558,-0.04214025288820267,0.2933322489261627,0.5205444097518921,-0.05126410350203514,0.3634374439716339,0.3143943250179291,-0.016076702624559402,0.44548046588897705,0.32885345816612244,-0.035943321883678436,0.4947142004966736,0.34209153056144714,-0.0511193573474884,0.539425253868103,0.3482632637023926,-0.06419853121042252,0.36347147822380066,0.26592177152633667,-0.019605496898293495,0.398419052362442,0.2966110110282898,-0.052265215665102005,0.3346236050128937,0.2911224067211151,-0.06091606244444847,0.3056012690067291,0.2749420702457428,-0.061030399054288864,0.35182854533195496,0.2136218547821045,-0.02630959451198578,0.38180071115493774,0.24738828837871552,-0.06526435911655426,0.32146430015563965,0.24713897705078125,-0.05686895176768303,0.2990473210811615,0.23171646893024445,-0.04236925393342972,0.336394727230072,0.15437887609004974,-0.03461857885122299,0.3713766932487488,0.18369194865226746,-0.06307428330183029,0.3269928991794586,0.19790636003017426,-0.05354955047369003,0.30263981223106384,0.19039972126483917,-0.04093914106488228,0.0,0.0,0.0,0.0,0.0,0.0,0.0,0.0,0.0,0.0,0.0,0.0,0.0,0.0,0.0,0.0,0.0,0.0,0.0,0.0,0.0,0.0,0.0,0.0,0.0,0.0,0.0,0.0,0.0,0.0,0.0,0.0,0.0,0.0,0.0,0.0,0.0,0.0,0.0,0.0,0.0,0.0,0.0,0.0,0.0,0.0,0.0,0.0,0.0,0.0,0.0,0.0,0.0,0.0,0.0,0.0,0.0,0.0,0.0,0.0,0.0,0.0,0.0
enemy,0.14118140935897827,0.2184632420539856,6.054695944612831e-08,0.1532997488975525,0.2932833433151245,-0.024402551352977753,0.18966789543628693,0.37734875082969666,-0.03804265335202217,0.20968873798847198,0.44778862595558167,-0.05041820928454399,0.2172284722328186,0.5045757293701172,-0.06269985437393188,0.28758570551872253,0.30732718110084534,-0.028293374925851822,0.36296379566192627,0.31467312574386597,-0.04738033562898636,0.409394770860672,0.3225579857826233,-0.061011265963315964,0.44982898235321045,0.3259071707725525,-0.0729595422744751,0.28582897782325745,0.25984135270118713,-0.030486688017845154,0.3199836015701294,0.27739888429641724,-0.061028555035591125,0.2659711539745331,0.2760792076587677,-0.06849928945302963,0.2375292032957077,0.2665401101112366,-0.06930828839540482,0.27300116419792175,0.2109754979610443,-0.034893836826086044,0.3027592599391937,0.22738367319107056,-0.06857692450284958,0.25297659635543823,0.2346649020910263,-0.061247069388628006,0.2293776273727417,0.22849400341510773,-0.04975610971450806,0.25685369968414307,0.1587619036436081,-0.04107997566461563,0.2900376319885254,0.1762019544839859,-0.06530554592609406,0.2555557191371918,0.18969248235225677,-0.057659778743982315,0.234492689371109,0.18675388395786285,-0.047880735248327255,0.0,0.0,0.0,0.0,0.0,0.0,0.0,0.0,0.0,0.0,0.0,0.0,0.0,0.0,0.0,0.0,0.0,0.0,0.0,0.0,0.0,0.0,0.0,0.0,0.0,0.0,0.0,0.0,0.0,0.0,0.0,0.0,0.0,0.0,0.0,0.0,0.0,0.0,0.0,0.0,0.0,0.0,0.0,0.0,0.0,0.0,0.0,0.0,0.0,0.0,0.0,0.0,0.0,0.0,0.0,0.0,0.0,0.0,0.0,0.0,0.0,0.0,0.0
enemy,0.19647182524204254,0.23629701137542725,1.1229327157025182e-07,0.21064770221710205,0.31673407554626465,-0.026108160614967346,0.24623417854309082,0.40156280994415283,-0.0405469574034214,0.26953044533729553,0.47039929032325745,-0.054347019642591476,0.27765169739723206,0.5268574953079224,-0.06824297457933426,0.33957144618034363,0.33129867911338806,-0.025871220976114273,0.4170548915863037,0.34169870615005493,-0.045985180884599686,0.4642278850078583,0.3514767587184906,-0.06050439551472664,0.5042970776557922,0.35706788301467896,-0.07248400896787643,0.33798038959503174,0.28374066948890686,-0.027613669633865356,0.3802223801612854,0.29804620146751404,-0.061294738203287125,0.32767391204833984,0.2974298298358917,-0.07091920077800751,0.29292184114456177,0.2903507351875305,-0.07179474085569382,0.32699158787727356,0.23403725028038025,-0.03194933384656906,0.3662736415863037,0.24844640493392944,-0.0660540983080864,0.3166365325450897,0.2548072040081024,-0.05947791785001755,0.2847614288330078,0.24850505590438843,-0.047432225197553635,0.3136395215988159,0.1800544261932373,-0.03851843997836113,0.3530341684818268,0.19522981345653534,-0.061972178518772125,0.32023701071739197,0.20877325534820557,-0.054950594902038574,0.2948259115219116,0.20681914687156677,-0.04499909281730652,0.0,0.0,0.0,0.0,0.0,0.0,0.0,0.0,0.0,0.0,0.0,0.0,0.0,0.0,0.0,0.0,0.0,0.0,0.0,0.0,0.0,0.0,0.0,0.0,0.0,0.0,0.0,0.0,0.0,0.0,0.0,0.0,0.0,0.0,0.0,0.0,0.0,0.0,0.0,0.0,0.0,0.0,0.0,0.0,0.0,0.0,0.0,0.0,0.0,0.0,0.0,0.0,0.0,0.0,0.0,0.0,0.0,0.0,0.0,0.0,0.0,0.0,0.0
enemy,0.26090139150619507,0.2530880570411682,8.019750907806156e-08,0.28511562943458557,0.3261832892894745,-0.026818841695785522,0.3189687132835388,0.40367642045021057,-0.047929003834724426,0.3309396803379059,0.4777379631996155,-0.06967663764953613,0.3389003872871399,0.536824643611908,-0.09192732721567154,0.41290509700775146,0.32989072799682617,-0.032807234674692154,0.48386991024017334,0.3417801856994629,-0.05782483518123627,0.5273393392562866,0.3476025462150574,-0.07559506595134735,0.565209150314331,0.34936055541038513,-0.08922512084245682,0.4127771556377411,0.2812282145023346,-0.03641137480735779,0.4447632431983948,0.30161333084106445,-0.07069558650255203,0.3930026590824127,0.307797372341156,-0.0801292434334755,0.36192482709884644,0.30093103647232056,-0.082244873046875,0.4004988968372345,0.233150452375412,-0.042707283049821854,0.42831623554229736,0.25260186195373535,-0.07652004808187485,0.37937045097351074,0.26463526487350464,-0.06787853688001633,0.3499852418899536,0.2595255970954895,-0.056056004017591476,0.3827091157436371,0.18382175266742706,-0.05166478455066681,0.41669991612434387,0.19815653562545776,-0.07532397657632828,0.38242822885513306,0.2198474109172821,-0.06664453446865082,0.3538452386856079,0.22287851572036743,-0.05600154027342796,0.0,0.0,0.0,0.0,0.0,0.0,0.0,0.0,0.0,0.0,0.0,0.0,0.0,0.0,0.0,0.0,0.0,0.0,0.0,0.0,0.0,0.0,0.0,0.0,0.0,0.0,0.0,0.0,0.0,0.0,0.0,0.0,0.0,0.0,0.0,0.0,0.0,0.0,0.0,0.0,0.0,0.0,0.0,0.0,0.0,0.0,0.0,0.0,0.0,0.0,0.0,0.0,0.0,0.0,0.0,0.0,0.0,0.0,0.0,0.0,0.0,0.0,0.0
enemy,0.19953197240829468,0.3978078365325928,3.875511112028107e-08,0.20076268911361694,0.48063981533050537,-0.018478859215974808,0.2265494465827942,0.564903974533081,-0.024094268679618835,0.23980090022087097,0.6317187547683716,-0.02997252345085144,0.24060064554214478,0.6821537017822266,-0.035797666758298874,0.32380548119544983,0.5073995590209961,-0.00838782824575901,0.3974316120147705,0.527532160282135,-0.02376740053296089,0.43964946269989014,0.5441461801528931,-0.0357440821826458,0.4760541617870331,0.5547907948493958,-0.045843418687582016,0.328850120306015,0.4653473496437073,-0.010308385826647282,0.3667350113391876,0.48958858847618103,-0.038954075425863266,0.31253108382225037,0.4786897897720337,-0.04741724580526352,0.2799011170864105,0.4642721116542816,-0.04679832234978676,0.32525283098220825,0.4196626543998718,-0.015018087811768055,0.36068645119667053,0.4455658793449402,-0.04879508167505264,0.3062916398048401,0.4381384551525116,-0.042774420231580734,0.2779351770877838,0.42367398738861084,-0.029474977403879166,0.31848275661468506,0.36814582347869873,-0.02103905938565731,0.3537803292274475,0.3955760598182678,-0.04619966819882393,0.3151654005050659,0.39946627616882324,-0.03984570875763893,0.2904885709285736,0.39068979024887085,-0.02932521142065525,0.0,0.0,0.0,0.0,0.0,0.0,0.0,0.0,0.0,0.0,0.0,0.0,0.0,0.0,0.0,0.0,0.0,0.0,0.0,0.0,0.0,0.0,0.0,0.0,0.0,0.0,0.0,0.0,0.0,0.0,0.0,0.0,0.0,0.0,0.0,0.0,0.0,0.0,0.0,0.0,0.0,0.0,0.0,0.0,0.0,0.0,0.0,0.0,0.0,0.0,0.0,0.0,0.0,0.0,0.0,0.0,0.0,0.0,0.0,0.0,0.0,0.0,0.0
enemy,0.24763046205043793,0.22050845623016357,1.0301197761464209e-07,0.27015289664268494,0.29780834913253784,-0.019988026469945908,0.30081313848495483,0.3738265633583069,-0.03544662147760391,0.3141067922115326,0.44100362062454224,-0.051330357789993286,0.3210412859916687,0.49525704979896545,-0.06701795756816864,0.3860033452510834,0.31007635593414307,-0.021575110033154488,0.4544939398765564,0.3178781270980835,-0.04301264509558678,0.49480462074279785,0.3249523341655731,-0.060065094381570816,0.5326085090637207,0.32623615860939026,-0.07382821291685104,0.38760554790496826,0.2651712894439697,-0.026142090559005737,0.41607868671417236,0.2863242030143738,-0.053006041795015335,0.3662921190261841,0.28473344445228577,-0.06180810555815697,0.3458801805973053,0.2740946412086487,-0.06541813164949417,0.37859252095222473,0.21804288029670715,-0.033063434064388275,0.4061550199985504,0.23701266944408417,-0.06164674088358879,0.3612491488456726,0.2437458336353302,-0.05355514958500862,0.3426467180252075,0.23713180422782898,-0.04366519674658775,0.3650057911872864,0.16847245395183563,-0.04179685562849045,0.39362016320228577,0.18650367856025696,-0.06092747300863266,0.36007237434387207,0.20316213369369507,-0.050778232514858246,0.3392717242240906,0.19974756240844727,-0.040404487401247025,0.0,0.0,0.0,0.0,0.0,0.0,0.0,0.0,0.0,0.0,0.0,0.0,0.0,0.0,0.0,0.0,0.0,0.0,0.0,0.0,0.0,0.0,0.0,0.0,0.0,0.0,0.0,0.0,0.0,0.0,0.0,0.0,0.0,0.0,0.0,0.0,0.0,0.0,0.0,0.0,0.0,0.0,0.0,0.0,0.0,0.0,0.0,0.0,0.0,0.0,0.0,0.0,0.0,0.0,0.0,0.0,0.0,0.0,0.0,0.0,0.0,0.0,0.0
enemy,0.24576134979724884,0.15836355090141296,3.14705808079907e-08,0.2646624743938446,0.2371416985988617,-0.02446189522743225,0.30134207010269165,0.32017260789871216,-0.03842698410153389,0.3259413242340088,0.3882048726081848,-0.0517447292804718,0.33763357996940613,0.44327735900878906,-0.06474147737026215,0.3910553455352783,0.2474503070116043,-0.027073608711361885,0.46782928705215454,0.2514822483062744,-0.04866141825914383,0.5132184028625488,0.254329115152359,-0.06448917835950851,0.5538169741630554,0.25306934118270874,-0.07757622748613358,0.3882058560848236,0.19901995360851288,-0.02994631789624691,0.427154541015625,0.21076418459415436,-0.06294075399637222,0.37338584661483765,0.21111762523651123,-0.07307025045156479,0.3425334692001343,0.2075764387845993,-0.07563073188066483,0.3755554258823395,0.15066149830818176,-0.03516136482357979,0.4132402539253235,0.16062474250793457,-0.06940121203660965,0.3624422252178192,0.16809895634651184,-0.06196925789117813,0.332251638174057,0.1657085418701172,-0.05025292932987213,0.35918015241622925,0.09956945478916168,-0.04250340163707733,0.39800482988357544,0.10800059139728546,-0.06704192608594894,0.36333125829696655,0.12315189838409424,-0.0596400611102581,0.33710408210754395,0.12482114136219025,-0.049705907702445984,0.0,0.0,0.0,0.0,0.0,0.0,0.0,0.0,0.0,0.0,0.0,0.0,0.0,0.0,0.0,0.0,0.0,0.0,0.0,0.0,0.0,0.0,0.0,0.0,0.0,0.0,0.0,0.0,0.0,0.0,0.0,0.0,0.0,0.0,0.0,0.0,0.0,0.0,0.0,0.0,0.0,0.0,0.0,0.0,0.0,0.0,0.0,0.0,0.0,0.0,0.0,0.0,0.0,0.0,0.0,0.0,0.0,0.0,0.0,0.0,0.0,0.0,0.0
enemy,0.18122287094593048,0.3061290681362152,1.7983894906592468e-07,0.19894836843013763,0.3780251741409302,-0.029803205281496048,0.22700241208076477,0.45828163623809814,-0.050434380769729614,0.2341751903295517,0.530310332775116,-0.06891406327486038,0.2402883768081665,0.5875105857849121,-0.08659432828426361,0.3221348524093628,0.3991437256336212,-0.037802986800670624,0.3900391459465027,0.41527143120765686,-0.06345859169960022,0.43294012546539307,0.42913582921028137,-0.08043347299098969,0.47457242012023926,0.4359991252422333,-0.09389889240264893,0.3258399963378906,0.3508937358856201,-0.03869891166687012,0.3542154133319855,0.37655580043792725,-0.06429730355739594,0.2998071014881134,0.3739009499549866,-0.06550216674804688,0.28475096821784973,0.3661971390247345,-0.06459187716245651,0.317706823348999,0.2997612953186035,-0.043059173971414566,0.3439769744873047,0.3227928876876831,-0.0726824626326561,0.2954736649990082,0.32753854990005493,-0.058369219303131104,0.2841140925884247,0.32156872749328613,-0.04518793523311615,0.30430400371551514,0.24674288928508759,-0.050092171877622604,0.32906991243362427,0.26441138982772827,-0.06996875256299973,0.2932673394680023,0.2808554768562317,-0.05613572522997856,0.2773888111114502,0.27639761567115784,-0.04380844160914421,0.0,0.0,0.0,0.0,0.0,0.0,0.0,0.0,0.0,0.0,0.0,0.0,0.0,0.0,0.0,0.0,0.0,0.0,0.0,0.0,0.0,0.0,0.0,0.0,0.0,0.0,0.0,0.0,0.0,0.0,0.0,0.0,0.0,0.0,0.0,0.0,0.0,0.0,0.0,0.0,0.0,0.0,0.0,0.0,0.0,0.0,0.0,0.0,0.0,0.0,0.0,0.0,0.0,0.0,0.0,0.0,0.0,0.0,0.0,0.0,0.0,0.0,0.0
enemy,0.17511340975761414,0.3451400101184845,9.179890980703931e-08,0.17749521136283875,0.4214162826538086,-0.02565101906657219,0.20435118675231934,0.5096549391746521,-0.03967537730932236,0.21739278733730316,0.5805133581161499,-0.05282290279865265,0.2189987301826477,0.6339613199234009,-0.06579943746328354,0.3079422414302826,0.4518270492553711,-0.026630839332938194,0.38313785195350647,0.4709344208240509,-0.04676903039216995,0.42872270941734314,0.4885493814945221,-0.060986749827861786,0.4673013389110565,0.4996151030063629,-0.07254792749881744,0.31134605407714844,0.4080423414707184,-0.028444433584809303,0.34624549746513367,0.43823233246803284,-0.060830991715192795,0.293651282787323,0.43135392665863037,-0.06871666759252548,0.26360708475112915,0.4141152799129486,-0.06842051446437836,0.3054365813732147,0.3597894012928009,-0.03288540989160538,0.33667322993278503,0.3899967074394226,-0.06747693568468094,0.2862437963485718,0.3891231417655945,-0.06011929363012314,0.25975263118743896,0.3737741708755493,-0.047293663024902344,0.2966109812259674,0.3065618574619293,-0.03933487460017204,0.33026203513145447,0.33306875824928284,-0.06359633058309555,0.2954510748386383,0.3438307046890259,-0.05559903755784035,0.27253830432891846,0.33544307947158813,-0.04477860406041145,0.0,0.0,0.0,0.0,0.0,0.0,0.0,0.0,0.0,0.0,0.0,0.0,0.0,0.0,0.0,0.0,0.0,0.0,0.0,0.0,0.0,0.0,0.0,0.0,0.0,0.0,0.0,0.0,0.0,0.0,0.0,0.0,0.0,0.0,0.0,0.0,0.0,0.0,0.0,0.0,0.0,0.0,0.0,0.0,0.0,0.0,0.0,0.0,0.0,0.0,0.0,0.0,0.0,0.0,0.0,0.0,0.0,0.0,0.0,0.0,0.0,0.0,0.0
enemy,0.2239094227552414,0.26967528462409973,1.2074696087438497e-07,0.24808356165885925,0.3450009226799011,-0.023026730865240097,0.27400970458984375,0.41482648253440857,-0.043512534350156784,0.28171104192733765,0.4837857186794281,-0.06542686372995377,0.2857639491558075,0.5406351685523987,-0.08743153512477875,0.37065377831459045,0.3586465120315552,-0.024683095514774323,0.43136873841285706,0.3764745891094208,-0.04982861503958702,0.4708189070224762,0.38898220658302307,-0.06969191133975983,0.5085587501525879,0.39516201615333557,-0.08549892902374268,0.3736581802368164,0.31734251976013184,-0.03010181151330471,0.40103548765182495,0.3416438102722168,-0.06067938357591629,0.3535824716091156,0.3426356613636017,-0.07109471410512924,0.33045756816864014,0.3366205096244812,-0.075538270175457,0.3648383319377899,0.27284491062164307,-0.03850770741701126,0.3903827965259552,0.29525405168533325,-0.06867465376853943,0.3462914228439331,0.3028697967529297,-0.061408646404743195,0.3231787085533142,0.29922404885292053,-0.05237242206931114,0.35010069608688354,0.22514155507087708,-0.049560870975255966,0.3732976019382477,0.23923639953136444,-0.07091087847948074,0.3423002064228058,0.2602345645427704,-0.06431890279054642,0.31917276978492737,0.2666410803794861,-0.05642830953001976,0.0,0.0,0.0,0.0,0.0,0.0,0.0,0.0,0.0,0.0,0.0,0.0,0.0,0.0,0.0,0.0,0.0,0.0,0.0,0.0,0.0,0.0,0.0,0.0,0.0,0.0,0.0,0.0,0.0,0.0,0.0,0.0,0.0,0.0,0.0,0.0,0.0,0.0,0.0,0.0,0.0,0.0,0.0,0.0,0.0,0.0,0.0,0.0,0.0,0.0,0.0,0.0,0.0,0.0,0.0,0.0,0.0,0.0,0.0,0.0,0.0,0.0,0.0
enemy,0.3010174036026001,0.20948690176010132,8.351756974889213e-08,0.3134056329727173,0.2823512852191925,-0.024125998839735985,0.34399527311325073,0.3600417971611023,-0.03947621211409569,0.3612079918384552,0.4270034432411194,-0.05412602424621582,0.36745524406433105,0.4813753366470337,-0.068887859582901,0.4356255531311035,0.2957219183444977,-0.025897860527038574,0.5021709203720093,0.3084696829319,-0.044975269585847855,0.5438989400863647,0.3174644708633423,-0.05896970257163048,0.5802059173583984,0.32276788353919983,-0.07074134051799774,0.4353368282318115,0.25192925333976746,-0.027520043775439262,0.4633887708187103,0.269695907831192,-0.05740724503993988,0.4141620397567749,0.2654927968978882,-0.06553837656974792,0.38578271865844727,0.25690793991088867,-0.06687223166227341,0.42428886890411377,0.20669309794902802,-0.031278546899557114,0.4532851278781891,0.2251082956790924,-0.06269548833370209,0.40629714727401733,0.22775869071483612,-0.05547786504030228,0.37889397144317627,0.22017577290534973,-0.04452868923544884,0.4093239903450012,0.1583792269229889,-0.0370023176074028,0.43682652711868286,0.17497579753398895,-0.060082923620939255,0.4026566445827484,0.18628084659576416,-0.053188543766736984,0.3788895606994629,0.18313366174697876,-0.043845973908901215,0.0,0.0,0.0,0.0,0.0,0.0,0.0,0.0,0.0,0.0,0.0,0.0,0.0,0.0,0.0,0.0,0.0,0.0,0.0,0.0,0.0,0.0,0.0,0.0,0.0,0.0,0.0,0.0,0.0,0.0,0.0,0.0,0.0,0.0,0.0,0.0,0.0,0.0,0.0,0.0,0.0,0.0,0.0,0.0,0.0,0.0,0.0,0.0,0.0,0.0,0.0,0.0,0.0,0.0,0.0,0.0,0.0,0.0,0.0,0.0,0.0,0.0,0.0
enemy,0.31696540117263794,0.2110554575920105,6.899733762111282e-08,0.3312457799911499,0.2788425087928772,-0.02426852658390999,0.362439900636673,0.35640525817871094,-0.03915338218212128,0.3781620264053345,0.42508557438850403,-0.05286935344338417,0.38491180539131165,0.47974270582199097,-0.06625279039144516,0.45354586839675903,0.298978328704834,-0.028187468647956848,0.5212662816047668,0.31303128600120544,-0.04786745086312294,0.563277006149292,0.32296496629714966,-0.061639051884412766,0.6008093953132629,0.32856741547584534,-0.07307896018028259,0.45407190918922424,0.25531142950057983,-0.029681436717510223,0.48286065459251404,0.27648356556892395,-0.059235844761133194,0.43114715814590454,0.2722327411174774,-0.06571859866380692,0.40389615297317505,0.2621244192123413,-0.06600899249315262,0.4444625675678253,0.20988062024116516,-0.03340528532862663,0.4729292690753937,0.22935691475868225,-0.0659804418683052,0.4241971969604492,0.23212483525276184,-0.05801420658826828,0.39912933111190796,0.22330908477306366,-0.04623604193329811,0.4312756061553955,0.16157220304012299,-0.038964007049798965,0.4603685438632965,0.1812930554151535,-0.062446221709251404,0.4250478446483612,0.19210106134414673,-0.05452631786465645,0.40248626470565796,0.18598146736621857,-0.04445726424455643,0.0,0.0,0.0,0.0,0.0,0.0,0.0,0.0,0.0,0.0,0.0,0.0,0.0,0.0,0.0,0.0,0.0,0.0,0.0,0.0,0.0,0.0,0.0,0.0,0.0,0.0,0.0,0.0,0.0,0.0,0.0,0.0,0.0,0.0,0.0,0.0,0.0,0.0,0.0,0.0,0.0,0.0,0.0,0.0,0.0,0.0,0.0,0.0,0.0,0.0,0.0,0.0,0.0,0.0,0.0,0.0,0.0,0.0,0.0,0.0,0.0,0.0,0.0
enemy,0.3960224688053131,0.21118295192718506,5.926303359160556e-08,0.40606221556663513,0.28393125534057617,-0.02280605398118496,0.436367928981781,0.36264896392822266,-0.034097641706466675,0.4530453383922577,0.4258108139038086,-0.04436415061354637,0.4598097801208496,0.4768122434616089,-0.054187145084142685,0.5252960920333862,0.3038409948348999,-0.02386896312236786,0.5934821367263794,0.315334290266037,-0.04179730266332626,0.6343503594398499,0.3248498737812042,-0.054617587476968765,0.669313371181488,0.3316153883934021,-0.06528905779123306,0.5256333351135254,0.2604816257953644,-0.025046387687325478,0.5595203638076782,0.27975884079933167,-0.05523965135216713,0.5094501376152039,0.2751559019088745,-0.06341037154197693,0.4784984588623047,0.2658514678478241,-0.06396276503801346,0.5169554352760315,0.21613603830337524,-0.028376910835504532,0.5483812689781189,0.2344767153263092,-0.06104385852813721,0.5009365677833557,0.23586177825927734,-0.055225908756256104,0.4729122817516327,0.2270757555961609,-0.04399794712662697,0.5056555271148682,0.16893865168094635,-0.03334430977702141,0.5375959873199463,0.18742090463638306,-0.057021141052246094,0.5050687193870544,0.1961965560913086,-0.05101431906223297,0.4822261333465576,0.1905735433101654,-0.04179223254323006,0.0,0.0,0.0,0.0,0.0,0.0,0.0,0.0,0.0,0.0,0.0,0.0,0.0,0.0,0.0,0.0,0.0,0.0,0.0,0.0,0.0,0.0,0.0,0.0,0.0,0.0,0.0,0.0,0.0,0.0,0.0,0.0,0.0,0.0,0.0,0.0,0.0,0.0,0.0,0.0,0.0,0.0,0.0,0.0,0.0,0.0,0.0,0.0,0.0,0.0,0.0,0.0,0.0,0.0,0.0,0.0,0.0,0.0,0.0,0.0,0.0,0.0,0.0
enemy,0.3197721540927887,0.34454095363616943,1.9247011096013011e-07,0.3292170763015747,0.4066067636013031,-0.02196466736495495,0.34844115376472473,0.48052382469177246,-0.04002093896269798,0.34757325053215027,0.5426682829856873,-0.05877416953444481,0.34900301694869995,0.5896714329719543,-0.07839719951152802,0.4393058121204376,0.4395871162414551,-0.02859479747712612,0.4932280480861664,0.4713785648345947,-0.0509362556040287,0.5271143913269043,0.49543020129203796,-0.06780917197465897,0.5579898357391357,0.5132524967193604,-0.08080964535474777,0.44621148705482483,0.398442804813385,-0.032202232629060745,0.460801899433136,0.43687689304351807,-0.06088024750351906,0.4226773679256439,0.43279290199279785,-0.07005748152732849,0.4042230248451233,0.4170413315296173,-0.07352829724550247,0.4432860314846039,0.35299554467201233,-0.038228049874305725,0.4551212787628174,0.3938501179218292,-0.06677697598934174,0.4197302460670471,0.3978782594203949,-0.06240588054060936,0.4021962285041809,0.3872624635696411,-0.05535511299967766,0.4340484142303467,0.3036433458328247,-0.04627550020813942,0.45374631881713867,0.3346382975578308,-0.06822055578231812,0.42520928382873535,0.35602518916130066,-0.06341073662042618,0.4023745357990265,0.3619813621044159,-0.05642452463507652,0.0,0.0,0.0,0.0,0.0,0.0,0.0,0.0,0.0,0.0,0.0,0.0,0.0,0.0,0.0,0.0,0.0,0.0,0.0,0.0,0.0,0.0,0.0,0.0,0.0,0.0,0.0,0.0,0.0,0.0,0.0,0.0,0.0,0.0,0.0,0.0,0.0,0.0,0.0,0.0,0.0,0.0,0.0,0.0,0.0,0.0,0.0,0.0,0.0,0.0,0.0,0.0,0.0,0.0,0.0,0.0,0.0,0.0,0.0,0.0,0.0,0.0,0.0
enemy,0.22467100620269775,0.42464399337768555,1.0954261142614996e-07,0.22333183884620667,0.49240773916244507,-0.018307290971279144,0.23752501606941223,0.5662010908126831,-0.029205720871686935,0.23749330639839172,0.6272982358932495,-0.04037485271692276,0.23681241273880005,0.6729117631912231,-0.05120958760380745,0.33241507411003113,0.5306668877601624,-0.01560062263160944,0.3963475823402405,0.5564874410629272,-0.03609621152281761,0.43570446968078613,0.5767276883125305,-0.052429065108299255,0.46953195333480835,0.5896729826927185,-0.06449662894010544,0.3385818302631378,0.4954196810722351,-0.018404638394713402,0.3616345524787903,0.5273995399475098,-0.04611550271511078,0.3155769407749176,0.5131735801696777,-0.05429928004741669,0.2927466332912445,0.4954301416873932,-0.05524105578660965,0.3373878598213196,0.4540270268917084,-0.02377680130302906,0.3626297414302826,0.4897095263004303,-0.05526284500956535,0.31787553429603577,0.4793412387371063,-0.048254404217004776,0.29786449670791626,0.4607275724411011,-0.03619539737701416,0.3336259722709656,0.4070430397987366,-0.030492471531033516,0.3558241128921509,0.4411237835884094,-0.05213818699121475,0.32146069407463074,0.44146138429641724,-0.042750049382448196,0.3033669590950012,0.4251628518104553,-0.03118721954524517,0.0,0.0,0.0,0.0,0.0,0.0,0.0,0.0,0.0,0.0,0.0,0.0,0.0,0.0,0.0,0.0,0.0,0.0,0.0,0.0,0.0,0.0,0.0,0.0,0.0,0.0,0.0,0.0,0.0,0.0,0.0,0.0,0.0,0.0,0.0,0.0,0.0,0.0,0.0,0.0,0.0,0.0,0.0,0.0,0.0,0.0,0.0,0.0,0.0,0.0,0.0,0.0,0.0,0.0,0.0,0.0,0.0,0.0,0.0,0.0,0.0,0.0,0.0
enemy,0.11368230730295181,0.38027623295783997,4.698764044519521e-08,0.12034815549850464,0.44194087386131287,-0.021408021450042725,0.14415954053401947,0.5144438743591309,-0.03707742318511009,0.14871053397655487,0.5755159258842468,-0.05289366468787193,0.1482715904712677,0.6239804029464722,-0.06831080466508865,0.24123865365982056,0.4899556636810303,-0.024568062275648117,0.3062719404697418,0.5116729140281677,-0.04614429175853729,0.34821227192878723,0.5268437266349792,-0.062193434685468674,0.3836745023727417,0.5373382568359375,-0.07472731173038483,0.2504194974899292,0.4477900266647339,-0.027151871472597122,0.2548489570617676,0.4586986303329468,-0.05935363098978996,0.2047799974679947,0.43799638748168945,-0.06846499443054199,0.17951099574565887,0.4219067096710205,-0.06962303072214127,0.24805140495300293,0.40024399757385254,-0.03177724778652191,0.24673467874526978,0.41363269090652466,-0.06552935391664505,0.19758164882659912,0.4064802825450897,-0.05933000147342682,0.17193862795829773,0.39670899510383606,-0.048259418457746506,0.24153481423854828,0.3511073589324951,-0.038080088794231415,0.24512451887130737,0.36751922965049744,-0.06386514753103256,0.2052028775215149,0.36836540699005127,-0.05742891877889633,0.18172435462474823,0.362623929977417,-0.04706839099526405,0.0,0.0,0.0,0.0,0.0,0.0,0.0,0.0,0.0,0.0,0.0,0.0,0.0,0.0,0.0,0.0,0.0,0.0,0.0,0.0,0.0,0.0,0.0,0.0,0.0,0.0,0.0,0.0,0.0,0.0,0.0,0.0,0.0,0.0,0.0,0.0,0.0,0.0,0.0,0.0,0.0,0.0,0.0,0.0,0.0,0.0,0.0,0.0,0.0,0.0,0.0,0.0,0.0,0.0,0.0,0.0,0.0,0.0,0.0,0.0,0.0,0.0,0.0
enemy,0.016873732209205627,0.3732032775878906,1.0548693296641432e-07,0.02869148552417755,0.43677690625190735,-0.02820742502808571,0.06525624543428421,0.5110471248626709,-0.04751010611653328,0.08306934684515,0.5789126753807068,-0.06586997956037521,0.0896620973944664,0.6334368586540222,-0.0842430517077446,0.1679166555404663,0.4497375786304474,-0.03437832370400429,0.24102403223514557,0.4603922665119171,-0.0594487264752388,0.29177090525627136,0.47172799706459045,-0.07649598270654678,0.33407682180404663,0.47501862049102783,-0.08980407565832138,0.16977544128894806,0.400945782661438,-0.03651467338204384,0.1915319859981537,0.4294370710849762,-0.06827031075954437,0.13693663477897644,0.4273505210876465,-0.07192080467939377,0.11317494511604309,0.4143378734588623,-0.07003486901521683,0.15815071761608124,0.3504151701927185,-0.04183335602283478,0.17690852284431458,0.3794923424720764,-0.07653983682394028,0.1287846565246582,0.38472428917884827,-0.064704529941082,0.10910125076770782,0.3733217120170593,-0.05063086003065109,0.13927337527275085,0.29785171151161194,-0.049577947705984116,0.1629791110754013,0.3219229578971863,-0.07406347990036011,0.12557941675186157,0.338410884141922,-0.06262937188148499,0.10381682962179184,0.3330952525138855,-0.05008857697248459,0.0,0.0,0.0,0.0,0.0,0.0,0.0,0.0,0.0,0.0,0.0,0.0,0.0,0.0,0.0,0.0,0.0,0.0,0.0,0.0,0.0,0.0,0.0,0.0,0.0,0.0,0.0,0.0,0.0,0.0,0.0,0.0,0.0,0.0,0.0,0.0,0.0,0.0,0.0,0.0,0.0,0.0,0.0,0.0,0.0,0.0,0.0,0.0,0.0,0.0,0.0,0.0,0.0,0.0,0.0,0.0,0.0,0.0,0.0,0.0,0.0,0.0,0.0
enemy,0.18638856709003448,0.27271416783332825,7.930147916113128e-08,0.20164534449577332,0.3456345200538635,-0.030319908633828163,0.23564252257347107,0.42468535900115967,-0.05529844015836716,0.25509113073349,0.4948260188102722,-0.08073090016841888,0.2706111669540405,0.5532571077346802,-0.10670902580022812,0.33377906680107117,0.37499329447746277,-0.04064116254448891,0.41154947876930237,0.39598798751831055,-0.07068908959627151,0.46124571561813354,0.4119279980659485,-0.08840544521808624,0.500564694404602,0.4221140742301941,-0.10064653307199478,0.3367135524749756,0.3229174315929413,-0.04328044503927231,0.354601114988327,0.34566473960876465,-0.08633787930011749,0.29566285014152527,0.33890390396118164,-0.09305930882692337,0.262220561504364,0.32702112197875977,-0.0901368260383606,0.3283766806125641,0.26956039667129517,-0.04903531074523926,0.34813007712364197,0.28793391585350037,-0.09046170115470886,0.29330646991729736,0.2903112769126892,-0.07694858312606812,0.2601270377635956,0.28225669264793396,-0.059248555451631546,0.3155103325843811,0.214482843875885,-0.05741197243332863,0.3427208662033081,0.23195061087608337,-0.08525105565786362,0.3014664351940155,0.24434894323349,-0.07297854870557785,0.2717493772506714,0.24001723527908325,-0.057776086032390594,0.0,0.0,0.0,0.0,0.0,0.0,0.0,0.0,0.0,0.0,0.0,0.0,0.0,0.0,0.0,0.0,0.0,0.0,0.0,0.0,0.0,0.0,0.0,0.0,0.0,0.0,0.0,0.0,0.0,0.0,0.0,0.0,0.0,0.0,0.0,0.0,0.0,0.0,0.0,0.0,0.0,0.0,0.0,0.0,0.0,0.0,0.0,0.0,0.0,0.0,0.0,0.0,0.0,0.0,0.0,0.0,0.0,0.0,0.0,0.0,0.0,0.0,0.0
enemy,0.36809396743774414,0.2809082865715027,1.369947710827546e-07,0.3708256483078003,0.3538934886455536,-0.020377332344651222,0.400645911693573,0.4368998408317566,-0.028436370193958282,0.4173796474933624,0.49913474917411804,-0.03586990386247635,0.4228498339653015,0.547549843788147,-0.043150946497917175,0.48979657888412476,0.3750269114971161,-0.017764862626791,0.561765730381012,0.3882642984390259,-0.03642783686518669,0.6065436005592346,0.40440571308135986,-0.05007025972008705,0.6441864967346191,0.4153382480144501,-0.06051437184214592,0.4932507574558258,0.33557796478271484,-0.019490884616971016,0.5313898921012878,0.3689495027065277,-0.04859350249171257,0.47803249955177307,0.3661462962627411,-0.05539018288254738,0.44533729553222656,0.35047465562820435,-0.053568314760923386,0.48927557468414307,0.2902710735797882,-0.023860197514295578,0.5237196683883667,0.32803723216056824,-0.057184215635061264,0.47296392917633057,0.3272169530391693,-0.050524238497018814,0.44543007016181946,0.30899274349212646,-0.036924637854099274,0.48202210664749146,0.2380976676940918,-0.029489409178495407,0.5165108442306519,0.2733442485332489,-0.05245130509138107,0.481746643781662,0.2849898636341095,-0.044182151556015015,0.4577953815460205,0.2731873691082001,-0.03266794607043266,0.0,0.0,0.0,0.0,0.0,0.0,0.0,0.0,0.0,0.0,0.0,0.0,0.0,0.0,0.0,0.0,0.0,0.0,0.0,0.0,0.0,0.0,0.0,0.0,0.0,0.0,0.0,0.0,0.0,0.0,0.0,0.0,0.0,0.0,0.0,0.0,0.0,0.0,0.0,0.0,0.0,0.0,0.0,0.0,0.0,0.0,0.0,0.0,0.0,0.0,0.0,0.0,0.0,0.0,0.0,0.0,0.0,0.0,0.0,0.0,0.0,0.0,0.0
enemy,0.39188408851623535,0.22713017463684082,1.154428304062094e-07,0.4202865660190582,0.277385413646698,-0.012445674277842045,0.4548029601573944,0.32647472620010376,-0.022323142737150192,0.4729365408420563,0.36867138743400574,-0.034541815519332886,0.480171799659729,0.4053165912628174,-0.04652910679578781,0.5066503286361694,0.25890594720840454,-0.00820240005850792,0.5464246869087219,0.25484928488731384,-0.02730673924088478,0.5292285084724426,0.27766740322113037,-0.042942967265844345,0.5079958438873291,0.2909933924674988,-0.05220016464591026,0.5040810108184814,0.22488781809806824,-0.012941000983119011,0.5404581427574158,0.22886911034584045,-0.031712137162685394,0.5151610374450684,0.254597008228302,-0.04348233342170715,0.4887259304523468,0.26300686597824097,-0.05004075542092323,0.49697673320770264,0.18972539901733398,-0.02049887366592884,0.5300874710083008,0.19485288858413696,-0.03683837130665779,0.5059252381324768,0.22445285320281982,-0.038959115743637085,0.4792112112045288,0.23735299706459045,-0.038061872124671936,0.4844115972518921,0.15160390734672546,-0.02979184128344059,0.5133039355278015,0.1531144678592682,-0.04227817803621292,0.49965858459472656,0.1821923553943634,-0.04242895171046257,0.47831276059150696,0.20074805617332458,-0.04061756655573845,0.0,0.0,0.0,0.0,0.0,0.0,0.0,0.0,0.0,0.0,0.0,0.0,0.0,0.0,0.0,0.0,0.0,0.0,0.0,0.0,0.0,0.0,0.0,0.0,0.0,0.0,0.0,0.0,0.0,0.0,0.0,0.0,0.0,0.0,0.0,0.0,0.0,0.0,0.0,0.0,0.0,0.0,0.0,0.0,0.0,0.0,0.0,0.0,0.0,0.0,0.0,0.0,0.0,0.0,0.0,0.0,0.0,0.0,0.0,0.0,0.0,0.0,0.0
enemy,0.36103352904319763,0.10836320370435715,8.334729528769458e-08,0.39151376485824585,0.17440517246723175,-0.023450221866369247,0.4320363998413086,0.23661808669567108,-0.04057206213474274,0.45284172892570496,0.3009350895881653,-0.05815861001610756,0.4641575813293457,0.3565613627433777,-0.07552897930145264,0.5112472772598267,0.16002929210662842,-0.021495278924703598,0.5804331302642822,0.14999639987945557,-0.043052610009908676,0.6231312155723572,0.14608284831047058,-0.059898294508457184,0.6598973274230957,0.13914138078689575,-0.07335519045591354,0.5050979852676392,0.11877677589654922,-0.02460591122508049,0.5345635414123535,0.13032758235931396,-0.05594067648053169,0.48663052916526794,0.14074303209781647,-0.06628800183534622,0.46101507544517517,0.13807517290115356,-0.06915908306837082,0.48869788646698,0.07766354829072952,-0.03047122433781624,0.5143564343452454,0.08925372362136841,-0.06276071816682816,0.47139161825180054,0.10480350255966187,-0.05684619024395943,0.44813695549964905,0.10408439487218857,-0.0466483011841774,0.46869832277297974,0.03490075469017029,-0.03847503662109375,0.49872148036956787,0.04239709675312042,-0.06112954020500183,0.4685409367084503,0.06457263976335526,-0.05404817685484886,0.4455718994140625,0.07011426985263824,-0.044550906866788864,0.0,0.0,0.0,0.0,0.0,0.0,0.0,0.0,0.0,0.0,0.0,0.0,0.0,0.0,0.0,0.0,0.0,0.0,0.0,0.0,0.0,0.0,0.0,0.0,0.0,0.0,0.0,0.0,0.0,0.0,0.0,0.0,0.0,0.0,0.0,0.0,0.0,0.0,0.0,0.0,0.0,0.0,0.0,0.0,0.0,0.0,0.0,0.0,0.0,0.0,0.0,0.0,0.0,0.0,0.0,0.0,0.0,0.0,0.0,0.0,0.0,0.0,0.0
enemy,0.3014662563800812,0.27972447872161865,1.7455835177315748e-07,0.3098897933959961,0.346854031085968,-0.0213704202324152,0.33655062317848206,0.4234180450439453,-0.032693978399038315,0.35064131021499634,0.48410099744796753,-0.04333413764834404,0.35661977529525757,0.5317178964614868,-0.05384226515889168,0.4161731004714966,0.3542829751968384,-0.01825978234410286,0.47786831855773926,0.35865318775177,-0.034602195024490356,0.5139093995094299,0.3649369776248932,-0.04657510668039322,0.544032633304596,0.3678804039955139,-0.055769454687833786,0.4193877875804901,0.3159928321838379,-0.01943090558052063,0.4553002417087555,0.33943411707878113,-0.04437278211116791,0.407921701669693,0.34004005789756775,-0.05047560855746269,0.3782530426979065,0.3295064866542816,-0.04960709437727928,0.4143410325050354,0.27460744976997375,-0.023236721754074097,0.4482642114162445,0.3004319667816162,-0.051938675343990326,0.4019465446472168,0.3029211759567261,-0.04578864201903343,0.3759874403476715,0.2897261083126068,-0.03435106948018074,0.40505173802375793,0.22925619781017303,-0.028559161350131035,0.4368570148944855,0.2551192045211792,-0.047670118510723114,0.4051932394504547,0.26717907190322876,-0.03965472802519798,0.3824654817581177,0.2573557496070862,-0.02955148182809353,0.0,0.0,0.0,0.0,0.0,0.0,0.0,0.0,0.0,0.0,0.0,0.0,0.0,0.0,0.0,0.0,0.0,0.0,0.0,0.0,0.0,0.0,0.0,0.0,0.0,0.0,0.0,0.0,0.0,0.0,0.0,0.0,0.0,0.0,0.0,0.0,0.0,0.0,0.0,0.0,0.0,0.0,0.0,0.0,0.0,0.0,0.0,0.0,0.0,0.0,0.0,0.0,0.0,0.0,0.0,0.0,0.0,0.0,0.0,0.0,0.0,0.0,0.0
enemy,0.3361189365386963,0.3475440740585327,1.7188433787396207e-07,0.34782296419143677,0.4031294286251068,-0.02157529443502426,0.3687398433685303,0.46723830699920654,-0.03658463805913925,0.37204116582870483,0.5250482559204102,-0.05190550535917282,0.37530821561813354,0.5677697062492371,-0.06699948012828827,0.45526450872421265,0.4208160936832428,-0.019933626055717468,0.5089137554168701,0.4283985495567322,-0.040989864617586136,0.5456815958023071,0.43396905064582825,-0.05702245980501175,0.5767185688018799,0.43519264459609985,-0.06870824098587036,0.46266016364097595,0.3838859796524048,-0.021862441673874855,0.4910193085670471,0.4020376205444336,-0.04912666976451874,0.4526888430118561,0.4047941267490387,-0.05831001326441765,0.4248475432395935,0.39953869581222534,-0.06020667776465416,0.45955508947372437,0.34471333026885986,-0.026668522506952286,0.4774792790412903,0.3656332194805145,-0.054824553430080414,0.4392721354961395,0.3735542595386505,-0.051566220819950104,0.4130480885505676,0.37020260095596313,-0.043482523411512375,0.4488103687763214,0.3036302328109741,-0.033573705703020096,0.46374332904815674,0.32014068961143494,-0.054322727024555206,0.434720516204834,0.3375357985496521,-0.05119902268052101,0.4099423587322235,0.34352564811706543,-0.04464941471815109,0.0,0.0,0.0,0.0,0.0,0.0,0.0,0.0,0.0,0.0,0.0,0.0,0.0,0.0,0.0,0.0,0.0,0.0,0.0,0.0,0.0,0.0,0.0,0.0,0.0,0.0,0.0,0.0,0.0,0.0,0.0,0.0,0.0,0.0,0.0,0.0,0.0,0.0,0.0,0.0,0.0,0.0,0.0,0.0,0.0,0.0,0.0,0.0,0.0,0.0,0.0,0.0,0.0,0.0,0.0,0.0,0.0,0.0,0.0,0.0,0.0,0.0,0.0
enemy,0.3549139201641083,0.27699121832847595,4.2619114992703544e-07,0.37049657106399536,0.32963690161705017,-0.010868189856410027,0.3956325054168701,0.38191646337509155,-0.018148578703403473,0.40435469150543213,0.42223072052001953,-0.027934813871979713,0.4108331501483917,0.4522819221019745,-0.03766470029950142,0.4630465507507324,0.31560927629470825,0.003644571639597416,0.4945840537548065,0.32423630356788635,-0.010556249879300594,0.5070064663887024,0.34822744131088257,-0.024480676278471947,0.5102019309997559,0.37370091676712036,-0.032549649477005005,0.4646180272102356,0.28542011976242065,0.00011416302731959149,0.4982059895992279,0.3013310134410858,-0.011608049273490906,0.510051429271698,0.3307968080043793,-0.022861914709210396,0.5115708112716675,0.35771340131759644,-0.030453208833932877,0.4627133905887604,0.25062108039855957,-0.0068041542544960976,0.48560622334480286,0.2768782377243042,-0.023471418768167496,0.47079524397850037,0.30258217453956604,-0.031080443412065506,0.44987285137176514,0.31722599267959595,-0.03273562341928482,0.4545697569847107,0.21403345465660095,-0.014988919720053673,0.4726673364639282,0.23846197128295898,-0.029125597327947617,0.4618963897228241,0.26634806394577026,-0.03229819983243942,0.4445230960845947,0.28569793701171875,-0.03166576847434044,0.0,0.0,0.0,0.0,0.0,0.0,0.0,0.0,0.0,0.0,0.0,0.0,0.0,0.0,0.0,0.0,0.0,0.0,0.0,0.0,0.0,0.0,0.0,0.0,0.0,0.0,0.0,0.0,0.0,0.0,0.0,0.0,0.0,0.0,0.0,0.0,0.0,0.0,0.0,0.0,0.0,0.0,0.0,0.0,0.0,0.0,0.0,0.0,0.0,0.0,0.0,0.0,0.0,0.0,0.0,0.0,0.0,0.0,0.0,0.0,0.0,0.0,0.0
enemy,0.3185378909111023,0.3587164878845215,1.0868661348695241e-07,0.3235146105289459,0.4184363782405853,-0.016767101362347603,0.3404223918914795,0.48985785245895386,-0.026410121470689774,0.34554585814476013,0.5474885702133179,-0.03676145151257515,0.34872356057167053,0.59112548828125,-0.04723852872848511,0.41752129793167114,0.454485684633255,-0.01575455442070961,0.47521916031837463,0.48010316491127014,-0.03352450951933861,0.5114359855651855,0.5033930540084839,-0.046903643757104874,0.5440633296966553,0.5195280909538269,-0.057219427078962326,0.42434221506118774,0.4204460382461548,-0.01897730864584446,0.45741721987724304,0.4484899044036865,-0.046042051166296005,0.41527804732322693,0.44310814142227173,-0.05400090664625168,0.3882530927658081,0.4277701675891876,-0.05454976111650467,0.4239884614944458,0.38089972734451294,-0.024326737970113754,0.4543745517730713,0.4115805923938751,-0.05163399130105972,0.4143868386745453,0.4086756706237793,-0.04520382732152939,0.38876017928123474,0.39215973019599915,-0.034400440752506256,0.42138808965682983,0.3356349468231201,-0.031284183263778687,0.4510931670665741,0.3610473871231079,-0.05114389955997467,0.422871857881546,0.3687978982925415,-0.045339539647102356,0.40039393305778503,0.3607352077960968,-0.03685058280825615,0.0,0.0,0.0,0.0,0.0,0.0,0.0,0.0,0.0,0.0,0.0,0.0,0.0,0.0,0.0,0.0,0.0,0.0,0.0,0.0,0.0,0.0,0.0,0.0,0.0,0.0,0.0,0.0,0.0,0.0,0.0,0.0,0.0,0.0,0.0,0.0,0.0,0.0,0.0,0.0,0.0,0.0,0.0,0.0,0.0,0.0,0.0,0.0,0.0,0.0,0.0,0.0,0.0,0.0,0.0,0.0,0.0,0.0,0.0,0.0,0.0,0.0,0.0
enemy,0.30273815989494324,0.38021397590637207,2.6242150852340274e-07,0.3013054430484772,0.4295424222946167,-0.025020243600010872,0.3122970461845398,0.49356532096862793,-0.04173779860138893,0.311998575925827,0.5354225635528564,-0.05754797160625458,0.3143749237060547,0.564149022102356,-0.07341921329498291,0.39504048228263855,0.47294309735298157,-0.024463295936584473,0.44021981954574585,0.49849048256874084,-0.042907021939754486,0.4709310233592987,0.5219079256057739,-0.05531366169452667,0.497185081243515,0.5370165705680847,-0.06470271199941635,0.4034428000450134,0.43485555052757263,-0.02350149303674698,0.42980822920799255,0.46678850054740906,-0.04539501667022705,0.39489078521728516,0.46185022592544556,-0.04980500042438507,0.38126319646835327,0.44703423976898193,-0.05012454837560654,0.40473541617393494,0.39574581384658813,-0.025412071496248245,0.428324431180954,0.4231128990650177,-0.04872514307498932,0.39287227392196655,0.4226730167865753,-0.0398414246737957,0.379256933927536,0.40909889340400696,-0.02990047261118889,0.4025915563106537,0.3526114225387573,-0.029608413577079773,0.42535483837127686,0.37749794125556946,-0.046320296823978424,0.39721769094467163,0.38384613394737244,-0.03762587159872055,0.38286805152893066,0.372812956571579,-0.02865654230117798,0.0,0.0,0.0,0.0,0.0,0.0,0.0,0.0,0.0,0.0,0.0,0.0,0.0,0.0,0.0,0.0,0.0,0.0,0.0,0.0,0.0,0.0,0.0,0.0,0.0,0.0,0.0,0.0,0.0,0.0,0.0,0.0,0.0,0.0,0.0,0.0,0.0,0.0,0.0,0.0,0.0,0.0,0.0,0.0,0.0,0.0,0.0,0.0,0.0,0.0,0.0,0.0,0.0,0.0,0.0,0.0,0.0,0.0,0.0,0.0,0.0,0.0,0.0
enemy,0.30720070004463196,0.32780104875564575,4.338382382229611e-07,0.32502758502960205,0.38462936878204346,-0.012160930782556534,0.3441888689994812,0.4358617663383484,-0.02203999273478985,0.3474334478378296,0.47701895236968994,-0.03442803770303726,0.3482518792152405,0.5096441507339478,-0.04687536880373955,0.41741424798965454,0.37741371989250183,0.002222352661192417,0.44740840792655945,0.39651671051979065,-0.013562832027673721,0.45874425768852234,0.4244404435157776,-0.029207292944192886,0.46176964044570923,0.4489121735095978,-0.03899901732802391,0.4188691973686218,0.3462805151939392,-0.0017071946058422327,0.4512779712677002,0.37204229831695557,-0.015008357353508472,0.45763707160949707,0.4030708074569702,-0.02642250247299671,0.456811785697937,0.42760613560676575,-0.034176550805568695,0.4161398112773895,0.31379225850105286,-0.009218147024512291,0.440903902053833,0.3469337224960327,-0.02568754181265831,0.4270392656326294,0.37200281023979187,-0.03025716170668602,0.40945932269096375,0.3843320906162262,-0.03038780950009823,0.4066130220890045,0.28079506754875183,-0.01840626262128353,0.4261026382446289,0.31387826800346375,-0.03138928860425949,0.41606569290161133,0.34049272537231445,-0.03202557936310768,0.40269485116004944,0.3553203046321869,-0.030125493183732033,0.0,0.0,0.0,0.0,0.0,0.0,0.0,0.0,0.0,0.0,0.0,0.0,0.0,0.0,0.0,0.0,0.0,0.0,0.0,0.0,0.0,0.0,0.0,0.0,0.0,0.0,0.0,0.0,0.0,0.0,0.0,0.0,0.0,0.0,0.0,0.0,0.0,0.0,0.0,0.0,0.0,0.0,0.0,0.0,0.0,0.0,0.0,0.0,0.0,0.0,0.0,0.0,0.0,0.0,0.0,0.0,0.0,0.0,0.0,0.0,0.0,0.0,0.0
enemy,0.2467958927154541,0.35303741693496704,1.7825455245201738e-07,0.2626497149467468,0.41839534044265747,-0.00541749969124794,0.28782302141189575,0.4730985760688782,-0.011211576871573925,0.30758222937583923,0.4946634769439697,-0.020907089114189148,0.3240443766117096,0.49680155515670776,-0.029572201892733574,0.36324331164360046,0.4057855010032654,0.011838491074740887,0.3945498466491699,0.4358459711074829,-0.0031945935916155577,0.4019111394882202,0.4612683355808258,-0.016635088250041008,0.40114063024520874,0.4703159034252167,-0.024708598852157593,0.3666505217552185,0.37659981846809387,0.004920338746160269,0.38747313618659973,0.4301110506057739,-0.013977589085698128,0.36064621806144714,0.4468374252319336,-0.024859989061951637,0.3390231132507324,0.4368267357349396,-0.028637342154979706,0.36774617433547974,0.3485477864742279,-0.005025880411267281,0.3848056495189667,0.40783950686454773,-0.024134112522006035,0.355853408575058,0.4221099019050598,-0.024550598114728928,0.33615952730178833,0.41082143783569336,-0.02028239704668522,0.3631570637226105,0.3203931152820587,-0.015955600887537003,0.37204405665397644,0.378688246011734,-0.028335120528936386,0.3487979769706726,0.393850713968277,-0.02510720305144787,0.3321109116077423,0.3849751651287079,-0.019817320629954338,0.0,0.0,0.0,0.0,0.0,0.0,0.0,0.0,0.0,0.0,0.0,0.0,0.0,0.0,0.0,0.0,0.0,0.0,0.0,0.0,0.0,0.0,0.0,0.0,0.0,0.0,0.0,0.0,0.0,0.0,0.0,0.0,0.0,0.0,0.0,0.0,0.0,0.0,0.0,0.0,0.0,0.0,0.0,0.0,0.0,0.0,0.0,0.0,0.0,0.0,0.0,0.0,0.0,0.0,0.0,0.0,0.0,0.0,0.0,0.0,0.0,0.0,0.0
enemy,0.19006267189979553,0.30690446496009827,1.5234260786201048e-07,0.20043136179447174,0.37269139289855957,-0.02229178696870804,0.22626285254955292,0.4468674063682556,-0.036932963877916336,0.23697122931480408,0.5087640285491943,-0.0514717735350132,0.2429410070180893,0.5588240027427673,-0.06599456816911697,0.3074221611022949,0.39929842948913574,-0.02151048555970192,0.3723914623260498,0.415039598941803,-0.0395270399749279,0.4121863842010498,0.4300631880760193,-0.05247292295098305,0.44654378294944763,0.4396723806858063,-0.06297837197780609,0.3107869029045105,0.3609733283519745,-0.023565294221043587,0.3454391360282898,0.3870490789413452,-0.051171090453863144,0.3008158504962921,0.3855098783969879,-0.05815182998776436,0.27431511878967285,0.3740169405937195,-0.058358050882816315,0.3056379556655884,0.3191732168197632,-0.02803848125040531,0.3415257930755615,0.3456912934780121,-0.05674079433083534,0.2997080087661743,0.34642720222473145,-0.04964052140712738,0.2746090888977051,0.333497017621994,-0.03884599357843399,0.29724207520484924,0.27438002824783325,-0.03450202941894531,0.3298417925834656,0.2971174120903015,-0.056004684418439865,0.2989691495895386,0.3059271574020386,-0.04969686269760132,0.2761872112751007,0.2967059314250946,-0.04096018895506859,0.0,0.0,0.0,0.0,0.0,0.0,0.0,0.0,0.0,0.0,0.0,0.0,0.0,0.0,0.0,0.0,0.0,0.0,0.0,0.0,0.0,0.0,0.0,0.0,0.0,0.0,0.0,0.0,0.0,0.0,0.0,0.0,0.0,0.0,0.0,0.0,0.0,0.0,0.0,0.0,0.0,0.0,0.0,0.0,0.0,0.0,0.0,0.0,0.0,0.0,0.0,0.0,0.0,0.0,0.0,0.0,0.0,0.0,0.0,0.0,0.0,0.0,0.0
enemy,0.2420392632484436,0.24473655223846436,5.6588728369888486e-08,0.25557762384414673,0.315036803483963,-0.02085632085800171,0.2859645485877991,0.38921743631362915,-0.03295721858739853,0.3045847713947296,0.45000049471855164,-0.0451895110309124,0.3116886019706726,0.5013853907585144,-0.05736945942044258,0.36967235803604126,0.32648158073425293,-0.01823483593761921,0.4341509938240051,0.3286103904247284,-0.035521943122148514,0.4718379080295563,0.3340769410133362,-0.04814423993229866,0.5055601000785828,0.33624690771102905,-0.0582226887345314,0.36865055561065674,0.28701603412628174,-0.020485343411564827,0.40647703409194946,0.3082483112812042,-0.047640182077884674,0.3581666350364685,0.31044137477874756,-0.055915627628564835,0.32855015993118286,0.2994999885559082,-0.05677945911884308,0.359738290309906,0.24513353407382965,-0.0250596571713686,0.3964187502861023,0.2694562077522278,-0.055745918303728104,0.3491367697715759,0.2748839855194092,-0.05073586478829384,0.32092851400375366,0.2630806863307953,-0.0401044599711895,0.34851109981536865,0.19834086298942566,-0.03118358738720417,0.3841559886932373,0.22140827775001526,-0.05370432883501053,0.35207873582839966,0.23662720620632172,-0.04841155558824539,0.3275015354156494,0.23073463141918182,-0.03985122963786125,0.0,0.0,0.0,0.0,0.0,0.0,0.0,0.0,0.0,0.0,0.0,0.0,0.0,0.0,0.0,0.0,0.0,0.0,0.0,0.0,0.0,0.0,0.0,0.0,0.0,0.0,0.0,0.0,0.0,0.0,0.0,0.0,0.0,0.0,0.0,0.0,0.0,0.0,0.0,0.0,0.0,0.0,0.0,0.0,0.0,0.0,0.0,0.0,0.0,0.0,0.0,0.0,0.0,0.0,0.0,0.0,0.0,0.0,0.0,0.0,0.0,0.0,0.0
enemy,0.31646233797073364,0.28083091974258423,1.7387108641742088e-07,0.31919556856155396,0.34215959906578064,-0.02439645119011402,0.3389010727405548,0.4141075015068054,-0.03749876469373703,0.349653959274292,0.4702427387237549,-0.04887150973081589,0.35706618428230286,0.5126985907554626,-0.06015314161777496,0.417892724275589,0.3647678792476654,-0.02446955069899559,0.473300576210022,0.3768533766269684,-0.04169481620192528,0.5091385245323181,0.3890184164047241,-0.053679730743169785,0.539952278137207,0.3958016037940979,-0.06310001015663147,0.4223921597003937,0.3257860839366913,-0.023180421441793442,0.4524725675582886,0.34157663583755493,-0.04792187362909317,0.4140348732471466,0.3422814905643463,-0.05384058132767677,0.3922251760959625,0.33505481481552124,-0.054035354405641556,0.41615092754364014,0.2853851318359375,-0.024349475279450417,0.4435984492301941,0.2984520494937897,-0.05107703059911728,0.4086540937423706,0.3038964569568634,-0.04509996622800827,0.3900141716003418,0.29806092381477356,-0.035646528005599976,0.4055374264717102,0.24376173317432404,-0.027379533275961876,0.43422001600265503,0.2564420700073242,-0.04568716883659363,0.40923652052879333,0.2675614058971405,-0.0386069156229496,0.39205941557884216,0.2648252248764038,-0.03011375293135643,0.0,0.0,0.0,0.0,0.0,0.0,0.0,0.0,0.0,0.0,0.0,0.0,0.0,0.0,0.0,0.0,0.0,0.0,0.0,0.0,0.0,0.0,0.0,0.0,0.0,0.0,0.0,0.0,0.0,0.0,0.0,0.0,0.0,0.0,0.0,0.0,0.0,0.0,0.0,0.0,0.0,0.0,0.0,0.0,0.0,0.0,0.0,0.0,0.0,0.0,0.0,0.0,0.0,0.0,0.0,0.0,0.0,0.0,0.0,0.0,0.0,0.0,0.0
enemy,0.3352322280406952,0.23911046981811523,2.4113759877764096e-07,0.3499462604522705,0.3014381527900696,-0.02237473614513874,0.3757283389568329,0.3723108470439911,-0.036177556961774826,0.38171082735061646,0.43263891339302063,-0.04989681392908096,0.38675692677497864,0.48033401370048523,-0.06362567842006683,0.4506928622722626,0.3148328959941864,-0.01796085759997368,0.5017224550247192,0.31945765018463135,-0.036989323794841766,0.5361530780792236,0.32022514939308167,-0.053780730813741684,0.5667127370834351,0.31482991576194763,-0.06634719669818878,0.45265495777130127,0.27803176641464233,-0.020272672176361084,0.48869770765304565,0.30094271898269653,-0.041349805891513824,0.4691043794155121,0.3079470098018646,-0.05328953266143799,0.4586147964000702,0.30037370324134827,-0.06010782718658447,0.4459735155105591,0.2384726107120514,-0.025594640523195267,0.47372791171073914,0.2622179687023163,-0.04846995696425438,0.43757298588752747,0.2732345163822174,-0.04633553698658943,0.41549578309059143,0.26775628328323364,-0.04119525104761124,0.4335990846157074,0.19474592804908752,-0.03320613130927086,0.4619698226451874,0.21202272176742554,-0.04999430850148201,0.4365152418613434,0.23013675212860107,-0.04524986445903778,0.41403597593307495,0.2313615083694458,-0.03930836543440819,0.0,0.0,0.0,0.0,0.0,0.0,0.0,0.0,0.0,0.0,0.0,0.0,0.0,0.0,0.0,0.0,0.0,0.0,0.0,0.0,0.0,0.0,0.0,0.0,0.0,0.0,0.0,0.0,0.0,0.0,0.0,0.0,0.0,0.0,0.0,0.0,0.0,0.0,0.0,0.0,0.0,0.0,0.0,0.0,0.0,0.0,0.0,0.0,0.0,0.0,0.0,0.0,0.0,0.0,0.0,0.0,0.0,0.0,0.0,0.0,0.0,0.0,0.0
enemy,0.3293772339820862,0.2503761053085327,1.0835160679789624e-07,0.34403592348098755,0.3148871660232544,-0.01793821156024933,0.3657129406929016,0.3795830011367798,-0.02935110218822956,0.3758447468280792,0.4353172183036804,-0.041391633450984955,0.3793131411075592,0.4814465641975403,-0.053537216037511826,0.43397676944732666,0.3260459303855896,-0.011906763538718224,0.48975425958633423,0.3308310806751251,-0.02654268778860569,0.520897626876831,0.3364858031272888,-0.03851071745157242,0.548717737197876,0.3382394015789032,-0.04840269684791565,0.4357251822948456,0.29329732060432434,-0.0146139832213521,0.466786652803421,0.30723699927330017,-0.03592454642057419,0.42996227741241455,0.3100847601890564,-0.04565199464559555,0.4087313711643219,0.30595627427101135,-0.049737755209207535,0.43015098571777344,0.25768646597862244,-0.019547734409570694,0.4588489830493927,0.2708280682563782,-0.0427011214196682,0.4239192605018616,0.2748274803161621,-0.03938458487391472,0.40336406230926514,0.26983577013015747,-0.03256309777498245,0.42141789197921753,0.21785113215446472,-0.02622613124549389,0.45199745893478394,0.22693473100662231,-0.04254118725657463,0.4286486506462097,0.23970749974250793,-0.03791792318224907,0.40937235951423645,0.23982809484004974,-0.03155513107776642,0.0,0.0,0.0,0.0,0.0,0.0,0.0,0.0,0.0,0.0,0.0,0.0,0.0,0.0,0.0,0.0,0.0,0.0,0.0,0.0,0.0,0.0,0.0,0.0,0.0,0.0,0.0,0.0,0.0,0.0,0.0,0.0,0.0,0.0,0.0,0.0,0.0,0.0,0.0,0.0,0.0,0.0,0.0,0.0,0.0,0.0,0.0,0.0,0.0,0.0,0.0,0.0,0.0,0.0,0.0,0.0,0.0,0.0,0.0,0.0,0.0,0.0,0.0
enemy,0.3439106345176697,0.26729652285575867,2.716834046623262e-07,0.35057055950164795,0.3203165531158447,-0.021441182121634483,0.3711767792701721,0.38493984937667847,-0.03473897650837898,0.3765959143638611,0.43703120946884155,-0.047776926308870316,0.3825216293334961,0.4767414927482605,-0.06106206029653549,0.4407726526260376,0.3309364318847656,-0.01827092655003071,0.4894087314605713,0.3429269790649414,-0.03639066219329834,0.5226362347602844,0.35870635509490967,-0.0508861169219017,0.5503111481666565,0.36994221806526184,-0.06201180815696716,0.4465847909450531,0.2979036867618561,-0.01876351796090603,0.4681565463542938,0.3329475224018097,-0.04362345114350319,0.4347211718559265,0.3365418612957001,-0.05326089635491371,0.4146393835544586,0.32332998514175415,-0.056558430194854736,0.4447787404060364,0.2610035240650177,-0.021968428045511246,0.46428295969963074,0.29614269733428955,-0.04777359962463379,0.43119779229164124,0.30423474311828613,-0.044869519770145416,0.4112923741340637,0.2939206063747406,-0.038096312433481216,0.43898338079452515,0.21983489394187927,-0.026975717395544052,0.45631155371665955,0.2501342296600342,-0.047298844903707504,0.4319862723350525,0.2680308222770691,-0.04455467313528061,0.4133751392364502,0.2681547701358795,-0.03900742903351784,0.0,0.0,0.0,0.0,0.0,0.0,0.0,0.0,0.0,0.0,0.0,0.0,0.0,0.0,0.0,0.0,0.0,0.0,0.0,0.0,0.0,0.0,0.0,0.0,0.0,0.0,0.0,0.0,0.0,0.0,0.0,0.0,0.0,0.0,0.0,0.0,0.0,0.0,0.0,0.0,0.0,0.0,0.0,0.0,0.0,0.0,0.0,0.0,0.0,0.0,0.0,0.0,0.0,0.0,0.0,0.0,0.0,0.0,0.0,0.0,0.0,0.0,0.0
enemy,0.30346015095710754,0.3172070384025574,1.2381009639739204e-07,0.31311649084091187,0.38321131467819214,-0.020817410200834274,0.32995182275772095,0.44925153255462646,-0.03353336825966835,0.3365439772605896,0.5052950978279114,-0.046417661011219025,0.34120410680770874,0.5496599078178406,-0.058878373354673386,0.41400590538978577,0.3999094069004059,-0.01627872698009014,0.4716646671295166,0.4078235328197479,-0.03372832015156746,0.5073760151863098,0.4177212119102478,-0.04745571315288544,0.5386703014373779,0.42427897453308105,-0.05789148807525635,0.41699615120887756,0.3660515248775482,-0.017974738031625748,0.4455074369907379,0.3893662393093109,-0.042185500264167786,0.4077211022377014,0.38946792483329773,-0.050544437021017075,0.3837772011756897,0.3790884017944336,-0.052589744329452515,0.41185662150382996,0.32840484380722046,-0.022333262488245964,0.43864905834198,0.35375890135765076,-0.04821648821234703,0.40292656421661377,0.3546924889087677,-0.04371317848563194,0.3813875913619995,0.34309107065200806,-0.035088926553726196,0.40388819575309753,0.28565698862075806,-0.02864578552544117,0.43116486072540283,0.3071601390838623,-0.046737413853406906,0.4055107831954956,0.3179223835468292,-0.04096084088087082,0.38581904768943787,0.31243860721588135,-0.03302319720387459,0.0,0.0,0.0,0.0,0.0,0.0,0.0,0.0,0.0,0.0,0.0,0.0,0.0,0.0,0.0,0.0,0.0,0.0,0.0,0.0,0.0,0.0,0.0,0.0,0.0,0.0,0.0,0.0,0.0,0.0,0.0,0.0,0.0,0.0,0.0,0.0,0.0,0.0,0.0,0.0,0.0,0.0,0.0,0.0,0.0,0.0,0.0,0.0,0.0,0.0,0.0,0.0,0.0,0.0,0.0,0.0,0.0,0.0,0.0,0.0,0.0,0.0,0.0
enemy,0.2601845860481262,0.37550655007362366,1.4033206241492735e-07,0.263645201921463,0.4451112747192383,-0.024181870743632317,0.2806333899497986,0.5240458250045776,-0.03946907818317413,0.28052330017089844,0.588981032371521,-0.05441451445221901,0.2765164077281952,0.6372146010398865,-0.06908320635557175,0.38253411650657654,0.47353121638298035,-0.022582290694117546,0.4479880928993225,0.48778262734413147,-0.03980306163430214,0.48746803402900696,0.5001213550567627,-0.05314027890563011,0.5214989185333252,0.5084581971168518,-0.06433902680873871,0.38491466641426086,0.434349000453949,-0.02375379391014576,0.41211408376693726,0.45693328976631165,-0.0481051504611969,0.3669835031032562,0.4538811147212982,-0.05623098090291023,0.34253016114234924,0.44377607107162476,-0.058894749730825424,0.3773907721042633,0.3920677602291107,-0.027371196076273918,0.40560027956962585,0.4163665771484375,-0.05429815873503685,0.36268359422683716,0.4182837903499603,-0.0492757223546505,0.3403880298137665,0.40714123845100403,-0.040890298783779144,0.36641401052474976,0.3454955518245697,-0.033109840005636215,0.3962693214416504,0.3679587244987488,-0.052979763597249985,0.36573606729507446,0.3769521415233612,-0.04670057073235512,0.34517571330070496,0.3683818578720093,-0.03870012238621712,0.0,0.0,0.0,0.0,0.0,0.0,0.0,0.0,0.0,0.0,0.0,0.0,0.0,0.0,0.0,0.0,0.0,0.0,0.0,0.0,0.0,0.0,0.0,0.0,0.0,0.0,0.0,0.0,0.0,0.0,0.0,0.0,0.0,0.0,0.0,0.0,0.0,0.0,0.0,0.0,0.0,0.0,0.0,0.0,0.0,0.0,0.0,0.0,0.0,0.0,0.0,0.0,0.0,0.0,0.0,0.0,0.0,0.0,0.0,0.0,0.0,0.0,0.0
enemy,0.24529191851615906,0.3662048578262329,2.2905726382305147e-07,0.2521526515483856,0.4406144320964813,-0.0267169326543808,0.2652616500854492,0.5171017646789551,-0.04370761290192604,0.26288118958473206,0.5789915323257446,-0.0606599859893322,0.2574658989906311,0.6281276941299438,-0.07743526250123978,0.36251863837242126,0.46393826603889465,-0.021242430433630943,0.4288525879383087,0.4772303104400635,-0.04104650765657425,0.47168099880218506,0.4892106056213379,-0.05694972351193428,0.5069848299026489,0.4982178807258606,-0.06943196058273315,0.36674585938453674,0.425353080034256,-0.02203560806810856,0.3968536853790283,0.4501657783985138,-0.04982620105147362,0.35753482580184937,0.4480837881565094,-0.0616314597427845,0.33070456981658936,0.4384397566318512,-0.06558208912611008,0.3615710139274597,0.3827873468399048,-0.02581629902124405,0.3904567360877991,0.4072311222553253,-0.053932204842567444,0.35148003697395325,0.40917640924453735,-0.050846267491579056,0.32638123631477356,0.3999541103839874,-0.04287596791982651,0.35219424962997437,0.33561617136001587,-0.032163698226213455,0.38161128759384155,0.35485970973968506,-0.051765572279691696,0.3536528944969177,0.3657635450363159,-0.04627406597137451,0.3307058811187744,0.36164921522140503,-0.03826460987329483,0.0,0.0,0.0,0.0,0.0,0.0,0.0,0.0,0.0,0.0,0.0,0.0,0.0,0.0,0.0,0.0,0.0,0.0,0.0,0.0,0.0,0.0,0.0,0.0,0.0,0.0,0.0,0.0,0.0,0.0,0.0,0.0,0.0,0.0,0.0,0.0,0.0,0.0,0.0,0.0,0.0,0.0,0.0,0.0,0.0,0.0,0.0,0.0,0.0,0.0,0.0,0.0,0.0,0.0,0.0,0.0,0.0,0.0,0.0,0.0,0.0,0.0,0.0
enemy,0.273951917886734,0.25938764214515686,1.9686382302097627e-07,0.28964293003082275,0.32633405923843384,-0.0269927978515625,0.3159036636352539,0.39861759543418884,-0.04307589679956436,0.3173603415489197,0.46348845958709717,-0.057074543088674545,0.3185102939605713,0.5129621028900146,-0.07011639326810837,0.40215063095092773,0.3329836130142212,-0.02750212699174881,0.4659121632575989,0.3308444619178772,-0.047889284789562225,0.50548255443573,0.33491864800453186,-0.06300830841064453,0.5416767597198486,0.33518102765083313,-0.07536028325557709,0.40254297852516174,0.29001402854919434,-0.028462765738368034,0.4333329498767853,0.31109240651130676,-0.049734778702259064,0.3852323293685913,0.31337231397628784,-0.05430793762207031,0.36814990639686584,0.3047139048576355,-0.05567746236920357,0.3923662304878235,0.24540254473686218,-0.03272613137960434,0.41842275857925415,0.26608890295028687,-0.05990763381123543,0.37499096989631653,0.27375346422195435,-0.05184558779001236,0.36441707611083984,0.26647835969924927,-0.04225482791662216,0.37667116522789,0.19808024168014526,-0.03910360857844353,0.4043179154396057,0.2139696478843689,-0.0577336885035038,0.37183642387390137,0.22937622666358948,-0.04663532227277756,0.3561023771762848,0.22270327806472778,-0.036162566393613815,0.0,0.0,0.0,0.0,0.0,0.0,0.0,0.0,0.0,0.0,0.0,0.0,0.0,0.0,0.0,0.0,0.0,0.0,0.0,0.0,0.0,0.0,0.0,0.0,0.0,0.0,0.0,0.0,0.0,0.0,0.0,0.0,0.0,0.0,0.0,0.0,0.0,0.0,0.0,0.0,0.0,0.0,0.0,0.0,0.0,0.0,0.0,0.0,0.0,0.0,0.0,0.0,0.0,0.0,0.0,0.0,0.0,0.0,0.0,0.0,0.0,0.0,0.0
enemy,0.26512932777404785,0.3412895202636719,1.2130696802614693e-07,0.27014485001564026,0.4093334674835205,-0.024740729480981827,0.2891906797885895,0.48395344614982605,-0.04057668149471283,0.29185372591018677,0.5492150187492371,-0.055636338889598846,0.29045796394348145,0.5991971492767334,-0.07039250433444977,0.3881525695323944,0.43400874733924866,-0.02548697590827942,0.45413392782211304,0.44629544019699097,-0.044850874692201614,0.49438974261283875,0.45794937014579773,-0.058964163064956665,0.5293260812759399,0.4654460549354553,-0.07066264003515244,0.39141595363616943,0.39341259002685547,-0.02721470221877098,0.4196605980396271,0.4150654971599579,-0.05436106398701668,0.37375718355178833,0.4107656180858612,-0.061001382768154144,0.3500918745994568,0.40066075325012207,-0.06216150149703026,0.3833644390106201,0.34927070140838623,-0.03161802142858505,0.4071570336818695,0.37202754616737366,-0.06098845601081848,0.3649398684501648,0.37147703766822815,-0.05360516905784607,0.3464485704898834,0.3619542419910431,-0.043395865708589554,0.37120240926742554,0.3019983470439911,-0.03819409757852554,0.39587995409965515,0.3211953639984131,-0.05863840878009796,0.36591824889183044,0.3306705355644226,-0.050681158900260925,0.3493495583534241,0.3258127272129059,-0.041584305465221405,0.0,0.0,0.0,0.0,0.0,0.0,0.0,0.0,0.0,0.0,0.0,0.0,0.0,0.0,0.0,0.0,0.0,0.0,0.0,0.0,0.0,0.0,0.0,0.0,0.0,0.0,0.0,0.0,0.0,0.0,0.0,0.0,0.0,0.0,0.0,0.0,0.0,0.0,0.0,0.0,0.0,0.0,0.0,0.0,0.0,0.0,0.0,0.0,0.0,0.0,0.0,0.0,0.0,0.0,0.0,0.0,0.0,0.0,0.0,0.0,0.0,0.0,0.0
enemy,0.3137611746788025,0.2093384563922882,6.935847096656289e-08,0.3314930200576782,0.2834791839122772,-0.018874265253543854,0.36034220457077026,0.3572290241718292,-0.030416466295719147,0.3730000853538513,0.4204261898994446,-0.0424022302031517,0.37549978494644165,0.4701612591743469,-0.05449933931231499,0.44415178894996643,0.2875805199146271,-0.01751076616346836,0.510182797908783,0.2845592498779297,-0.034109920263290405,0.5495252013206482,0.2855202853679657,-0.04813521355390549,0.5853120684623718,0.28379395604133606,-0.06007057800889015,0.44085919857025146,0.24733003973960876,-0.020959120243787766,0.47806257009506226,0.2578764259815216,-0.04584332928061485,0.43427592515945435,0.2641758620738983,-0.055684272199869156,0.4067378640174866,0.2613966763019562,-0.05936329811811447,0.4285140037536621,0.20595000684261322,-0.026398563757538795,0.4630855917930603,0.2170412838459015,-0.052548814564943314,0.4222410023212433,0.2273906022310257,-0.04841629043221474,0.3964640498161316,0.224107563495636,-0.04046347364783287,0.41326969861984253,0.16112776100635529,-0.033618632704019547,0.4479081630706787,0.1708533763885498,-0.05186329036951065,0.42155760526657104,0.18651553988456726,-0.046070728451013565,0.4000403583049774,0.18768924474716187,-0.038584738969802856,0.0,0.0,0.0,0.0,0.0,0.0,0.0,0.0,0.0,0.0,0.0,0.0,0.0,0.0,0.0,0.0,0.0,0.0,0.0,0.0,0.0,0.0,0.0,0.0,0.0,0.0,0.0,0.0,0.0,0.0,0.0,0.0,0.0,0.0,0.0,0.0,0.0,0.0,0.0,0.0,0.0,0.0,0.0,0.0,0.0,0.0,0.0,0.0,0.0,0.0,0.0,0.0,0.0,0.0,0.0,0.0,0.0,0.0,0.0,0.0,0.0,0.0,0.0
enemy,0.31682446599006653,0.27311021089553833,1.714881108227928e-07,0.3204916715621948,0.3348846733570099,-0.02386365830898285,0.3418482542037964,0.41376906633377075,-0.03765098750591278,0.3504038453102112,0.4755815863609314,-0.050081171095371246,0.3516152799129486,0.522644579410553,-0.06262177973985672,0.4280087649822235,0.3563511371612549,-0.02655554562807083,0.4931512773036957,0.36295682191848755,-0.04367192089557648,0.5334775447845459,0.3729037642478943,-0.056150685995817184,0.5669164061546326,0.3798999488353729,-0.06632934510707855,0.43102821707725525,0.3179003894329071,-0.02728380262851715,0.46401944756507874,0.33616071939468384,-0.05258755013346672,0.4232897162437439,0.3351743817329407,-0.05874215066432953,0.3960379362106323,0.32878565788269043,-0.058990221470594406,0.4240369498729706,0.27640262246131897,-0.030294377356767654,0.45317018032073975,0.2964225113391876,-0.05731803551316261,0.4154047667980194,0.2976178824901581,-0.05187395587563515,0.3919620215892792,0.2904617190361023,-0.042564090341329575,0.4126819372177124,0.2324068546295166,-0.03521121293306351,0.4419291019439697,0.24914976954460144,-0.05416446551680565,0.4152712821960449,0.2585051655769348,-0.04775712639093399,0.3944036662578583,0.25495439767837524,-0.03955507650971413,0.0,0.0,0.0,0.0,0.0,0.0,0.0,0.0,0.0,0.0,0.0,0.0,0.0,0.0,0.0,0.0,0.0,0.0,0.0,0.0,0.0,0.0,0.0,0.0,0.0,0.0,0.0,0.0,0.0,0.0,0.0,0.0,0.0,0.0,0.0,0.0,0.0,0.0,0.0,0.0,0.0,0.0,0.0,0.0,0.0,0.0,0.0,0.0,0.0,0.0,0.0,0.0,0.0,0.0,0.0,0.0,0.0,0.0,0.0,0.0,0.0,0.0,0.0
enemy,0.778694748878479,0.18529561161994934,-1.5059765701153083e-07,0.7433363199234009,0.30894625186920166,-0.046534933149814606,0.6581833362579346,0.42660248279571533,-0.07609129697084427,0.6057459115982056,0.5300551652908325,-0.1038997620344162,0.5794603824615479,0.6130543947219849,-0.13151265680789948,0.511696457862854,0.31216487288475037,-0.05378236621618271,0.38641029596328735,0.3139672577381134,-0.09800752252340317,0.31213080883026123,0.3109067678451538,-0.12341491878032684,0.2510509788990021,0.3031195402145386,-0.1416180282831192,0.5215751528739929,0.22621896862983704,-0.054232992231845856,0.4727419912815094,0.23301692306995392,-0.12415222078561783,0.5657721161842346,0.24636541306972504,-0.13374914228916168,0.6261630058288574,0.24403290450572968,-0.1221451684832573,0.548770010471344,0.14282873272895813,-0.060713931918144226,0.5247799158096313,0.1589812934398651,-0.12156716734170914,0.6118496060371399,0.18603482842445374,-0.10483498871326447,0.6510142087936401,0.18977026641368866,-0.07726387679576874,0.5856565833091736,0.06307761371135712,-0.07178065925836563,0.5593294501304626,0.08338344097137451,-0.109073705971241,0.6205180883407593,0.125337153673172,-0.09484028071165085,0.6476262807846069,0.13360929489135742,-0.0746743306517601,0.0,0.0,0.0,0.0,0.0,0.0,0.0,0.0,0.0,0.0,0.0,0.0,0.0,0.0,0.0,0.0,0.0,0.0,0.0,0.0,0.0,0.0,0.0,0.0,0.0,0.0,0.0,0.0,0.0,0.0,0.0,0.0,0.0,0.0,0.0,0.0,0.0,0.0,0.0,0.0,0.0,0.0,0.0,0.0,0.0,0.0,0.0,0.0,0.0,0.0,0.0,0.0,0.0,0.0,0.0,0.0,0.0,0.0,0.0,0.0,0.0,0.0,0.0
enemy,0.6814314723014832,0.23891766369342804,-5.626849031159509e-08,0.6639648675918579,0.33086857199668884,-0.03005959279835224,0.6223011612892151,0.4198296070098877,-0.05130013823509216,0.5988478660583496,0.4935574531555176,-0.07270903885364532,0.5837830901145935,0.5516794919967651,-0.09446258097887039,0.5206161737442017,0.35777369141578674,-0.031527869403362274,0.4407808184623718,0.3774994909763336,-0.05591036006808281,0.3939307928085327,0.38905125856399536,-0.07054107636213303,0.3542059361934662,0.3921499252319336,-0.08190692216157913,0.5190227031707764,0.303069531917572,-0.03266783431172371,0.4805903434753418,0.31257879734039307,-0.07429453730583191,0.537612795829773,0.307195782661438,-0.0841621533036232,0.5811628103256226,0.2962571680545807,-0.08050853759050369,0.5278276801109314,0.24753370881080627,-0.03727569431066513,0.5016689896583557,0.26093170046806335,-0.07273706048727036,0.5590846538543701,0.2625749707221985,-0.06609989702701569,0.5936500430107117,0.2574414610862732,-0.05256113037467003,0.5436408519744873,0.19250652194023132,-0.04498790577054024,0.5161240100860596,0.20658141374588013,-0.06885181367397308,0.55576491355896,0.21935555338859558,-0.062271714210510254,0.5811989903450012,0.21937896311283112,-0.05136600509285927,0.0,0.0,0.0,0.0,0.0,0.0,0.0,0.0,0.0,0.0,0.0,0.0,0.0,0.0,0.0,0.0,0.0,0.0,0.0,0.0,0.0,0.0,0.0,0.0,0.0,0.0,0.0,0.0,0.0,0.0,0.0,0.0,0.0,0.0,0.0,0.0,0.0,0.0,0.0,0.0,0.0,0.0,0.0,0.0,0.0,0.0,0.0,0.0,0.0,0.0,0.0,0.0,0.0,0.0,0.0,0.0,0.0,0.0,0.0,0.0,0.0,0.0,0.0
enemy,0.6737774610519409,0.21712356805801392,-5.8763369281678024e-08,0.6503980755805969,0.31216105818748474,-0.027191776782274246,0.6067061424255371,0.39740103483200073,-0.047004714608192444,0.5791793465614319,0.46936923265457153,-0.06735365837812424,0.5620546936988831,0.525840163230896,-0.08785255998373032,0.5095152258872986,0.3249664902687073,-0.026568612083792686,0.4284065365791321,0.3389193117618561,-0.05078529939055443,0.38085153698921204,0.3473958969116211,-0.06580940634012222,0.3407565951347351,0.3474182188510895,-0.07738547772169113,0.5113423466682434,0.2701953649520874,-0.028687093406915665,0.4698668420314789,0.2732424736022949,-0.07008428126573563,0.5289539694786072,0.2741067707538605,-0.07922940701246262,0.5726383328437805,0.2665906846523285,-0.0748179629445076,0.5233118534088135,0.21480192244052887,-0.0342782624065876,0.4933471381664276,0.22192099690437317,-0.06939133256673813,0.551408052444458,0.2305695116519928,-0.06101246550679207,0.5851827263832092,0.22858020663261414,-0.046168167144060135,0.5421285033226013,0.1610473245382309,-0.04270016402006149,0.5107681751251221,0.16884717345237732,-0.06518860161304474,0.5504825711250305,0.18782469630241394,-0.056485433131456375,0.5756736993789673,0.1904795914888382,-0.04419614374637604,0.0,0.0,0.0,0.0,0.0,0.0,0.0,0.0,0.0,0.0,0.0,0.0,0.0,0.0,0.0,0.0,0.0,0.0,0.0,0.0,0.0,0.0,0.0,0.0,0.0,0.0,0.0,0.0,0.0,0.0,0.0,0.0,0.0,0.0,0.0,0.0,0.0,0.0,0.0,0.0,0.0,0.0,0.0,0.0,0.0,0.0,0.0,0.0,0.0,0.0,0.0,0.0,0.0,0.0,0.0,0.0,0.0,0.0,0.0,0.0,0.0,0.0,0.0
enemy,0.6187808513641357,0.21699298918247223,-9.445744098002251e-08,0.593071460723877,0.3050673007965088,-0.025844603776931763,0.5524935722351074,0.3906146287918091,-0.04792596027255058,0.530700147151947,0.45936235785484314,-0.07120552659034729,0.5160906314849854,0.5124073624610901,-0.09544669836759567,0.4579637050628662,0.3152351379394531,-0.030643457546830177,0.3795023560523987,0.3318168520927429,-0.055352505296468735,0.33377590775489807,0.3387806713581085,-0.0711250975728035,0.29580992460250854,0.3367801606655121,-0.08332247287034988,0.45965567231178284,0.25943344831466675,-0.035441190004348755,0.4189342260360718,0.26948168873786926,-0.07608277350664139,0.4715207517147064,0.27757617831230164,-0.08656869828701019,0.5139340758323669,0.2733669877052307,-0.08471356332302094,0.4719778895378113,0.20565301179885864,-0.04330863058567047,0.4406936466693878,0.22035303711891174,-0.07754693180322647,0.4929092228412628,0.23417076468467712,-0.07016822695732117,0.5278397798538208,0.23383116722106934,-0.05744343623518944,0.4925815761089325,0.15183502435684204,-0.05383780598640442,0.4593838155269623,0.1623246967792511,-0.07535392045974731,0.49640050530433655,0.18445229530334473,-0.06594658643007278,0.5246422290802002,0.18995210528373718,-0.05396058410406113,0.0,0.0,0.0,0.0,0.0,0.0,0.0,0.0,0.0,0.0,0.0,0.0,0.0,0.0,0.0,0.0,0.0,0.0,0.0,0.0,0.0,0.0,0.0,0.0,0.0,0.0,0.0,0.0,0.0,0.0,0.0,0.0,0.0,0.0,0.0,0.0,0.0,0.0,0.0,0.0,0.0,0.0,0.0,0.0,0.0,0.0,0.0,0.0,0.0,0.0,0.0,0.0,0.0,0.0,0.0,0.0,0.0,0.0,0.0,0.0,0.0,0.0,0.0
enemy,0.5587558746337891,0.1368998885154724,-3.636437639897849e-08,0.5243337154388428,0.22548939287662506,-0.02746746689081192,0.47129955887794495,0.3049827814102173,-0.050142355263233185,0.43768587708473206,0.37589481472969055,-0.07379011809825897,0.4168208837509155,0.4342719316482544,-0.09796467423439026,0.37862032651901245,0.2111298143863678,-0.02975565381348133,0.2933994233608246,0.21474196016788483,-0.055410236120224,0.24303284287452698,0.215010866522789,-0.07179205119609833,0.2016918957233429,0.20648980140686035,-0.08451616764068604,0.38426244258880615,0.15313628315925598,-0.033846981823444366,0.3396434187889099,0.14794576168060303,-0.07700838893651962,0.3974974453449249,0.16449272632598877,-0.08731034398078918,0.4442116618156433,0.16858550906181335,-0.08364187180995941,0.40162333846092224,0.09736011177301407,-0.04118271917104721,0.3689143657684326,0.10032027214765549,-0.07662196457386017,0.42221906781196594,0.12359048426151276,-0.06794136017560959,0.4585105776786804,0.1308506429195404,-0.05317112058401108,0.4269704818725586,0.04510388523340225,-0.051441024988889694,0.39137962460517883,0.04483700543642044,-0.07272785902023315,0.4270024299621582,0.07446061819791794,-0.06187570095062256,0.45578137040138245,0.08664786070585251,-0.04832371324300766,0.0,0.0,0.0,0.0,0.0,0.0,0.0,0.0,0.0,0.0,0.0,0.0,0.0,0.0,0.0,0.0,0.0,0.0,0.0,0.0,0.0,0.0,0.0,0.0,0.0,0.0,0.0,0.0,0.0,0.0,0.0,0.0,0.0,0.0,0.0,0.0,0.0,0.0,0.0,0.0,0.0,0.0,0.0,0.0,0.0,0.0,0.0,0.0,0.0,0.0,0.0,0.0,0.0,0.0,0.0,0.0,0.0,0.0,0.0,0.0,0.0,0.0,0.0
enemy,0.5898981094360352,0.1621883362531662,-9.204237727544751e-08,0.5589505434036255,0.25205084681510925,-0.025642769411206245,0.5107678771018982,0.33272963762283325,-0.0490841343998909,0.4826534688472748,0.40462613105773926,-0.07385571300983429,0.4672476053237915,0.46066078543663025,-0.09996664524078369,0.41286659240722656,0.2504410147666931,-0.031821683049201965,0.3327940106391907,0.26035743951797485,-0.05979816988110542,0.2840123772621155,0.2648289203643799,-0.07823805510997772,0.24311885237693787,0.26003891229629517,-0.09224534034729004,0.41466203331947327,0.19015103578567505,-0.03746573254466057,0.37321311235427856,0.19922417402267456,-0.07903561741113663,0.43027156591415405,0.2178935557603836,-0.08902935683727264,0.47208869457244873,0.217099130153656,-0.08659648895263672,0.42926225066185,0.13383589684963226,-0.04629392549395561,0.39998531341552734,0.14814415574073792,-0.08034882694482803,0.45397046208381653,0.17206312716007233,-0.07075265049934387,0.48564547300338745,0.17288130521774292,-0.05688238888978958,0.45383673906326294,0.08012362569570541,-0.05788198485970497,0.4230528175830841,0.09179509431123734,-0.07666198909282684,0.46181607246398926,0.12184154987335205,-0.06387987732887268,0.48771196603775024,0.12682223320007324,-0.05015040189027786,0.0,0.0,0.0,0.0,0.0,0.0,0.0,0.0,0.0,0.0,0.0,0.0,0.0,0.0,0.0,0.0,0.0,0.0,0.0,0.0,0.0,0.0,0.0,0.0,0.0,0.0,0.0,0.0,0.0,0.0,0.0,0.0,0.0,0.0,0.0,0.0,0.0,0.0,0.0,0.0,0.0,0.0,0.0,0.0,0.0,0.0,0.0,0.0,0.0,0.0,0.0,0.0,0.0,0.0,0.0,0.0,0.0,0.0,0.0,0.0,0.0,0.0,0.0
enemy,0.6660341024398804,0.3127370774745941,-9.006186729720866e-08,0.6571167707443237,0.39971232414245605,-0.020510423928499222,0.6275009512901306,0.48351579904556274,-0.03728469833731651,0.6121805906295776,0.549104630947113,-0.05616544559597969,0.6068663001060486,0.6012986898422241,-0.07632864266633987,0.5284985303878784,0.436404287815094,-0.019449757412075996,0.46084779500961304,0.46531587839126587,-0.03905835375189781,0.42002326250076294,0.48077404499053955,-0.052064623683691025,0.38477271795272827,0.48763805627822876,-0.06261686980724335,0.5234610438346863,0.3882770836353302,-0.02405472844839096,0.4837355315685272,0.4079197943210602,-0.0585065521299839,0.5331581234931946,0.39747652411460876,-0.06881241500377655,0.5727517008781433,0.3811153173446655,-0.06724986433982849,0.527134358882904,0.33705994486808777,-0.031200934201478958,0.4996126890182495,0.3578537106513977,-0.060335271060466766,0.5503284335136414,0.3527373969554901,-0.05564843490719795,0.5837147235870361,0.34209418296813965,-0.04496890679001808,0.5381050705909729,0.2839922606945038,-0.04065052792429924,0.5069183111190796,0.30512043833732605,-0.058912504464387894,0.543212354183197,0.3126062750816345,-0.051621243357658386,0.5704690217971802,0.3083988130092621,-0.041534312069416046,0.0,0.0,0.0,0.0,0.0,0.0,0.0,0.0,0.0,0.0,0.0,0.0,0.0,0.0,0.0,0.0,0.0,0.0,0.0,0.0,0.0,0.0,0.0,0.0,0.0,0.0,0.0,0.0,0.0,0.0,0.0,0.0,0.0,0.0,0.0,0.0,0.0,0.0,0.0,0.0,0.0,0.0,0.0,0.0,0.0,0.0,0.0,0.0,0.0,0.0,0.0,0.0,0.0,0.0,0.0,0.0,0.0,0.0,0.0,0.0,0.0,0.0,0.0
enemy,0.638684868812561,0.2478874921798706,-3.57516881877018e-07,0.6174430251121521,0.3275890350341797,-0.013618012890219688,0.5882545113563538,0.39654046297073364,-0.026642832905054092,0.5746686458587646,0.44211727380752563,-0.042646344751119614,0.5704691410064697,0.47061997652053833,-0.05621625483036041,0.4991401731967926,0.33193105459213257,-8.098651051113848e-06,0.46581393480300903,0.35965877771377563,-0.025639614090323448,0.4999125897884369,0.36023110151290894,-0.041622959077358246,0.5220916271209717,0.34623539447784424,-0.04904215782880783,0.4957661032676697,0.29163601994514465,-0.005852814763784409,0.46651598811149597,0.32373616099357605,-0.0324665904045105,0.5114209651947021,0.32664892077445984,-0.039452411234378815,0.5334864854812622,0.3113827109336853,-0.0369972288608551,0.49962377548217773,0.2500861585140228,-0.01645471900701523,0.47904396057128906,0.28743594884872437,-0.03778061270713806,0.5232498645782471,0.2919314205646515,-0.03210105746984482,0.5436404943466187,0.2776916027069092,-0.02204875275492668,0.511579692363739,0.20585334300994873,-0.029168887063860893,0.4959980845451355,0.24430584907531738,-0.03789309412240982,0.5270192623138428,0.25451868772506714,-0.029273996129631996,0.5437102913856506,0.24335306882858276,-0.019082801416516304,0.0,0.0,0.0,0.0,0.0,0.0,0.0,0.0,0.0,0.0,0.0,0.0,0.0,0.0,0.0,0.0,0.0,0.0,0.0,0.0,0.0,0.0,0.0,0.0,0.0,0.0,0.0,0.0,0.0,0.0,0.0,0.0,0.0,0.0,0.0,0.0,0.0,0.0,0.0,0.0,0.0,0.0,0.0,0.0,0.0,0.0,0.0,0.0,0.0,0.0,0.0,0.0,0.0,0.0,0.0,0.0,0.0,0.0,0.0,0.0,0.0,0.0,0.0
enemy,0.59013831615448,0.20699341595172882,-1.0635181979523622e-07,0.5666626691818237,0.2915066182613373,-0.02591935731470585,0.5280616283416748,0.37269145250320435,-0.04676052927970886,0.5043337345123291,0.4375215470790863,-0.06876285374164581,0.49069395661354065,0.48701539635658264,-0.09136929363012314,0.4325493276119232,0.3048361539840698,-0.02617083117365837,0.35635483264923096,0.3211785554885864,-0.050135910511016846,0.31269705295562744,0.32873260974884033,-0.06573642045259476,0.2754170894622803,0.3271940350532532,-0.07767555862665176,0.43372631072998047,0.25253915786743164,-0.030749889090657234,0.3900957405567169,0.26406413316726685,-0.07118803262710571,0.44140714406967163,0.2709560990333557,-0.08166464418172836,0.48381903767585754,0.2662568986415863,-0.07920306921005249,0.44464197754859924,0.20101219415664673,-0.038731012493371964,0.4117237329483032,0.218251034617424,-0.07361298054456711,0.46274814009666443,0.22998711466789246,-0.06702153384685516,0.4984651803970337,0.22766360640525818,-0.05386757105588913,0.4628745913505554,0.14781790971755981,-0.04945383593440056,0.42979007959365845,0.16220661997795105,-0.07115428149700165,0.4660791754722595,0.18262025713920593,-0.062434349209070206,0.49554309248924255,0.1872418224811554,-0.05060771852731705,0.0,0.0,0.0,0.0,0.0,0.0,0.0,0.0,0.0,0.0,0.0,0.0,0.0,0.0,0.0,0.0,0.0,0.0,0.0,0.0,0.0,0.0,0.0,0.0,0.0,0.0,0.0,0.0,0.0,0.0,0.0,0.0,0.0,0.0,0.0,0.0,0.0,0.0,0.0,0.0,0.0,0.0,0.0,0.0,0.0,0.0,0.0,0.0,0.0,0.0,0.0,0.0,0.0,0.0,0.0,0.0,0.0,0.0,0.0,0.0,0.0,0.0,0.0
enemy,0.5649261474609375,0.168829545378685,-9.432363157202417e-08,0.5362699031829834,0.26006022095680237,-0.027243638411164284,0.49256205558776855,0.34460216760635376,-0.048747770488262177,0.46414893865585327,0.41520652174949646,-0.07164696604013443,0.4471939206123352,0.4699927866458893,-0.09536059945821762,0.39888256788253784,0.26397526264190674,-0.02548130601644516,0.3203413486480713,0.2730230689048767,-0.047957610338926315,0.2738083600997925,0.277414470911026,-0.06278646737337112,0.23498962819576263,0.27242511510849,-0.07458709180355072,0.3999682664871216,0.2078143060207367,-0.028850814327597618,0.3565531075000763,0.21554774045944214,-0.06716424226760864,0.4072951078414917,0.22355537116527557,-0.07864290475845337,0.451420396566391,0.2205222100019455,-0.07762443274259567,0.41171643137931824,0.15338489413261414,-0.035493239760398865,0.3790377378463745,0.16656702756881714,-0.06816301494836807,0.4310011565685272,0.18104200065135956,-0.06264370679855347,0.4689673185348511,0.18189971148967743,-0.05098011717200279,0.432207316160202,0.09987257421016693,-0.04512558877468109,0.3961220681667328,0.11056559532880783,-0.06569848954677582,0.43190068006515503,0.1335124671459198,-0.05749628320336342,0.4633246064186096,0.1400330662727356,-0.04634911194443703,0.0,0.0,0.0,0.0,0.0,0.0,0.0,0.0,0.0,0.0,0.0,0.0,0.0,0.0,0.0,0.0,0.0,0.0,0.0,0.0,0.0,0.0,0.0,0.0,0.0,0.0,0.0,0.0,0.0,0.0,0.0,0.0,0.0,0.0,0.0,0.0,0.0,0.0,0.0,0.0,0.0,0.0,0.0,0.0,0.0,0.0,0.0,0.0,0.0,0.0,0.0,0.0,0.0,0.0,0.0,0.0,0.0,0.0,0.0,0.0,0.0,0.0,0.0
enemy,0.604156494140625,0.2684405446052551,-9.436310222099564e-08,0.584983766078949,0.3560664653778076,-0.01984338089823723,0.5508801937103271,0.4406937062740326,-0.03921212628483772,0.5361337661743164,0.5091069936752319,-0.060916122049093246,0.5315209031105042,0.567314624786377,-0.08404864370822906,0.4543483555316925,0.3734290599822998,-0.022017329931259155,0.38557207584381104,0.39678505063056946,-0.043244555592536926,0.3436621427536011,0.4085578918457031,-0.057875365018844604,0.30786943435668945,0.4135117530822754,-0.0697716698050499,0.45152539014816284,0.3225623369216919,-0.029049845412373543,0.4112236201763153,0.3441925644874573,-0.06409135460853577,0.46286195516586304,0.34810757637023926,-0.07137341052293777,0.500890851020813,0.3382934331893921,-0.06876877695322037,0.45925095677375793,0.27233588695526123,-0.038969751447439194,0.4276553690433502,0.298188716173172,-0.06784071773290634,0.4773045778274536,0.3067166209220886,-0.05815299227833748,0.5093603134155273,0.3007147014141083,-0.04561889171600342,0.4747191071510315,0.22060652077198029,-0.05140102282166481,0.4435197412967682,0.24143894016742706,-0.06794112920761108,0.47839128971099854,0.26051706075668335,-0.056653447449207306,0.5053117275238037,0.2628675699234009,-0.044989198446273804,0.0,0.0,0.0,0.0,0.0,0.0,0.0,0.0,0.0,0.0,0.0,0.0,0.0,0.0,0.0,0.0,0.0,0.0,0.0,0.0,0.0,0.0,0.0,0.0,0.0,0.0,0.0,0.0,0.0,0.0,0.0,0.0,0.0,0.0,0.0,0.0,0.0,0.0,0.0,0.0,0.0,0.0,0.0,0.0,0.0,0.0,0.0,0.0,0.0,0.0,0.0,0.0,0.0,0.0,0.0,0.0,0.0,0.0,0.0,0.0,0.0,0.0,0.0
enemy,0.584489107131958,0.26293498277664185,-1.3201093906900496e-07,0.5641493797302246,0.3467640280723572,-0.018452176824212074,0.5285166501998901,0.42504796385765076,-0.03684072196483612,0.5103660821914673,0.48676836490631104,-0.057379111647605896,0.500080406665802,0.5364173054695129,-0.07906177639961243,0.4361135959625244,0.3560534715652466,-0.022533008828759193,0.37001338601112366,0.3755333721637726,-0.04491853713989258,0.32940569519996643,0.3871672749519348,-0.06033184006810188,0.29502156376838684,0.3939269185066223,-0.07248865813016891,0.4349770247936249,0.3077581822872162,-0.029403671622276306,0.3972412347793579,0.3327657878398895,-0.06292373687028885,0.447122186422348,0.33561429381370544,-0.06941036134958267,0.48084965348243713,0.32408466935157776,-0.0670209676027298,0.44356685876846313,0.26002055406570435,-0.039152100682258606,0.4124023914337158,0.2877219319343567,-0.06660399585962296,0.4598034918308258,0.2958417534828186,-0.05621574446558952,0.4870312809944153,0.2876657247543335,-0.04399547725915909,0.46030038595199585,0.21170836687088013,-0.05135957524180412,0.43091386556625366,0.23242749273777008,-0.06748156994581223,0.4648030698299408,0.2508127689361572,-0.056465569883584976,0.48816442489624023,0.2504281997680664,-0.04524034634232521,0.0,0.0,0.0,0.0,0.0,0.0,0.0,0.0,0.0,0.0,0.0,0.0,0.0,0.0,0.0,0.0,0.0,0.0,0.0,0.0,0.0,0.0,0.0,0.0,0.0,0.0,0.0,0.0,0.0,0.0,0.0,0.0,0.0,0.0,0.0,0.0,0.0,0.0,0.0,0.0,0.0,0.0,0.0,0.0,0.0,0.0,0.0,0.0,0.0,0.0,0.0,0.0,0.0,0.0,0.0,0.0,0.0,0.0,0.0,0.0,0.0,0.0,0.0
enemy,0.5439346432685852,0.1638459414243698,-6.535020702358452e-08,0.515289306640625,0.24836203455924988,-0.022501181811094284,0.47301822900772095,0.32605797052383423,-0.04405241832137108,0.4479042887687683,0.39289456605911255,-0.06703139841556549,0.4299899935722351,0.4452851116657257,-0.09103873372077942,0.3867488205432892,0.24834010004997253,-0.02725568786263466,0.31300413608551025,0.25890782475471497,-0.051284436136484146,0.26812297105789185,0.2639058232307434,-0.06740708649158478,0.2305820882320404,0.2608068883419037,-0.07996971160173416,0.3874034285545349,0.19407111406326294,-0.03256865218281746,0.34687745571136475,0.206999734044075,-0.06952309608459473,0.3965604901313782,0.21824470162391663,-0.07929039001464844,0.4368256628513336,0.21434536576271057,-0.07823365926742554,0.3983880579471588,0.14321745932102203,-0.04066292569041252,0.36688876152038574,0.16128051280975342,-0.07068882882595062,0.414976567029953,0.17698416113853455,-0.06331127882003784,0.4492299556732178,0.17584817111492157,-0.0522245317697525,0.4176959693431854,0.09399275481700897,-0.05125278979539871,0.38756075501441956,0.11098495870828629,-0.07018101960420609,0.42274296283721924,0.13328766822814941,-0.0612458698451519,0.4515635371208191,0.13641566038131714,-0.05054324120283127,0.0,0.0,0.0,0.0,0.0,0.0,0.0,0.0,0.0,0.0,0.0,0.0,0.0,0.0,0.0,0.0,0.0,0.0,0.0,0.0,0.0,0.0,0.0,0.0,0.0,0.0,0.0,0.0,0.0,0.0,0.0,0.0,0.0,0.0,0.0,0.0,0.0,0.0,0.0,0.0,0.0,0.0,0.0,0.0,0.0,0.0,0.0,0.0,0.0,0.0,0.0,0.0,0.0,0.0,0.0,0.0,0.0,0.0,0.0,0.0,0.0,0.0,0.0
enemy,0.5199407935142517,0.1344085931777954,-2.676760324504812e-08,0.48940736055374146,0.22500495612621307,-0.026174476370215416,0.44112449884414673,0.3066348135471344,-0.048608507961034775,0.41119930148124695,0.37812089920043945,-0.07205738872289658,0.39204972982406616,0.4384116232395172,-0.09658588469028473,0.3457680940628052,0.2136801779270172,-0.02932891435921192,0.2645470201969147,0.21608750522136688,-0.054582979530096054,0.21492445468902588,0.21598483622074127,-0.0712246298789978,0.17359764873981476,0.20876573026180267,-0.08383364230394363,0.3509797155857086,0.1559353470802307,-0.03326302021741867,0.30413809418678284,0.15636207163333893,-0.07464156299829483,0.3604767918586731,0.17323249578475952,-0.08397945761680603,0.40716996788978577,0.17687766253948212,-0.08002500236034393,0.36742866039276123,0.10008066892623901,-0.040248654782772064,0.33287322521209717,0.10548270493745804,-0.0766240805387497,0.3868902027606964,0.12957730889320374,-0.0685996562242508,0.4258991479873657,0.13791713118553162,-0.053583964705467224,0.3912420868873596,0.04692351073026657,-0.049686141312122345,0.35337284207344055,0.048583224415779114,-0.07269822061061859,0.3900243639945984,0.07774105668067932,-0.062262728810310364,0.4226013422012329,0.09070402383804321,-0.0484466589987278,0.0,0.0,0.0,0.0,0.0,0.0,0.0,0.0,0.0,0.0,0.0,0.0,0.0,0.0,0.0,0.0,0.0,0.0,0.0,0.0,0.0,0.0,0.0,0.0,0.0,0.0,0.0,0.0,0.0,0.0,0.0,0.0,0.0,0.0,0.0,0.0,0.0,0.0,0.0,0.0,0.0,0.0,0.0,0.0,0.0,0.0,0.0,0.0,0.0,0.0,0.0,0.0,0.0,0.0,0.0,0.0,0.0,0.0,0.0,0.0,0.0,0.0,0.0
enemy,0.5851230025291443,0.31854015588760376,-7.653177647171105e-08,0.5665079355239868,0.4025863707065582,-0.025766508653759956,0.5342113375663757,0.48593294620513916,-0.047239888459444046,0.5176551342010498,0.5555575489997864,-0.07023502886295319,0.5092455148696899,0.6132062673568726,-0.09426307678222656,0.43614962697029114,0.43059301376342773,-0.027448683977127075,0.36223727464675903,0.45352745056152344,-0.050208453088998795,0.31957709789276123,0.46588921546936035,-0.06500144302845001,0.2836993932723999,0.46777960658073425,-0.07655028998851776,0.4345451593399048,0.37958282232284546,-0.03182848542928696,0.3908798098564148,0.3889961242675781,-0.06976457685232162,0.43901246786117554,0.3864176869392395,-0.08116927742958069,0.4805218279361725,0.3767152726650238,-0.08037866652011871,0.4422449767589569,0.32696419954299927,-0.03927498683333397,0.40791553258895874,0.34034037590026855,-0.07085604220628738,0.45599961280822754,0.34297382831573486,-0.06573603302240372,0.4918974041938782,0.3374711275100708,-0.054789911955595016,0.4573986530303955,0.2722933888435364,-0.049566760659217834,0.4208632707595825,0.2847555875778198,-0.06867195665836334,0.45308637619018555,0.2985970079898834,-0.06066696718335152,0.4822164475917816,0.3008175492286682,-0.050234194844961166,0.0,0.0,0.0,0.0,0.0,0.0,0.0,0.0,0.0,0.0,0.0,0.0,0.0,0.0,0.0,0.0,0.0,0.0,0.0,0.0,0.0,0.0,0.0,0.0,0.0,0.0,0.0,0.0,0.0,0.0,0.0,0.0,0.0,0.0,0.0,0.0,0.0,0.0,0.0,0.0,0.0,0.0,0.0,0.0,0.0,0.0,0.0,0.0,0.0,0.0,0.0,0.0,0.0,0.0,0.0,0.0,0.0,0.0,0.0,0.0,0.0,0.0,0.0
enemy,0.5818682909011841,0.3072724938392639,-1.4360341538122157e-07,0.5641809701919556,0.3901519179344177,-0.022799188271164894,0.5306576490402222,0.4719618856906891,-0.0430796779692173,0.5132808089256287,0.5391802787780762,-0.0651850476861,0.5059911012649536,0.5938794612884521,-0.08882281184196472,0.4375982880592346,0.4104735851287842,-0.02858000062406063,0.3653712272644043,0.4290487468242645,-0.05271274596452713,0.32289719581604004,0.4398300051689148,-0.06941062957048416,0.28633514046669006,0.44185754656791687,-0.08226561546325684,0.4366520643234253,0.36147135496139526,-0.03336862474679947,0.3929652273654938,0.37897050380706787,-0.07027986645698547,0.4419763386249542,0.38053807616233826,-0.08072831481695175,0.48222991824150085,0.37125685811042786,-0.08011552691459656,0.4440174400806427,0.31074854731559753,-0.04078828543424606,0.407101035118103,0.32931122183799744,-0.07157597690820694,0.45782041549682617,0.3368503749370575,-0.06489469856023788,0.49385517835617065,0.33168721199035645,-0.05342147871851921,0.45790091156959534,0.2579205632209778,-0.05075829476118088,0.42186108231544495,0.273520827293396,-0.0693170353770256,0.4557257890701294,0.29040125012397766,-0.060412630438804626,0.4837999939918518,0.2913503646850586,-0.04969518259167671,0.0,0.0,0.0,0.0,0.0,0.0,0.0,0.0,0.0,0.0,0.0,0.0,0.0,0.0,0.0,0.0,0.0,0.0,0.0,0.0,0.0,0.0,0.0,0.0,0.0,0.0,0.0,0.0,0.0,0.0,0.0,0.0,0.0,0.0,0.0,0.0,0.0,0.0,0.0,0.0,0.0,0.0,0.0,0.0,0.0,0.0,0.0,0.0,0.0,0.0,0.0,0.0,0.0,0.0,0.0,0.0,0.0,0.0,0.0,0.0,0.0,0.0,0.0
enemy,0.6194478869438171,0.40213003754615784,-1.0204977485273048e-07,0.6061872839927673,0.4773639440536499,-0.019283154979348183,0.57768714427948,0.5549110770225525,-0.03635525330901146,0.5655019283294678,0.6174235939979553,-0.055281028151512146,0.5646435022354126,0.6693881750106812,-0.07547256350517273,0.4919145405292511,0.5106754899024963,-0.023360485211014748,0.4272669851779938,0.5331218242645264,-0.044024109840393066,0.38901081681251526,0.5463644862174988,-0.05774015188217163,0.3561360239982605,0.5520328283309937,-0.06852814555168152,0.4884621798992157,0.46385711431503296,-0.029130665585398674,0.45078977942466736,0.4794141352176666,-0.06306521594524384,0.4950910210609436,0.47752371430397034,-0.07196104526519775,0.5314090847969055,0.46776387095451355,-0.07064803689718246,0.4929374158382416,0.4158778488636017,-0.037246305495500565,0.46282297372817993,0.43247005343437195,-0.06605396419763565,0.5079721808433533,0.43676260113716125,-0.05892717465758324,0.5402457118034363,0.43181443214416504,-0.04743567109107971,0.5036727786064148,0.3662010133266449,-0.04754273220896721,0.4729197323322296,0.3799252510070801,-0.06440497189760208,0.5046215653419495,0.39392325282096863,-0.05517653375864029,0.5312004685401917,0.3958945870399475,-0.04455145075917244,0.0,0.0,0.0,0.0,0.0,0.0,0.0,0.0,0.0,0.0,0.0,0.0,0.0,0.0,0.0,0.0,0.0,0.0,0.0,0.0,0.0,0.0,0.0,0.0,0.0,0.0,0.0,0.0,0.0,0.0,0.0,0.0,0.0,0.0,0.0,0.0,0.0,0.0,0.0,0.0,0.0,0.0,0.0,0.0,0.0,0.0,0.0,0.0,0.0,0.0,0.0,0.0,0.0,0.0,0.0,0.0,0.0,0.0,0.0,0.0,0.0,0.0,0.0
enemy,0.6900826692581177,0.4883556365966797,-7.885920894068477e-08,0.685889482498169,0.5611452460289001,-0.017958981916308403,0.6652741432189941,0.6346849799156189,-0.033150892704725266,0.6569291353225708,0.6901788115501404,-0.04973093792796135,0.6555050611495972,0.7363163828849792,-0.06728760898113251,0.5762786269187927,0.6001020073890686,-0.018650680780410767,0.5215756297111511,0.6306681036949158,-0.03739789500832558,0.48680174350738525,0.6477780938148499,-0.05042538791894913,0.4568922519683838,0.6567698121070862,-0.06038554757833481,0.5701314806938171,0.5593733191490173,-0.022895609959959984,0.5344047546386719,0.5819071531295776,-0.05276791378855705,0.5775057077407837,0.5777233242988586,-0.06015734374523163,0.6117170453071594,0.5640388131141663,-0.05788027122616768,0.5715075135231018,0.5152290463447571,-0.029561469331383705,0.5429481863975525,0.5390304327011108,-0.05497315526008606,0.5854339599609375,0.5388181805610657,-0.04894078150391579,0.615445613861084,0.5279673933982849,-0.03833795338869095,0.5785075426101685,0.46790003776550293,-0.038204580545425415,0.5504058599472046,0.4897783100605011,-0.05365339294075966,0.5799123644828796,0.4984070062637329,-0.04566813260316849,0.604478120803833,0.49395838379859924,-0.03576279804110527,0.0,0.0,0.0,0.0,0.0,0.0,0.0,0.0,0.0,0.0,0.0,0.0,0.0,0.0,0.0,0.0,0.0,0.0,0.0,0.0,0.0,0.0,0.0,0.0,0.0,0.0,0.0,0.0,0.0,0.0,0.0,0.0,0.0,0.0,0.0,0.0,0.0,0.0,0.0,0.0,0.0,0.0,0.0,0.0,0.0,0.0,0.0,0.0,0.0,0.0,0.0,0.0,0.0,0.0,0.0,0.0,0.0,0.0,0.0,0.0,0.0,0.0,0.0
enemy,0.6416774392127991,0.3767447769641876,-6.835895760559652e-08,0.6299512386322021,0.45371145009994507,-0.0196846816688776,0.5982356071472168,0.5316087007522583,-0.03473049774765968,0.5818178057670593,0.5956435799598694,-0.050999779254198074,0.5764890313148499,0.6490168571472168,-0.06806151568889618,0.511539101600647,0.48748305439949036,-0.017272355034947395,0.4471307694911957,0.508342981338501,-0.035232413560152054,0.40911322832107544,0.5185948014259338,-0.04738945886492729,0.37603384256362915,0.5234429836273193,-0.05724986642599106,0.5086123943328857,0.4438946545124054,-0.021062884479761124,0.4680442810058594,0.46044233441352844,-0.05314876511693001,0.5151378512382507,0.45160362124443054,-0.060776688158512115,0.5526377558708191,0.4377906620502472,-0.05776118114590645,0.5130200982093811,0.39687269926071167,-0.02744874358177185,0.47986850142478943,0.4129451811313629,-0.05624110624194145,0.5298794507980347,0.41104698181152344,-0.049057405441999435,0.5628837943077087,0.40350624918937683,-0.03650793805718422,0.5236018896102905,0.3481828570365906,-0.035884566605091095,0.492672860622406,0.3649407625198364,-0.05506152659654617,0.5281234979629517,0.373672753572464,-0.04727843776345253,0.5545836091041565,0.3713710904121399,-0.036669522523880005,0.0,0.0,0.0,0.0,0.0,0.0,0.0,0.0,0.0,0.0,0.0,0.0,0.0,0.0,0.0,0.0,0.0,0.0,0.0,0.0,0.0,0.0,0.0,0.0,0.0,0.0,0.0,0.0,0.0,0.0,0.0,0.0,0.0,0.0,0.0,0.0,0.0,0.0,0.0,0.0,0.0,0.0,0.0,0.0,0.0,0.0,0.0,0.0,0.0,0.0,0.0,0.0,0.0,0.0,0.0,0.0,0.0,0.0,0.0,0.0,0.0,0.0,0.0
enemy,0.5949774384498596,0.31333890557289124,-1.9046930788135796e-07,0.5710591077804565,0.3941783308982849,-0.020909912884235382,0.535933792591095,0.46915894746780396,-0.041126690804958344,0.5139428377151489,0.5294466018676758,-0.06346038728952408,0.5041787028312683,0.5767923593521118,-0.08713697642087936,0.4491995573043823,0.4045114815235138,-0.025194162502884865,0.3803555965423584,0.42007917165756226,-0.0489187054336071,0.3403444290161133,0.4305228590965271,-0.06459273397922516,0.3051658272743225,0.4332604706287384,-0.07661674171686172,0.44940271973609924,0.35702940821647644,-0.031558286398649216,0.4076828360557556,0.37307268381118774,-0.0682196244597435,0.45524612069129944,0.3818448781967163,-0.07725247740745544,0.4911351203918457,0.37588921189308167,-0.07590407133102417,0.4574924111366272,0.3102015554904938,-0.04073357582092285,0.42334839701652527,0.33022964000701904,-0.07229967415332794,0.47052082419395447,0.3428972363471985,-0.0643250122666359,0.5021193027496338,0.3390887975692749,-0.05209311842918396,0.47248122096061707,0.2616341710090637,-0.05227544903755188,0.43849655985832214,0.27875280380249023,-0.0706673115491867,0.47314488887786865,0.2985938489437103,-0.06049145758152008,0.5008782148361206,0.30051979422569275,-0.049157459288835526,0.0,0.0,0.0,0.0,0.0,0.0,0.0,0.0,0.0,0.0,0.0,0.0,0.0,0.0,0.0,0.0,0.0,0.0,0.0,0.0,0.0,0.0,0.0,0.0,0.0,0.0,0.0,0.0,0.0,0.0,0.0,0.0,0.0,0.0,0.0,0.0,0.0,0.0,0.0,0.0,0.0,0.0,0.0,0.0,0.0,0.0,0.0,0.0,0.0,0.0,0.0,0.0,0.0,0.0,0.0,0.0,0.0,0.0,0.0,0.0,0.0,0.0,0.0
enemy,0.5481871366500854,0.21619096398353577,-5.4423843209860934e-08,0.5216835141181946,0.29710885882377625,-0.023526500910520554,0.48103031516075134,0.37171077728271484,-0.04278683662414551,0.4557543098926544,0.43266916275024414,-0.06321357935667038,0.4412517547607422,0.4815841317176819,-0.08416565507650375,0.39863157272338867,0.3021288514137268,-0.023128407076001167,0.32768288254737854,0.310839980840683,-0.043996892869472504,0.2863229513168335,0.3132550120353699,-0.05715200677514076,0.25150710344314575,0.3071398138999939,-0.0674186572432518,0.4007246792316437,0.251660019159317,-0.02713257633149624,0.3581239581108093,0.2550060749053955,-0.06321818381547928,0.4059739410877228,0.2656545042991638,-0.07249525934457779,0.4464118480682373,0.26473087072372437,-0.07009551674127579,0.41149425506591797,0.20298531651496887,-0.034100569784641266,0.37979641556739807,0.21147362887859344,-0.06547263264656067,0.4269435703754425,0.22698140144348145,-0.05930056795477867,0.46151962876319885,0.22887791693210602,-0.047306302934885025,0.4294379949569702,0.15574118494987488,-0.04349368438124657,0.39685335755348206,0.16187481582164764,-0.0628766119480133,0.43009522557258606,0.18236255645751953,-0.0546274296939373,0.45882099866867065,0.1881181001663208,-0.04372922331094742,0.0,0.0,0.0,0.0,0.0,0.0,0.0,0.0,0.0,0.0,0.0,0.0,0.0,0.0,0.0,0.0,0.0,0.0,0.0,0.0,0.0,0.0,0.0,0.0,0.0,0.0,0.0,0.0,0.0,0.0,0.0,0.0,0.0,0.0,0.0,0.0,0.0,0.0,0.0,0.0,0.0,0.0,0.0,0.0,0.0,0.0,0.0,0.0,0.0,0.0,0.0,0.0,0.0,0.0,0.0,0.0,0.0,0.0,0.0,0.0,0.0,0.0,0.0
enemy,0.5245031714439392,0.10162962228059769,1.3826964462282376e-08,0.4918125569820404,0.19279617071151733,-0.02732652798295021,0.44561588764190674,0.27120113372802734,-0.04634634032845497,0.4125264585018158,0.3402724266052246,-0.06597451865673065,0.39151179790496826,0.3967551589012146,-0.08581333607435226,0.35672032833099365,0.18543961644172668,-0.019811982288956642,0.27956536412239075,0.1815612018108368,-0.04012806713581085,0.23504088819026947,0.17822861671447754,-0.05364568904042244,0.1963367909193039,0.16693997383117676,-0.06443142145872116,0.3611225187778473,0.1307150423526764,-0.020660800859332085,0.3190397322177887,0.11599700897932053,-0.05847129970788956,0.3766661286354065,0.12816967070102692,-0.06857716292142868,0.42172473669052124,0.1326354295015335,-0.06512216478586197,0.37600943446159363,0.07807545363903046,-0.02489902265369892,0.34497418999671936,0.06761880218982697,-0.05947588011622429,0.4001220166683197,0.08757363259792328,-0.05392415076494217,0.4370969831943512,0.09768730401992798,-0.04027455672621727,0.3971019387245178,0.030192002654075623,-0.03162438049912453,0.3644992411136627,0.020517870783805847,-0.05452169477939606,0.40219879150390625,0.04450932890176773,-0.046781595796346664,0.43231654167175293,0.05578441172838211,-0.03463151305913925,0.0,0.0,0.0,0.0,0.0,0.0,0.0,0.0,0.0,0.0,0.0,0.0,0.0,0.0,0.0,0.0,0.0,0.0,0.0,0.0,0.0,0.0,0.0,0.0,0.0,0.0,0.0,0.0,0.0,0.0,0.0,0.0,0.0,0.0,0.0,0.0,0.0,0.0,0.0,0.0,0.0,0.0,0.0,0.0,0.0,0.0,0.0,0.0,0.0,0.0,0.0,0.0,0.0,0.0,0.0,0.0,0.0,0.0,0.0,0.0,0.0,0.0,0.0
enemy,0.5899716019630432,0.32006633281707764,-3.889834943038295e-07,0.5615100264549255,0.4087711572647095,-0.015805814415216446,0.5330415368080139,0.4911041259765625,-0.03476874530315399,0.5210704207420349,0.5585364699363708,-0.05687335133552551,0.5204594135284424,0.6151909232139587,-0.07676994800567627,0.44741296768188477,0.4165741503238678,-0.008027921430766582,0.4134226143360138,0.44713717699050903,-0.03644172474741936,0.457639217376709,0.44540461897850037,-0.05530118942260742,0.48649585247039795,0.43088749051094055,-0.06525523960590363,0.44273602962493896,0.3688696026802063,-0.0142588522285223,0.4106115400791168,0.4031885862350464,-0.042635105550289154,0.4594852924346924,0.40593141317367554,-0.05104118213057518,0.48444321751594543,0.39038336277008057,-0.05156067758798599,0.4462859630584717,0.321922242641449,-0.024931637570261955,0.42110469937324524,0.3593732714653015,-0.04558544605970383,0.4671863913536072,0.3651140630245209,-0.038462139666080475,0.49055802822113037,0.3517693281173706,-0.029782738536596298,0.4580250382423401,0.27504491806030273,-0.038086701184511185,0.438569039106369,0.31127458810806274,-0.04455288499593735,0.47224244475364685,0.32530340552330017,-0.03366468474268913,0.49240192770957947,0.3163083791732788,-0.023801466450095177,0.0,0.0,0.0,0.0,0.0,0.0,0.0,0.0,0.0,0.0,0.0,0.0,0.0,0.0,0.0,0.0,0.0,0.0,0.0,0.0,0.0,0.0,0.0,0.0,0.0,0.0,0.0,0.0,0.0,0.0,0.0,0.0,0.0,0.0,0.0,0.0,0.0,0.0,0.0,0.0,0.0,0.0,0.0,0.0,0.0,0.0,0.0,0.0,0.0,0.0,0.0,0.0,0.0,0.0,0.0,0.0,0.0,0.0,0.0,0.0,0.0,0.0,0.0
enemy,0.661390483379364,0.422130286693573,-3.424193906198525e-08,0.6534450650215149,0.4948600232601166,-0.02188095636665821,0.6325579285621643,0.5666493773460388,-0.040691375732421875,0.6254590749740601,0.6279695630073547,-0.06042531877756119,0.6226986050605774,0.6759557127952576,-0.08107830584049225,0.5471346378326416,0.5356449484825134,-0.02549714222550392,0.4901174306869507,0.558719277381897,-0.0483606718480587,0.45461463928222656,0.5723150372505188,-0.06435208022594452,0.4230514168739319,0.5769788026809692,-0.07640369236469269,0.5402385592460632,0.49341273307800293,-0.028727548196911812,0.5053128600120544,0.5086057782173157,-0.06151391193270683,0.5461407899856567,0.5000656843185425,-0.07104329019784927,0.5796931385993958,0.4862615168094635,-0.07050412893295288,0.5415306091308594,0.4480893611907959,-0.03463355079293251,0.5141409039497375,0.4644339680671692,-0.0607842318713665,0.5555517673492432,0.46095988154411316,-0.054605960845947266,0.585006833076477,0.45237353444099426,-0.04445979744195938,0.5495292544364929,0.40125149488449097,-0.04310271143913269,0.5225616097450256,0.4143519103527069,-0.059141770005226135,0.5527174472808838,0.4226626753807068,-0.05151969939470291,0.5771769285202026,0.4212110936641693,-0.042063355445861816,0.0,0.0,0.0,0.0,0.0,0.0,0.0,0.0,0.0,0.0,0.0,0.0,0.0,0.0,0.0,0.0,0.0,0.0,0.0,0.0,0.0,0.0,0.0,0.0,0.0,0.0,0.0,0.0,0.0,0.0,0.0,0.0,0.0,0.0,0.0,0.0,0.0,0.0,0.0,0.0,0.0,0.0,0.0,0.0,0.0,0.0,0.0,0.0,0.0,0.0,0.0,0.0,0.0,0.0,0.0,0.0,0.0,0.0,0.0,0.0,0.0,0.0,0.0
enemy,0.6539050340652466,0.32702308893203735,-3.080867827520706e-07,0.6262220144271851,0.4089689254760742,-0.01711510680615902,0.5930042266845703,0.4635617733001709,-0.03295041620731354,0.5690082907676697,0.4965403378009796,-0.04943589121103287,0.5508059859275818,0.5136717557907104,-0.061113499104976654,0.4878152310848236,0.38373032212257385,-0.0027448025066405535,0.4914476275444031,0.4496322572231293,-0.031170554459095,0.5364635586738586,0.45051339268684387,-0.051656611263751984,0.548897922039032,0.42336636781692505,-0.06332466006278992,0.48592430353164673,0.34985417127609253,-0.007868506014347076,0.4974327087402344,0.4217563271522522,-0.031764768064022064,0.5391326546669006,0.4233591854572296,-0.03731340914964676,0.5459326505661011,0.39787065982818604,-0.036841198801994324,0.4974044859409332,0.32025742530822754,-0.01794801838696003,0.5114405155181885,0.38938191533088684,-0.03599642217159271,0.5505704879760742,0.39327773451805115,-0.02606603316962719,0.5565145015716553,0.3716355860233307,-0.016353055834770203,0.5189836621284485,0.2911316156387329,-0.03149201348423958,0.5317825675010681,0.34879717230796814,-0.03729310259222984,0.5598093271255493,0.357830286026001,-0.02706415392458439,0.567061722278595,0.3414875864982605,-0.01662103459239006,0.0,0.0,0.0,0.0,0.0,0.0,0.0,0.0,0.0,0.0,0.0,0.0,0.0,0.0,0.0,0.0,0.0,0.0,0.0,0.0,0.0,0.0,0.0,0.0,0.0,0.0,0.0,0.0,0.0,0.0,0.0,0.0,0.0,0.0,0.0,0.0,0.0,0.0,0.0,0.0,0.0,0.0,0.0,0.0,0.0,0.0,0.0,0.0,0.0,0.0,0.0,0.0,0.0,0.0,0.0,0.0,0.0,0.0,0.0,0.0,0.0,0.0,0.0
enemy,0.6829445958137512,0.3030177652835846,-5.351932941266568e-07,0.6412009000778198,0.38328638672828674,-0.009132590144872665,0.5929485559463501,0.42745715379714966,-0.019918058067560196,0.5602697730064392,0.4407901465892792,-0.03419172763824463,0.53705894947052,0.44269463419914246,-0.04425378888845444,0.49354439973831177,0.3479624092578888,0.009356701746582985,0.4848178029060364,0.4005190432071686,-0.019596729427576065,0.5333823561668396,0.4089128077030182,-0.040474582463502884,0.5538178086280823,0.38287216424942017,-0.052152302116155624,0.49450168013572693,0.30676522850990295,-0.0010071025462821126,0.4926420748233795,0.36696967482566833,-0.025519732385873795,0.5403205752372742,0.37872305512428284,-0.03089284710586071,0.5548445582389832,0.3520043194293976,-0.030054036527872086,0.5063915848731995,0.26771190762519836,-0.016632743179798126,0.5031141042709351,0.32425057888031006,-0.040504030883312225,0.5518733263015747,0.34501394629478455,-0.029334615916013718,0.5685573816299438,0.32541924715042114,-0.01695070043206215,0.5286239385604858,0.22688862681388855,-0.03460758551955223,0.5154461860656738,0.26678770780563354,-0.04390474036335945,0.5522146224975586,0.2991042733192444,-0.02856573462486267,0.5722261071205139,0.29481786489486694,-0.013430947437882423,0.0,0.0,0.0,0.0,0.0,0.0,0.0,0.0,0.0,0.0,0.0,0.0,0.0,0.0,0.0,0.0,0.0,0.0,0.0,0.0,0.0,0.0,0.0,0.0,0.0,0.0,0.0,0.0,0.0,0.0,0.0,0.0,0.0,0.0,0.0,0.0,0.0,0.0,0.0,0.0,0.0,0.0,0.0,0.0,0.0,0.0,0.0,0.0,0.0,0.0,0.0,0.0,0.0,0.0,0.0,0.0,0.0,0.0,0.0,0.0,0.0,0.0,0.0
enemy,0.7855387926101685,0.2446046769618988,-4.884847726316366e-07,0.7578754425048828,0.3430425822734833,-0.015627935528755188,0.724560022354126,0.4314369261264801,-0.03171652927994728,0.6984421014785767,0.49084293842315674,-0.05135314539074898,0.6774652004241943,0.5312635898590088,-0.06836075335741043,0.6370625495910645,0.3570518493652344,-0.0038370892871171236,0.5914319753646851,0.3715066909790039,-0.03234144300222397,0.6307403445243835,0.3730153441429138,-0.05139724537730217,0.6641476154327393,0.362790584564209,-0.06050461530685425,0.6330139636993408,0.3059068024158478,-0.010477785021066666,0.5870417356491089,0.32600024342536926,-0.04093547910451889,0.6377753615379333,0.3312462866306305,-0.05135428532958031,0.6722398400306702,0.3201042115688324,-0.05103200674057007,0.6346665024757385,0.25403279066085815,-0.021958082914352417,0.5977807641029358,0.2802311182022095,-0.047184329479932785,0.6465393900871277,0.2885453701019287,-0.04183674231171608,0.6786502599716187,0.27886006236076355,-0.031404849141836166,0.6441155672073364,0.19963155686855316,-0.035542361438274384,0.6094263195991516,0.2232486754655838,-0.04773353412747383,0.6458243727684021,0.2411217987537384,-0.037515588104724884,0.674645185470581,0.2396376132965088,-0.02574261650443077,0.0,0.0,0.0,0.0,0.0,0.0,0.0,0.0,0.0,0.0,0.0,0.0,0.0,0.0,0.0,0.0,0.0,0.0,0.0,0.0,0.0,0.0,0.0,0.0,0.0,0.0,0.0,0.0,0.0,0.0,0.0,0.0,0.0,0.0,0.0,0.0,0.0,0.0,0.0,0.0,0.0,0.0,0.0,0.0,0.0,0.0,0.0,0.0,0.0,0.0,0.0,0.0,0.0,0.0,0.0,0.0,0.0,0.0,0.0,0.0,0.0,0.0,0.0
enemy,0.698286235332489,0.1703859120607376,-8.566448883584599e-08,0.673734188079834,0.266109436750412,-0.02557213418185711,0.6279675960540771,0.35231491923332214,-0.04405564069747925,0.5982882380485535,0.4260147213935852,-0.06310082972049713,0.5807535648345947,0.4833621084690094,-0.08228226006031036,0.5316579341888428,0.29092535376548767,-0.02420637756586075,0.45287981629371643,0.30399149656295776,-0.04694909602403641,0.4072059392929077,0.3102664053440094,-0.06157631427049637,0.3684552311897278,0.30905187129974365,-0.07292408496141434,0.5308277010917664,0.23458358645439148,-0.02657691203057766,0.49456384778022766,0.23713384568691254,-0.06465575098991394,0.5532584190368652,0.23468101024627686,-0.07332241535186768,0.5969910025596619,0.22716441750526428,-0.06963927298784256,0.5409414768218994,0.176643967628479,-0.032217223197221756,0.5141563415527344,0.18124234676361084,-0.06515230983495712,0.5733932852745056,0.1880437582731247,-0.0563664548099041,0.6087098717689514,0.1879955381155014,-0.042061224579811096,0.5586263537406921,0.12161892652511597,-0.04055747389793396,0.5314425826072693,0.12583541870117188,-0.0623197965323925,0.5750450491905212,0.14411169290542603,-0.05303516983985901,0.6032545566558838,0.14818163216114044,-0.04047294333577156,0.0,0.0,0.0,0.0,0.0,0.0,0.0,0.0,0.0,0.0,0.0,0.0,0.0,0.0,0.0,0.0,0.0,0.0,0.0,0.0,0.0,0.0,0.0,0.0,0.0,0.0,0.0,0.0,0.0,0.0,0.0,0.0,0.0,0.0,0.0,0.0,0.0,0.0,0.0,0.0,0.0,0.0,0.0,0.0,0.0,0.0,0.0,0.0,0.0,0.0,0.0,0.0,0.0,0.0,0.0,0.0,0.0,0.0,0.0,0.0,0.0,0.0,0.0
enemy,0.6097123026847839,0.16808362305164337,-5.1269545053855836e-08,0.5844627618789673,0.25566190481185913,-0.021687017753720284,0.5456627011299133,0.33640211820602417,-0.04128642752766609,0.5184957385063171,0.4018288850784302,-0.062344539910554886,0.4971143901348114,0.4509015679359436,-0.08388034254312515,0.45569029450416565,0.2667122185230255,-0.02116628736257553,0.38478758931159973,0.2788996696472168,-0.045106787234544754,0.34121304750442505,0.28575751185417175,-0.06124579906463623,0.30416837334632874,0.28519243001937866,-0.07314199954271317,0.45672807097435,0.21394161880016327,-0.026814093813300133,0.4115067422389984,0.22944526374340057,-0.06448674201965332,0.4614211618900299,0.23990190029144287,-0.07300923764705658,0.5007132291793823,0.23254121840000153,-0.06960071623325348,0.4663345515727997,0.16233307123184204,-0.035750433802604675,0.4320138692855835,0.17886722087860107,-0.068723663687706,0.4821988344192505,0.19501502811908722,-0.05889209359884262,0.5154296159744263,0.19222906231880188,-0.04404904693365097,0.4834575951099396,0.11085834354162216,-0.04701315984129906,0.4507051110267639,0.12338855862617493,-0.06698250025510788,0.4883750081062317,0.14731837809085846,-0.055678874254226685,0.51756352186203,0.15121230483055115,-0.04232412576675415,0.0,0.0,0.0,0.0,0.0,0.0,0.0,0.0,0.0,0.0,0.0,0.0,0.0,0.0,0.0,0.0,0.0,0.0,0.0,0.0,0.0,0.0,0.0,0.0,0.0,0.0,0.0,0.0,0.0,0.0,0.0,0.0,0.0,0.0,0.0,0.0,0.0,0.0,0.0,0.0,0.0,0.0,0.0,0.0,0.0,0.0,0.0,0.0,0.0,0.0,0.0,0.0,0.0,0.0,0.0,0.0,0.0,0.0,0.0,0.0,0.0,0.0,0.0
enemy,0.5758486390113831,0.14479824900627136,-7.271888335935728e-08,0.5504502654075623,0.235571026802063,-0.021725283935666084,0.5076761245727539,0.319913387298584,-0.039573781192302704,0.4794282019138336,0.3886741101741791,-0.058866456151008606,0.462423175573349,0.4455222487449646,-0.07908102869987488,0.4175492525100708,0.25054997205734253,-0.018785130232572556,0.3456658124923706,0.2609829604625702,-0.03858711197972298,0.3032383620738983,0.2647782862186432,-0.051718082278966904,0.267347514629364,0.26211854815483093,-0.06234465539455414,0.41839900612831116,0.19571638107299805,-0.023261895403265953,0.37151360511779785,0.20103491842746735,-0.057403672486543655,0.42351216077804565,0.2066563218832016,-0.06522839516401291,0.4658355116844177,0.20325487852096558,-0.06201561540365219,0.429704487323761,0.14032527804374695,-0.03077741153538227,0.39158695936203003,0.1493760347366333,-0.06286333501338959,0.44371792674064636,0.1623072475194931,-0.055347904562950134,0.48079991340637207,0.16351793706417084,-0.042141322046518326,0.44914621114730835,0.08615981787443161,-0.04033525288105011,0.4117974042892456,0.09312576800584793,-0.06183343008160591,0.4500998556613922,0.11326244473457336,-0.05273278430104256,0.4821188747882843,0.1191389262676239,-0.040879957377910614,0.0,0.0,0.0,0.0,0.0,0.0,0.0,0.0,0.0,0.0,0.0,0.0,0.0,0.0,0.0,0.0,0.0,0.0,0.0,0.0,0.0,0.0,0.0,0.0,0.0,0.0,0.0,0.0,0.0,0.0,0.0,0.0,0.0,0.0,0.0,0.0,0.0,0.0,0.0,0.0,0.0,0.0,0.0,0.0,0.0,0.0,0.0,0.0,0.0,0.0,0.0,0.0,0.0,0.0,0.0,0.0,0.0,0.0,0.0,0.0,0.0,0.0,0.0
enemy,0.5208331346511841,0.13315874338150024,1.9159102748744772e-08,0.4948611557483673,0.2284499555826187,-0.0267429668456316,0.45434242486953735,0.31391915678977966,-0.047212257981300354,0.4261525869369507,0.3845248818397522,-0.0683082863688469,0.4097651243209839,0.4431682825088501,-0.08994090557098389,0.3623431324958801,0.2378200888633728,-0.018942907452583313,0.29549646377563477,0.2489544153213501,-0.03738806024193764,0.2538200318813324,0.2531583309173584,-0.05035644769668579,0.21868368983268738,0.24994942545890808,-0.06139449030160904,0.36125755310058594,0.1813529133796692,-0.02172228880226612,0.3077680468559265,0.18009766936302185,-0.055027347058057785,0.35631024837493896,0.18530967831611633,-0.06471675634384155,0.40020516514778137,0.1837691217660904,-0.06257344037294388,0.37148842215538025,0.12566426396369934,-0.027881920337677002,0.3288882374763489,0.12771016359329224,-0.05919399857521057,0.37719908356666565,0.139950692653656,-0.054706525057554245,0.4157889187335968,0.1427125334739685,-0.04349681735038757,0.39058589935302734,0.07241257280111313,-0.036501891911029816,0.3536074757575989,0.07669348269701004,-0.05814133211970329,0.3886568248271942,0.09438016265630722,-0.051666758954524994,0.4217606782913208,0.09999223053455353,-0.04168812930583954,0.0,0.0,0.0,0.0,0.0,0.0,0.0,0.0,0.0,0.0,0.0,0.0,0.0,0.0,0.0,0.0,0.0,0.0,0.0,0.0,0.0,0.0,0.0,0.0,0.0,0.0,0.0,0.0,0.0,0.0,0.0,0.0,0.0,0.0,0.0,0.0,0.0,0.0,0.0,0.0,0.0,0.0,0.0,0.0,0.0,0.0,0.0,0.0,0.0,0.0,0.0,0.0,0.0,0.0,0.0,0.0,0.0,0.0,0.0,0.0,0.0,0.0,0.0
enemy,0.5229800939559937,0.17210553586483002,-4.66195757553578e-08,0.49793362617492676,0.2601909041404724,-0.026971861720085144,0.4591313302516937,0.34257498383522034,-0.04668818786740303,0.4312828481197357,0.4125460088253021,-0.06760655343532562,0.41392695903778076,0.46649977564811707,-0.08901147544384003,0.3698972165584564,0.2675546109676361,-0.021786758676171303,0.2950097918510437,0.27191290259361267,-0.042518965899944305,0.25265201926231384,0.27277448773384094,-0.05575598403811455,0.21644039452075958,0.26441171765327454,-0.06643840670585632,0.37137264013290405,0.21506141126155853,-0.023973416537046432,0.32506895065307617,0.21169711649417877,-0.061105914413928986,0.3775360882282257,0.2196507751941681,-0.07122485339641571,0.41986557841300964,0.21704252064228058,-0.06888704001903534,0.3820660710334778,0.1619120091199875,-0.029626354575157166,0.3454553186893463,0.16412830352783203,-0.06209570914506912,0.3962348997592926,0.17774619162082672,-0.056234270334243774,0.43154585361480713,0.17949947714805603,-0.04371751844882965,0.399929404258728,0.10970546305179596,-0.03808888420462608,0.3621722459793091,0.11032751947641373,-0.05813176929950714,0.3959521949291229,0.12989674508571625,-0.04989537224173546,0.42480629682540894,0.1368391066789627,-0.03864431381225586,0.0,0.0,0.0,0.0,0.0,0.0,0.0,0.0,0.0,0.0,0.0,0.0,0.0,0.0,0.0,0.0,0.0,0.0,0.0,0.0,0.0,0.0,0.0,0.0,0.0,0.0,0.0,0.0,0.0,0.0,0.0,0.0,0.0,0.0,0.0,0.0,0.0,0.0,0.0,0.0,0.0,0.0,0.0,0.0,0.0,0.0,0.0,0.0,0.0,0.0,0.0,0.0,0.0,0.0,0.0,0.0,0.0,0.0,0.0,0.0,0.0,0.0,0.0
enemy,0.5303954482078552,0.16457565128803253,-8.002443507848511e-08,0.5039445757865906,0.25496426224708557,-0.02566700242459774,0.4622109830379486,0.33402925729751587,-0.04278058186173439,0.43336763978004456,0.4027964472770691,-0.06068810820579529,0.4142681062221527,0.4530037045478821,-0.07920804619789124,0.3704565763473511,0.2569485604763031,-0.019017217680811882,0.29640090465545654,0.2567974925041199,-0.03907906264066696,0.25432249903678894,0.2570057511329651,-0.051153816282749176,0.21819466352462769,0.2488935887813568,-0.0604923851788044,0.3722895383834839,0.20441624522209167,-0.019899995997548103,0.325045108795166,0.19758924841880798,-0.05498271435499191,0.38109469413757324,0.20736907422542572,-0.06190276890993118,0.42445722222328186,0.20611846446990967,-0.05655333772301674,0.384427547454834,0.15178705751895905,-0.024449586868286133,0.34889164566993713,0.15032188594341278,-0.057452328503131866,0.4042972922325134,0.1664305180311203,-0.05048907548189163,0.437833696603775,0.16867083311080933,-0.03618096187710762,0.40325927734375,0.10073362290859222,-0.031360823661088943,0.3677368760108948,0.09926894307136536,-0.052256979048252106,0.40627217292785645,0.12064289301633835,-0.0439654141664505,0.4333015978336334,0.12548573315143585,-0.032109636813402176,0.0,0.0,0.0,0.0,0.0,0.0,0.0,0.0,0.0,0.0,0.0,0.0,0.0,0.0,0.0,0.0,0.0,0.0,0.0,0.0,0.0,0.0,0.0,0.0,0.0,0.0,0.0,0.0,0.0,0.0,0.0,0.0,0.0,0.0,0.0,0.0,0.0,0.0,0.0,0.0,0.0,0.0,0.0,0.0,0.0,0.0,0.0,0.0,0.0,0.0,0.0,0.0,0.0,0.0,0.0,0.0,0.0,0.0,0.0,0.0,0.0,0.0,0.0
enemy,0.5649182796478271,0.18007583916187286,-5.127830959850144e-08,0.5401604771614075,0.2675786018371582,-0.019255319610238075,0.5018402338027954,0.346022367477417,-0.03675470128655434,0.4802291691303253,0.41345006227493286,-0.05642358213663101,0.4642109274864197,0.46584928035736084,-0.07716956734657288,0.4222806990146637,0.26596227288246155,-0.01539734285324812,0.3561907410621643,0.2706851065158844,-0.034107837826013565,0.31692954897880554,0.2706814706325531,-0.04636680707335472,0.2842159867286682,0.2651410698890686,-0.05607675388455391,0.4236191213130951,0.2176600992679596,-0.019958028569817543,0.3797212243080139,0.23112188279628754,-0.04964945837855339,0.42727649211883545,0.24248544871807098,-0.0543157197535038,0.4608638286590576,0.23542562127113342,-0.05007399991154671,0.43191662430763245,0.1692756861448288,-0.027764976024627686,0.3939663767814636,0.18617480993270874,-0.053861476480960846,0.4420287013053894,0.20275387167930603,-0.042848024517297745,0.47042644023895264,0.1998247355222702,-0.029277455061674118,0.447339802980423,0.12061925232410431,-0.038008641451597214,0.4115636646747589,0.1331765055656433,-0.054337531328201294,0.4473801255226135,0.1566709578037262,-0.04287729412317276,0.4734940230846405,0.16057339310646057,-0.030574943870306015,0.0,0.0,0.0,0.0,0.0,0.0,0.0,0.0,0.0,0.0,0.0,0.0,0.0,0.0,0.0,0.0,0.0,0.0,0.0,0.0,0.0,0.0,0.0,0.0,0.0,0.0,0.0,0.0,0.0,0.0,0.0,0.0,0.0,0.0,0.0,0.0,0.0,0.0,0.0,0.0,0.0,0.0,0.0,0.0,0.0,0.0,0.0,0.0,0.0,0.0,0.0,0.0,0.0,0.0,0.0,0.0,0.0,0.0,0.0,0.0,0.0,0.0,0.0
enemy,0.6021041870117188,0.29823818802833557,-3.4656899572382827e-08,0.5879915952682495,0.3842921257019043,-0.024437278509140015,0.5569074749946594,0.46626508235931396,-0.04216998815536499,0.5374260544776917,0.534712553024292,-0.06036819517612457,0.52686607837677,0.5881709456443787,-0.07896745949983597,0.46652400493621826,0.4111112952232361,-0.020772457122802734,0.3994467556476593,0.426284521818161,-0.03936505317687988,0.36154407262802124,0.4346044063568115,-0.050934918224811554,0.3281084895133972,0.4351082444190979,-0.060541246086359024,0.4655422866344452,0.3633957803249359,-0.023243233561515808,0.4213412404060364,0.3653257489204407,-0.0559813566505909,0.4732416570186615,0.36058881878852844,-0.06300918757915497,0.5111960172653198,0.35008105635643005,-0.05918354541063309,0.4720287024974823,0.313062459230423,-0.029011188074946404,0.4403466284275055,0.31651872396469116,-0.05865592136979103,0.49231094121932983,0.31875544786453247,-0.05140642821788788,0.5213493704795837,0.3148736357688904,-0.03880716487765312,0.4841429591178894,0.26305729150772095,-0.03725877404212952,0.4524122178554535,0.2669612169265747,-0.05617734417319298,0.4893818497657776,0.2795780599117279,-0.04780193790793419,0.5131661295890808,0.2813335657119751,-0.03712247684597969,0.0,0.0,0.0,0.0,0.0,0.0,0.0,0.0,0.0,0.0,0.0,0.0,0.0,0.0,0.0,0.0,0.0,0.0,0.0,0.0,0.0,0.0,0.0,0.0,0.0,0.0,0.0,0.0,0.0,0.0,0.0,0.0,0.0,0.0,0.0,0.0,0.0,0.0,0.0,0.0,0.0,0.0,0.0,0.0,0.0,0.0,0.0,0.0,0.0,0.0,0.0,0.0,0.0,0.0,0.0,0.0,0.0,0.0,0.0,0.0,0.0,0.0,0.0
enemy,0.6534597873687744,0.33070001006126404,-2.6098957661702116e-08,0.6357364654541016,0.4145904779434204,-0.022274967283010483,0.6026077270507812,0.4942232668399811,-0.039908163249492645,0.5832504034042358,0.5612623691558838,-0.05881816893815994,0.5767799019813538,0.6191025376319885,-0.07795169949531555,0.5193393230438232,0.4422208070755005,-0.020939981564879417,0.4505612552165985,0.46185746788978577,-0.04064937308430672,0.4116193354129791,0.4735073745250702,-0.053486257791519165,0.3770342171192169,0.47522974014282227,-0.06399637460708618,0.5172098875045776,0.39517173171043396,-0.025291934609413147,0.47224390506744385,0.39462247490882874,-0.05948081240057945,0.5196928381919861,0.39253151416778564,-0.067889504134655,0.5567584037780762,0.3838486075401306,-0.06547963619232178,0.5231520533561707,0.3464193046092987,-0.032542634755373,0.4865960478782654,0.3491668105125427,-0.0604340061545372,0.5306108593940735,0.3534262180328369,-0.052812691777944565,0.5613335371017456,0.3502171039581299,-0.04087560623884201,0.5355142951011658,0.2979564666748047,-0.04245675355195999,0.5009800791740417,0.29814612865448,-0.05847691372036934,0.5305201411247253,0.31225985288619995,-0.04928475618362427,0.5560150742530823,0.3172624111175537,-0.03874967619776726,0.0,0.0,0.0,0.0,0.0,0.0,0.0,0.0,0.0,0.0,0.0,0.0,0.0,0.0,0.0,0.0,0.0,0.0,0.0,0.0,0.0,0.0,0.0,0.0,0.0,0.0,0.0,0.0,0.0,0.0,0.0,0.0,0.0,0.0,0.0,0.0,0.0,0.0,0.0,0.0,0.0,0.0,0.0,0.0,0.0,0.0,0.0,0.0,0.0,0.0,0.0,0.0,0.0,0.0,0.0,0.0,0.0,0.0,0.0,0.0,0.0,0.0,0.0
enemy,0.6383639574050903,0.24738748371601105,-2.8852831235326448e-08,0.6112589836120605,0.3330689072608948,-0.02736596390604973,0.5680568218231201,0.4106976091861725,-0.047406330704689026,0.5411732196807861,0.4790995121002197,-0.06808719038963318,0.5245254039764404,0.5324206352233887,-0.08879546821117401,0.4858096241950989,0.3368957042694092,-0.02693266049027443,0.41091248393058777,0.34484437108039856,-0.047872770577669144,0.367240846157074,0.34929734468460083,-0.06103505939245224,0.3306156396865845,0.3446076214313507,-0.0715598315000534,0.4875395596027374,0.2862342596054077,-0.028863733634352684,0.4442654550075531,0.28566455841064453,-0.06457209587097168,0.4918822646141052,0.2943248450756073,-0.07374891638755798,0.5319491028785706,0.2914544939994812,-0.07146360725164413,0.4989461600780487,0.2360280454158783,-0.03396731615066528,0.466007798910141,0.24068109691143036,-0.0625757947564125,0.5107207894325256,0.25518688559532166,-0.0564810186624527,0.5428603887557983,0.25629207491874695,-0.04542156308889389,0.5172163844108582,0.1876697838306427,-0.042183443903923035,0.4845713675022125,0.18650852143764496,-0.05930212512612343,0.5134074091911316,0.20832787454128265,-0.051518138498067856,0.5395994186401367,0.21612346172332764,-0.04148498550057411,0.0,0.0,0.0,0.0,0.0,0.0,0.0,0.0,0.0,0.0,0.0,0.0,0.0,0.0,0.0,0.0,0.0,0.0,0.0,0.0,0.0,0.0,0.0,0.0,0.0,0.0,0.0,0.0,0.0,0.0,0.0,0.0,0.0,0.0,0.0,0.0,0.0,0.0,0.0,0.0,0.0,0.0,0.0,0.0,0.0,0.0,0.0,0.0,0.0,0.0,0.0,0.0,0.0,0.0,0.0,0.0,0.0,0.0,0.0,0.0,0.0,0.0,0.0
enemy,0.5970047116279602,0.12285890430212021,5.4761986945095487e-08,0.5673118829727173,0.20601263642311096,-0.02394561842083931,0.5201864242553711,0.27284759283065796,-0.04672232270240784,0.48743975162506104,0.3282862901687622,-0.07021328806877136,0.4643157720565796,0.37137213349342346,-0.09470637142658234,0.43528053164482117,0.19485566020011902,-0.032730989158153534,0.3551035523414612,0.19161555171012878,-0.060191839933395386,0.3038535714149475,0.1835932433605194,-0.07770100235939026,0.26473191380500793,0.17083993554115295,-0.09005316346883774,0.4426474869251251,0.1402682662010193,-0.037536848336458206,0.39817720651626587,0.12845300137996674,-0.07563582807779312,0.44578754901885986,0.1552787870168686,-0.08112258464097977,0.48010167479515076,0.16183942556381226,-0.07524096220731735,0.458869606256485,0.08958888798952103,-0.045437365770339966,0.4273442029953003,0.08844005316495895,-0.07641837745904922,0.47311145067214966,0.1161123737692833,-0.06389126926660538,0.4990849196910858,0.11822096258401871,-0.04820702597498894,0.4830242097377777,0.04111208766698837,-0.05592541769146919,0.4511813819408417,0.040332548320293427,-0.07451219856739044,0.4852546453475952,0.0718635767698288,-0.060449015349149704,0.5089055299758911,0.07915674149990082,-0.04540955647826195,0.0,0.0,0.0,0.0,0.0,0.0,0.0,0.0,0.0,0.0,0.0,0.0,0.0,0.0,0.0,0.0,0.0,0.0,0.0,0.0,0.0,0.0,0.0,0.0,0.0,0.0,0.0,0.0,0.0,0.0,0.0,0.0,0.0,0.0,0.0,0.0,0.0,0.0,0.0,0.0,0.0,0.0,0.0,0.0,0.0,0.0,0.0,0.0,0.0,0.0,0.0,0.0,0.0,0.0,0.0,0.0,0.0,0.0,0.0,0.0,0.0,0.0,0.0
enemy,0.5648905634880066,0.05632609501481056,-1.2265553017698494e-08,0.5327339768409729,0.13549144566059113,-0.028874000534415245,0.48367026448249817,0.20105788111686707,-0.04946638271212578,0.4502163827419281,0.257142037153244,-0.06968501210212708,0.42640143632888794,0.2999400198459625,-0.09016995131969452,0.4081162214279175,0.11103406548500061,-0.026041170582175255,0.3462105691432953,0.1040828675031662,-0.04472484812140465,0.31558722257614136,0.10317768156528473,-0.05745946988463402,0.2924467921257019,0.09666715562343597,-0.06690553575754166,0.4171217381954193,0.04840259626507759,-0.025921516120433807,0.37548938393592834,0.030640726909041405,-0.05477720499038696,0.4139679968357086,0.05011502653360367,-0.06511469930410385,0.44811829924583435,0.059417013078927994,-0.06532981246709824,0.43425118923187256,-0.008789028972387314,-0.02885298617184162,0.40027812123298645,-0.020941033959388733,-0.05050453916192055,0.43854454159736633,0.0041404832154512405,-0.04749196022748947,0.46897342801094055,0.014868424274027348,-0.040934063494205475,0.4585975110530853,-0.05934140458703041,-0.03493615239858627,0.4332631230354309,-0.07021830976009369,-0.0498250387609005,0.4591825604438782,-0.04584147408604622,-0.045495759695768356,0.48417097330093384,-0.03261801600456238,-0.038697533309459686,0.0,0.0,0.0,0.0,0.0,0.0,0.0,0.0,0.0,0.0,0.0,0.0,0.0,0.0,0.0,0.0,0.0,0.0,0.0,0.0,0.0,0.0,0.0,0.0,0.0,0.0,0.0,0.0,0.0,0.0,0.0,0.0,0.0,0.0,0.0,0.0,0.0,0.0,0.0,0.0,0.0,0.0,0.0,0.0,0.0,0.0,0.0,0.0,0.0,0.0,0.0,0.0,0.0,0.0,0.0,0.0,0.0,0.0,0.0,0.0,0.0,0.0,0.0
enemy,0.5756192803382874,0.09263449162244797,-2.4145259658325813e-07,0.5483697652816772,0.1758245974779129,-0.025157814845442772,0.5009800791740417,0.24412807822227478,-0.04264110326766968,0.47069498896598816,0.29305005073547363,-0.06089504808187485,0.4559818506240845,0.3310821056365967,-0.07521635293960571,0.4224121570587158,0.1689063310623169,-0.01017493661493063,0.3836897015571594,0.1519147753715515,-0.042379364371299744,0.4264713227748871,0.16621366143226624,-0.059565309435129166,0.4520777761936188,0.17000728845596313,-0.06621542572975159,0.4271424114704132,0.11548607051372528,-0.013882081024348736,0.37832504510879517,0.09270253777503967,-0.048543624579906464,0.4253148138523102,0.11440414935350418,-0.05730808526277542,0.4499708116054535,0.11724874377250671,-0.05280342325568199,0.43813714385032654,0.06670619547367096,-0.023690752685070038,0.40440133213996887,0.0553567111492157,-0.05317693576216698,0.4520723521709442,0.08011480420827866,-0.04742966592311859,0.47108399868011475,0.08382033556699753,-0.034984853118658066,0.4583839178085327,0.020445458590984344,-0.036194052547216415,0.4330548644065857,0.016078807413578033,-0.04911605268716812,0.4653598964214325,0.040476877242326736,-0.03904246166348457,0.480647474527359,0.045148059725761414,-0.027030611410737038,0.0,0.0,0.0,0.0,0.0,0.0,0.0,0.0,0.0,0.0,0.0,0.0,0.0,0.0,0.0,0.0,0.0,0.0,0.0,0.0,0.0,0.0,0.0,0.0,0.0,0.0,0.0,0.0,0.0,0.0,0.0,0.0,0.0,0.0,0.0,0.0,0.0,0.0,0.0,0.0,0.0,0.0,0.0,0.0,0.0,0.0,0.0,0.0,0.0,0.0,0.0,0.0,0.0,0.0,0.0,0.0,0.0,0.0,0.0,0.0,0.0,0.0,0.0
enemy,0.6575543880462646,0.2291298508644104,-3.808839039720624e-07,0.6251593232154846,0.3090387284755707,-0.01632656529545784,0.5886615514755249,0.381470263004303,-0.032981857657432556,0.5667931437492371,0.4361744523048401,-0.052907612174749374,0.5575019717216492,0.47592979669570923,-0.07062657922506332,0.5183634161949158,0.29832273721694946,-0.00562858022749424,0.47774848341941833,0.31057214736938477,-0.032562606036663055,0.513819694519043,0.31750422716140747,-0.050562191754579544,0.5422070622444153,0.3099435269832611,-0.05972394347190857,0.5190430283546448,0.2511725425720215,-0.011481988243758678,0.48052549362182617,0.26942625641822815,-0.0389019139111042,0.5241021513938904,0.2807268798351288,-0.04709651693701744,0.5499778389930725,0.27093610167503357,-0.04673704877495766,0.5246317982673645,0.2054843306541443,-0.022215820848941803,0.4934854507446289,0.23077204823493958,-0.04409307986497879,0.5348509550094604,0.24571876227855682,-0.03849106281995773,0.5592834949493408,0.2386486679315567,-0.029631437733769417,0.5370246171951294,0.15896424651145935,-0.03539711609482765,0.5097872018814087,0.18429557979106903,-0.0435117706656456,0.5396692752838135,0.20655007660388947,-0.03333857282996178,0.5613704919815063,0.2067113220691681,-0.023241357877850533,0.0,0.0,0.0,0.0,0.0,0.0,0.0,0.0,0.0,0.0,0.0,0.0,0.0,0.0,0.0,0.0,0.0,0.0,0.0,0.0,0.0,0.0,0.0,0.0,0.0,0.0,0.0,0.0,0.0,0.0,0.0,0.0,0.0,0.0,0.0,0.0,0.0,0.0,0.0,0.0,0.0,0.0,0.0,0.0,0.0,0.0,0.0,0.0,0.0,0.0,0.0,0.0,0.0,0.0,0.0,0.0,0.0,0.0,0.0,0.0,0.0,0.0,0.0
enemy,0.6974108815193176,0.32145458459854126,-1.0625063140423663e-07,0.6816654801368713,0.39553239941596985,-0.019690245389938354,0.6446375250816345,0.4672449827194214,-0.03556817024946213,0.6221704483032227,0.5233500003814697,-0.05255332961678505,0.6103203296661377,0.5690266489982605,-0.07026556879281998,0.5612472295761108,0.4076991081237793,-0.022039787843823433,0.49439436197280884,0.42034584283828735,-0.041288673877716064,0.456674188375473,0.425334632396698,-0.05357400327920914,0.4245752990245819,0.4237060546875,-0.06334749609231949,0.5626079440116882,0.3622683882713318,-0.02608368918299675,0.5231683254241943,0.3674209713935852,-0.05897592380642891,0.5719029903411865,0.3692203462123871,-0.06660568714141846,0.6090061664581299,0.3630887567996979,-0.06371407955884933,0.5714742541313171,0.31550395488739014,-0.03250652179121971,0.5399726033210754,0.32514071464538574,-0.05927811563014984,0.5870046019554138,0.33206847310066223,-0.05155901610851288,0.6162360310554504,0.32897093892097473,-0.03984665498137474,0.5867051482200623,0.26759567856788635,-0.04111770540475845,0.5552403926849365,0.27845174074172974,-0.05679471045732498,0.5873637795448303,0.2926064133644104,-0.04772617295384407,0.6098629236221313,0.29285603761672974,-0.03721790015697479,0.0,0.0,0.0,0.0,0.0,0.0,0.0,0.0,0.0,0.0,0.0,0.0,0.0,0.0,0.0,0.0,0.0,0.0,0.0,0.0,0.0,0.0,0.0,0.0,0.0,0.0,0.0,0.0,0.0,0.0,0.0,0.0,0.0,0.0,0.0,0.0,0.0,0.0,0.0,0.0,0.0,0.0,0.0,0.0,0.0,0.0,0.0,0.0,0.0,0.0,0.0,0.0,0.0,0.0,0.0,0.0,0.0,0.0,0.0,0.0,0.0,0.0,0.0
enemy,0.5935794711112976,0.21276366710662842,-3.5283214572245925e-08,0.5655792951583862,0.2939164936542511,-0.027364136651158333,0.515868067741394,0.3682371973991394,-0.04700613394379616,0.4846135377883911,0.4352869987487793,-0.06657522171735764,0.4656223952770233,0.4879399836063385,-0.08612338453531265,0.4303308129310608,0.29193583130836487,-0.028370924293994904,0.3547387719154358,0.29092615842819214,-0.051110584288835526,0.31163710355758667,0.2898842692375183,-0.06494356691837311,0.2751234471797943,0.2831864058971405,-0.07567209005355835,0.435796320438385,0.2402535378932953,-0.03049793839454651,0.3972950875759125,0.22955851256847382,-0.0695158839225769,0.4516165852546692,0.23915283381938934,-0.07768134027719498,0.4907209873199463,0.24217365682125092,-0.07350575923919678,0.45106884837150574,0.18958120048046112,-0.03583848476409912,0.4227774739265442,0.1823572814464569,-0.06955903023481369,0.47294002771377563,0.19992095232009888,-0.06100127473473549,0.5027003884315491,0.20926174521446228,-0.04667303338646889,0.47290274500846863,0.14178597927093506,-0.04392143711447716,0.4435461163520813,0.1345476359128952,-0.0647212341427803,0.4783177971839905,0.15772941708564758,-0.055130671709775925,0.5019269585609436,0.16930651664733887,-0.04276147857308388,0.0,0.0,0.0,0.0,0.0,0.0,0.0,0.0,0.0,0.0,0.0,0.0,0.0,0.0,0.0,0.0,0.0,0.0,0.0,0.0,0.0,0.0,0.0,0.0,0.0,0.0,0.0,0.0,0.0,0.0,0.0,0.0,0.0,0.0,0.0,0.0,0.0,0.0,0.0,0.0,0.0,0.0,0.0,0.0,0.0,0.0,0.0,0.0,0.0,0.0,0.0,0.0,0.0,0.0,0.0,0.0,0.0,0.0,0.0,0.0,0.0,0.0,0.0
enemy,0.5271915197372437,0.15094473958015442,-2.984251423754358e-08,0.491587370634079,0.23387908935546875,-0.02651655115187168,0.4400414824485779,0.3035062253475189,-0.04529719799757004,0.4040544033050537,0.367866575717926,-0.06443502753973007,0.38163745403289795,0.4201657176017761,-0.08387774229049683,0.3590954542160034,0.21451984345912933,-0.022797802463173866,0.284675657749176,0.20338580012321472,-0.045345257967710495,0.24124890565872192,0.1970800906419754,-0.059031058102846146,0.2044028639793396,0.18306085467338562,-0.06965415924787521,0.3672158420085907,0.16201886534690857,-0.024312136694788933,0.3257316052913666,0.147577166557312,-0.062257204204797745,0.381775438785553,0.1677876114845276,-0.06918812543153763,0.4232059419155121,0.17416515946388245,-0.06364718079566956,0.38548746705055237,0.11168619990348816,-0.02949620597064495,0.35487663745880127,0.10338567197322845,-0.06363139301538467,0.40777507424354553,0.13000193238258362,-0.054443564265966415,0.4383465349674225,0.13954299688339233,-0.03888661414384842,0.4102887809276581,0.06589802354574203,-0.03725237771868706,0.38014981150627136,0.05952826887369156,-0.05835800990462303,0.4174727499485016,0.08873821794986725,-0.04856757074594498,0.441800057888031,0.0984438955783844,-0.035776060074567795,0.0,0.0,0.0,0.0,0.0,0.0,0.0,0.0,0.0,0.0,0.0,0.0,0.0,0.0,0.0,0.0,0.0,0.0,0.0,0.0,0.0,0.0,0.0,0.0,0.0,0.0,0.0,0.0,0.0,0.0,0.0,0.0,0.0,0.0,0.0,0.0,0.0,0.0,0.0,0.0,0.0,0.0,0.0,0.0,0.0,0.0,0.0,0.0,0.0,0.0,0.0,0.0,0.0,0.0,0.0,0.0,0.0,0.0,0.0,0.0,0.0,0.0,0.0
enemy,0.5724035501480103,0.14311254024505615,-1.0479552514652823e-07,0.5389000773429871,0.22347021102905273,-0.021164545789361,0.49009081721305847,0.2897847294807434,-0.03892763331532478,0.45676717162132263,0.3472864031791687,-0.058337509632110596,0.4351058006286621,0.3918312191963196,-0.07852164655923843,0.41166335344314575,0.19892241060733795,-0.02067398466169834,0.33852311968803406,0.18890532851219177,-0.04338851571083069,0.2960999608039856,0.1831885576248169,-0.058092035353183746,0.26023340225219727,0.17031025886535645,-0.06935757398605347,0.4186306893825531,0.14901556074619293,-0.025124846026301384,0.37640416622161865,0.14690735936164856,-0.06209910660982132,0.42898353934288025,0.1646016389131546,-0.07076916843652725,0.469200074672699,0.16720856726169586,-0.06744745373725891,0.4341627061367035,0.1001168042421341,-0.03259043022990227,0.40223264694213867,0.10623936355113983,-0.06434369087219238,0.4537566602230072,0.12751474976539612,-0.05674866959452629,0.4858199954032898,0.1304565817117691,-0.043352290987968445,0.45631304383277893,0.052806973457336426,-0.04230446740984917,0.4213482737541199,0.05861525237560272,-0.0613749735057354,0.45687663555145264,0.08470046520233154,-0.0515819750726223,0.48267269134521484,0.09077182412147522,-0.039335355162620544,0.0,0.0,0.0,0.0,0.0,0.0,0.0,0.0,0.0,0.0,0.0,0.0,0.0,0.0,0.0,0.0,0.0,0.0,0.0,0.0,0.0,0.0,0.0,0.0,0.0,0.0,0.0,0.0,0.0,0.0,0.0,0.0,0.0,0.0,0.0,0.0,0.0,0.0,0.0,0.0,0.0,0.0,0.0,0.0,0.0,0.0,0.0,0.0,0.0,0.0,0.0,0.0,0.0,0.0,0.0,0.0,0.0,0.0,0.0,0.0,0.0,0.0,0.0
enemy,0.6791435480117798,0.2069004625082016,-7.932567314128391e-08,0.6423807144165039,0.2841305732727051,-0.027296921238303185,0.5913366675376892,0.3535516858100891,-0.04964148998260498,0.5573858022689819,0.41185426712036133,-0.07295159995555878,0.5379493832588196,0.45681485533714294,-0.09664242714643478,0.5040174126625061,0.2695288062095642,-0.02799111045897007,0.42927613854408264,0.267457515001297,-0.05514606833457947,0.38430356979370117,0.26803770661354065,-0.07319314032793045,0.3455256223678589,0.2579890787601471,-0.08652279525995255,0.5107637643814087,0.21356485784053802,-0.032817862927913666,0.46731674671173096,0.21550819277763367,-0.07389559596776962,0.5132238268852234,0.24441580474376678,-0.0845816358923912,0.5508381724357605,0.24715489149093628,-0.08258694410324097,0.5272395610809326,0.16382171213626862,-0.041424550116062164,0.49598193168640137,0.17013953626155853,-0.07743554562330246,0.5415275692939758,0.20126628875732422,-0.06955244392156601,0.5748535394668579,0.20481200516223907,-0.05563856661319733,0.5518615245819092,0.1163405328989029,-0.05306325852870941,0.5177078247070312,0.11576477438211441,-0.07473666220903397,0.5505884885787964,0.15150271356105804,-0.06415317952632904,0.5802594423294067,0.16341401636600494,-0.051066819578409195,0.0,0.0,0.0,0.0,0.0,0.0,0.0,0.0,0.0,0.0,0.0,0.0,0.0,0.0,0.0,0.0,0.0,0.0,0.0,0.0,0.0,0.0,0.0,0.0,0.0,0.0,0.0,0.0,0.0,0.0,0.0,0.0,0.0,0.0,0.0,0.0,0.0,0.0,0.0,0.0,0.0,0.0,0.0,0.0,0.0,0.0,0.0,0.0,0.0,0.0,0.0,0.0,0.0,0.0,0.0,0.0,0.0,0.0,0.0,0.0,0.0,0.0,0.0
enemy,0.791084885597229,0.22945526242256165,-9.901745556817332e-08,0.7567798495292664,0.3148457407951355,-0.026439664885401726,0.7032470107078552,0.3898828625679016,-0.04722995311021805,0.6681985259056091,0.45238158106803894,-0.06900732964277267,0.6493980288505554,0.5019389390945435,-0.090733103454113,0.613635241985321,0.3109263479709625,-0.02819986082613468,0.5321123003959656,0.31254085898399353,-0.054044537246227264,0.48565855622291565,0.31289687752723694,-0.07033993303775787,0.4456448554992676,0.30485761165618896,-0.08269673585891724,0.6193497180938721,0.2536031901836395,-0.03283003717660904,0.5847893953323364,0.25134333968162537,-0.07350839674472809,0.6380703449249268,0.26584988832473755,-0.08303239196538925,0.6749690771102905,0.2672887146472931,-0.08040864020586014,0.6351993083953857,0.2001483291387558,-0.04095729812979698,0.6084021329879761,0.20274627208709717,-0.07447826862335205,0.6571611166000366,0.22360382974147797,-0.06507012993097305,0.68589848279953,0.2281564623117447,-0.050937775522470474,0.659042239189148,0.14906616508960724,-0.05216266214847565,0.6295266151428223,0.14762136340141296,-0.07079459726810455,0.6638200283050537,0.17523270845413208,-0.059015557169914246,0.6875547170639038,0.1850568801164627,-0.04565691202878952,0.0,0.0,0.0,0.0,0.0,0.0,0.0,0.0,0.0,0.0,0.0,0.0,0.0,0.0,0.0,0.0,0.0,0.0,0.0,0.0,0.0,0.0,0.0,0.0,0.0,0.0,0.0,0.0,0.0,0.0,0.0,0.0,0.0,0.0,0.0,0.0,0.0,0.0,0.0,0.0,0.0,0.0,0.0,0.0,0.0,0.0,0.0,0.0,0.0,0.0,0.0,0.0,0.0,0.0,0.0,0.0,0.0,0.0,0.0,0.0,0.0,0.0,0.0
enemy,0.8232555389404297,0.20627519488334656,-9.257151845076805e-08,0.7949936389923096,0.2938005328178406,-0.02906293049454689,0.7330496907234192,0.3715970516204834,-0.04881894960999489,0.6933360695838928,0.4454456567764282,-0.06762629747390747,0.6704236268997192,0.5024762153625488,-0.08587129414081573,0.6471278667449951,0.2928694188594818,-0.033015988767147064,0.5642333626747131,0.292342871427536,-0.060057904571294785,0.5165560245513916,0.29008275270462036,-0.0759727731347084,0.47530388832092285,0.28454065322875977,-0.08834488689899445,0.6525238156318665,0.23803392052650452,-0.03458521142601967,0.6185346245765686,0.23469609022140503,-0.07650668174028397,0.6827183961868286,0.2426145374774933,-0.08195355534553528,0.7177569270133972,0.2415843904018402,-0.07564280182123184,0.6684848070144653,0.18291614949703217,-0.039879169315099716,0.6445234417915344,0.1844676434993744,-0.07561320066452026,0.7022588849067688,0.19983439147472382,-0.062344182282686234,0.7239702939987183,0.20300570130348206,-0.045050133019685745,0.6910443902015686,0.13115853071212769,-0.04819463938474655,0.6641526222229004,0.13303406536579132,-0.06936602294445038,0.7052308320999146,0.1587170660495758,-0.05672319978475571,0.7227325439453125,0.16646188497543335,-0.04250111058354378,0.0,0.0,0.0,0.0,0.0,0.0,0.0,0.0,0.0,0.0,0.0,0.0,0.0,0.0,0.0,0.0,0.0,0.0,0.0,0.0,0.0,0.0,0.0,0.0,0.0,0.0,0.0,0.0,0.0,0.0,0.0,0.0,0.0,0.0,0.0,0.0,0.0,0.0,0.0,0.0,0.0,0.0,0.0,0.0,0.0,0.0,0.0,0.0,0.0,0.0,0.0,0.0,0.0,0.0,0.0,0.0,0.0,0.0,0.0,0.0,0.0,0.0,0.0
enemy,0.6708544492721558,0.15813107788562775,4.107632634031688e-08,0.6394136548042297,0.24338719248771667,-0.0337834469974041,0.5862954258918762,0.3185466229915619,-0.05875140428543091,0.5477357506752014,0.3918139934539795,-0.08259664475917816,0.5214345455169678,0.4468148946762085,-0.10599163919687271,0.49528318643569946,0.24451839923858643,-0.03814464807510376,0.41064879298210144,0.24030590057373047,-0.06581443548202515,0.3604734241962433,0.23815584182739258,-0.08207126706838608,0.31860777735710144,0.22790586948394775,-0.09402815252542496,0.50110924243927,0.1868210881948471,-0.03795500472187996,0.46155959367752075,0.1709502935409546,-0.0822162851691246,0.5221633911132812,0.1872529685497284,-0.09010390937328339,0.5656550526618958,0.19476336240768433,-0.08440127223730087,0.5180048942565918,0.13103291392326355,-0.04147721081972122,0.49013492465019226,0.12221948802471161,-0.0793955996632576,0.5469626784324646,0.14352479577064514,-0.0684327781200409,0.5804033875465393,0.15391522645950317,-0.05149640515446663,0.5411423444747925,0.08156237006187439,-0.04817161336541176,0.513058066368103,0.07387030124664307,-0.07175488770008087,0.5551233291625977,0.10141409933567047,-0.060832083225250244,0.582502543926239,0.11439594626426697,-0.046786729246377945,0.0,0.0,0.0,0.0,0.0,0.0,0.0,0.0,0.0,0.0,0.0,0.0,0.0,0.0,0.0,0.0,0.0,0.0,0.0,0.0,0.0,0.0,0.0,0.0,0.0,0.0,0.0,0.0,0.0,0.0,0.0,0.0,0.0,0.0,0.0,0.0,0.0,0.0,0.0,0.0,0.0,0.0,0.0,0.0,0.0,0.0,0.0,0.0,0.0,0.0,0.0,0.0,0.0,0.0,0.0,0.0,0.0,0.0,0.0,0.0,0.0,0.0,0.0
enemy,0.5569080114364624,0.09488081932067871,8.960346065123304e-08,0.5298469662666321,0.1835503876209259,-0.031381621956825256,0.47269389033317566,0.2544267773628235,-0.052718691527843475,0.43224263191223145,0.31839755177497864,-0.07299857586622238,0.40417155623435974,0.369408518075943,-0.09355955570936203,0.3880232274532318,0.16869153082370758,-0.030713826417922974,0.30791208148002625,0.16207115352153778,-0.05899442359805107,0.25632309913635254,0.15314841270446777,-0.07656320929527283,0.21524566411972046,0.14018890261650085,-0.08856813609600067,0.3932935893535614,0.10828278958797455,-0.03254203498363495,0.34362003207206726,0.0929424986243248,-0.07958929240703583,0.40447601675987244,0.11651527136564255,-0.08814419060945511,0.4534156918525696,0.12672406435012817,-0.07975604385137558,0.4110492467880249,0.05006922781467438,-0.03816647455096245,0.378150999546051,0.03953716158866882,-0.08313950896263123,0.4369541108608246,0.06920535117387772,-0.07371702045202255,0.4749663770198822,0.07907789945602417,-0.053573258221149445,0.43687736988067627,-0.0022697672247886658,-0.04590817540884018,0.4087415337562561,-0.005033828318119049,-0.0764906257390976,0.4532264769077301,0.02710934728384018,-0.06546700745820999,0.4850468337535858,0.03883424401283264,-0.04814070463180542,0.0,0.0,0.0,0.0,0.0,0.0,0.0,0.0,0.0,0.0,0.0,0.0,0.0,0.0,0.0,0.0,0.0,0.0,0.0,0.0,0.0,0.0,0.0,0.0,0.0,0.0,0.0,0.0,0.0,0.0,0.0,0.0,0.0,0.0,0.0,0.0,0.0,0.0,0.0,0.0,0.0,0.0,0.0,0.0,0.0,0.0,0.0,0.0,0.0,0.0,0.0,0.0,0.0,0.0,0.0,0.0,0.0,0.0,0.0,0.0,0.0,0.0,0.0
enemy,0.5400310754776001,0.18778680264949799,-4.661608699052522e-08,0.5039867758750916,0.2718561887741089,-0.025227786973118782,0.4536113440990448,0.34325385093688965,-0.046648912131786346,0.4174049198627472,0.40702763199806213,-0.06921735405921936,0.39352086186408997,0.4562298655509949,-0.09263055771589279,0.3736991286277771,0.2590838670730591,-0.027925150468945503,0.2958398461341858,0.25640788674354553,-0.05192798748612404,0.2489577978849411,0.2513595223426819,-0.06735419481992722,0.21089066565036774,0.2369341254234314,-0.0794513002038002,0.37843412160873413,0.20214518904685974,-0.031758490949869156,0.3351536691188812,0.19837938249111176,-0.0695251077413559,0.384403258562088,0.21888615190982819,-0.07903145998716354,0.42443546652793884,0.22317969799041748,-0.07702459394931793,0.39320850372314453,0.14908209443092346,-0.03869223594665527,0.36077865958213806,0.15330180525779724,-0.06940104067325592,0.40723150968551636,0.1766626536846161,-0.06237029656767845,0.4391792416572571,0.18176311254501343,-0.05087316781282425,0.41536691784858704,0.09953875094652176,-0.04841022565960884,0.38129356503486633,0.10260406136512756,-0.06719214469194412,0.41409406065940857,0.13104191422462463,-0.058309413492679596,0.44139203429222107,0.1407477706670761,-0.04754158481955528,0.0,0.0,0.0,0.0,0.0,0.0,0.0,0.0,0.0,0.0,0.0,0.0,0.0,0.0,0.0,0.0,0.0,0.0,0.0,0.0,0.0,0.0,0.0,0.0,0.0,0.0,0.0,0.0,0.0,0.0,0.0,0.0,0.0,0.0,0.0,0.0,0.0,0.0,0.0,0.0,0.0,0.0,0.0,0.0,0.0,0.0,0.0,0.0,0.0,0.0,0.0,0.0,0.0,0.0,0.0,0.0,0.0,0.0,0.0,0.0,0.0,0.0,0.0
enemy,0.6449726819992065,0.3027619421482086,-8.068857937360008e-08,0.6186920404434204,0.3827763795852661,-0.024171944707632065,0.5784670114517212,0.4589006304740906,-0.04433333873748779,0.5497454404830933,0.5209492444992065,-0.06537400186061859,0.5333525538444519,0.5722655057907104,-0.08635000139474869,0.48930513858795166,0.39397215843200684,-0.027369821444153786,0.4143584668636322,0.40415728092193604,-0.05043754354119301,0.37162089347839355,0.40976473689079285,-0.06484199315309525,0.33410507440567017,0.40553784370422363,-0.07595065236091614,0.4918372631072998,0.34296977519989014,-0.0316084623336792,0.44894883036613464,0.3431091606616974,-0.06813530623912811,0.497844398021698,0.34917718172073364,-0.07638894021511078,0.5369341373443604,0.3452746868133545,-0.07400830835103989,0.5032832026481628,0.29260873794555664,-0.03885642811655998,0.4693581461906433,0.29495254158973694,-0.06949304044246674,0.5147770047187805,0.3069264590740204,-0.06153678148984909,0.5474374890327454,0.307221919298172,-0.04923065006732941,0.5212296843528748,0.24342460930347443,-0.048782750964164734,0.4855068027973175,0.24186289310455322,-0.06711262464523315,0.5181536674499512,0.26271942257881165,-0.057464729994535446,0.5468639135360718,0.2705140709877014,-0.04620936140418053,0.0,0.0,0.0,0.0,0.0,0.0,0.0,0.0,0.0,0.0,0.0,0.0,0.0,0.0,0.0,0.0,0.0,0.0,0.0,0.0,0.0,0.0,0.0,0.0,0.0,0.0,0.0,0.0,0.0,0.0,0.0,0.0,0.0,0.0,0.0,0.0,0.0,0.0,0.0,0.0,0.0,0.0,0.0,0.0,0.0,0.0,0.0,0.0,0.0,0.0,0.0,0.0,0.0,0.0,0.0,0.0,0.0,0.0,0.0,0.0,0.0,0.0,0.0
enemy,0.714328408241272,0.35374799370765686,-1.6987495143894193e-07,0.691042423248291,0.4355695843696594,-0.018071351572871208,0.6438232064247131,0.5155049562454224,-0.03411596640944481,0.6156778931617737,0.5803921222686768,-0.05235687270760536,0.6040481925010681,0.6356720328330994,-0.07161033898591995,0.5590798258781433,0.4567860960960388,-0.021449808031320572,0.48495957255363464,0.4742703437805176,-0.04386148229241371,0.44217222929000854,0.4832015633583069,-0.057347577065229416,0.4059986472129822,0.4857625365257263,-0.06808016449213028,0.5588493347167969,0.4028657376766205,-0.02853512391448021,0.5231816172599792,0.4163164794445038,-0.06492563337087631,0.5762025713920593,0.4182046353816986,-0.07075691968202591,0.6087774038314819,0.40872523188591003,-0.06670977920293808,0.5674667954444885,0.34870025515556335,-0.03861459717154503,0.5420160293579102,0.3682767152786255,-0.06968171894550323,0.5905078053474426,0.3763120472431183,-0.0588836707174778,0.6151532530784607,0.37025460600852966,-0.04500322416424751,0.582981288433075,0.29325926303863525,-0.05084502324461937,0.553210973739624,0.3105309009552002,-0.0672658309340477,0.5891360640525818,0.32952600717544556,-0.05492619797587395,0.6115037798881531,0.33136358857154846,-0.042596351355314255,0.0,0.0,0.0,0.0,0.0,0.0,0.0,0.0,0.0,0.0,0.0,0.0,0.0,0.0,0.0,0.0,0.0,0.0,0.0,0.0,0.0,0.0,0.0,0.0,0.0,0.0,0.0,0.0,0.0,0.0,0.0,0.0,0.0,0.0,0.0,0.0,0.0,0.0,0.0,0.0,0.0,0.0,0.0,0.0,0.0,0.0,0.0,0.0,0.0,0.0,0.0,0.0,0.0,0.0,0.0,0.0,0.0,0.0,0.0,0.0,0.0,0.0,0.0
enemy,0.6591081619262695,0.2905810475349426,-1.2474275479235075e-07,0.6314083337783813,0.37608617544174194,-0.023634912446141243,0.5838381052017212,0.4536704421043396,-0.04289722442626953,0.549447774887085,0.5124801397323608,-0.06330616772174835,0.5262929797172546,0.5595839023590088,-0.08371848613023758,0.4983152449131012,0.3862302005290985,-0.027913806959986687,0.4185813367366791,0.396176278591156,-0.05181272327899933,0.37416499853134155,0.40075069665908813,-0.0666760727763176,0.3358340263366699,0.3955862820148468,-0.07816217839717865,0.5011197328567505,0.33191490173339844,-0.03236010670661926,0.46399956941604614,0.33492136001586914,-0.07151021808385849,0.5158941745758057,0.33780336380004883,-0.08115125447511673,0.5553670525550842,0.3327198028564453,-0.07937977463006973,0.5123240947723389,0.2793593108654022,-0.03975117206573486,0.48161622881889343,0.2857588529586792,-0.07255564630031586,0.5301267504692078,0.2950493097305298,-0.06486368924379349,0.5637038350105286,0.2948163151741028,-0.052414681762456894,0.530658483505249,0.22919808328151703,-0.04978495091199875,0.49758273363113403,0.2315981239080429,-0.07112235575914383,0.5329766869544983,0.2515804171562195,-0.06270062178373337,0.5622466206550598,0.2585916817188263,-0.05159942805767059,0.0,0.0,0.0,0.0,0.0,0.0,0.0,0.0,0.0,0.0,0.0,0.0,0.0,0.0,0.0,0.0,0.0,0.0,0.0,0.0,0.0,0.0,0.0,0.0,0.0,0.0,0.0,0.0,0.0,0.0,0.0,0.0,0.0,0.0,0.0,0.0,0.0,0.0,0.0,0.0,0.0,0.0,0.0,0.0,0.0,0.0,0.0,0.0,0.0,0.0,0.0,0.0,0.0,0.0,0.0,0.0,0.0,0.0,0.0,0.0,0.0,0.0,0.0
enemy,0.5277743339538574,0.1878751963376999,-3.745631715901254e-08,0.4961628317832947,0.27303510904312134,-0.027868226170539856,0.4513148069381714,0.35036277770996094,-0.04911566153168678,0.4163667857646942,0.4176803529262543,-0.07102793455123901,0.39042240381240845,0.46668699383735657,-0.09295781701803207,0.3685452938079834,0.2766721248626709,-0.024302052333950996,0.2933036684989929,0.2814207077026367,-0.047805432230234146,0.24759836494922638,0.28295189142227173,-0.06252236664295197,0.2090429812669754,0.2741444408893585,-0.07390327006578445,0.37025347352027893,0.22167322039604187,-0.026178348809480667,0.327075332403183,0.22412696480751038,-0.0659000426530838,0.378242552280426,0.2367175817489624,-0.07572991400957108,0.419941782951355,0.2352847307920456,-0.07264024019241333,0.3819454312324524,0.1693284958600998,-0.03182102367281914,0.3509525656700134,0.17459090054035187,-0.0653890073299408,0.40093091130256653,0.19162310659885406,-0.05842205882072449,0.4343140125274658,0.1935771256685257,-0.045264314860105515,0.4005671739578247,0.12054789066314697,-0.04045150429010391,0.3704388439655304,0.1259099245071411,-0.06122856214642525,0.40710052847862244,0.1505248248577118,-0.05366714671254158,0.43458160758018494,0.1571463942527771,-0.0429612435400486,0.0,0.0,0.0,0.0,0.0,0.0,0.0,0.0,0.0,0.0,0.0,0.0,0.0,0.0,0.0,0.0,0.0,0.0,0.0,0.0,0.0,0.0,0.0,0.0,0.0,0.0,0.0,0.0,0.0,0.0,0.0,0.0,0.0,0.0,0.0,0.0,0.0,0.0,0.0,0.0,0.0,0.0,0.0,0.0,0.0,0.0,0.0,0.0,0.0,0.0,0.0,0.0,0.0,0.0,0.0,0.0,0.0,0.0,0.0,0.0,0.0,0.0,0.0
enemy,0.5001869797706604,0.23760783672332764,-8.751189284339489e-08,0.4691523611545563,0.3217378556728363,-0.022584469988942146,0.42331641912460327,0.39524388313293457,-0.04175982251763344,0.3932182192802429,0.4540278911590576,-0.06269608438014984,0.3742607831954956,0.49801966547966003,-0.08432425558567047,0.33760756254196167,0.31717604398727417,-0.021489642560482025,0.2616351544857025,0.3215561509132385,-0.044262565672397614,0.21793881058692932,0.32042112946510315,-0.058743610978126526,0.18132753670215607,0.3107757568359375,-0.06985983997583389,0.34076547622680664,0.26252493262290955,-0.02709500677883625,0.29562103748321533,0.26637670397758484,-0.06541288644075394,0.34543362259864807,0.2833704948425293,-0.0746479257941246,0.385580837726593,0.284482479095459,-0.07155982404947281,0.3529927432537079,0.21056927740573883,-0.03602909669280052,0.3185325264930725,0.22091259062290192,-0.06827227026224136,0.3666726350784302,0.24107466638088226,-0.06055821478366852,0.3993474543094635,0.24210254848003387,-0.047462768852710724,0.3733122944831848,0.15883690118789673,-0.047490689903497696,0.33872729539871216,0.16829615831375122,-0.06631363928318024,0.3733823597431183,0.19369597733020782,-0.05649029463529587,0.40073952078819275,0.19897180795669556,-0.044619977474212646,0.0,0.0,0.0,0.0,0.0,0.0,0.0,0.0,0.0,0.0,0.0,0.0,0.0,0.0,0.0,0.0,0.0,0.0,0.0,0.0,0.0,0.0,0.0,0.0,0.0,0.0,0.0,0.0,0.0,0.0,0.0,0.0,0.0,0.0,0.0,0.0,0.0,0.0,0.0,0.0,0.0,0.0,0.0,0.0,0.0,0.0,0.0,0.0,0.0,0.0,0.0,0.0,0.0,0.0,0.0,0.0,0.0,0.0,0.0,0.0,0.0,0.0,0.0
enemy,0.5181142091751099,0.2632030248641968,-1.186182103651845e-07,0.4858208894729614,0.3412441611289978,-0.021148787811398506,0.441585898399353,0.41019076108932495,-0.03935765475034714,0.4112313389778137,0.46464022994041443,-0.059272293001413345,0.3919224143028259,0.5056945085525513,-0.07972058653831482,0.36180931329727173,0.33897048234939575,-0.0209795031696558,0.2898598909378052,0.34425628185272217,-0.044799622148275375,0.24876485764980316,0.3449396789073944,-0.06037018820643425,0.21312426030635834,0.3396129608154297,-0.07180394232273102,0.36613190174102783,0.29090768098831177,-0.026172123849391937,0.3244497776031494,0.29981231689453125,-0.06279800832271576,0.37167713046073914,0.31212273240089417,-0.07127667218446732,0.4057822525501251,0.30892354249954224,-0.06859563291072845,0.37768423557281494,0.24437743425369263,-0.034722790122032166,0.3438037931919098,0.25588032603263855,-0.06585036218166351,0.3901214003562927,0.2733089327812195,-0.05726296827197075,0.419222891330719,0.2729734778404236,-0.04385373741388321,0.39698469638824463,0.19757084548473358,-0.045821964740753174,0.36182376742362976,0.20663368701934814,-0.06342717260122299,0.39453256130218506,0.23079825937747955,-0.052913181483745575,0.41995352506637573,0.23651531338691711,-0.04076491668820381,0.0,0.0,0.0,0.0,0.0,0.0,0.0,0.0,0.0,0.0,0.0,0.0,0.0,0.0,0.0,0.0,0.0,0.0,0.0,0.0,0.0,0.0,0.0,0.0,0.0,0.0,0.0,0.0,0.0,0.0,0.0,0.0,0.0,0.0,0.0,0.0,0.0,0.0,0.0,0.0,0.0,0.0,0.0,0.0,0.0,0.0,0.0,0.0,0.0,0.0,0.0,0.0,0.0,0.0,0.0,0.0,0.0,0.0,0.0,0.0,0.0,0.0,0.0
enemy,0.5300055742263794,0.21001607179641724,-7.08879994704148e-08,0.49324703216552734,0.2944508194923401,-0.029402926564216614,0.4430546760559082,0.36960071325302124,-0.05149213224649429,0.4082047939300537,0.4303358197212219,-0.07450083643198013,0.3858923614025116,0.47850486636161804,-0.09771431237459183,0.3557654917240143,0.2891274094581604,-0.027239054441452026,0.2747115194797516,0.28903859853744507,-0.05270608514547348,0.22732755541801453,0.28694215416908264,-0.06867482513189316,0.1879594922065735,0.27578383684158325,-0.08065765351057053,0.36144065856933594,0.22991114854812622,-0.03054003044962883,0.317736953496933,0.22508561611175537,-0.07297254353761673,0.36899372935295105,0.24245671927928925,-0.08439749479293823,0.41170671582221985,0.2465820610523224,-0.08201288431882858,0.3763364553451538,0.1755785495042801,-0.03776818513870239,0.3419666588306427,0.17657291889190674,-0.07460105419158936,0.391497403383255,0.19916792213916779,-0.06807789951562881,0.4272798001766205,0.2061215490102768,-0.05442946031689644,0.3991672992706299,0.12412949651479721,-0.04805542528629303,0.36411595344543457,0.12415126711130142,-0.07068521529436111,0.39944514632225037,0.152726411819458,-0.06189963221549988,0.4295337200164795,0.1644345372915268,-0.049731962382793427,0.0,0.0,0.0,0.0,0.0,0.0,0.0,0.0,0.0,0.0,0.0,0.0,0.0,0.0,0.0,0.0,0.0,0.0,0.0,0.0,0.0,0.0,0.0,0.0,0.0,0.0,0.0,0.0,0.0,0.0,0.0,0.0,0.0,0.0,0.0,0.0,0.0,0.0,0.0,0.0,0.0,0.0,0.0,0.0,0.0,0.0,0.0,0.0,0.0,0.0,0.0,0.0,0.0,0.0,0.0,0.0,0.0,0.0,0.0,0.0,0.0,0.0,0.0
enemy,0.8067523241043091,0.1816464215517044,-1.3234361162517416e-08,0.7796915173530579,0.2691994607448578,-0.034537941217422485,0.731228232383728,0.3468301594257355,-0.06292613595724106,0.6930752396583557,0.4169245958328247,-0.09098349511623383,0.6664583086967468,0.470822811126709,-0.11915022134780884,0.6287568807601929,0.2846618890762329,-0.04429297894239426,0.5305808782577515,0.29138749837875366,-0.07677531242370605,0.4742389917373657,0.2933189570903778,-0.09725368767976761,0.42724692821502686,0.2887782156467438,-0.11214461177587509,0.6316911578178406,0.2259346842765808,-0.04576675593852997,0.5834918022155762,0.2238435000181198,-0.09492950141429901,0.6480154395103455,0.23189127445220947,-0.10610378533601761,0.6949287056922913,0.23728002607822418,-0.10320441424846649,0.6424044966697693,0.16973114013671875,-0.05091799795627594,0.5990045070648193,0.16844329237937927,-0.0899951159954071,0.6594217419624329,0.18142253160476685,-0.07883898913860321,0.699364185333252,0.18937203288078308,-0.062472403049468994,0.657874345779419,0.11786030977964401,-0.05967992544174194,0.6156136989593506,0.11502724140882492,-0.08564075827598572,0.6581937074661255,0.13721933960914612,-0.07565329223871231,0.6909357905387878,0.14815473556518555,-0.06223289296030998,0.0,0.0,0.0,0.0,0.0,0.0,0.0,0.0,0.0,0.0,0.0,0.0,0.0,0.0,0.0,0.0,0.0,0.0,0.0,0.0,0.0,0.0,0.0,0.0,0.0,0.0,0.0,0.0,0.0,0.0,0.0,0.0,0.0,0.0,0.0,0.0,0.0,0.0,0.0,0.0,0.0,0.0,0.0,0.0,0.0,0.0,0.0,0.0,0.0,0.0,0.0,0.0,0.0,0.0,0.0,0.0,0.0,0.0,0.0,0.0,0.0,0.0,0.0
enemy,0.9111396670341492,0.23457877337932587,-2.6949271614284953e-07,0.8792448043823242,0.3183165192604065,-0.026512764394283295,0.8159192800521851,0.39616018533706665,-0.045389652252197266,0.7722197771072388,0.45660245418548584,-0.06504832953214645,0.746650755405426,0.5006224513053894,-0.08373371511697769,0.7134154438972473,0.32057899236679077,-0.02918822504580021,0.62611323595047,0.325603187084198,-0.05913728475570679,0.5783565044403076,0.32897478342056274,-0.07743819802999496,0.5340580344200134,0.32424652576446533,-0.09123001247644424,0.719771146774292,0.26259827613830566,-0.033909767866134644,0.6878272891044617,0.2761319875717163,-0.07884126901626587,0.7472752332687378,0.2859896421432495,-0.08744437992572784,0.7814432382583618,0.2783328890800476,-0.08403009176254272,0.7372271418571472,0.2067788541316986,-0.0426759347319603,0.7126119136810303,0.22374756634235382,-0.08265379816293716,0.7702876329421997,0.24239523708820343,-0.07096032053232193,0.7982288599014282,0.23801523447036743,-0.054382774978876114,0.7629297375679016,0.15123140811920166,-0.054485052824020386,0.7350156903266907,0.16271305084228516,-0.07934751361608505,0.777966320514679,0.19320453703403473,-0.06809797137975693,0.8030509352684021,0.1973404884338379,-0.0541866235435009,0.0,0.0,0.0,0.0,0.0,0.0,0.0,0.0,0.0,0.0,0.0,0.0,0.0,0.0,0.0,0.0,0.0,0.0,0.0,0.0,0.0,0.0,0.0,0.0,0.0,0.0,0.0,0.0,0.0,0.0,0.0,0.0,0.0,0.0,0.0,0.0,0.0,0.0,0.0,0.0,0.0,0.0,0.0,0.0,0.0,0.0,0.0,0.0,0.0,0.0,0.0,0.0,0.0,0.0,0.0,0.0,0.0,0.0,0.0,0.0,0.0,0.0,0.0
enemy,0.7272623777389526,0.21298249065876007,-1.2829025308747077e-07,0.7017783522605896,0.28455761075019836,-0.0242238100618124,0.6504161953926086,0.3455444574356079,-0.042158666998147964,0.6144816875457764,0.3704676330089569,-0.06053510308265686,0.5954198837280273,0.36563366651535034,-0.0781562551856041,0.5657563805580139,0.2806612253189087,-0.024665076285600662,0.48870420455932617,0.2822814881801605,-0.04984812065958977,0.4416576027870178,0.288605272769928,-0.0651649534702301,0.40448111295700073,0.2847076654434204,-0.07596480846405029,0.5727897882461548,0.22704842686653137,-0.02860628440976143,0.5222364664077759,0.22676081955432892,-0.06418562680482864,0.5577028393745422,0.2578706443309784,-0.0710490271449089,0.5900998711585999,0.2613295316696167,-0.06728321313858032,0.5877735614776611,0.17849057912826538,-0.03621630743145943,0.5488035678863525,0.17845292389392853,-0.06848462671041489,0.5867214798927307,0.2135602831840515,-0.05785319581627846,0.6174637079238892,0.21695120632648468,-0.0428096242249012,0.6115155816078186,0.12980470061302185,-0.04656030610203743,0.5751078724861145,0.12653781473636627,-0.0670010894536972,0.6031408309936523,0.1633351892232895,-0.056129492819309235,0.631390392780304,0.1748945116996765,-0.04310418665409088,0.0,0.0,0.0,0.0,0.0,0.0,0.0,0.0,0.0,0.0,0.0,0.0,0.0,0.0,0.0,0.0,0.0,0.0,0.0,0.0,0.0,0.0,0.0,0.0,0.0,0.0,0.0,0.0,0.0,0.0,0.0,0.0,0.0,0.0,0.0,0.0,0.0,0.0,0.0,0.0,0.0,0.0,0.0,0.0,0.0,0.0,0.0,0.0,0.0,0.0,0.0,0.0,0.0,0.0,0.0,0.0,0.0,0.0,0.0,0.0,0.0,0.0,0.0
enemy,0.5987683534622192,0.20554344356060028,-3.7099109562177546e-08,0.5654274821281433,0.2871301472187042,-0.023242846131324768,0.517575740814209,0.35778582096099854,-0.04266393557190895,0.48654666543006897,0.4204699397087097,-0.06319981813430786,0.4695223569869995,0.46877211332321167,-0.08417454361915588,0.43458646535873413,0.29382678866386414,-0.025309642776846886,0.35680821537971497,0.2967608571052551,-0.05098952725529671,0.31119006872177124,0.29772844910621643,-0.06739146262407303,0.27190732955932617,0.29008275270462036,-0.07949487119913101,0.43851956725120544,0.239645853638649,-0.029876716434955597,0.3933142423629761,0.24104760587215424,-0.07011639326810837,0.44641536474227905,0.255599707365036,-0.07911835610866547,0.4877256155014038,0.25502386689186096,-0.07554394006729126,0.45126786828041077,0.18662092089653015,-0.03762539103627205,0.41714170575141907,0.18890610337257385,-0.07199857383966446,0.468087762594223,0.20747941732406616,-0.062400318682193756,0.5033921003341675,0.21062347292900085,-0.047130558639764786,0.4717288017272949,0.1370321363210678,-0.04790544509887695,0.43760794401168823,0.13516676425933838,-0.06896151602268219,0.4747147858142853,0.16056324541568756,-0.05810215696692467,0.5050164461135864,0.16857337951660156,-0.044675037264823914,0.0,0.0,0.0,0.0,0.0,0.0,0.0,0.0,0.0,0.0,0.0,0.0,0.0,0.0,0.0,0.0,0.0,0.0,0.0,0.0,0.0,0.0,0.0,0.0,0.0,0.0,0.0,0.0,0.0,0.0,0.0,0.0,0.0,0.0,0.0,0.0,0.0,0.0,0.0,0.0,0.0,0.0,0.0,0.0,0.0,0.0,0.0,0.0,0.0,0.0,0.0,0.0,0.0,0.0,0.0,0.0,0.0,0.0,0.0,0.0,0.0,0.0,0.0
enemy,0.4161714017391205,0.1620095670223236,-1.377571123839516e-07,0.3735824227333069,0.25645729899406433,-0.025966227054595947,0.30794087052345276,0.3294958472251892,-0.04540133476257324,0.2577190697193146,0.3916472792625427,-0.06625664979219437,0.22518593072891235,0.4446476697921753,-0.08797328174114227,0.2230764925479889,0.2194179892539978,-0.021040668711066246,0.13972897827625275,0.2089511752128601,-0.04490659758448601,0.08842168748378754,0.20214679837226868,-0.0603153295814991,0.04551565647125244,0.1880517154932022,-0.07236237078905106,0.23244598507881165,0.16061267256736755,-0.024022301658988,0.17949490249156952,0.15409064292907715,-0.06567114591598511,0.24083252251148224,0.1805332601070404,-0.0743560865521431,0.2911117970943451,0.19052372872829437,-0.06872815638780594,0.25250518321990967,0.10405540466308594,-0.030621064826846123,0.21142953634262085,0.10628339648246765,-0.068304643034935,0.2723039388656616,0.13759051263332367,-0.06004847213625908,0.313265323638916,0.14783157408237457,-0.043876565992832184,0.28005823493003845,0.05028823763132095,-0.039677076041698456,0.23566482961177826,0.05224503576755524,-0.06385978311300278,0.27590373158454895,0.08458968997001648,-0.054385703057050705,0.3084105849266052,0.0950772687792778,-0.04098566994071007,0.0,0.0,0.0,0.0,0.0,0.0,0.0,0.0,0.0,0.0,0.0,0.0,0.0,0.0,0.0,0.0,0.0,0.0,0.0,0.0,0.0,0.0,0.0,0.0,0.0,0.0,0.0,0.0,0.0,0.0,0.0,0.0,0.0,0.0,0.0,0.0,0.0,0.0,0.0,0.0,0.0,0.0,0.0,0.0,0.0,0.0,0.0,0.0,0.0,0.0,0.0,0.0,0.0,0.0,0.0,0.0,0.0,0.0,0.0,0.0,0.0,0.0,0.0
enemy,0.49182289838790894,0.27080583572387695,-6.428847143524763e-08,0.4614705443382263,0.3466053009033203,-0.02678723819553852,0.4123908281326294,0.4147409200668335,-0.04696214944124222,0.37803229689598083,0.4667837619781494,-0.06788221746683121,0.3599102199077606,0.505500316619873,-0.08919866383075714,0.3200514018535614,0.34698548913002014,-0.027065865695476532,0.2422366440296173,0.3467930257320404,-0.05212145298719406,0.1962219476699829,0.3434162139892578,-0.06802652776241302,0.15751759707927704,0.33040496706962585,-0.07975351810455322,0.32455042004585266,0.28932899236679077,-0.030401719734072685,0.28142040967941284,0.2875130772590637,-0.07140471041202545,0.33379170298576355,0.30876070261001587,-0.0812319740653038,0.3767658472061157,0.3137494623661041,-0.07779065519571304,0.33818989992141724,0.23645229637622833,-0.0372130423784256,0.3049412667751312,0.2369527965784073,-0.07321995496749878,0.35536423325538635,0.26371362805366516,-0.06533509492874146,0.3918626606464386,0.2720075249671936,-0.05062668398022652,0.35982054471969604,0.1860569417476654,-0.04676035791635513,0.32580050826072693,0.18428906798362732,-0.0687398612499237,0.36197933554649353,0.21400868892669678,-0.059072211384773254,0.3921010494232178,0.22602885961532593,-0.046261683106422424,0.0,0.0,0.0,0.0,0.0,0.0,0.0,0.0,0.0,0.0,0.0,0.0,0.0,0.0,0.0,0.0,0.0,0.0,0.0,0.0,0.0,0.0,0.0,0.0,0.0,0.0,0.0,0.0,0.0,0.0,0.0,0.0,0.0,0.0,0.0,0.0,0.0,0.0,0.0,0.0,0.0,0.0,0.0,0.0,0.0,0.0,0.0,0.0,0.0,0.0,0.0,0.0,0.0,0.0,0.0,0.0,0.0,0.0,0.0,0.0,0.0,0.0,0.0
enemy,0.5860826969146729,0.3615419864654541,-7.177613525755078e-08,0.5589689612388611,0.4475248157978058,-0.028524858877062798,0.513597309589386,0.5269010663032532,-0.049909695982933044,0.48119789361953735,0.5913674831390381,-0.07210288196802139,0.4602327346801758,0.6490174531936646,-0.09402693808078766,0.4241923987865448,0.4630064070224762,-0.02704833634197712,0.3460367023944855,0.4694373309612274,-0.05103000998497009,0.3021605312824249,0.4726158380508423,-0.06647670269012451,0.26426729559898376,0.46788281202316284,-0.07845750451087952,0.42737457156181335,0.40854954719543457,-0.030486153438687325,0.38545265793800354,0.40952014923095703,-0.07081480324268341,0.43602943420410156,0.4143029749393463,-0.08153367042541504,0.4758879542350769,0.40968161821365356,-0.08010726422071457,0.43769705295562744,0.35438793897628784,-0.037688929587602615,0.4031124711036682,0.35959744453430176,-0.07261931151151657,0.44942253828048706,0.37078383564949036,-0.06573756039142609,0.48459577560424805,0.3715559244155884,-0.053039584308862686,0.45376086235046387,0.29987576603889465,-0.0480143204331398,0.4171786308288574,0.30277079343795776,-0.06971894949674606,0.44997528195381165,0.32380497455596924,-0.06109042838215828,0.48099371790885925,0.3334869146347046,-0.04978235065937042,0.0,0.0,0.0,0.0,0.0,0.0,0.0,0.0,0.0,0.0,0.0,0.0,0.0,0.0,0.0,0.0,0.0,0.0,0.0,0.0,0.0,0.0,0.0,0.0,0.0,0.0,0.0,0.0,0.0,0.0,0.0,0.0,0.0,0.0,0.0,0.0,0.0,0.0,0.0,0.0,0.0,0.0,0.0,0.0,0.0,0.0,0.0,0.0,0.0,0.0,0.0,0.0,0.0,0.0,0.0,0.0,0.0,0.0,0.0,0.0,0.0,0.0,0.0
enemy,0.6290717124938965,0.3656202554702759,-1.75519161871307e-07,0.6062191724777222,0.43938034772872925,-0.013989165425300598,0.5645006895065308,0.5071543455123901,-0.027878044173121452,0.5388687252998352,0.5633969902992249,-0.044116534292697906,0.527191162109375,0.6132717728614807,-0.06161027401685715,0.48824694752693176,0.44478777050971985,-0.015132240951061249,0.42602407932281494,0.4501364827156067,-0.03237733989953995,0.3903307318687439,0.45354774594306946,-0.04319363832473755,0.36148232221603394,0.4532335102558136,-0.05189085006713867,0.49106478691101074,0.39980441331863403,-0.021753879263997078,0.4533511698246002,0.4090796411037445,-0.05107296630740166,0.4986257553100586,0.41805240511894226,-0.05623933672904968,0.5323044657707214,0.41499319672584534,-0.05325721949338913,0.5011682510375977,0.3547215163707733,-0.030749404802918434,0.4682196378707886,0.3669371008872986,-0.05595077946782112,0.5107766389846802,0.3795871436595917,-0.04722297191619873,0.5400485992431641,0.37839996814727783,-0.03596355766057968,0.5174655318260193,0.3098170757293701,-0.04147375002503395,0.4855964481830597,0.3211146295070648,-0.055656060576438904,0.5155178904533386,0.3381383717060089,-0.04615527391433716,0.5395049452781677,0.3396475911140442,-0.03647884726524353,0.0,0.0,0.0,0.0,0.0,0.0,0.0,0.0,0.0,0.0,0.0,0.0,0.0,0.0,0.0,0.0,0.0,0.0,0.0,0.0,0.0,0.0,0.0,0.0,0.0,0.0,0.0,0.0,0.0,0.0,0.0,0.0,0.0,0.0,0.0,0.0,0.0,0.0,0.0,0.0,0.0,0.0,0.0,0.0,0.0,0.0,0.0,0.0,0.0,0.0,0.0,0.0,0.0,0.0,0.0,0.0,0.0,0.0,0.0,0.0,0.0,0.0,0.0
enemy,0.6423218250274658,0.360465943813324,-1.5546875431482476e-07,0.62193363904953,0.43532076478004456,-0.01400810293853283,0.5802217721939087,0.5091484189033508,-0.027309613302350044,0.5555251836776733,0.5688092708587646,-0.043267637491226196,0.5460503101348877,0.621107280254364,-0.0605001226067543,0.5035607814788818,0.44871777296066284,-0.014455759897828102,0.44022855162620544,0.45179110765457153,-0.030936144292354584,0.40459105372428894,0.4511273503303528,-0.041172221302986145,0.3756641149520874,0.44701653718948364,-0.049729324877262115,0.5050732493400574,0.40162786841392517,-0.021673958748579025,0.46916958689689636,0.41310402750968933,-0.0517575740814209,0.5158069133758545,0.4189123213291168,-0.05688496679067612,0.5490489602088928,0.41367506980895996,-0.0535888709127903,0.5141050219535828,0.3540399670600891,-0.03131738677620888,0.4863121509552002,0.36888834834098816,-0.05825481936335564,0.5300744771957397,0.37996238470077515,-0.049319326877593994,0.5568124651908875,0.37834998965263367,-0.03747699409723282,0.5292542576789856,0.30577507615089417,-0.042541634291410446,0.4987514019012451,0.316521018743515,-0.05683558061718941,0.5305951833724976,0.3348229229450226,-0.045983921736478806,0.5538879632949829,0.338824987411499,-0.03530019149184227,0.0,0.0,0.0,0.0,0.0,0.0,0.0,0.0,0.0,0.0,0.0,0.0,0.0,0.0,0.0,0.0,0.0,0.0,0.0,0.0,0.0,0.0,0.0,0.0,0.0,0.0,0.0,0.0,0.0,0.0,0.0,0.0,0.0,0.0,0.0,0.0,0.0,0.0,0.0,0.0,0.0,0.0,0.0,0.0,0.0,0.0,0.0,0.0,0.0,0.0,0.0,0.0,0.0,0.0,0.0,0.0,0.0,0.0,0.0,0.0,0.0,0.0,0.0
enemy,0.6324446201324463,0.2894970178604126,-1.2516161973508133e-07,0.603434145450592,0.3678749203681946,-0.018287530168890953,0.5585518479347229,0.43879204988479614,-0.035297852009534836,0.5288361310958862,0.4935038089752197,-0.054241910576820374,0.5073950886726379,0.5345746278762817,-0.0738842785358429,0.48217588663101196,0.3607739210128784,-0.02056434191763401,0.4150597155094147,0.36250606179237366,-0.04193863272666931,0.37555795907974243,0.36398303508758545,-0.056094035506248474,0.34174543619155884,0.35834214091300964,-0.06740251183509827,0.4868614971637726,0.31224313378334045,-0.026984089985489845,0.44361963868141174,0.3211406469345093,-0.05965980142354965,0.4879552125930786,0.33525699377059937,-0.06644147634506226,0.5207711458206177,0.33025360107421875,-0.06432456523180008,0.4988895058631897,0.2663818895816803,-0.03631681948900223,0.4620824158191681,0.2820642292499542,-0.06319916993379593,0.5053806304931641,0.3011966645717621,-0.053199559450149536,0.531886637210846,0.2972855865955353,-0.041306957602500916,0.5179383754730225,0.2215215265750885,-0.048011887818574905,0.48440855741500854,0.23614004254341125,-0.06379593908786774,0.5161643624305725,0.26125985383987427,-0.05333270877599716,0.5399155616760254,0.2627759873867035,-0.04265245795249939,0.0,0.0,0.0,0.0,0.0,0.0,0.0,0.0,0.0,0.0,0.0,0.0,0.0,0.0,0.0,0.0,0.0,0.0,0.0,0.0,0.0,0.0,0.0,0.0,0.0,0.0,0.0,0.0,0.0,0.0,0.0,0.0,0.0,0.0,0.0,0.0,0.0,0.0,0.0,0.0,0.0,0.0,0.0,0.0,0.0,0.0,0.0,0.0,0.0,0.0,0.0,0.0,0.0,0.0,0.0,0.0,0.0,0.0,0.0,0.0,0.0,0.0,0.0
enemy,0.5426508188247681,0.17056290805339813,1.7970648968912428e-08,0.5040207505226135,0.26028767228126526,-0.03590745851397514,0.44043201208114624,0.3322235345840454,-0.05961797013878822,0.39118942618370056,0.40050768852233887,-0.08218731731176376,0.35969874262809753,0.4565657079219818,-0.10396566987037659,0.3535594344139099,0.23952984809875488,-0.03424910455942154,0.2669943869113922,0.22614076733589172,-0.05969484895467758,0.21629665791988373,0.21786370873451233,-0.07509739696979523,0.17435838282108307,0.20173627138137817,-0.08699744939804077,0.3621760606765747,0.18001236021518707,-0.03274539113044739,0.31817060708999634,0.15939337015151978,-0.07503584027290344,0.37601524591445923,0.1811744123697281,-0.08393070101737976,0.421019583940506,0.1936371624469757,-0.0789911299943924,0.3821796774864197,0.1240006536245346,-0.03527747467160225,0.34961193799972534,0.11074300110340118,-0.0714825838804245,0.40208855271339417,0.13888826966285706,-0.06323278695344925,0.436063677072525,0.15477997064590454,-0.048094432801008224,0.4082358181476593,0.07478046417236328,-0.041388072073459625,0.3762204945087433,0.06029084324836731,-0.06474129855632782,0.41177111864089966,0.09321029484272003,-0.05617170035839081,0.4388875961303711,0.11270622164011002,-0.04375022277235985,0.0,0.0,0.0,0.0,0.0,0.0,0.0,0.0,0.0,0.0,0.0,0.0,0.0,0.0,0.0,0.0,0.0,0.0,0.0,0.0,0.0,0.0,0.0,0.0,0.0,0.0,0.0,0.0,0.0,0.0,0.0,0.0,0.0,0.0,0.0,0.0,0.0,0.0,0.0,0.0,0.0,0.0,0.0,0.0,0.0,0.0,0.0,0.0,0.0,0.0,0.0,0.0,0.0,0.0,0.0,0.0,0.0,0.0,0.0,0.0,0.0,0.0,0.0
enemy,0.5839235782623291,0.2273852825164795,-5.888582066404524e-08,0.5525528192520142,0.31210681796073914,-0.03209403529763222,0.4968143701553345,0.38768061995506287,-0.05332709848880768,0.45645958185195923,0.453105628490448,-0.07422249019145966,0.4321591854095459,0.5081141591072083,-0.09453184902667999,0.4113054871559143,0.3051910996437073,-0.030167222023010254,0.33153390884399414,0.3022238612174988,-0.05496203526854515,0.2858208417892456,0.2999960482120514,-0.06969702243804932,0.2467218041419983,0.291047066450119,-0.08096364885568619,0.417935311794281,0.2510630488395691,-0.031252823770046234,0.3770684599876404,0.23965558409690857,-0.07480627298355103,0.4338207542896271,0.25078094005584717,-0.08407770842313766,0.47565144300460815,0.2527998685836792,-0.07947566360235214,0.4343388080596924,0.19825676083564758,-0.03624414652585983,0.4050855040550232,0.19084274768829346,-0.07506470382213593,0.45700696110725403,0.21015413105487823,-0.06710311770439148,0.490426242351532,0.21800659596920013,-0.05146276205778122,0.4572732150554657,0.14756172895431519,-0.044387336820364,0.42620089650154114,0.14100614190101624,-0.06808671355247498,0.4604455530643463,0.16671152412891388,-0.059247225522994995,0.48643773794174194,0.17896535992622375,-0.0465974286198616,0.0,0.0,0.0,0.0,0.0,0.0,0.0,0.0,0.0,0.0,0.0,0.0,0.0,0.0,0.0,0.0,0.0,0.0,0.0,0.0,0.0,0.0,0.0,0.0,0.0,0.0,0.0,0.0,0.0,0.0,0.0,0.0,0.0,0.0,0.0,0.0,0.0,0.0,0.0,0.0,0.0,0.0,0.0,0.0,0.0,0.0,0.0,0.0,0.0,0.0,0.0,0.0,0.0,0.0,0.0,0.0,0.0,0.0,0.0,0.0,0.0,0.0,0.0
enemy,0.5956742167472839,0.19959835708141327,-7.798085022159285e-08,0.5633766651153564,0.28100669384002686,-0.024421775713562965,0.5103940367698669,0.35061025619506836,-0.04148464649915695,0.4725717008113861,0.4087982475757599,-0.05949962139129639,0.4509769678115845,0.45809781551361084,-0.07789991796016693,0.436495840549469,0.26937106251716614,-0.02107927016913891,0.3642047345638275,0.265312135219574,-0.04106852412223816,0.3226592540740967,0.26198631525039673,-0.05353410542011261,0.2873426079750061,0.252264142036438,-0.06363116949796677,0.4422924518585205,0.21884115040302277,-0.023891175165772438,0.40152645111083984,0.21146024763584137,-0.060814615339040756,0.45258256793022156,0.22248224914073944,-0.06999582797288895,0.49307510256767273,0.22419583797454834,-0.0668029636144638,0.4573211669921875,0.16952456533908844,-0.029759172350168228,0.4260208308696747,0.16882047057151794,-0.062283143401145935,0.4752348065376282,0.18570080399513245,-0.05585211515426636,0.5085894465446472,0.19105850160121918,-0.04286416247487068,0.4798322319984436,0.12229257822036743,-0.03812943026423454,0.44675683975219727,0.12162259966135025,-0.05861302465200424,0.4799680709838867,0.1438279151916504,-0.050723932683467865,0.5068386197090149,0.15191197395324707,-0.039646029472351074,0.0,0.0,0.0,0.0,0.0,0.0,0.0,0.0,0.0,0.0,0.0,0.0,0.0,0.0,0.0,0.0,0.0,0.0,0.0,0.0,0.0,0.0,0.0,0.0,0.0,0.0,0.0,0.0,0.0,0.0,0.0,0.0,0.0,0.0,0.0,0.0,0.0,0.0,0.0,0.0,0.0,0.0,0.0,0.0,0.0,0.0,0.0,0.0,0.0,0.0,0.0,0.0,0.0,0.0,0.0,0.0,0.0,0.0,0.0,0.0,0.0,0.0,0.0
enemy,0.5913265347480774,0.22380642592906952,-6.732275892318285e-08,0.5605558156967163,0.3061250150203705,-0.02637798711657524,0.511849045753479,0.37906593084335327,-0.04465803503990173,0.47740450501441956,0.440472275018692,-0.06375899165868759,0.4578179717063904,0.4907534122467041,-0.0828540027141571,0.43761250376701355,0.3032161593437195,-0.023674119263887405,0.3634522557258606,0.3047645092010498,-0.04509396478533745,0.3212248682975769,0.3037281930446625,-0.058327119797468185,0.2858230471611023,0.295211523771286,-0.06869915127754211,0.44145479798316956,0.25373461842536926,-0.026156846433877945,0.4006195068359375,0.24635174870491028,-0.06475703418254852,0.4504542648792267,0.2542036771774292,-0.07458138465881348,0.4909129738807678,0.25481995940208435,-0.07172635942697525,0.45443496108055115,0.20486758649349213,-0.03194830194115639,0.42398253083229065,0.20276987552642822,-0.0644323006272316,0.47005629539489746,0.21694543957710266,-0.05823442339897156,0.5030474066734314,0.22196783125400543,-0.04559444263577461,0.4744894802570343,0.15735632181167603,-0.040640849620103836,0.4427393674850464,0.15339939296245575,-0.05972542613744736,0.47244951128959656,0.1741030514240265,-0.05182569846510887,0.4983028471469879,0.18392980098724365,-0.04110007360577583,0.0,0.0,0.0,0.0,0.0,0.0,0.0,0.0,0.0,0.0,0.0,0.0,0.0,0.0,0.0,0.0,0.0,0.0,0.0,0.0,0.0,0.0,0.0,0.0,0.0,0.0,0.0,0.0,0.0,0.0,0.0,0.0,0.0,0.0,0.0,0.0,0.0,0.0,0.0,0.0,0.0,0.0,0.0,0.0,0.0,0.0,0.0,0.0,0.0,0.0,0.0,0.0,0.0,0.0,0.0,0.0,0.0,0.0,0.0,0.0,0.0,0.0,0.0
enemy,0.5959421396255493,0.23433896899223328,-1.4070317888581485e-07,0.5661070346832275,0.312741756439209,-0.022581014782190323,0.5187146067619324,0.38235223293304443,-0.03961249813437462,0.486814022064209,0.44046834111213684,-0.05816168710589409,0.4699384868144989,0.4874802231788635,-0.07729262858629227,0.4443134367465973,0.3063436448574066,-0.020636003464460373,0.3730235993862152,0.30615782737731934,-0.040887556970119476,0.3330414593219757,0.305664598941803,-0.053637098520994186,0.2993687391281128,0.298711359500885,-0.06363586336374283,0.4484102129936218,0.2579822838306427,-0.024680135771632195,0.4098571240901947,0.25973501801490784,-0.060291726142168045,0.4575861692428589,0.27163180708885193,-0.06901245564222336,0.49568313360214233,0.27278533577919006,-0.06645312905311584,0.4610828459262848,0.21012157201766968,-0.03178386762738228,0.4314340353012085,0.2173910140991211,-0.06153956800699234,0.4775919020175934,0.23442184925079346,-0.05483334884047508,0.5093463063240051,0.2374711036682129,-0.04292548447847366,0.4806674122810364,0.16199001669883728,-0.04147296026349068,0.4484306871891022,0.16809985041618347,-0.05789399519562721,0.479621022939682,0.19155259430408478,-0.04883456602692604,0.5051512718200684,0.19867578148841858,-0.03812428191304207,0.0,0.0,0.0,0.0,0.0,0.0,0.0,0.0,0.0,0.0,0.0,0.0,0.0,0.0,0.0,0.0,0.0,0.0,0.0,0.0,0.0,0.0,0.0,0.0,0.0,0.0,0.0,0.0,0.0,0.0,0.0,0.0,0.0,0.0,0.0,0.0,0.0,0.0,0.0,0.0,0.0,0.0,0.0,0.0,0.0,0.0,0.0,0.0,0.0,0.0,0.0,0.0,0.0,0.0,0.0,0.0,0.0,0.0,0.0,0.0,0.0,0.0,0.0
enemy,0.6345753073692322,0.3341900706291199,-1.0891709223415091e-07,0.6153044700622559,0.407886803150177,-0.021006131544709206,0.576501727104187,0.4789373278617859,-0.037332531064748764,0.5497045516967773,0.5366671085357666,-0.05463580787181854,0.5373711585998535,0.5860768556594849,-0.07224992662668228,0.49811461567878723,0.4195632338523865,-0.02106253243982792,0.4322490692138672,0.43023666739463806,-0.04034852236509323,0.39464107155799866,0.4366956651210785,-0.05267549306154251,0.361721009016037,0.43538936972618103,-0.06252056360244751,0.499738484621048,0.3752589523792267,-0.024813443422317505,0.45950639247894287,0.38127636909484863,-0.05759458243846893,0.5062117576599121,0.38585254549980164,-0.06433115154504776,0.5425288677215576,0.38085153698921204,-0.061028555035591125,0.5091825723648071,0.32951509952545166,-0.03133063390851021,0.4758075177669525,0.3379268944263458,-0.059517186135053635,0.519608736038208,0.3463243246078491,-0.05151401087641716,0.5495314002037048,0.3440992832183838,-0.039121974259614944,0.5246407985687256,0.28241196274757385,-0.0401553250849247,0.4905763864517212,0.2876727283000946,-0.05667212978005409,0.5206453204154968,0.30528146028518677,-0.04735257849097252,0.5456662178039551,0.3104293942451477,-0.036603108048439026,0.0,0.0,0.0,0.0,0.0,0.0,0.0,0.0,0.0,0.0,0.0,0.0,0.0,0.0,0.0,0.0,0.0,0.0,0.0,0.0,0.0,0.0,0.0,0.0,0.0,0.0,0.0,0.0,0.0,0.0,0.0,0.0,0.0,0.0,0.0,0.0,0.0,0.0,0.0,0.0,0.0,0.0,0.0,0.0,0.0,0.0,0.0,0.0,0.0,0.0,0.0,0.0,0.0,0.0,0.0,0.0,0.0,0.0,0.0,0.0,0.0,0.0,0.0
enemy,0.652461051940918,0.3248804807662964,-4.3037812247348484e-07,0.6212934851646423,0.40299472212791443,-0.01135213766247034,0.5873308181762695,0.4688878357410431,-0.024947984144091606,0.5589065551757812,0.5141969919204712,-0.04211219400167465,0.5380041003227234,0.5479421019554138,-0.0568021796643734,0.5196011662483215,0.39424994587898254,-0.00021284162357915193,0.4791003465652466,0.40993329882621765,-0.02439986914396286,0.5120556950569153,0.41582295298576355,-0.04058871790766716,0.538279116153717,0.4067670702934265,-0.048721738159656525,0.518772304058075,0.35416916012763977,-0.006722466088831425,0.48054933547973633,0.3752669394016266,-0.032523516565561295,0.5229679346084595,0.38456523418426514,-0.04072817042469978,0.5491152405738831,0.3744868040084839,-0.04046335071325302,0.523037850856781,0.3138616681098938,-0.017304301261901855,0.4916994869709015,0.3404441773891449,-0.03817405179142952,0.531605064868927,0.3516329228878021,-0.03270258754491806,0.5569954514503479,0.34327608346939087,-0.023821648210287094,0.5341573357582092,0.27220723032951355,-0.02971518784761429,0.5068787932395935,0.29954466223716736,-0.03915472701191902,0.5355738997459412,0.3158290982246399,-0.030524251982569695,0.5579870343208313,0.3113112151622772,-0.0209339689463377,0.0,0.0,0.0,0.0,0.0,0.0,0.0,0.0,0.0,0.0,0.0,0.0,0.0,0.0,0.0,0.0,0.0,0.0,0.0,0.0,0.0,0.0,0.0,0.0,0.0,0.0,0.0,0.0,0.0,0.0,0.0,0.0,0.0,0.0,0.0,0.0,0.0,0.0,0.0,0.0,0.0,0.0,0.0,0.0,0.0,0.0,0.0,0.0,0.0,0.0,0.0,0.0,0.0,0.0,0.0,0.0,0.0,0.0,0.0,0.0,0.0,0.0,0.0
enemy,0.5973666906356812,0.23965780436992645,-9.315544957644306e-08,0.5642998814582825,0.32039889693260193,-0.02455615997314453,0.5163922309875488,0.39180082082748413,-0.04335225000977516,0.4829324781894684,0.4514998197555542,-0.06338898092508316,0.463042289018631,0.49859797954559326,-0.08347517251968384,0.4379281997680664,0.3207583427429199,-0.02368287555873394,0.36141958832740784,0.3276973068714142,-0.046110525727272034,0.3174450993537903,0.3286367654800415,-0.06027882546186447,0.2806207239627838,0.32117539644241333,-0.07114898413419724,0.44165489077568054,0.2692917287349701,-0.02747493050992489,0.4025522768497467,0.26911047101020813,-0.06460142880678177,0.45031270384788513,0.27991098165512085,-0.0737575888633728,0.4878500699996948,0.2798275649547577,-0.07139524072408676,0.4547291398048401,0.21991346776485443,-0.03461184352636337,0.4239009618759155,0.2232915163040161,-0.06484057754278183,0.46826374530792236,0.23976165056228638,-0.057259585708379745,0.499026358127594,0.2431735247373581,-0.04488363489508629,0.475318044424057,0.17269685864448547,-0.04466365650296211,0.44301000237464905,0.17334017157554626,-0.06161167100071907,0.4729510247707367,0.19747266173362732,-0.05238603800535202,0.49814334511756897,0.2063937783241272,-0.04138639196753502,0.0,0.0,0.0,0.0,0.0,0.0,0.0,0.0,0.0,0.0,0.0,0.0,0.0,0.0,0.0,0.0,0.0,0.0,0.0,0.0,0.0,0.0,0.0,0.0,0.0,0.0,0.0,0.0,0.0,0.0,0.0,0.0,0.0,0.0,0.0,0.0,0.0,0.0,0.0,0.0,0.0,0.0,0.0,0.0,0.0,0.0,0.0,0.0,0.0,0.0,0.0,0.0,0.0,0.0,0.0,0.0,0.0,0.0,0.0,0.0,0.0,0.0,0.0
enemy,0.5715783834457397,0.17553439736366272,-6.057383927782212e-08,0.5390879511833191,0.2649330198764801,-0.02996327169239521,0.48003730177879333,0.343151330947876,-0.05010504648089409,0.43856126070022583,0.41135621070861816,-0.06984931230545044,0.4123610854148865,0.4661270081996918,-0.08930342644453049,0.3927654027938843,0.25719061493873596,-0.028754256665706635,0.3107283413410187,0.2550923228263855,-0.05375879257917404,0.2627726197242737,0.25304532051086426,-0.06918320059776306,0.2216164469718933,0.24412930011749268,-0.08104124665260315,0.398504376411438,0.20182839035987854,-0.029892778024077415,0.3541770577430725,0.19187001883983612,-0.07163558155298233,0.4158797562122345,0.20297525823116302,-0.0793818011879921,0.46092525124549866,0.20441284775733948,-0.07357645779848099,0.41501691937446594,0.1464100182056427,-0.0347355455160141,0.3815597593784332,0.14029857516288757,-0.07180596143007278,0.4394829571247101,0.16048026084899902,-0.061587441712617874,0.47375649213790894,0.16774459183216095,-0.04467372968792915,0.4389477074146271,0.09388520568609238,-0.04248606041073799,0.404724657535553,0.08941379189491272,-0.06564405560493469,0.4442885220050812,0.11654241383075714,-0.05495471879839897,0.4711053967475891,0.12693661451339722,-0.04097498953342438,0.0,0.0,0.0,0.0,0.0,0.0,0.0,0.0,0.0,0.0,0.0,0.0,0.0,0.0,0.0,0.0,0.0,0.0,0.0,0.0,0.0,0.0,0.0,0.0,0.0,0.0,0.0,0.0,0.0,0.0,0.0,0.0,0.0,0.0,0.0,0.0,0.0,0.0,0.0,0.0,0.0,0.0,0.0,0.0,0.0,0.0,0.0,0.0,0.0,0.0,0.0,0.0,0.0,0.0,0.0,0.0,0.0,0.0,0.0,0.0,0.0,0.0,0.0
enemy,0.5596598386764526,0.10049080848693848,5.162817728887603e-08,0.5326964259147644,0.19110924005508423,-0.02972385287284851,0.47309228777885437,0.2688366770744324,-0.05064127966761589,0.43046921491622925,0.33367466926574707,-0.0706498771905899,0.4001978933811188,0.3835853338241577,-0.09058022499084473,0.38533908128738403,0.17911137640476227,-0.03352993726730347,0.29967254400253296,0.17449912428855896,-0.06315801292657852,0.2449253499507904,0.16630911827087402,-0.08236579596996307,0.20031589269638062,0.15533976256847382,-0.09575854986906052,0.39052820205688477,0.12019135057926178,-0.034970302134752274,0.3404834270477295,0.10286489129066467,-0.08055917173624039,0.4026228189468384,0.1177183985710144,-0.088196761906147,0.45184215903282166,0.1261860579252243,-0.08045616745948792,0.40799182653427124,0.06219574064016342,-0.03987869247794151,0.3704548478126526,0.04651481658220291,-0.08177341520786285,0.43008244037628174,0.06922364979982376,-0.07068000733852386,0.46858274936676025,0.08109477907419205,-0.05078379064798355,0.4329129457473755,0.009028986096382141,-0.04698824882507324,0.3970909118652344,-1.3083219528198242e-05,-0.07441555708646774,0.43913108110427856,0.02609270066022873,-0.06222593039274216,0.4690955579280853,0.03762763738632202,-0.04509382322430611,0.0,0.0,0.0,0.0,0.0,0.0,0.0,0.0,0.0,0.0,0.0,0.0,0.0,0.0,0.0,0.0,0.0,0.0,0.0,0.0,0.0,0.0,0.0,0.0,0.0,0.0,0.0,0.0,0.0,0.0,0.0,0.0,0.0,0.0,0.0,0.0,0.0,0.0,0.0,0.0,0.0,0.0,0.0,0.0,0.0,0.0,0.0,0.0,0.0,0.0,0.0,0.0,0.0,0.0,0.0,0.0,0.0,0.0,0.0,0.0,0.0,0.0,0.0
enemy,0.5430752038955688,0.08595064282417297,6.831069043755633e-08,0.521209716796875,0.17770984768867493,-0.03290307894349098,0.46164819598197937,0.2547132074832916,-0.053003955632448196,0.4186510443687439,0.31904321908950806,-0.07175612449645996,0.38887783885002136,0.3691343367099762,-0.09086087346076965,0.3754243552684784,0.16799256205558777,-0.034555260092020035,0.2909930348396301,0.16420508921146393,-0.06711076200008392,0.2352791130542755,0.15560977160930634,-0.08839435130357742,0.1893918365240097,0.1453108787536621,-0.10252422839403152,0.37939342856407166,0.10435080528259277,-0.03431552276015282,0.33089005947113037,0.08660926669836044,-0.08341515064239502,0.3956528604030609,0.10825183242559433,-0.09183395653963089,0.4456336796283722,0.12004001438617706,-0.08310878276824951,0.3971155285835266,0.04332195222377777,-0.03796564042568207,0.3615705668926239,0.02790623903274536,-0.08603743463754654,0.42335012555122375,0.056755051016807556,-0.07566209882497787,0.4632492661476135,0.07067079842090607,-0.05379154533147812,0.42297661304473877,-0.010370127856731415,-0.04359555244445801,0.38981929421424866,-0.018850378692150116,-0.07647038996219635,0.4355432689189911,0.012365318834781647,-0.06424450129270554,0.4681893587112427,0.026089303195476532,-0.045187897980213165,0.0,0.0,0.0,0.0,0.0,0.0,0.0,0.0,0.0,0.0,0.0,0.0,0.0,0.0,0.0,0.0,0.0,0.0,0.0,0.0,0.0,0.0,0.0,0.0,0.0,0.0,0.0,0.0,0.0,0.0,0.0,0.0,0.0,0.0,0.0,0.0,0.0,0.0,0.0,0.0,0.0,0.0,0.0,0.0,0.0,0.0,0.0,0.0,0.0,0.0,0.0,0.0,0.0,0.0,0.0,0.0,0.0,0.0,0.0,0.0,0.0,0.0,0.0
enemy,0.4844047427177429,0.09879697114229202,4.074223269867616e-08,0.4499524235725403,0.20927876234054565,-0.03688714653253555,0.3875166177749634,0.2936261296272278,-0.05886099860072136,0.33979955315589905,0.36794185638427734,-0.07970491051673889,0.3059174716472626,0.42619454860687256,-0.10054652392864227,0.28418079018592834,0.19433677196502686,-0.031041203066706657,0.18779975175857544,0.19097979366779327,-0.06557051092386246,0.12498484551906586,0.18354874849319458,-0.09070603549480438,0.0735812783241272,0.171952024102211,-0.10813258588314056,0.2858032286167145,0.1264258474111557,-0.027398550882935524,0.2364359200000763,0.1122029721736908,-0.07954452931880951,0.3075939416885376,0.13174574077129364,-0.09139697253704071,0.36514830589294434,0.14314034581184387,-0.08438971638679504,0.30409422516822815,0.059418439865112305,-0.02849111706018448,0.26577064394950867,0.048571497201919556,-0.07852264493703842,0.3339589834213257,0.07566995918750763,-0.07237523049116135,0.38114166259765625,0.08996044099330902,-0.05274272337555885,0.32955968379974365,-0.0011390447616577148,-0.03212936222553253,0.2925550639629364,-0.009637951850891113,-0.06839410215616226,0.34190815687179565,0.023784153163433075,-0.0606975294649601,0.38046765327453613,0.03708498179912567,-0.044138673692941666,0.0,0.0,0.0,0.0,0.0,0.0,0.0,0.0,0.0,0.0,0.0,0.0,0.0,0.0,0.0,0.0,0.0,0.0,0.0,0.0,0.0,0.0,0.0,0.0,0.0,0.0,0.0,0.0,0.0,0.0,0.0,0.0,0.0,0.0,0.0,0.0,0.0,0.0,0.0,0.0,0.0,0.0,0.0,0.0,0.0,0.0,0.0,0.0,0.0,0.0,0.0,0.0,0.0,0.0,0.0,0.0,0.0,0.0,0.0,0.0,0.0,0.0,0.0
enemy,0.5177099704742432,0.15373364090919495,-9.856710647682121e-08,0.4823647737503052,0.2577802538871765,-0.030722646042704582,0.41752517223358154,0.34371650218963623,-0.052889157086610794,0.37054651975631714,0.4209100604057312,-0.07503965497016907,0.3375198543071747,0.48040810227394104,-0.09688219428062439,0.3158327043056488,0.2444206178188324,-0.0297175794839859,0.220861554145813,0.2429688274860382,-0.061223484575748444,0.16357417404651642,0.2404015064239502,-0.08144254237413406,0.11581002175807953,0.23057854175567627,-0.09593646228313446,0.3220977187156677,0.1807853728532791,-0.03096533566713333,0.27042776346206665,0.1744375377893448,-0.0773170068860054,0.3437637388706207,0.19109869003295898,-0.08408385515213013,0.393987238407135,0.19253671169281006,-0.07627075910568237,0.339830607175827,0.11550992727279663,-0.03663244470953941,0.296651691198349,0.1136699765920639,-0.07851992547512054,0.3667142987251282,0.14109331369400024,-0.06452151387929916,0.40576261281967163,0.14822451770305634,-0.04361911490559578,0.3646514415740967,0.05353710055351257,-0.04523417726159096,0.32240572571754456,0.05271156132221222,-0.07204273343086243,0.3713863790035248,0.08749692142009735,-0.058597251772880554,0.402107298374176,0.09821687638759613,-0.04143558442592621,0.0,0.0,0.0,0.0,0.0,0.0,0.0,0.0,0.0,0.0,0.0,0.0,0.0,0.0,0.0,0.0,0.0,0.0,0.0,0.0,0.0,0.0,0.0,0.0,0.0,0.0,0.0,0.0,0.0,0.0,0.0,0.0,0.0,0.0,0.0,0.0,0.0,0.0,0.0,0.0,0.0,0.0,0.0,0.0,0.0,0.0,0.0,0.0,0.0,0.0,0.0,0.0,0.0,0.0,0.0,0.0,0.0,0.0,0.0,0.0,0.0,0.0,0.0
enemy,0.5828714370727539,0.19035589694976807,-1.597334460257116e-07,0.5412118434906006,0.28635820746421814,-0.027629008516669273,0.47750118374824524,0.3671303391456604,-0.04979175329208374,0.4337512254714966,0.43625926971435547,-0.07344258576631546,0.40637409687042236,0.48920580744743347,-0.09773113578557968,0.3847413659095764,0.2715473175048828,-0.031798794865608215,0.2917274236679077,0.26885220408439636,-0.06202597916126251,0.23591361939907074,0.2658669352531433,-0.08074626326560974,0.18998846411705017,0.25536128878593445,-0.09438808262348175,0.39069944620132446,0.20882152020931244,-0.03647712618112564,0.3421347141265869,0.21244774758815765,-0.08266185969114304,0.4059678912162781,0.23196221888065338,-0.0923766940832138,0.45371657609939575,0.23233480751514435,-0.08795304596424103,0.40790560841560364,0.1477140635251999,-0.04490942507982254,0.37193137407302856,0.15531012415885925,-0.0838201567530632,0.43141165375709534,0.18114955723285675,-0.07393436878919601,0.46858644485473633,0.18444016575813293,-0.05762595683336258,0.4335583746433258,0.08932022750377655,-0.05634475126862526,0.39244601130485535,0.09209701418876648,-0.07894116640090942,0.4326362907886505,0.12492343783378601,-0.06684156507253647,0.46330350637435913,0.13381898403167725,-0.05216491222381592,0.0,0.0,0.0,0.0,0.0,0.0,0.0,0.0,0.0,0.0,0.0,0.0,0.0,0.0,0.0,0.0,0.0,0.0,0.0,0.0,0.0,0.0,0.0,0.0,0.0,0.0,0.0,0.0,0.0,0.0,0.0,0.0,0.0,0.0,0.0,0.0,0.0,0.0,0.0,0.0,0.0,0.0,0.0,0.0,0.0,0.0,0.0,0.0,0.0,0.0,0.0,0.0,0.0,0.0,0.0,0.0,0.0,0.0,0.0,0.0,0.0,0.0,0.0
enemy,0.596017062664032,0.20003816485404968,-1.685965855813265e-07,0.5565173625946045,0.2990814745426178,-0.026982953771948814,0.48944562673568726,0.38023531436920166,-0.045837078243494034,0.44205746054649353,0.45057493448257446,-0.06605339795351028,0.41505903005599976,0.50730299949646,-0.08679807186126709,0.3974127471446991,0.28456470370292664,-0.023219890892505646,0.30782705545425415,0.2800554633140564,-0.048059962689876556,0.2561783194541931,0.27757424116134644,-0.06369904428720474,0.21167920529842377,0.26899638772010803,-0.07632279396057129,0.4040972590446472,0.22530630230903625,-0.026919448748230934,0.35583147406578064,0.22590497136116028,-0.0706147700548172,0.4220302104949951,0.23861908912658691,-0.07961974292993546,0.47003865242004395,0.23851008713245392,-0.07457243651151657,0.42183515429496765,0.16621671617031097,-0.03445121645927429,0.384354829788208,0.172939270734787,-0.07277923822402954,0.4496135413646698,0.19343340396881104,-0.06258544325828552,0.4878239631652832,0.19681334495544434,-0.04573715105652809,0.4482792615890503,0.108690045773983,-0.04490469768643379,0.40890684723854065,0.11680257320404053,-0.06937307864427567,0.45389583706855774,0.14600349962711334,-0.05905096232891083,0.4841729998588562,0.15200382471084595,-0.04537810757756233,0.0,0.0,0.0,0.0,0.0,0.0,0.0,0.0,0.0,0.0,0.0,0.0,0.0,0.0,0.0,0.0,0.0,0.0,0.0,0.0,0.0,0.0,0.0,0.0,0.0,0.0,0.0,0.0,0.0,0.0,0.0,0.0,0.0,0.0,0.0,0.0,0.0,0.0,0.0,0.0,0.0,0.0,0.0,0.0,0.0,0.0,0.0,0.0,0.0,0.0,0.0,0.0,0.0,0.0,0.0,0.0,0.0,0.0,0.0,0.0,0.0,0.0,0.0
enemy,0.6308538317680359,0.24245676398277283,-2.3454548170320777e-07,0.6006964445114136,0.34754645824432373,-0.03672612085938454,0.5433317422866821,0.44415223598480225,-0.06504407525062561,0.5015168190002441,0.5169118642807007,-0.09336412698030472,0.4702552855014801,0.5669537782669067,-0.12173997610807419,0.4315705895423889,0.3488387167453766,-0.04764436185359955,0.3351612687110901,0.355263888835907,-0.0844375416636467,0.2774927318096161,0.36215436458587646,-0.10716932266950607,0.22730594873428345,0.3589296340942383,-0.12375093996524811,0.43393975496292114,0.2800906002521515,-0.05032242089509964,0.3887724280357361,0.3017173707485199,-0.10246535390615463,0.454534113407135,0.3155231773853302,-0.11310456693172455,0.5003699064254761,0.3042181134223938,-0.10991723090410233,0.44789180159568787,0.21442581713199615,-0.057440876960754395,0.41503971815109253,0.2333606630563736,-0.10177011042833328,0.4779392182826996,0.25492531061172485,-0.08959919214248657,0.5150898098945618,0.25010165572166443,-0.07218161970376968,0.47097015380859375,0.14936891198158264,-0.06851860880851746,0.43435904383659363,0.16121652722358704,-0.0961075946688652,0.48055678606033325,0.19613982737064362,-0.08358167856931686,0.5126927495002747,0.20290735363960266,-0.06821806728839874,0.0,0.0,0.0,0.0,0.0,0.0,0.0,0.0,0.0,0.0,0.0,0.0,0.0,0.0,0.0,0.0,0.0,0.0,0.0,0.0,0.0,0.0,0.0,0.0,0.0,0.0,0.0,0.0,0.0,0.0,0.0,0.0,0.0,0.0,0.0,0.0,0.0,0.0,0.0,0.0,0.0,0.0,0.0,0.0,0.0,0.0,0.0,0.0,0.0,0.0,0.0,0.0,0.0,0.0,0.0,0.0,0.0,0.0,0.0,0.0,0.0,0.0,0.0
enemy,0.7463169693946838,0.3148592710494995,-1.2047293296291173e-07,0.7190716862678528,0.4181496202945709,-0.02363678626716137,0.6569536924362183,0.5142073631286621,-0.04322854429483414,0.6185117959976196,0.5944254994392395,-0.0648297369480133,0.5971163511276245,0.663344144821167,-0.08708728104829788,0.5551127195358276,0.43332892656326294,-0.027011817321181297,0.4579164385795593,0.4519060552120209,-0.05511673167347908,0.3976912498474121,0.46433699131011963,-0.07306242734193802,0.3471603989601135,0.4695545732975006,-0.0875171571969986,0.556273877620697,0.36721619963645935,-0.03473369777202606,0.5093703269958496,0.39028915762901306,-0.08064579218626022,0.574421226978302,0.3923168480396271,-0.08901719748973846,0.6185318827629089,0.37700343132019043,-0.0844665914773941,0.5676472187042236,0.3003802001476288,-0.04613073915243149,0.5314517617225647,0.32572507858276367,-0.0829358696937561,0.5914902091026306,0.3346990644931793,-0.06805306673049927,0.6249340772628784,0.3252280652523041,-0.050201766192913055,0.586997389793396,0.23201651871204376,-0.060702744871377945,0.5472572445869446,0.25147634744644165,-0.08139742165803909,0.5914242267608643,0.27699270844459534,-0.06592122465372086,0.6212260723114014,0.27973124384880066,-0.05013035610318184,0.0,0.0,0.0,0.0,0.0,0.0,0.0,0.0,0.0,0.0,0.0,0.0,0.0,0.0,0.0,0.0,0.0,0.0,0.0,0.0,0.0,0.0,0.0,0.0,0.0,0.0,0.0,0.0,0.0,0.0,0.0,0.0,0.0,0.0,0.0,0.0,0.0,0.0,0.0,0.0,0.0,0.0,0.0,0.0,0.0,0.0,0.0,0.0,0.0,0.0,0.0,0.0,0.0,0.0,0.0,0.0,0.0,0.0,0.0,0.0,0.0,0.0,0.0
enemy,0.7873517274856567,0.34354737401008606,-1.9501005965594231e-07,0.7590079307556152,0.44076573848724365,-0.01906529814004898,0.6989098787307739,0.5325992107391357,-0.03778728097677231,0.660739004611969,0.6105344295501709,-0.059550538659095764,0.642086923122406,0.6772593259811401,-0.08182811737060547,0.6055068969726562,0.46823200583457947,-0.022071031853556633,0.5203792452812195,0.4923664927482605,-0.0515519380569458,0.46913784742355347,0.5107825994491577,-0.06636793166399002,0.4255050718784332,0.5221744775772095,-0.07766999304294586,0.6042873859405518,0.40454205870628357,-0.031414855271577835,0.556194007396698,0.44013550877571106,-0.07246777415275574,0.624302864074707,0.44113972783088684,-0.07186758518218994,0.6523088812828064,0.4182943105697632,-0.06187105551362038,0.6129345297813416,0.3370669484138489,-0.04517368972301483,0.578140914440155,0.37933263182640076,-0.08062007278203964,0.6422517895698547,0.38612595200538635,-0.0594237819314003,0.6641433238983154,0.3670445382595062,-0.03809235990047455,0.6299335956573486,0.2681728005409241,-0.0618523433804512,0.5966345071792603,0.30652135610580444,-0.08256042748689651,0.6431663036346436,0.32871848344802856,-0.06585036218166351,0.6667252779006958,0.3209506571292877,-0.04969309642910957,0.0,0.0,0.0,0.0,0.0,0.0,0.0,0.0,0.0,0.0,0.0,0.0,0.0,0.0,0.0,0.0,0.0,0.0,0.0,0.0,0.0,0.0,0.0,0.0,0.0,0.0,0.0,0.0,0.0,0.0,0.0,0.0,0.0,0.0,0.0,0.0,0.0,0.0,0.0,0.0,0.0,0.0,0.0,0.0,0.0,0.0,0.0,0.0,0.0,0.0,0.0,0.0,0.0,0.0,0.0,0.0,0.0,0.0,0.0,0.0,0.0,0.0,0.0
enemy,0.7722554206848145,0.38116100430488586,-2.5509260126455047e-07,0.7479680180549622,0.47376322746276855,-0.015510174445807934,0.6896404027938843,0.5605895519256592,-0.028565920889377594,0.6533668637275696,0.6274529695510864,-0.044605351984500885,0.6376975178718567,0.6842730641365051,-0.0619657002389431,0.5920659303665161,0.49455389380455017,-0.016916772350668907,0.5070991516113281,0.5143641233444214,-0.043847933411598206,0.454149067401886,0.5251855254173279,-0.06077762693166733,0.41001859307289124,0.5312837958335876,-0.07343067228794098,0.5943568348884583,0.43702006340026855,-0.02648124471306801,0.5507221817970276,0.4642203450202942,-0.07090813666582108,0.6164096593856812,0.4640648663043976,-0.07745238393545151,0.6593492031097412,0.45062488317489624,-0.07063538581132889,0.6043460369110107,0.37679773569107056,-0.039345428347587585,0.5718718767166138,0.4067484438419342,-0.07773442566394806,0.6342854499816895,0.4133586883544922,-0.06293605268001556,0.6671878695487976,0.4044915437698364,-0.04303948953747749,0.6213253140449524,0.31316083669662476,-0.05415733903646469,0.5853406190872192,0.3410055637359619,-0.07545492053031921,0.6303049921989441,0.3602997958660126,-0.06028677895665169,0.6574550271034241,0.3588559031486511,-0.04380946606397629,0.0,0.0,0.0,0.0,0.0,0.0,0.0,0.0,0.0,0.0,0.0,0.0,0.0,0.0,0.0,0.0,0.0,0.0,0.0,0.0,0.0,0.0,0.0,0.0,0.0,0.0,0.0,0.0,0.0,0.0,0.0,0.0,0.0,0.0,0.0,0.0,0.0,0.0,0.0,0.0,0.0,0.0,0.0,0.0,0.0,0.0,0.0,0.0,0.0,0.0,0.0,0.0,0.0,0.0,0.0,0.0,0.0,0.0,0.0,0.0,0.0,0.0,0.0
enemy,0.6208335161209106,0.25683411955833435,-4.6482014681714645e-08,0.5930125117301941,0.3608715534210205,-0.034223832190036774,0.5470181703567505,0.45723676681518555,-0.05986911430954933,0.5212761759757996,0.5420750975608826,-0.08672304451465607,0.5090557336807251,0.6090039014816284,-0.11421159654855728,0.42626094818115234,0.3635536730289459,-0.02801436185836792,0.3376425504684448,0.3695940673351288,-0.051868703216314316,0.2888505458831787,0.3740059435367584,-0.06826621294021606,0.24577438831329346,0.36878249049186707,-0.0821974128484726,0.4257042706012726,0.3001435101032257,-0.03050568699836731,0.3606075048446655,0.30301952362060547,-0.073055699467659,0.423482209444046,0.31551188230514526,-0.08487983793020248,0.4763013422489166,0.3133644461631775,-0.0826275572180748,0.43800970911979675,0.2371862828731537,-0.037197478115558624,0.3753868639469147,0.2392379492521286,-0.07551993429660797,0.4368908703327179,0.2600261867046356,-0.06957970559597015,0.48405054211616516,0.2638263404369354,-0.05583875626325607,0.4607200622558594,0.1747409999370575,-0.04738335311412811,0.4121931791305542,0.17570561170578003,-0.07398278266191483,0.4520304799079895,0.20259185135364532,-0.06694096326828003,0.4894486367702484,0.21236398816108704,-0.05533896014094353,0.0,0.0,0.0,0.0,0.0,0.0,0.0,0.0,0.0,0.0,0.0,0.0,0.0,0.0,0.0,0.0,0.0,0.0,0.0,0.0,0.0,0.0,0.0,0.0,0.0,0.0,0.0,0.0,0.0,0.0,0.0,0.0,0.0,0.0,0.0,0.0,0.0,0.0,0.0,0.0,0.0,0.0,0.0,0.0,0.0,0.0,0.0,0.0,0.0,0.0,0.0,0.0,0.0,0.0,0.0,0.0,0.0,0.0,0.0,0.0,0.0,0.0,0.0
enemy,0.567008376121521,0.2724778652191162,-3.6375006118305464e-08,0.5424747467041016,0.37560704350471497,-0.03451097011566162,0.5003364086151123,0.4706975817680359,-0.06136241927742958,0.47560131549835205,0.5551586151123047,-0.08985447883605957,0.4662816524505615,0.6212542057037354,-0.11922253668308258,0.3750359117984772,0.384858638048172,-0.03175022825598717,0.2823149561882019,0.39145365357398987,-0.05980916693806648,0.23014497756958008,0.39557039737701416,-0.07834579795598984,0.18471024930477142,0.3901059329509735,-0.09287813305854797,0.3778359293937683,0.32428041100502014,-0.03493061661720276,0.31933534145355225,0.3254096806049347,-0.08084379136562347,0.38512542843818665,0.33219411969184875,-0.09216564148664474,0.4358696937561035,0.3279262185096741,-0.08860742300748825,0.3917013704776764,0.2611403167247772,-0.04258997365832329,0.34528791904449463,0.26702219247817993,-0.08203176409006119,0.40956684947013855,0.2803153693675995,-0.07351626455783844,0.4510502815246582,0.2800543010234833,-0.05732553452253342,0.41365769505500793,0.1969371736049652,-0.05411175638437271,0.3667704164981842,0.19890688359737396,-0.07719877362251282,0.40801727771759033,0.21985435485839844,-0.06596631556749344,0.4407019019126892,0.22471866011619568,-0.05173971876502037,0.0,0.0,0.0,0.0,0.0,0.0,0.0,0.0,0.0,0.0,0.0,0.0,0.0,0.0,0.0,0.0,0.0,0.0,0.0,0.0,0.0,0.0,0.0,0.0,0.0,0.0,0.0,0.0,0.0,0.0,0.0,0.0,0.0,0.0,0.0,0.0,0.0,0.0,0.0,0.0,0.0,0.0,0.0,0.0,0.0,0.0,0.0,0.0,0.0,0.0,0.0,0.0,0.0,0.0,0.0,0.0,0.0,0.0,0.0,0.0,0.0,0.0,0.0
enemy,0.5684637427330017,0.24812382459640503,-4.8521055617811726e-08,0.5435190796852112,0.3486231565475464,-0.027216795831918716,0.5013083815574646,0.44112884998321533,-0.04813963547348976,0.4758334457874298,0.5180867910385132,-0.07135628908872604,0.464057981967926,0.578253984451294,-0.09562598168849945,0.38945603370666504,0.35672372579574585,-0.020276999101042747,0.3020397424697876,0.35997605323791504,-0.04345427080988884,0.253624826669693,0.36050260066986084,-0.059009402990341187,0.21081678569316864,0.35266467928886414,-0.07164183259010315,0.39062243700027466,0.29855895042419434,-0.02478075958788395,0.33584919571876526,0.30655795335769653,-0.06710051000118256,0.39922407269477844,0.30994123220443726,-0.07843408733606339,0.4487374424934387,0.30134934186935425,-0.07512199133634567,0.4006885886192322,0.23833730816841125,-0.033245597034692764,0.3571237027645111,0.2493654191493988,-0.07044530659914017,0.42043375968933105,0.26027119159698486,-0.06371618807315826,0.4606635272502899,0.2568556070327759,-0.049017682671546936,0.4182063937187195,0.1767590343952179,-0.0447118766605854,0.37392109632492065,0.18478886783123016,-0.06786713749170303,0.4174754321575165,0.2058960199356079,-0.05825519934296608,0.4500766396522522,0.2095765918493271,-0.0450870618224144,0.0,0.0,0.0,0.0,0.0,0.0,0.0,0.0,0.0,0.0,0.0,0.0,0.0,0.0,0.0,0.0,0.0,0.0,0.0,0.0,0.0,0.0,0.0,0.0,0.0,0.0,0.0,0.0,0.0,0.0,0.0,0.0,0.0,0.0,0.0,0.0,0.0,0.0,0.0,0.0,0.0,0.0,0.0,0.0,0.0,0.0,0.0,0.0,0.0,0.0,0.0,0.0,0.0,0.0,0.0,0.0,0.0,0.0,0.0,0.0,0.0,0.0,0.0
enemy,0.5673748254776001,0.16848167777061462,-4.435217526577162e-09,0.5384356379508972,0.2694236636161804,-0.034661129117012024,0.49386003613471985,0.36169517040252686,-0.058772895485162735,0.4642960727214813,0.44282567501068115,-0.08335806429386139,0.4445205330848694,0.5039306879043579,-0.10805192589759827,0.3854152262210846,0.2770376205444336,-0.028058459982275963,0.3007240295410156,0.2815512716770172,-0.052106406539678574,0.25218120217323303,0.2835298776626587,-0.0675162523984909,0.21036392450332642,0.27650874853134155,-0.07982936501502991,0.3869970440864563,0.21719636023044586,-0.028744904324412346,0.33378636837005615,0.21049784123897552,-0.07120665162801743,0.39484333992004395,0.21707630157470703,-0.08290741592645645,0.44507643580436707,0.21587204933166504,-0.0800957977771759,0.3996937870979309,0.15688356757164001,-0.03373759984970093,0.3577204942703247,0.15369191765785217,-0.07199745625257492,0.417792409658432,0.16886208951473236,-0.06663619726896286,0.459553986787796,0.174281045794487,-0.052802324295043945,0.41977912187576294,0.09874632209539413,-0.0421692319214344,0.3776280879974365,0.09308501332998276,-0.06777627021074295,0.41760116815567017,0.11548446118831635,-0.060614828020334244,0.45141252875328064,0.1258564293384552,-0.04876243695616722,0.0,0.0,0.0,0.0,0.0,0.0,0.0,0.0,0.0,0.0,0.0,0.0,0.0,0.0,0.0,0.0,0.0,0.0,0.0,0.0,0.0,0.0,0.0,0.0,0.0,0.0,0.0,0.0,0.0,0.0,0.0,0.0,0.0,0.0,0.0,0.0,0.0,0.0,0.0,0.0,0.0,0.0,0.0,0.0,0.0,0.0,0.0,0.0,0.0,0.0,0.0,0.0,0.0,0.0,0.0,0.0,0.0,0.0,0.0,0.0,0.0,0.0,0.0
enemy,0.5740422606468201,0.13338513672351837,-5.4354824641222876e-08,0.5451366901397705,0.23599427938461304,-0.025278624147176743,0.5006381273269653,0.32500332593917847,-0.0446145199239254,0.47091299295425415,0.40192466974258423,-0.0657983347773552,0.4524317681789398,0.46072083711624146,-0.08792486786842346,0.394814670085907,0.2334384024143219,-0.016930049285292625,0.3120308518409729,0.2363000065088272,-0.039114780724048615,0.26381129026412964,0.23594921827316284,-0.05430876836180687,0.2224438190460205,0.22649824619293213,-0.0662338063120842,0.39680448174476624,0.1733771711587906,-0.019836539402604103,0.3450063169002533,0.1726538985967636,-0.058353956788778305,0.4078104794025421,0.18299193680286407,-0.06780055910348892,0.4582608938217163,0.18150337040424347,-0.0633401870727539,0.40934014320373535,0.11222495138645172,-0.026489973068237305,0.36705315113067627,0.11469721794128418,-0.06252013891935349,0.43113261461257935,0.13333770632743835,-0.05506804585456848,0.4725413918495178,0.13759203255176544,-0.03953157737851143,0.4287993907928467,0.05273379385471344,-0.0355595164000988,0.3868340253829956,0.05497519671916962,-0.05959879606962204,0.43144214153289795,0.08029618114233017,-0.05017602816224098,0.46468469500541687,0.0875241756439209,-0.036442581564188004,0.0,0.0,0.0,0.0,0.0,0.0,0.0,0.0,0.0,0.0,0.0,0.0,0.0,0.0,0.0,0.0,0.0,0.0,0.0,0.0,0.0,0.0,0.0,0.0,0.0,0.0,0.0,0.0,0.0,0.0,0.0,0.0,0.0,0.0,0.0,0.0,0.0,0.0,0.0,0.0,0.0,0.0,0.0,0.0,0.0,0.0,0.0,0.0,0.0,0.0,0.0,0.0,0.0,0.0,0.0,0.0,0.0,0.0,0.0,0.0,0.0,0.0,0.0
enemy,0.6123775243759155,0.15607817471027374,-4.4869835846839123e-08,0.5872302055358887,0.2562088966369629,-0.029057461768388748,0.5424389243125916,0.3469979465007782,-0.05064999684691429,0.5134897232055664,0.4264679551124573,-0.07261855155229568,0.4945794343948364,0.4856258034706116,-0.09476841986179352,0.43293970823287964,0.26770225167274475,-0.025385333225131035,0.3495146334171295,0.2780981957912445,-0.048740483820438385,0.3013409972190857,0.28257930278778076,-0.06303532421588898,0.26022350788116455,0.27637362480163574,-0.07405268400907516,0.43340206146240234,0.20787878334522247,-0.026777654886245728,0.3811337649822235,0.20344790816307068,-0.06531183421611786,0.44477379322052,0.21269330382347107,-0.07228001952171326,0.492579847574234,0.21037930250167847,-0.06625625491142273,0.4454026222229004,0.14700597524642944,-0.03203350305557251,0.4046454429626465,0.14592395722866058,-0.06717510521411896,0.46521589159965515,0.16283220052719116,-0.05821124091744423,0.5035350918769836,0.16654376685619354,-0.04226613789796829,0.4654446840286255,0.08857442438602448,-0.03999919444322586,0.4222121238708496,0.08699532598257065,-0.06325536966323853,0.46473559737205505,0.10974878072738647,-0.053323905915021896,0.49783989787101746,0.1173647940158844,-0.03968081250786781,0.0,0.0,0.0,0.0,0.0,0.0,0.0,0.0,0.0,0.0,0.0,0.0,0.0,0.0,0.0,0.0,0.0,0.0,0.0,0.0,0.0,0.0,0.0,0.0,0.0,0.0,0.0,0.0,0.0,0.0,0.0,0.0,0.0,0.0,0.0,0.0,0.0,0.0,0.0,0.0,0.0,0.0,0.0,0.0,0.0,0.0,0.0,0.0,0.0,0.0,0.0,0.0,0.0,0.0,0.0,0.0,0.0,0.0,0.0,0.0,0.0,0.0,0.0
enemy,0.6492182016372681,0.16901569068431854,-2.9813449486937316e-08,0.6222469210624695,0.27389705181121826,-0.0319257527589798,0.574762225151062,0.37034785747528076,-0.05332722142338753,0.5450795888900757,0.45536959171295166,-0.0754440501332283,0.5262896418571472,0.5183661580085754,-0.09779170900583267,0.4663866460323334,0.291345477104187,-0.022330377250909805,0.38209277391433716,0.3018950819969177,-0.04354340210556984,0.33265677094459534,0.3061011731624603,-0.05786990746855736,0.2904101014137268,0.3023926615715027,-0.06977719813585281,0.46607616543769836,0.23098908364772797,-0.023050975054502487,0.4177437126636505,0.23342284560203552,-0.06310784816741943,0.47978475689888,0.23318332433700562,-0.07437863945960999,0.5304672718048096,0.2262091040611267,-0.07127714902162552,0.47680020332336426,0.1689230352640152,-0.027881788089871407,0.43920019268989563,0.17239846289157867,-0.06330370157957077,0.5007382035255432,0.18060722947120667,-0.05772515758872032,0.5410752296447754,0.1806667298078537,-0.04432813078165054,0.495113730430603,0.10773884505033493,-0.035991013050079346,0.4565219283103943,0.11052026599645615,-0.05987187474966049,0.4990796744823456,0.1292039155960083,-0.052349239587783813,0.5314453840255737,0.13376101851463318,-0.0404524989426136,0.0,0.0,0.0,0.0,0.0,0.0,0.0,0.0,0.0,0.0,0.0,0.0,0.0,0.0,0.0,0.0,0.0,0.0,0.0,0.0,0.0,0.0,0.0,0.0,0.0,0.0,0.0,0.0,0.0,0.0,0.0,0.0,0.0,0.0,0.0,0.0,0.0,0.0,0.0,0.0,0.0,0.0,0.0,0.0,0.0,0.0,0.0,0.0,0.0,0.0,0.0,0.0,0.0,0.0,0.0,0.0,0.0,0.0,0.0,0.0,0.0,0.0,0.0
enemy,0.6794784069061279,0.24478955566883087,-1.1256822318728155e-07,0.6571406722068787,0.34205958247184753,-0.02491086721420288,0.6122258901596069,0.4340249300003052,-0.043820664286613464,0.585419774055481,0.507998526096344,-0.06453109532594681,0.5710060000419617,0.5670984983444214,-0.08589280396699905,0.5080117583274841,0.35975030064582825,-0.022338561713695526,0.4257237911224365,0.37591931223869324,-0.04493190348148346,0.3784511983394623,0.38350361585617065,-0.059701208025217056,0.338217169046402,0.38153401017189026,-0.07135403156280518,0.5076113939285278,0.3025745153427124,-0.02670985646545887,0.4588324725627899,0.3117000460624695,-0.06581486016511917,0.5159148573875427,0.31590735912323,-0.07551392167806625,0.5622512102127075,0.3083365857601166,-0.07236132025718689,0.516925573348999,0.24325492978096008,-0.0345098152756691,0.4783381223678589,0.25600770115852356,-0.06755441427230835,0.5331564545631409,0.267488032579422,-0.05993032455444336,0.5716230273246765,0.2648707628250122,-0.046168021857738495,0.5336991548538208,0.18266327679157257,-0.04513484984636307,0.49186715483665466,0.19108846783638,-0.06463716924190521,0.5275919437408447,0.21132338047027588,-0.0544755794107914,0.5585145354270935,0.2158413678407669,-0.04183826968073845,0.0,0.0,0.0,0.0,0.0,0.0,0.0,0.0,0.0,0.0,0.0,0.0,0.0,0.0,0.0,0.0,0.0,0.0,0.0,0.0,0.0,0.0,0.0,0.0,0.0,0.0,0.0,0.0,0.0,0.0,0.0,0.0,0.0,0.0,0.0,0.0,0.0,0.0,0.0,0.0,0.0,0.0,0.0,0.0,0.0,0.0,0.0,0.0,0.0,0.0,0.0,0.0,0.0,0.0,0.0,0.0,0.0,0.0,0.0,0.0,0.0,0.0,0.0
enemy,0.6654408574104309,0.2524363696575165,-1.1837251889801337e-07,0.6462608575820923,0.34598514437675476,-0.024872904643416405,0.5991058349609375,0.43798813223838806,-0.04361911863088608,0.5687524676322937,0.5125207901000977,-0.06372884660959244,0.554991602897644,0.5724783539772034,-0.08443867415189743,0.4947696328163147,0.36551329493522644,-0.024547070264816284,0.4122510850429535,0.3802585303783417,-0.047380294650793076,0.365476131439209,0.3873816728591919,-0.06163303926587105,0.325761616230011,0.3860667645931244,-0.07284101843833923,0.49552249908447266,0.30965590476989746,-0.028534412384033203,0.4468446671962738,0.3154601752758026,-0.06829948723316193,0.5069644451141357,0.316463440656662,-0.0765455961227417,0.5536762475967407,0.30858349800109863,-0.07192741334438324,0.5058885216712952,0.2514468729496002,-0.03575729578733444,0.46747758984565735,0.25858741998672485,-0.07013218849897385,0.525651752948761,0.26751357316970825,-0.06122403219342232,0.563809335231781,0.26580265164375305,-0.046122968196868896,0.5236669182777405,0.19230666756629944,-0.04560646042227745,0.4827738106250763,0.19805607199668884,-0.0663565918803215,0.5214335918426514,0.21566230058670044,-0.05579989030957222,0.5517408847808838,0.21910008788108826,-0.042652033269405365,0.0,0.0,0.0,0.0,0.0,0.0,0.0,0.0,0.0,0.0,0.0,0.0,0.0,0.0,0.0,0.0,0.0,0.0,0.0,0.0,0.0,0.0,0.0,0.0,0.0,0.0,0.0,0.0,0.0,0.0,0.0,0.0,0.0,0.0,0.0,0.0,0.0,0.0,0.0,0.0,0.0,0.0,0.0,0.0,0.0,0.0,0.0,0.0,0.0,0.0,0.0,0.0,0.0,0.0,0.0,0.0,0.0,0.0,0.0,0.0,0.0,0.0,0.0
enemy,0.6079798936843872,0.26025664806365967,-1.2640491320325964e-07,0.585018515586853,0.35451626777648926,-0.02697722055017948,0.541357159614563,0.44303667545318604,-0.04606407508254051,0.5155734419822693,0.5189673900604248,-0.0656304657459259,0.5008595585823059,0.5764729976654053,-0.08575394749641418,0.4391512870788574,0.37326139211654663,-0.02704145573079586,0.3569132089614868,0.38502585887908936,-0.051990263164043427,0.3099219799041748,0.3927270770072937,-0.06767234951257706,0.2697789967060089,0.39270398020744324,-0.07960905134677887,0.43994006514549255,0.3187568783760071,-0.029354596510529518,0.39052149653434753,0.3243691325187683,-0.06900695711374283,0.4512246549129486,0.32330387830734253,-0.07731043547391891,0.4971049427986145,0.31513258814811707,-0.07270084321498871,0.4504472613334656,0.26141923666000366,-0.035276442766189575,0.4127773344516754,0.26929548382759094,-0.06969239562749863,0.4736054539680481,0.27566638588905334,-0.06090221554040909,0.5087551474571228,0.27231982350349426,-0.04587437957525253,0.46806055307388306,0.204069122672081,-0.0440000519156456,0.43058621883392334,0.21264809370040894,-0.06605460494756699,0.47322696447372437,0.23032623529434204,-0.056589275598526,0.5010296106338501,0.23158112168312073,-0.04396047443151474,0.0,0.0,0.0,0.0,0.0,0.0,0.0,0.0,0.0,0.0,0.0,0.0,0.0,0.0,0.0,0.0,0.0,0.0,0.0,0.0,0.0,0.0,0.0,0.0,0.0,0.0,0.0,0.0,0.0,0.0,0.0,0.0,0.0,0.0,0.0,0.0,0.0,0.0,0.0,0.0,0.0,0.0,0.0,0.0,0.0,0.0,0.0,0.0,0.0,0.0,0.0,0.0,0.0,0.0,0.0,0.0,0.0,0.0,0.0,0.0,0.0,0.0,0.0
enemy,0.5835585594177246,0.23565727472305298,-7.676592872485344e-08,0.5589219331741333,0.32990407943725586,-0.02680991217494011,0.5127645134925842,0.4160669147968292,-0.04626737907528877,0.48484161496162415,0.48822543025016785,-0.06686360388994217,0.47009801864624023,0.5461090803146362,-0.08784005790948868,0.4098471701145172,0.34276965260505676,-0.023444095626473427,0.32856711745262146,0.3527529537677765,-0.04686024785041809,0.28134870529174805,0.35720884799957275,-0.06213061138987541,0.24077416956424713,0.3532004654407501,-0.07403324544429779,0.410879909992218,0.28695616126060486,-0.02674490213394165,0.3621281683444977,0.28811269998550415,-0.06642931699752808,0.4219425320625305,0.2910553812980652,-0.07590506970882416,0.46926167607307434,0.285612553358078,-0.07196158915758133,0.422050416469574,0.22892212867736816,-0.03363579511642456,0.3841480612754822,0.23329029977321625,-0.06834451109170914,0.4424680769443512,0.24481165409088135,-0.060245100408792496,0.48070722818374634,0.24502305686473846,-0.045363154262304306,0.4408528506755829,0.1709882616996765,-0.04339691996574402,0.4011746048927307,0.1724628210067749,-0.06509722769260406,0.44054707884788513,0.19368508458137512,-0.05508354678750038,0.47126448154449463,0.20028111338615417,-0.041853103786706924,0.0,0.0,0.0,0.0,0.0,0.0,0.0,0.0,0.0,0.0,0.0,0.0,0.0,0.0,0.0,0.0,0.0,0.0,0.0,0.0,0.0,0.0,0.0,0.0,0.0,0.0,0.0,0.0,0.0,0.0,0.0,0.0,0.0,0.0,0.0,0.0,0.0,0.0,0.0,0.0,0.0,0.0,0.0,0.0,0.0,0.0,0.0,0.0,0.0,0.0,0.0,0.0,0.0,0.0,0.0,0.0,0.0,0.0,0.0,0.0,0.0,0.0,0.0
enemy,0.578466534614563,0.17039160430431366,-7.061930595853028e-09,0.5483603477478027,0.27140796184539795,-0.032008275389671326,0.5015910863876343,0.35996127128601074,-0.05341574177145958,0.4688136577606201,0.43726637959480286,-0.07557820528745651,0.44735416769981384,0.4970608353614807,-0.09801613539457321,0.3966273069381714,0.2794521152973175,-0.02279612235724926,0.31216108798980713,0.28391212224960327,-0.04507248476147652,0.2630321979522705,0.2861102223396301,-0.05967278778553009,0.22037599980831146,0.27968260645866394,-0.07138973474502563,0.3984810411930084,0.22017602622509003,-0.0231262668967247,0.34972164034843445,0.21566082537174225,-0.06396901607513428,0.41086333990097046,0.21980367600917816,-0.07524564862251282,0.4604146182537079,0.21700426936149597,-0.07202593237161636,0.41140636801719666,0.16147693991661072,-0.027669277042150497,0.3738144636154175,0.16078349947929382,-0.06518208980560303,0.43551480770111084,0.17434366047382355,-0.06025877967476845,0.4766083359718323,0.17854680120944977,-0.046397462487220764,0.430989146232605,0.10624012351036072,-0.03536568954586983,0.3924487829208374,0.10247280448675156,-0.06100030615925789,0.4346979856491089,0.12422870844602585,-0.05451148375868797,0.46786054968833923,0.1328565925359726,-0.04288258031010628,0.0,0.0,0.0,0.0,0.0,0.0,0.0,0.0,0.0,0.0,0.0,0.0,0.0,0.0,0.0,0.0,0.0,0.0,0.0,0.0,0.0,0.0,0.0,0.0,0.0,0.0,0.0,0.0,0.0,0.0,0.0,0.0,0.0,0.0,0.0,0.0,0.0,0.0,0.0,0.0,0.0,0.0,0.0,0.0,0.0,0.0,0.0,0.0,0.0,0.0,0.0,0.0,0.0,0.0,0.0,0.0,0.0,0.0,0.0,0.0,0.0,0.0,0.0
enemy,0.5877007246017456,0.16776183247566223,-2.4080257787773007e-08,0.5600459575653076,0.2661455273628235,-0.03264866769313812,0.5099197030067444,0.35595929622650146,-0.05449457839131355,0.47687193751335144,0.43636587262153625,-0.0764903575181961,0.4566967189311981,0.4981171190738678,-0.0984073132276535,0.40229690074920654,0.27448052167892456,-0.026773739606142044,0.3170793950557709,0.27921146154403687,-0.04993376135826111,0.26685571670532227,0.28053805232048035,-0.06453092396259308,0.2242228239774704,0.2741768956184387,-0.07625981420278549,0.40489935874938965,0.2157219499349594,-0.027256449684500694,0.3558325469493866,0.20978128910064697,-0.0682426318526268,0.4177159070968628,0.21629992127418518,-0.07748567312955856,0.46750345826148987,0.2157059609889984,-0.07280943542718887,0.4192105531692505,0.1558327078819275,-0.03191694989800453,0.38145023584365845,0.15230756998062134,-0.06859289854764938,0.44177934527397156,0.16742776334285736,-0.06089303269982338,0.4807268977165222,0.17285391688346863,-0.045652106404304504,0.4408102333545685,0.09797053784132004,-0.03987908735871315,0.4022078812122345,0.09342946112155914,-0.06411504745483398,0.4434202015399933,0.11640383303165436,-0.05565396696329117,0.4745069146156311,0.1256345510482788,-0.04304682835936546,0.0,0.0,0.0,0.0,0.0,0.0,0.0,0.0,0.0,0.0,0.0,0.0,0.0,0.0,0.0,0.0,0.0,0.0,0.0,0.0,0.0,0.0,0.0,0.0,0.0,0.0,0.0,0.0,0.0,0.0,0.0,0.0,0.0,0.0,0.0,0.0,0.0,0.0,0.0,0.0,0.0,0.0,0.0,0.0,0.0,0.0,0.0,0.0,0.0,0.0,0.0,0.0,0.0,0.0,0.0,0.0,0.0,0.0,0.0,0.0,0.0,0.0,0.0
enemy,0.5894628167152405,0.1814248263835907,-5.8828323545867534e-08,0.5602086782455444,0.28024008870124817,-0.03204917535185814,0.5064777135848999,0.3731440603733063,-0.054352205246686935,0.4743276834487915,0.4526357352733612,-0.07734399288892746,0.45680734515190125,0.5152093172073364,-0.10087215155363083,0.4018818140029907,0.28782007098197937,-0.02903132513165474,0.3166469633579254,0.2937088906764984,-0.05287640169262886,0.26650428771972656,0.29536667466163635,-0.06823408603668213,0.22414818406105042,0.28925633430480957,-0.08060024678707123,0.40317755937576294,0.22692365944385529,-0.03081223927438259,0.35716333985328674,0.22596120834350586,-0.0726148709654808,0.4168797731399536,0.23178133368492126,-0.08337169885635376,0.46566158533096313,0.2294744849205017,-0.08036095649003983,0.4160507023334503,0.16630694270133972,-0.03646622225642204,0.3817874491214752,0.17013342678546906,-0.07254965603351593,0.4398929178714752,0.18433138728141785,-0.06588464975357056,0.48016485571861267,0.18805941939353943,-0.05226131156086922,0.43788978457450867,0.10702768713235855,-0.04558161646127701,0.401157408952713,0.10917366296052933,-0.06933101266622543,0.44160425662994385,0.13108493387699127,-0.06109108775854111,0.4748910963535309,0.13865134119987488,-0.048974476754665375,0.0,0.0,0.0,0.0,0.0,0.0,0.0,0.0,0.0,0.0,0.0,0.0,0.0,0.0,0.0,0.0,0.0,0.0,0.0,0.0,0.0,0.0,0.0,0.0,0.0,0.0,0.0,0.0,0.0,0.0,0.0,0.0,0.0,0.0,0.0,0.0,0.0,0.0,0.0,0.0,0.0,0.0,0.0,0.0,0.0,0.0,0.0,0.0,0.0,0.0,0.0,0.0,0.0,0.0,0.0,0.0,0.0,0.0,0.0,0.0,0.0,0.0,0.0
enemy,0.50162273645401,0.19395431876182556,-5.9147303943518637e-08,0.47086548805236816,0.29184022545814514,-0.026552367955446243,0.4192397892475128,0.3752906918525696,-0.050173550844192505,0.3881078064441681,0.4534665048122406,-0.0748530775308609,0.3696942925453186,0.5147796869277954,-0.1010827049612999,0.31214749813079834,0.2858872711658478,-0.03165333718061447,0.2295307219028473,0.28657710552215576,-0.05879827216267586,0.17756739258766174,0.2849448323249817,-0.07684725522994995,0.13458673655986786,0.2778403162956238,-0.09051772952079773,0.3167409598827362,0.22477450966835022,-0.03582512587308884,0.26615971326828003,0.22032316029071808,-0.07445300370454788,0.3283098638057709,0.2371780276298523,-0.08104652911424637,0.3746110200881958,0.24071724712848663,-0.07613229751586914,0.33426806330680847,0.1647534966468811,-0.04336003586649895,0.29532548785209656,0.16554559767246246,-0.07690538465976715,0.3553287982940674,0.18968236446380615,-0.06531646102666855,0.3908364772796631,0.19737625122070312,-0.049664948135614395,0.360569566488266,0.10743750631809235,-0.05356564372777939,0.3207393288612366,0.10627471655607224,-0.07345305383205414,0.36311936378479004,0.1361694484949112,-0.059587739408016205,0.39239588379859924,0.14758838713169098,-0.04483994096517563,0.0,0.0,0.0,0.0,0.0,0.0,0.0,0.0,0.0,0.0,0.0,0.0,0.0,0.0,0.0,0.0,0.0,0.0,0.0,0.0,0.0,0.0,0.0,0.0,0.0,0.0,0.0,0.0,0.0,0.0,0.0,0.0,0.0,0.0,0.0,0.0,0.0,0.0,0.0,0.0,0.0,0.0,0.0,0.0,0.0,0.0,0.0,0.0,0.0,0.0,0.0,0.0,0.0,0.0,0.0,0.0,0.0,0.0,0.0,0.0,0.0,0.0,0.0
enemy,0.4691143035888672,0.22772438824176788,-8.912379456660346e-08,0.4437605142593384,0.3219239413738251,-0.02767128497362137,0.39737504720687866,0.4112626314163208,-0.04940123111009598,0.3709372282028198,0.4864744544029236,-0.07253178209066391,0.35641512274742126,0.5468459725379944,-0.09668456017971039,0.2894023060798645,0.33171963691711426,-0.027617616578936577,0.20594623684883118,0.3427472412586212,-0.05282938852906227,0.15722203254699707,0.3469175696372986,-0.06894604861736298,0.11599618196487427,0.3430233299732208,-0.0812557116150856,0.29024815559387207,0.272638201713562,-0.0314476303756237,0.24020391702651978,0.2775598168373108,-0.07343863695859909,0.30108121037483215,0.28549426794052124,-0.08252868801355362,0.3498497009277344,0.28251299262046814,-0.07806295156478882,0.3034820854663849,0.21296657621860504,-0.03890661522746086,0.264263391494751,0.22082360088825226,-0.0755302757024765,0.32271286845207214,0.23507986962795258,-0.06689970195293427,0.36293289065361023,0.23612894117832184,-0.051353100687265396,0.3253791332244873,0.15346795320510864,-0.049204129725694656,0.28361204266548157,0.15884286165237427,-0.07163292914628983,0.3223452568054199,0.17964966595172882,-0.06108199059963226,0.3538525700569153,0.18451783061027527,-0.04741285741329193,0.0,0.0,0.0,0.0,0.0,0.0,0.0,0.0,0.0,0.0,0.0,0.0,0.0,0.0,0.0,0.0,0.0,0.0,0.0,0.0,0.0,0.0,0.0,0.0,0.0,0.0,0.0,0.0,0.0,0.0,0.0,0.0,0.0,0.0,0.0,0.0,0.0,0.0,0.0,0.0,0.0,0.0,0.0,0.0,0.0,0.0,0.0,0.0,0.0,0.0,0.0,0.0,0.0,0.0,0.0,0.0,0.0,0.0,0.0,0.0,0.0,0.0,0.0
enemy,0.578227162361145,0.29884427785873413,-2.104144556369647e-07,0.5577753186225891,0.3864086866378784,-0.022922098636627197,0.5174992680549622,0.46440839767456055,-0.04189431294798851,0.48572856187820435,0.5101596117019653,-0.06253714859485626,0.46561285853385925,0.5392390489578247,-0.08317600190639496,0.40989625453948975,0.4092347025871277,-0.02275254763662815,0.3368220627307892,0.431820273399353,-0.048994746059179306,0.2939862012863159,0.44566503167152405,-0.06727781146764755,0.2549777030944824,0.4454209506511688,-0.08134697377681732,0.4082428216934204,0.3500106930732727,-0.02788480371236801,0.36585864424705505,0.36757412552833557,-0.06242169439792633,0.42057013511657715,0.38246479630470276,-0.0708429142832756,0.45597177743911743,0.3678307831287384,-0.06999648362398148,0.41602855920791626,0.2932899594306946,-0.036677367985248566,0.3808925449848175,0.3081546127796173,-0.06786715239286423,0.43294644355773926,0.3328743577003479,-0.05819705128669739,0.46400946378707886,0.3249334990978241,-0.045661330223083496,0.4337802231311798,0.23636654019355774,-0.04815130680799484,0.398268461227417,0.24444454908370972,-0.06770940870046616,0.4370356798171997,0.2754881680011749,-0.05626307427883148,0.4680982232093811,0.279397189617157,-0.04381999373435974,0.0,0.0,0.0,0.0,0.0,0.0,0.0,0.0,0.0,0.0,0.0,0.0,0.0,0.0,0.0,0.0,0.0,0.0,0.0,0.0,0.0,0.0,0.0,0.0,0.0,0.0,0.0,0.0,0.0,0.0,0.0,0.0,0.0,0.0,0.0,0.0,0.0,0.0,0.0,0.0,0.0,0.0,0.0,0.0,0.0,0.0,0.0,0.0,0.0,0.0,0.0,0.0,0.0,0.0,0.0,0.0,0.0,0.0,0.0,0.0,0.0,0.0,0.0
enemy,0.6530475616455078,0.35556355118751526,-6.323990220380438e-08,0.6444005966186523,0.4359208047389984,-0.021035412326455116,0.6146857142448425,0.5175080299377441,-0.03810552507638931,0.5996095538139343,0.5810167789459229,-0.05659368634223938,0.5943756699562073,0.6320486664772034,-0.07605528086423874,0.5157279372215271,0.46379613876342773,-0.021265145391225815,0.44738858938217163,0.4804058074951172,-0.04212664067745209,0.40577808022499084,0.4887147545814514,-0.056632526218891144,0.37071093916893005,0.4917788803577423,-0.0678650438785553,0.5132241249084473,0.4152413606643677,-0.02494865469634533,0.4729840159416199,0.4303332567214966,-0.05915181711316109,0.5244242548942566,0.42414093017578125,-0.06690502911806107,0.5641956925392151,0.4104851484298706,-0.06361270695924759,0.5178674459457397,0.3639366924762726,-0.03143323212862015,0.48316988348960876,0.3794786334037781,-0.06072382256388664,0.5354384183883667,0.37945762276649475,-0.052457112818956375,0.5690021514892578,0.371982216835022,-0.039358437061309814,0.5283622145652771,0.3104341924190521,-0.040247268974781036,0.4938494563102722,0.3248550295829773,-0.058641452342271805,0.5306767225265503,0.33695876598358154,-0.0490158386528492,0.5573498010635376,0.33623290061950684,-0.03715983405709267,0.0,0.0,0.0,0.0,0.0,0.0,0.0,0.0,0.0,0.0,0.0,0.0,0.0,0.0,0.0,0.0,0.0,0.0,0.0,0.0,0.0,0.0,0.0,0.0,0.0,0.0,0.0,0.0,0.0,0.0,0.0,0.0,0.0,0.0,0.0,0.0,0.0,0.0,0.0,0.0,0.0,0.0,0.0,0.0,0.0,0.0,0.0,0.0,0.0,0.0,0.0,0.0,0.0,0.0,0.0,0.0,0.0,0.0,0.0,0.0,0.0,0.0,0.0
enemy,0.7635005712509155,0.4640754461288452,-3.747713606117031e-08,0.7527878284454346,0.5416611433029175,-0.02367115207016468,0.7212787866592407,0.6172694563865662,-0.04384809359908104,0.7048564553260803,0.6816928386688232,-0.06522192060947418,0.7011812925338745,0.7316192388534546,-0.08741937577724457,0.6267443895339966,0.5654352903366089,-0.0286174938082695,0.5559088587760925,0.5826908946037292,-0.0541081540286541,0.5134939551353455,0.5927991271018982,-0.0708773285150528,0.4767538607120514,0.5975825190544128,-0.0835060104727745,0.6251602172851562,0.5180765986442566,-0.03240815922617912,0.5900222063064575,0.5360357761383057,-0.07054882496595383,0.6415123343467712,0.529120922088623,-0.07919124513864517,0.6764938235282898,0.5159308910369873,-0.07668117433786392,0.6308577060699463,0.4682319462299347,-0.03921147808432579,0.6013358235359192,0.48692986369132996,-0.06884247809648514,0.6499093770980835,0.4856438934803009,-0.05906488373875618,0.6782351732254028,0.4775352478027344,-0.04543396830558777,0.642723023891449,0.4162440299987793,-0.04898571968078613,0.6095696091651917,0.43132448196411133,-0.06451696157455444,0.6423638463020325,0.44286566972732544,-0.05326126888394356,0.6639933586120605,0.44158387184143066,-0.04105416312813759,0.0,0.0,0.0,0.0,0.0,0.0,0.0,0.0,0.0,0.0,0.0,0.0,0.0,0.0,0.0,0.0,0.0,0.0,0.0,0.0,0.0,0.0,0.0,0.0,0.0,0.0,0.0,0.0,0.0,0.0,0.0,0.0,0.0,0.0,0.0,0.0,0.0,0.0,0.0,0.0,0.0,0.0,0.0,0.0,0.0,0.0,0.0,0.0,0.0,0.0,0.0,0.0,0.0,0.0,0.0,0.0,0.0,0.0,0.0,0.0,0.0,0.0,0.0
enemy,0.6996210217475891,0.37239784002304077,-1.6215211928738427e-07,0.6846761703491211,0.45011016726493835,-0.02186221443116665,0.6410161852836609,0.5311481952667236,-0.0380171462893486,0.612896740436554,0.5925710201263428,-0.05468195676803589,0.5987292528152466,0.6436654329299927,-0.07214134931564331,0.5513578057289124,0.48005878925323486,-0.02384386770427227,0.48336079716682434,0.48953020572662354,-0.04545510187745094,0.4425623416900635,0.4951134920120239,-0.058898311108350754,0.4080294966697693,0.49579790234565735,-0.06941759586334229,0.552645206451416,0.4260634779930115,-0.02812008559703827,0.5128559470176697,0.4338650405406952,-0.06425454467535019,0.5664015412330627,0.4341016709804535,-0.07068196684122086,0.604217529296875,0.4267067015171051,-0.06619466096162796,0.5622699856758118,0.3720703125,-0.035303328186273575,0.5300285816192627,0.3830125033855438,-0.0682828351855278,0.5818399786949158,0.3888702988624573,-0.05789481848478317,0.6133019924163818,0.3863709568977356,-0.04268716275691986,0.5784724354743958,0.31816112995147705,-0.044489458203315735,0.5443238615989685,0.33280083537101746,-0.06468333303928375,0.5827879905700684,0.346599817276001,-0.053761448711156845,0.6085147261619568,0.3473812937736511,-0.04104918614029884,0.0,0.0,0.0,0.0,0.0,0.0,0.0,0.0,0.0,0.0,0.0,0.0,0.0,0.0,0.0,0.0,0.0,0.0,0.0,0.0,0.0,0.0,0.0,0.0,0.0,0.0,0.0,0.0,0.0,0.0,0.0,0.0,0.0,0.0,0.0,0.0,0.0,0.0,0.0,0.0,0.0,0.0,0.0,0.0,0.0,0.0,0.0,0.0,0.0,0.0,0.0,0.0,0.0,0.0,0.0,0.0,0.0,0.0,0.0,0.0,0.0,0.0,0.0
enemy,0.6048513054847717,0.28122183680534363,-6.475821123785863e-08,0.5903604626655579,0.37590089440345764,-0.02451940067112446,0.5594425201416016,0.46264445781707764,-0.04055934026837349,0.5367101430892944,0.5326738953590393,-0.057676613330841064,0.5252096652984619,0.5906691551208496,-0.07519783824682236,0.46856802701950073,0.40441593527793884,-0.012281052768230438,0.4028395414352417,0.423525869846344,-0.029273876920342445,0.3644409775733948,0.4340816140174866,-0.04043062403798103,0.3299950361251831,0.4359074831008911,-0.04946817457675934,0.46470579504966736,0.3527801036834717,-0.013778284192085266,0.41727226972579956,0.3586571216583252,-0.048829637467861176,0.4687238037586212,0.3561422824859619,-0.05833679810166359,0.5113668441772461,0.34544849395751953,-0.05454472079873085,0.4689759612083435,0.30070024728775024,-0.018750930204987526,0.4320257306098938,0.30429497361183167,-0.052864011377096176,0.48390159010887146,0.30832576751708984,-0.04908817261457443,0.5210737586021423,0.30504822731018066,-0.0362548753619194,0.47879278659820557,0.24938172101974487,-0.025766536593437195,0.4429897665977478,0.2551061511039734,-0.04874272644519806,0.48118752241134644,0.26561450958251953,-0.0428374744951725,0.5125771760940552,0.2659837603569031,-0.032122764736413956,0.0,0.0,0.0,0.0,0.0,0.0,0.0,0.0,0.0,0.0,0.0,0.0,0.0,0.0,0.0,0.0,0.0,0.0,0.0,0.0,0.0,0.0,0.0,0.0,0.0,0.0,0.0,0.0,0.0,0.0,0.0,0.0,0.0,0.0,0.0,0.0,0.0,0.0,0.0,0.0,0.0,0.0,0.0,0.0,0.0,0.0,0.0,0.0,0.0,0.0,0.0,0.0,0.0,0.0,0.0,0.0,0.0,0.0,0.0,0.0,0.0,0.0,0.0
enemy,0.5406888127326965,0.20579680800437927,-7.293913029116084e-08,0.5169789791107178,0.2990761995315552,-0.022800011560320854,0.4804343283176422,0.38319164514541626,-0.03782156482338905,0.45218560099601746,0.45299553871154785,-0.054883550852537155,0.43757110834121704,0.5084325671195984,-0.07268209010362625,0.39585840702056885,0.31525853276252747,-0.007638922892510891,0.32555294036865234,0.32530146837234497,-0.02347337082028389,0.2864595949649811,0.3298273980617523,-0.034742265939712524,0.25138038396835327,0.32499510049819946,-0.04454316943883896,0.39481931924819946,0.2643740177154541,-0.01076230313628912,0.34321293234825134,0.26795196533203125,-0.04433600604534149,0.39403703808784485,0.27041828632354736,-0.054685328155756,0.43761271238327026,0.2631528973579407,-0.05243154242634773,0.40207335352897644,0.2112223505973816,-0.01749969646334648,0.3586170971393585,0.21714715659618378,-0.05022743344306946,0.41194623708724976,0.22572088241577148,-0.046731527894735336,0.4512172341346741,0.22269096970558167,-0.034920383244752884,0.4166293144226074,0.1570463478565216,-0.026478003710508347,0.37665581703186035,0.16217362880706787,-0.04889575392007828,0.41376960277557373,0.17776450514793396,-0.04315909743309021,0.4465772211551666,0.17972257733345032,-0.033117134124040604,0.0,0.0,0.0,0.0,0.0,0.0,0.0,0.0,0.0,0.0,0.0,0.0,0.0,0.0,0.0,0.0,0.0,0.0,0.0,0.0,0.0,0.0,0.0,0.0,0.0,0.0,0.0,0.0,0.0,0.0,0.0,0.0,0.0,0.0,0.0,0.0,0.0,0.0,0.0,0.0,0.0,0.0,0.0,0.0,0.0,0.0,0.0,0.0,0.0,0.0,0.0,0.0,0.0,0.0,0.0,0.0,0.0,0.0,0.0,0.0,0.0,0.0,0.0
enemy,0.5648425817489624,0.21770870685577393,-1.1440865677059264e-07,0.539315402507782,0.30542558431625366,-0.021287498995661736,0.5016911029815674,0.385939359664917,-0.03711217641830444,0.4776477515697479,0.4527491331100464,-0.055158570408821106,0.46762457489967346,0.505805253982544,-0.07427804917097092,0.4214017391204834,0.31718307733535767,-0.013635445386171341,0.35361722111701965,0.32964104413986206,-0.0322064608335495,0.3141608238220215,0.33681854605674744,-0.0454276017844677,0.2798271179199219,0.33456090092658997,-0.05618273839354515,0.420505553483963,0.26800864934921265,-0.018325088545680046,0.37196627259254456,0.27507954835891724,-0.05205181613564491,0.4187633693218231,0.28029292821884155,-0.0624857097864151,0.4607277512550354,0.2743167579174042,-0.061224792152643204,0.4280602037906647,0.2174403816461563,-0.026196734979748726,0.38860952854156494,0.22872567176818848,-0.05593476444482803,0.43619027733802795,0.23809388279914856,-0.05165944993495941,0.4740801453590393,0.23459172248840332,-0.04078635573387146,0.442892462015152,0.16552747786045074,-0.03654143959283829,0.40219423174858093,0.17200234532356262,-0.05480073392391205,0.4330390989780426,0.18855828046798706,-0.047212351113557816,0.46440476179122925,0.19218896329402924,-0.03697715699672699,0.0,0.0,0.0,0.0,0.0,0.0,0.0,0.0,0.0,0.0,0.0,0.0,0.0,0.0,0.0,0.0,0.0,0.0,0.0,0.0,0.0,0.0,0.0,0.0,0.0,0.0,0.0,0.0,0.0,0.0,0.0,0.0,0.0,0.0,0.0,0.0,0.0,0.0,0.0,0.0,0.0,0.0,0.0,0.0,0.0,0.0,0.0,0.0,0.0,0.0,0.0,0.0,0.0,0.0,0.0,0.0,0.0,0.0,0.0,0.0,0.0,0.0,0.0
enemy,0.5594385862350464,0.16939908266067505,-1.0565750585556088e-07,0.534926176071167,0.25793758034706116,-0.021789683029055595,0.4981646239757538,0.3363427519798279,-0.03730079531669617,0.4699985086917877,0.3999188244342804,-0.05511733144521713,0.4533938467502594,0.448681116104126,-0.07369101047515869,0.41636326909065247,0.26210546493530273,-0.01170521043241024,0.34594082832336426,0.26833540201187134,-0.029782867059111595,0.3060859441757202,0.27037498354911804,-0.04239778220653534,0.2717941999435425,0.2631604075431824,-0.05250690132379532,0.41589754819869995,0.21249093115329742,-0.015158472582697868,0.370225727558136,0.21908064186573029,-0.049427580088377,0.4184402525424957,0.22421059012413025,-0.06060980632901192,0.46081963181495667,0.21856988966464996,-0.059353191405534744,0.42365291714668274,0.16124622523784637,-0.021906208246946335,0.3868098855018616,0.17120367288589478,-0.05304866284132004,0.43541061878204346,0.18219271302223206,-0.04986990988254547,0.4732222855091095,0.18035003542900085,-0.03894047439098358,0.43791696429252625,0.10995246469974518,-0.031028583645820618,0.398956835269928,0.11422286182641983,-0.05102628841996193,0.4315199553966522,0.1334962546825409,-0.044594231992959976,0.4632241427898407,0.13928014039993286,-0.03442257270216942,0.0,0.0,0.0,0.0,0.0,0.0,0.0,0.0,0.0,0.0,0.0,0.0,0.0,0.0,0.0,0.0,0.0,0.0,0.0,0.0,0.0,0.0,0.0,0.0,0.0,0.0,0.0,0.0,0.0,0.0,0.0,0.0,0.0,0.0,0.0,0.0,0.0,0.0,0.0,0.0,0.0,0.0,0.0,0.0,0.0,0.0,0.0,0.0,0.0,0.0,0.0,0.0,0.0,0.0,0.0,0.0,0.0,0.0,0.0,0.0,0.0,0.0,0.0
enemy,0.5432424545288086,0.1336127668619156,-9.01421515209222e-08,0.5176975131034851,0.2250630259513855,-0.022471822798252106,0.47973594069480896,0.3052968382835388,-0.03980594873428345,0.4530012309551239,0.3700672388076782,-0.05915818735957146,0.433627188205719,0.4208226203918457,-0.07948069274425507,0.39530321955680847,0.22697745263576508,-0.014659215696156025,0.3246784806251526,0.23719993233680725,-0.03405553475022316,0.28257304430007935,0.24040956795215607,-0.04792529717087746,0.24700473248958588,0.2349877804517746,-0.0588623471558094,0.39494892954826355,0.17502360045909882,-0.017972903326153755,0.34669896960258484,0.18319745361804962,-0.05153844878077507,0.3948488235473633,0.19287727773189545,-0.06151473894715309,0.43720513582229614,0.18952776491641998,-0.05992070958018303,0.4023136496543884,0.1222364604473114,-0.024639001116156578,0.36154311895370483,0.13389740884304047,-0.056055739521980286,0.4119936525821686,0.14916662871837616,-0.05129900202155113,0.4515678584575653,0.14837676286697388,-0.03965545818209648,0.41647616028785706,0.06898414343595505,-0.033602792769670486,0.3765254318714142,0.07772359997034073,-0.05495345965027809,0.41157805919647217,0.0988892987370491,-0.04793268069624901,0.4454919099807739,0.10416308790445328,-0.03723103925585747,0.0,0.0,0.0,0.0,0.0,0.0,0.0,0.0,0.0,0.0,0.0,0.0,0.0,0.0,0.0,0.0,0.0,0.0,0.0,0.0,0.0,0.0,0.0,0.0,0.0,0.0,0.0,0.0,0.0,0.0,0.0,0.0,0.0,0.0,0.0,0.0,0.0,0.0,0.0,0.0,0.0,0.0,0.0,0.0,0.0,0.0,0.0,0.0,0.0,0.0,0.0,0.0,0.0,0.0,0.0,0.0,0.0,0.0,0.0,0.0,0.0,0.0,0.0
enemy,0.6306789517402649,0.17413508892059326,-2.1528563376449483e-09,0.6127625703811646,0.27630430459976196,-0.0203670896589756,0.5823224782943726,0.36412137746810913,-0.034457817673683167,0.5615556240081787,0.4413365125656128,-0.05051063001155853,0.548488199710846,0.4985172748565674,-0.06700503081083298,0.4835042655467987,0.3003796637058258,-0.004530749749392271,0.4112760126590729,0.31552624702453613,-0.018167676404118538,0.37045493721961975,0.32210779190063477,-0.028680654242634773,0.33416086435317993,0.3202173411846161,-0.03790536895394325,0.4796310067176819,0.24932578206062317,-0.005824523977935314,0.43403297662734985,0.2534139156341553,-0.03340524062514305,0.49021637439727783,0.24691101908683777,-0.040944889187812805,0.5338023900985718,0.2349572479724884,-0.03756532073020935,0.48510873317718506,0.19446593523025513,-0.010492279194295406,0.4476681351661682,0.1985262781381607,-0.03623654320836067,0.5060743093490601,0.2003622055053711,-0.030230706557631493,0.542020320892334,0.19701936841011047,-0.01839275285601616,0.4962846040725708,0.1420651078224182,-0.017326366156339645,0.46089670062065125,0.14536061882972717,-0.034359268844127655,0.5025694966316223,0.15886735916137695,-0.026333777233958244,0.5314998030662537,0.15991970896720886,-0.015482001006603241,0.0,0.0,0.0,0.0,0.0,0.0,0.0,0.0,0.0,0.0,0.0,0.0,0.0,0.0,0.0,0.0,0.0,0.0,0.0,0.0,0.0,0.0,0.0,0.0,0.0,0.0,0.0,0.0,0.0,0.0,0.0,0.0,0.0,0.0,0.0,0.0,0.0,0.0,0.0,0.0,0.0,0.0,0.0,0.0,0.0,0.0,0.0,0.0,0.0,0.0,0.0,0.0,0.0,0.0,0.0,0.0,0.0,0.0,0.0,0.0,0.0,0.0,0.0
enemy,0.6407172083854675,0.17461909353733063,-3.282287153183461e-08,0.621603786945343,0.27117419242858887,-0.021371182054281235,0.5897383689880371,0.3592571020126343,-0.038165539503097534,0.5691251754760742,0.4310603141784668,-0.05667630955576897,0.5582678318023682,0.4893307089805603,-0.07588761299848557,0.49470722675323486,0.29696890711784363,-0.013055188581347466,0.42714551091194153,0.3132933974266052,-0.02952611818909645,0.3874744474887848,0.32215094566345215,-0.04087655991315842,0.3529145121574402,0.322772353887558,-0.05048448592424393,0.4921879470348358,0.2448795586824417,-0.01673971302807331,0.4455878734588623,0.2485838085412979,-0.04848185554146767,0.49513116478919983,0.2483719140291214,-0.05704295262694359,0.5366422533988953,0.23958717286586761,-0.05438213422894478,0.4988182485103607,0.19136008620262146,-0.023508785292506218,0.46349918842315674,0.19634424149990082,-0.05265353247523308,0.5128763318061829,0.20351675152778625,-0.04759978502988815,0.5489051342010498,0.2011345624923706,-0.03625257685780525,0.5123012661933899,0.13861554861068726,-0.03240517899394035,0.4772051274776459,0.1451404094696045,-0.05104498192667961,0.5120615363121033,0.1601405143737793,-0.043435316532850266,0.5427452921867371,0.16302019357681274,-0.0329749695956707,0.0,0.0,0.0,0.0,0.0,0.0,0.0,0.0,0.0,0.0,0.0,0.0,0.0,0.0,0.0,0.0,0.0,0.0,0.0,0.0,0.0,0.0,0.0,0.0,0.0,0.0,0.0,0.0,0.0,0.0,0.0,0.0,0.0,0.0,0.0,0.0,0.0,0.0,0.0,0.0,0.0,0.0,0.0,0.0,0.0,0.0,0.0,0.0,0.0,0.0,0.0,0.0,0.0,0.0,0.0,0.0,0.0,0.0,0.0,0.0,0.0,0.0,0.0
enemy,0.633668839931488,0.18237291276454926,-2.2797998155965615e-08,0.6181742548942566,0.27945777773857117,-0.021671708673238754,0.5888714790344238,0.36602023243904114,-0.03675496578216553,0.5670543909072876,0.4379601776599884,-0.05359922721982002,0.551658034324646,0.4915211796760559,-0.07101330161094666,0.4949344992637634,0.30370673537254333,-0.008427759632468224,0.42408517003059387,0.32048606872558594,-0.023352283984422684,0.38336288928985596,0.32773298025131226,-0.034208111464977264,0.3480626344680786,0.3253607153892517,-0.043468769639730453,0.4909482002258301,0.2527162432670593,-0.010379357263445854,0.4444710612297058,0.25717693567276,-0.041205208748579025,0.49609145522117615,0.2530364692211151,-0.051132313907146454,0.5400511622428894,0.24211667478084564,-0.0489828996360302,0.4948655962944031,0.19900687038898468,-0.015574398450553417,0.45788973569869995,0.2042986899614334,-0.04504682496190071,0.5117676258087158,0.2080659568309784,-0.04178296774625778,0.5498992800712585,0.204053595662117,-0.030925527215003967,0.504368007183075,0.14639496803283691,-0.022875560447573662,0.46947112679481506,0.15179917216300964,-0.04399392008781433,0.5080906748771667,0.16475015878677368,-0.03872378170490265,0.5401161909103394,0.1657908856868744,-0.02898304909467697,0.0,0.0,0.0,0.0,0.0,0.0,0.0,0.0,0.0,0.0,0.0,0.0,0.0,0.0,0.0,0.0,0.0,0.0,0.0,0.0,0.0,0.0,0.0,0.0,0.0,0.0,0.0,0.0,0.0,0.0,0.0,0.0,0.0,0.0,0.0,0.0,0.0,0.0,0.0,0.0,0.0,0.0,0.0,0.0,0.0,0.0,0.0,0.0,0.0,0.0,0.0,0.0,0.0,0.0,0.0,0.0,0.0,0.0,0.0,0.0,0.0,0.0,0.0
enemy,0.6125611066818237,0.15824905037879944,-2.460997627906636e-08,0.5901678800582886,0.2507146894931793,-0.02293354645371437,0.5545516014099121,0.33433496952056885,-0.04030471295118332,0.530246913433075,0.4048355519771576,-0.059396542608737946,0.5147957801818848,0.4609117805957794,-0.07921954989433289,0.46321290731430054,0.26822733879089355,-0.015108521096408367,0.3941313624382019,0.28034090995788574,-0.0320826955139637,0.35370969772338867,0.2861095666885376,-0.04350658133625984,0.3191613554954529,0.2822602689266205,-0.05310169607400894,0.461082398891449,0.21500925719738007,-0.018121832981705666,0.41404595971107483,0.21204246580600739,-0.05071638897061348,0.4644547998905182,0.21368464827537537,-0.06096801161766052,0.5084565281867981,0.20793640613555908,-0.05921962484717369,0.4684836268424988,0.16071578860282898,-0.02415953390300274,0.4318786859512329,0.16031035780906677,-0.05420009791851044,0.4805798828601837,0.16933958232402802,-0.05154149979352951,0.5186237096786499,0.17038510739803314,-0.04151022806763649,0.4827079176902771,0.10859332978725433,-0.03236527740955353,0.44509610533714294,0.10975280404090881,-0.05297263339161873,0.478636771440506,0.1252172291278839,-0.04749331995844841,0.5114693641662598,0.13104262948036194,-0.038039106875658035,0.0,0.0,0.0,0.0,0.0,0.0,0.0,0.0,0.0,0.0,0.0,0.0,0.0,0.0,0.0,0.0,0.0,0.0,0.0,0.0,0.0,0.0,0.0,0.0,0.0,0.0,0.0,0.0,0.0,0.0,0.0,0.0,0.0,0.0,0.0,0.0,0.0,0.0,0.0,0.0,0.0,0.0,0.0,0.0,0.0,0.0,0.0,0.0,0.0,0.0,0.0,0.0,0.0,0.0,0.0,0.0,0.0,0.0,0.0,0.0,0.0,0.0,0.0
enemy,0.5911022424697876,0.15213105082511902,-6.214341397026146e-08,0.5705382227897644,0.24533283710479736,-0.022429434582591057,0.5369349122047424,0.33021146059036255,-0.038532618433237076,0.5127301812171936,0.39985084533691406,-0.05643438547849655,0.4972395598888397,0.4532320201396942,-0.07523711770772934,0.4455384612083435,0.26096197962760925,-0.01224716566503048,0.37626737356185913,0.2718372941017151,-0.028214775025844574,0.33744972944259644,0.2761870324611664,-0.03926970064640045,0.30365312099456787,0.27171096205711365,-0.048582881689071655,0.44349896907806396,0.20912402868270874,-0.014953224919736385,0.39649444818496704,0.21069365739822388,-0.04609184339642525,0.4466813802719116,0.2113892138004303,-0.05593844875693321,0.4898711144924164,0.20441769063472748,-0.05409657582640648,0.45044243335723877,0.15562306344509125,-0.02080407738685608,0.41297709941864014,0.15947312116622925,-0.050239939242601395,0.46417659521102905,0.1671915203332901,-0.046590954065322876,0.5017454624176025,0.1659119725227356,-0.03579317405819893,0.4642517566680908,0.10300759971141815,-0.02886166423559189,0.42578765749931335,0.10596142709255219,-0.04913598671555519,0.46170154213905334,0.12153234332799911,-0.042788174003362656,0.49394935369491577,0.12565740942955017,-0.03262341767549515,0.0,0.0,0.0,0.0,0.0,0.0,0.0,0.0,0.0,0.0,0.0,0.0,0.0,0.0,0.0,0.0,0.0,0.0,0.0,0.0,0.0,0.0,0.0,0.0,0.0,0.0,0.0,0.0,0.0,0.0,0.0,0.0,0.0,0.0,0.0,0.0,0.0,0.0,0.0,0.0,0.0,0.0,0.0,0.0,0.0,0.0,0.0,0.0,0.0,0.0,0.0,0.0,0.0,0.0,0.0,0.0,0.0,0.0,0.0,0.0,0.0,0.0,0.0
enemy,0.5845180749893188,0.18033131957054138,-9.33165935634861e-08,0.5609860420227051,0.2734910249710083,-0.021572763100266457,0.5263856649398804,0.35965973138809204,-0.03927413374185562,0.5053681135177612,0.43051761388778687,-0.059008464217185974,0.49224936962127686,0.4854317605495453,-0.07992857694625854,0.4368009567260742,0.29007649421691895,-0.014806396327912807,0.36856573820114136,0.3041791617870331,-0.033883485943078995,0.32812803983688354,0.3110065460205078,-0.047407668083906174,0.29262861609458923,0.30934131145477295,-0.05843738093972206,0.43387371301651,0.23716041445732117,-0.019383955746889114,0.38431668281555176,0.24689370393753052,-0.053346868604421616,0.43502622842788696,0.2526714503765106,-0.06280834972858429,0.47830191254615784,0.24604135751724243,-0.060567934066057205,0.4402914047241211,0.18341828882694244,-0.027124160900712013,0.40194466710090637,0.1985524296760559,-0.05705424025654793,0.4532429873943329,0.20967328548431396,-0.05056202411651611,0.4905395209789276,0.20621828734874725,-0.03830131143331528,0.4546876549720764,0.12891262769699097,-0.03718525916337967,0.41586947441101074,0.14200451970100403,-0.05552703142166138,0.45271530747413635,0.16100895404815674,-0.046049393713474274,0.48488131165504456,0.16397671401500702,-0.03439057990908623,0.0,0.0,0.0,0.0,0.0,0.0,0.0,0.0,0.0,0.0,0.0,0.0,0.0,0.0,0.0,0.0,0.0,0.0,0.0,0.0,0.0,0.0,0.0,0.0,0.0,0.0,0.0,0.0,0.0,0.0,0.0,0.0,0.0,0.0,0.0,0.0,0.0,0.0,0.0,0.0,0.0,0.0,0.0,0.0,0.0,0.0,0.0,0.0,0.0,0.0,0.0,0.0,0.0,0.0,0.0,0.0,0.0,0.0,0.0,0.0,0.0,0.0,0.0
enemy,0.5877835750579834,0.17766247689723969,-4.95501986108593e-08,0.5685125589370728,0.2750723659992218,-0.01863730140030384,0.536643385887146,0.359042227268219,-0.031346116214990616,0.5126248598098755,0.4286857843399048,-0.04627056047320366,0.4966299831867218,0.48310261964797974,-0.062040384858846664,0.4428215026855469,0.29236915707588196,-0.0023691742680966854,0.3733038902282715,0.3032264709472656,-0.01600748673081398,0.3338854908943176,0.30750977993011475,-0.02664356306195259,0.29821982979774475,0.30334439873695374,-0.035899970680475235,0.4400421679019928,0.24170289933681488,-0.004745913203805685,0.3915356695652008,0.2481306940317154,-0.033425576984882355,0.44508588314056396,0.2459843009710312,-0.04259394109249115,0.4892536997795105,0.23548196256160736,-0.04008331894874573,0.4450263977050781,0.18843898177146912,-0.010404461994767189,0.4068285822868347,0.19444270431995392,-0.03885439410805702,0.4633737802505493,0.19916211068630219,-0.03547070920467377,0.5009289979934692,0.19476114213466644,-0.02450687810778618,0.45483162999153137,0.1366119384765625,-0.017834382131695747,0.41912153363227844,0.14320185780525208,-0.037794530391693115,0.46005430817604065,0.157039612531662,-0.03214963153004646,0.4908634424209595,0.15648698806762695,-0.022401371970772743,0.0,0.0,0.0,0.0,0.0,0.0,0.0,0.0,0.0,0.0,0.0,0.0,0.0,0.0,0.0,0.0,0.0,0.0,0.0,0.0,0.0,0.0,0.0,0.0,0.0,0.0,0.0,0.0,0.0,0.0,0.0,0.0,0.0,0.0,0.0,0.0,0.0,0.0,0.0,0.0,0.0,0.0,0.0,0.0,0.0,0.0,0.0,0.0,0.0,0.0,0.0,0.0,0.0,0.0,0.0,0.0,0.0,0.0,0.0,0.0,0.0,0.0,0.0
enemy,0.6065300107002258,0.2135983109474182,-3.9703937915192e-08,0.5877914428710938,0.3120383620262146,-0.02028980851173401,0.5561378598213196,0.3981928825378418,-0.03389298915863037,0.5339431166648865,0.4709779620170593,-0.049591079354286194,0.5198506116867065,0.5260052680969238,-0.06612778455018997,0.4627605974674225,0.3341166079044342,-0.0032439660280942917,0.39386117458343506,0.34744107723236084,-0.01645512878894806,0.3553372919559479,0.354148805141449,-0.026524918153882027,0.32012999057769775,0.3522327244281769,-0.035566337406635284,0.4589691162109375,0.28449177742004395,-0.005472017917782068,0.4094874858856201,0.2919594943523407,-0.03401152417063713,0.46312329173088074,0.28828251361846924,-0.042501796036958694,0.5063477158546448,0.27575966715812683,-0.0394766740500927,0.4636416435241699,0.2318316251039505,-0.011199668049812317,0.4257778227329254,0.23957927525043488,-0.039112117141485214,0.48309868574142456,0.2418435662984848,-0.03511028364300728,0.5186969637870789,0.23553676903247833,-0.02395189180970192,0.4736188054084778,0.17904457449913025,-0.018919026479125023,0.4376124441623688,0.18742325901985168,-0.037137825042009354,0.47845855355262756,0.1993534415960312,-0.030241044238209724,0.5071409940719604,0.19716981053352356,-0.02014942280948162,0.0,0.0,0.0,0.0,0.0,0.0,0.0,0.0,0.0,0.0,0.0,0.0,0.0,0.0,0.0,0.0,0.0,0.0,0.0,0.0,0.0,0.0,0.0,0.0,0.0,0.0,0.0,0.0,0.0,0.0,0.0,0.0,0.0,0.0,0.0,0.0,0.0,0.0,0.0,0.0,0.0,0.0,0.0,0.0,0.0,0.0,0.0,0.0,0.0,0.0,0.0,0.0,0.0,0.0,0.0,0.0,0.0,0.0,0.0,0.0,0.0,0.0,0.0
enemy,0.6124674677848816,0.21195754408836365,-4.2756767015816877e-08,0.5965019464492798,0.3058428466320038,-0.024662723764777184,0.5634517073631287,0.39274862408638,-0.04283135011792183,0.5410729646682739,0.46693965792655945,-0.06289836764335632,0.5272037386894226,0.5247204899787903,-0.08397245407104492,0.46913591027259827,0.3296235203742981,-0.01590261235833168,0.3977064788341522,0.34338876605033875,-0.03266206011176109,0.3573155701160431,0.34974998235702515,-0.04462621361017227,0.3216803967952728,0.34801119565963745,-0.054974764585494995,0.4649186134338379,0.2791781723499298,-0.017972012981772423,0.41770321130752563,0.2883882522583008,-0.05086725577712059,0.4691154360771179,0.28267934918403625,-0.0616094246506691,0.5127416253089905,0.270645409822464,-0.06029985472559929,0.46934428811073303,0.22610591351985931,-0.023188071325421333,0.4308728873729706,0.23678666353225708,-0.05228925496339798,0.4844023585319519,0.23607237637043,-0.04859542101621628,0.5221530199050903,0.2295563668012619,-0.03833766654133797,0.4805581271648407,0.17290791869163513,-0.031075363978743553,0.4424852132797241,0.18196231126785278,-0.05116439610719681,0.4791471064090729,0.19261720776557922,-0.04530089721083641,0.509910523891449,0.19242388010025024,-0.035885702818632126,0.0,0.0,0.0,0.0,0.0,0.0,0.0,0.0,0.0,0.0,0.0,0.0,0.0,0.0,0.0,0.0,0.0,0.0,0.0,0.0,0.0,0.0,0.0,0.0,0.0,0.0,0.0,0.0,0.0,0.0,0.0,0.0,0.0,0.0,0.0,0.0,0.0,0.0,0.0,0.0,0.0,0.0,0.0,0.0,0.0,0.0,0.0,0.0,0.0,0.0,0.0,0.0,0.0,0.0,0.0,0.0,0.0,0.0,0.0,0.0,0.0,0.0,0.0
enemy,0.6161705255508423,0.2119532823562622,-8.050746203025483e-08,0.5969669818878174,0.30652424693107605,-0.022634461522102356,0.562609851360321,0.39289724826812744,-0.03998696804046631,0.543411374092102,0.46419715881347656,-0.059253837913274765,0.5350601077079773,0.5212069749832153,-0.0795617550611496,0.4709419906139374,0.3245457112789154,-0.014649503864347935,0.40291139483451843,0.34260886907577515,-0.03360463306307793,0.3625258803367615,0.35167479515075684,-0.04741258546710014,0.3266943693161011,0.35211631655693054,-0.0587322972714901,0.46797674894332886,0.27305155992507935,-0.018750213086605072,0.42089664936065674,0.28657010197639465,-0.05312832072377205,0.4720454216003418,0.28984761238098145,-0.0621667355298996,0.5147338509559631,0.28068217635154724,-0.059512875974178314,0.4744185209274292,0.22007913887500763,-0.0262254998087883,0.43655458092689514,0.23795673251152039,-0.05628608912229538,0.4880274832248688,0.2463177591562271,-0.04921073094010353,0.525406002998352,0.2403797209262848,-0.03638556972146034,0.4883856773376465,0.16568079590797424,-0.03628230467438698,0.44971397519111633,0.1793329119682312,-0.054454054683446884,0.4851967394351959,0.19687804579734802,-0.04484352469444275,0.5165349841117859,0.19905051589012146,-0.03308110684156418,0.0,0.0,0.0,0.0,0.0,0.0,0.0,0.0,0.0,0.0,0.0,0.0,0.0,0.0,0.0,0.0,0.0,0.0,0.0,0.0,0.0,0.0,0.0,0.0,0.0,0.0,0.0,0.0,0.0,0.0,0.0,0.0,0.0,0.0,0.0,0.0,0.0,0.0,0.0,0.0,0.0,0.0,0.0,0.0,0.0,0.0,0.0,0.0,0.0,0.0,0.0,0.0,0.0,0.0,0.0,0.0,0.0,0.0,0.0,0.0,0.0,0.0,0.0
enemy,0.6148293614387512,0.2189742773771286,-6.132704299943725e-08,0.5942455530166626,0.3129845857620239,-0.024251174181699753,0.5590286254882812,0.40078938007354736,-0.04281767085194588,0.5369501113891602,0.4733954071998596,-0.06354330480098724,0.5251964926719666,0.5304498672485352,-0.08542144298553467,0.4648605287075043,0.33272606134414673,-0.015378977172076702,0.3935546875,0.348501980304718,-0.03286843001842499,0.35205700993537903,0.3555249869823456,-0.04562026634812355,0.3164776563644409,0.3530936539173126,-0.05652506276965141,0.46248123049736023,0.2795743942260742,-0.01883791759610176,0.4148627519607544,0.28624477982521057,-0.05297388136386871,0.46443817019462585,0.28619012236595154,-0.0650176927447319,0.5083800554275513,0.2772582471370697,-0.06476540863513947,0.46909576654434204,0.2254454791545868,-0.025512373074889183,0.43140751123428345,0.23742163181304932,-0.05499207600951195,0.48198479413986206,0.2421669065952301,-0.05215494707226753,0.521124005317688,0.23741021752357483,-0.04270575940608978,0.48327258229255676,0.17067083716392517,-0.03486505150794983,0.4445829391479492,0.18119579553604126,-0.05403866246342659,0.47838279604911804,0.19452470541000366,-0.047753289341926575,0.5108588337898254,0.19602641463279724,-0.03835555538535118,0.0,0.0,0.0,0.0,0.0,0.0,0.0,0.0,0.0,0.0,0.0,0.0,0.0,0.0,0.0,0.0,0.0,0.0,0.0,0.0,0.0,0.0,0.0,0.0,0.0,0.0,0.0,0.0,0.0,0.0,0.0,0.0,0.0,0.0,0.0,0.0,0.0,0.0,0.0,0.0,0.0,0.0,0.0,0.0,0.0,0.0,0.0,0.0,0.0,0.0,0.0,0.0,0.0,0.0,0.0,0.0,0.0,0.0,0.0,0.0,0.0,0.0,0.0
enemy,0.6123756170272827,0.22056178748607635,-2.1222668067366612e-08,0.5927285552024841,0.3165740370750427,-0.025237973779439926,0.5578990578651428,0.4044739007949829,-0.04395947977900505,0.5351709127426147,0.4776519536972046,-0.06438474357128143,0.5208070278167725,0.5343663096427917,-0.0855826586484909,0.46137648820877075,0.3400442898273468,-0.016112713143229485,0.390411913394928,0.35362523794174194,-0.032698504626750946,0.34964635968208313,0.35926979780197144,-0.04453549534082413,0.3139339089393616,0.35699203610420227,-0.05484694242477417,0.4592790901660919,0.28794726729393005,-0.018546629697084427,0.41272884607315063,0.28997114300727844,-0.05177145451307297,0.46482619643211365,0.2871835231781006,-0.06259332597255707,0.5092023611068726,0.2789139449596405,-0.0612679086625576,0.46647322177886963,0.23404736816883087,-0.02418643608689308,0.42933139204978943,0.23983453214168549,-0.05344293266534805,0.48216181993484497,0.24332594871520996,-0.049653127789497375,0.5207571387290955,0.24094901978969574,-0.039288267493247986,0.4805760681629181,0.18020614981651306,-0.0325162410736084,0.4423978328704834,0.1845586746931076,-0.05215701833367348,0.47781482338905334,0.19744393229484558,-0.045685894787311554,0.509605348110199,0.2007075846195221,-0.03587425500154495,0.0,0.0,0.0,0.0,0.0,0.0,0.0,0.0,0.0,0.0,0.0,0.0,0.0,0.0,0.0,0.0,0.0,0.0,0.0,0.0,0.0,0.0,0.0,0.0,0.0,0.0,0.0,0.0,0.0,0.0,0.0,0.0,0.0,0.0,0.0,0.0,0.0,0.0,0.0,0.0,0.0,0.0,0.0,0.0,0.0,0.0,0.0,0.0,0.0,0.0,0.0,0.0,0.0,0.0,0.0,0.0,0.0,0.0,0.0,0.0,0.0,0.0,0.0
enemy,0.6098625063896179,0.19588954746723175,-5.798359481445914e-08,0.5899870991706848,0.29396840929985046,-0.02046869695186615,0.5566863417625427,0.37887638807296753,-0.0343855656683445,0.5318536758422852,0.4504178762435913,-0.05066307261586189,0.5165477395057678,0.5059404969215393,-0.06788697838783264,0.462260901927948,0.3116443157196045,-0.0040801106952130795,0.391670823097229,0.32448285818099976,-0.018861370161175728,0.35160452127456665,0.3305674195289612,-0.030189983546733856,0.3156212866306305,0.32726263999938965,-0.0400150865316391,0.4593934416770935,0.2620912492275238,-0.00669295247644186,0.4088003635406494,0.27070483565330505,-0.03655533492565155,0.4625939726829529,0.2684670686721802,-0.04570405185222626,0.5070287585258484,0.2565193772315979,-0.04289603978395462,0.4651658236980438,0.20870238542556763,-0.012844111770391464,0.4255675971508026,0.21854393184185028,-0.041656654328107834,0.4825809895992279,0.22279001772403717,-0.03740179166197777,0.5198445916175842,0.216828852891922,-0.025730416178703308,0.4771089255809784,0.15501782298088074,-0.021152302622795105,0.4386945962905884,0.16345815360546112,-0.040595345199108124,0.47908589243888855,0.17780324816703796,-0.0338851660490036,0.510076105594635,0.17700938880443573,-0.02346852608025074,0.0,0.0,0.0,0.0,0.0,0.0,0.0,0.0,0.0,0.0,0.0,0.0,0.0,0.0,0.0,0.0,0.0,0.0,0.0,0.0,0.0,0.0,0.0,0.0,0.0,0.0,0.0,0.0,0.0,0.0,0.0,0.0,0.0,0.0,0.0,0.0,0.0,0.0,0.0,0.0,0.0,0.0,0.0,0.0,0.0,0.0,0.0,0.0,0.0,0.0,0.0,0.0,0.0,0.0,0.0,0.0,0.0,0.0,0.0,0.0,0.0,0.0,0.0
enemy,0.6064670085906982,0.2425578087568283,-6.016982467826892e-08,0.5861461758613586,0.3341579735279083,-0.02480715699493885,0.5522491931915283,0.42105573415756226,-0.043294508010149,0.5310835242271423,0.4936806261539459,-0.06345410645008087,0.5195302963256836,0.5494036078453064,-0.08438119292259216,0.45800018310546875,0.3573596179485321,-0.016168417409062386,0.38756194710731506,0.37156587839126587,-0.03490413725376129,0.34786751866340637,0.37935617566108704,-0.04758082702755928,0.3129371404647827,0.37712031602859497,-0.05822138488292694,0.4552311599254608,0.305273175239563,-0.01933508738875389,0.40895119309425354,0.30981117486953735,-0.053618643432855606,0.46071842312812805,0.3101540505886078,-0.06338392198085785,0.5025241374969482,0.3003588616847992,-0.06139374151825905,0.46241092681884766,0.25204041600227356,-0.026103340089321136,0.4254181683063507,0.26129356026649475,-0.05629296973347664,0.47779902815818787,0.26820865273475647,-0.05080987140536308,0.5138732194900513,0.2629903256893158,-0.03925158083438873,0.478189080953598,0.19855308532714844,-0.03562426194548607,0.4413006007671356,0.20731642842292786,-0.05472556874155998,0.4774075150489807,0.2242855280637741,-0.0469856821000576,0.5079861879348755,0.2266128659248352,-0.03651951253414154,0.0,0.0,0.0,0.0,0.0,0.0,0.0,0.0,0.0,0.0,0.0,0.0,0.0,0.0,0.0,0.0,0.0,0.0,0.0,0.0,0.0,0.0,0.0,0.0,0.0,0.0,0.0,0.0,0.0,0.0,0.0,0.0,0.0,0.0,0.0,0.0,0.0,0.0,0.0,0.0,0.0,0.0,0.0,0.0,0.0,0.0,0.0,0.0,0.0,0.0,0.0,0.0,0.0,0.0,0.0,0.0,0.0,0.0,0.0,0.0,0.0,0.0,0.0
enemy,0.606367826461792,0.20918188989162445,-6.549588960069741e-08,0.5861863493919373,0.2992377281188965,-0.021672723814845085,0.5528634786605835,0.38091301918029785,-0.03766881301999092,0.530312716960907,0.4482673108577728,-0.05613209307193756,0.5177183747291565,0.5009411573410034,-0.07570220530033112,0.46312958002090454,0.3116189241409302,-0.011079198680818081,0.3940010070800781,0.32238146662712097,-0.0283342394977808,0.3554205894470215,0.3268287181854248,-0.04052720218896866,0.3212658166885376,0.32147693634033203,-0.05060277506709099,0.46098649501800537,0.2633949816226959,-0.014841776341199875,0.4136497676372528,0.27357929944992065,-0.048942212015390396,0.46353182196617126,0.2748153507709503,-0.05994563177227974,0.5061280131340027,0.26460784673690796,-0.05836116150021553,0.466802179813385,0.2128027230501175,-0.021875636652112007,0.4299461543560028,0.2258857935667038,-0.05263496935367584,0.4813644289970398,0.23251529037952423,-0.04936366155743599,0.5195142030715942,0.22667589783668518,-0.03838154673576355,0.47907009720802307,0.16052933037281036,-0.03125227242708206,0.4396347403526306,0.17081356048583984,-0.05099097639322281,0.47364404797554016,0.18591535091400146,-0.04445807263255119,0.5050274729728699,0.18724006414413452,-0.03427334502339363,0.0,0.0,0.0,0.0,0.0,0.0,0.0,0.0,0.0,0.0,0.0,0.0,0.0,0.0,0.0,0.0,0.0,0.0,0.0,0.0,0.0,0.0,0.0,0.0,0.0,0.0,0.0,0.0,0.0,0.0,0.0,0.0,0.0,0.0,0.0,0.0,0.0,0.0,0.0,0.0,0.0,0.0,0.0,0.0,0.0,0.0,0.0,0.0,0.0,0.0,0.0,0.0,0.0,0.0,0.0,0.0,0.0,0.0,0.0,0.0,0.0,0.0,0.0
enemy,0.6082872152328491,0.23189622163772583,-1.0203930145280538e-07,0.5834168195724487,0.324668824672699,-0.02064814791083336,0.5476752519607544,0.4081779718399048,-0.03749888017773628,0.5272051095962524,0.47841697931289673,-0.057041846215724945,0.5181711912155151,0.5334643125534058,-0.0779409185051918,0.46084195375442505,0.33718693256378174,-0.011911236681044102,0.3924039602279663,0.3529485762119293,-0.030493514612317085,0.35250285267829895,0.3602243959903717,-0.04392651095986366,0.3176388740539551,0.3572477698326111,-0.05500933527946472,0.4585028886795044,0.28622713685035706,-0.01750972308218479,0.4088050425052643,0.2984825074672699,-0.05092170462012291,0.4569679796695709,0.3056018352508545,-0.06100643798708916,0.49863436818122864,0.2981756031513214,-0.05960370972752571,0.4654836654663086,0.2339918464422226,-0.026443446055054665,0.425974041223526,0.2527777850627899,-0.05552278459072113,0.47553545236587524,0.2626952826976776,-0.05043152719736099,0.5130389332771301,0.256131649017334,-0.03937631845474243,0.4802868962287903,0.1801609843969345,-0.03784298524260521,0.4408245384693146,0.19749689102172852,-0.05503905937075615,0.47354280948638916,0.2137056291103363,-0.046588145196437836,0.5042955875396729,0.21318882703781128,-0.036090072244405746,0.0,0.0,0.0,0.0,0.0,0.0,0.0,0.0,0.0,0.0,0.0,0.0,0.0,0.0,0.0,0.0,0.0,0.0,0.0,0.0,0.0,0.0,0.0,0.0,0.0,0.0,0.0,0.0,0.0,0.0,0.0,0.0,0.0,0.0,0.0,0.0,0.0,0.0,0.0,0.0,0.0,0.0,0.0,0.0,0.0,0.0,0.0,0.0,0.0,0.0,0.0,0.0,0.0,0.0,0.0,0.0,0.0,0.0,0.0,0.0,0.0,0.0,0.0
enemy,0.6046072244644165,0.222590371966362,-8.649482907685524e-08,0.5836000442504883,0.3136141896247864,-0.022475795820355415,0.5503494739532471,0.39544105529785156,-0.03910813108086586,0.5292577743530273,0.4645874798297882,-0.058081723749637604,0.5174193382263184,0.5184419751167297,-0.0781392902135849,0.4625599682331085,0.3253507912158966,-0.012482787482440472,0.39347001910209656,0.3365524411201477,-0.02949473448097706,0.3543245494365692,0.3431321680545807,-0.041120193898677826,0.320204496383667,0.3400809168815613,-0.050769347697496414,0.4603680372238159,0.2766546308994293,-0.01613098755478859,0.4112212657928467,0.2865690290927887,-0.04972938448190689,0.4598904550075531,0.2901945114135742,-0.060290541499853134,0.502569317817688,0.28117963671684265,-0.058518186211586,0.4665217697620392,0.2257034182548523,-0.02299879491329193,0.42961302399635315,0.24024765193462372,-0.05347071588039398,0.48078712821006775,0.24718040227890015,-0.05014559254050255,0.5188348889350891,0.24060191214084625,-0.03927971422672272,0.47910940647125244,0.1724931299686432,-0.03223563730716705,0.4392576217651367,0.18466806411743164,-0.05156811326742172,0.47219017148017883,0.19907480478286743,-0.04464934766292572,0.5032104253768921,0.1995142102241516,-0.03433113917708397,0.0,0.0,0.0,0.0,0.0,0.0,0.0,0.0,0.0,0.0,0.0,0.0,0.0,0.0,0.0,0.0,0.0,0.0,0.0,0.0,0.0,0.0,0.0,0.0,0.0,0.0,0.0,0.0,0.0,0.0,0.0,0.0,0.0,0.0,0.0,0.0,0.0,0.0,0.0,0.0,0.0,0.0,0.0,0.0,0.0,0.0,0.0,0.0,0.0,0.0,0.0,0.0,0.0,0.0,0.0,0.0,0.0,0.0,0.0,0.0,0.0,0.0,0.0
enemy,0.6094933152198792,0.21932663023471832,-6.689671749882109e-08,0.5877360701560974,0.3155100345611572,-0.020191757008433342,0.5539580583572388,0.4006248116493225,-0.0344063937664032,0.5312179327011108,0.4709586203098297,-0.051529984921216965,0.5173869132995605,0.5254943370819092,-0.0697077289223671,0.46137571334838867,0.3314572870731354,-0.0038565369322896004,0.38975319266319275,0.3427753448486328,-0.018688954412937164,0.3500364124774933,0.3486996591091156,-0.029760481789708138,0.3143633008003235,0.34511029720306396,-0.0394008494913578,0.45830461382865906,0.2829720377922058,-0.007331496104598045,0.4084853231906891,0.2937449812889099,-0.03950478136539459,0.4610830545425415,0.29232633113861084,-0.05026642233133316,0.5058049559593201,0.2801521420478821,-0.04821472615003586,0.463750958442688,0.23144933581352234,-0.014258107170462608,0.4255855679512024,0.2443581223487854,-0.04363822191953659,0.4810270369052887,0.24809440970420837,-0.04062371328473091,0.519364058971405,0.24080803990364075,-0.02976609580218792,0.4756673276424408,0.1787293255329132,-0.023431451991200447,0.436606764793396,0.18928271532058716,-0.042709678411483765,0.4746147394180298,0.2031375765800476,-0.03646150976419449,0.5060772895812988,0.20212961733341217,-0.026409484446048737,0.0,0.0,0.0,0.0,0.0,0.0,0.0,0.0,0.0,0.0,0.0,0.0,0.0,0.0,0.0,0.0,0.0,0.0,0.0,0.0,0.0,0.0,0.0,0.0,0.0,0.0,0.0,0.0,0.0,0.0,0.0,0.0,0.0,0.0,0.0,0.0,0.0,0.0,0.0,0.0,0.0,0.0,0.0,0.0,0.0,0.0,0.0,0.0,0.0,0.0,0.0,0.0,0.0,0.0,0.0,0.0,0.0,0.0,0.0,0.0,0.0,0.0,0.0
enemy,0.6152254343032837,0.2376430630683899,-8.534946971394675e-08,0.5921885967254639,0.33130955696105957,-0.021149715408682823,0.5561105608940125,0.4162704050540924,-0.037402648478746414,0.5341960191726685,0.48396220803260803,-0.05640493333339691,0.5224984884262085,0.5372875332832336,-0.076506108045578,0.4661700427532196,0.3462270498275757,-0.010846043936908245,0.3953319191932678,0.3635014593601227,-0.02828340418636799,0.3539066016674042,0.37098991870880127,-0.041017670184373856,0.31802070140838623,0.3685993254184723,-0.051690321415662766,0.46368491649627686,0.29376575350761414,-0.015599620528519154,0.4173581004142761,0.30610227584838867,-0.04902564361691475,0.4668337404727936,0.3075849115848541,-0.060257717967033386,0.5094127058982849,0.29699233174324036,-0.05951317027211189,0.47000303864479065,0.2403867244720459,-0.02362249605357647,0.4318636655807495,0.2566104531288147,-0.05273931846022606,0.48206356167793274,0.26415687799453735,-0.04876765236258507,0.5210952758789062,0.25788307189941406,-0.03833864629268646,0.4843151271343231,0.1863057017326355,-0.03417222201824188,0.4444580078125,0.20081275701522827,-0.05251915007829666,0.4787377119064331,0.21778333187103271,-0.045290764421224594,0.5120677351951599,0.2193358838558197,-0.035223349928855896,0.0,0.0,0.0,0.0,0.0,0.0,0.0,0.0,0.0,0.0,0.0,0.0,0.0,0.0,0.0,0.0,0.0,0.0,0.0,0.0,0.0,0.0,0.0,0.0,0.0,0.0,0.0,0.0,0.0,0.0,0.0,0.0,0.0,0.0,0.0,0.0,0.0,0.0,0.0,0.0,0.0,0.0,0.0,0.0,0.0,0.0,0.0,0.0,0.0,0.0,0.0,0.0,0.0,0.0,0.0,0.0,0.0,0.0,0.0,0.0,0.0,0.0,0.0
enemy,0.6170123815536499,0.24237778782844543,-5.676897885109611e-08,0.5951063632965088,0.3367285132408142,-0.02496570721268654,0.5606775283813477,0.42337167263031006,-0.04334348440170288,0.5388226509094238,0.49638596177101135,-0.06337115913629532,0.5273222327232361,0.5522958040237427,-0.08408968150615692,0.46412503719329834,0.36021357774734497,-0.016550295054912567,0.3917061984539032,0.3750748336315155,-0.03610512986779213,0.3507019281387329,0.38311418890953064,-0.049182698130607605,0.31463029980659485,0.3810286521911621,-0.05985081195831299,0.46201005578041077,0.30830657482147217,-0.019738366827368736,0.41177284717559814,0.31372877955436707,-0.05450708046555519,0.46454453468322754,0.31401827931404114,-0.06403156369924545,0.5079105496406555,0.3050089478492737,-0.06142734736204147,0.46995940804481506,0.25354626774787903,-0.02659716084599495,0.430997371673584,0.26150447130203247,-0.057377561926841736,0.4833264946937561,0.26815661787986755,-0.05210820585489273,0.5200761556625366,0.264085054397583,-0.040081288665533066,0.48566269874572754,0.1985638439655304,-0.03618195280432701,0.4452662169933319,0.20484086871147156,-0.055219173431396484,0.4797278642654419,0.22103117406368256,-0.047323115170001984,0.5103164315223694,0.22398750483989716,-0.03650539368391037,0.0,0.0,0.0,0.0,0.0,0.0,0.0,0.0,0.0,0.0,0.0,0.0,0.0,0.0,0.0,0.0,0.0,0.0,0.0,0.0,0.0,0.0,0.0,0.0,0.0,0.0,0.0,0.0,0.0,0.0,0.0,0.0,0.0,0.0,0.0,0.0,0.0,0.0,0.0,0.0,0.0,0.0,0.0,0.0,0.0,0.0,0.0,0.0,0.0,0.0,0.0,0.0,0.0,0.0,0.0,0.0,0.0,0.0,0.0,0.0,0.0,0.0,0.0
