move_out,0.4597201347351074,0.3825989067554474,-2.712047830755182e-08,0.532253086566925,0.4263404309749603,0.06279721111059189,0.5863779187202454,0.4244290292263031,0.07286278903484344,0.626807451248169,0.42847058176994324,0.06363502889871597,0.6604098081588745,0.4234849512577057,0.05074141174554825,0.6128120422363281,0.31758183240890503,0.059057120233774185,0.6702898144721985,0.302547425031662,0.057978857308626175,0.7099403142929077,0.2892707586288452,0.05270157754421234,0.7460606694221497,0.2785942852497101,0.04505974054336548,0.6028910875320435,0.31056299805641174,0.012278464622795582,0.6451388597488403,0.38453125953674316,0.004258882720023394,0.6063574552536011,0.41307735443115234,0.00313701038248837,0.5842260718345642,0.40282201766967773,0.003234539646655321,0.5870782136917114,0.31709229946136475,-0.03193356469273567,0.6260613799095154,0.3926836848258972,-0.034144751727581024,0.5883840918540955,0.4143657088279724,-0.023994754999876022,0.5723106265068054,0.3991129696369171,-0.02080126851797104,0.5763316750526428,0.3365970551967621,-0.07220334559679031,0.6023437976837158,0.40078580379486084,-0.06542294472455978,0.5735543966293335,0.4120308756828308,-0.05135371536016464,0.5563060641288757,0.39171046018600464,-0.045773349702358246,0.0,0.0,0.0,0.0,0.0,0.0,0.0,0.0,0.0,0.0,0.0,0.0,0.0,0.0,0.0,0.0,0.0,0.0,0.0,0.0,0.0,0.0,0.0,0.0,0.0,0.0,0.0,0.0,0.0,0.0,0.0,0.0,0.0,0.0,0.0,0.0,0.0,0.0,0.0,0.0,0.0,0.0,0.0,0.0,0.0,0.0,0.0,0.0,0.0,0.0,0.0,0.0,0.0,0.0,0.0,0.0,0.0,0.0,0.0,0.0,0.0,0.0,0.0
move_out,0.3279804587364197,0.5181950330734253,-2.3659063685954607e-07,0.3363707959651947,0.4783947765827179,0.027628924697637558,0.35778823494911194,0.46363216638565063,0.037181247025728226,0.37320590019226074,0.45594656467437744,0.0389745756983757,0.38539940118789673,0.4561571180820465,0.04032306373119354,0.38282328844070435,0.437406450510025,0.034624818712472916,0.3994544446468353,0.4593595266342163,0.038166750222444534,0.3940013349056244,0.4837315082550049,0.03849751502275467,0.3871668577194214,0.49244362115859985,0.037550538778305054,0.402093768119812,0.4469980299472809,0.018372317776083946,0.4174467623233795,0.47124576568603516,0.022346865385770798,0.4092026948928833,0.49516749382019043,0.021071001887321472,0.3985838294029236,0.5060301423072815,0.01932222582399845,0.416756808757782,0.4669729769229889,0.0031182237435132265,0.4231261610984802,0.5088145136833191,0.006920576561242342,0.40693899989128113,0.5300453901290894,0.0067908670753240585,0.3935767710208893,0.5340815782546997,0.004707100335508585,0.4282040297985077,0.49495741724967957,-0.010687487199902534,0.4230976700782776,0.5424282550811768,-0.006380170583724976,0.40799665451049805,0.5540083646774292,-0.0059965443797409534,0.3953399062156677,0.5510599613189697,-0.007100238464772701,0.0,0.0,0.0,0.0,0.0,0.0,0.0,0.0,0.0,0.0,0.0,0.0,0.0,0.0,0.0,0.0,0.0,0.0,0.0,0.0,0.0,0.0,0.0,0.0,0.0,0.0,0.0,0.0,0.0,0.0,0.0,0.0,0.0,0.0,0.0,0.0,0.0,0.0,0.0,0.0,0.0,0.0,0.0,0.0,0.0,0.0,0.0,0.0,0.0,0.0,0.0,0.0,0.0,0.0,0.0,0.0,0.0,0.0,0.0,0.0,0.0,0.0,0.0
move_out,0.27431851625442505,0.42199134826660156,2.2099709440226434e-07,0.3247397840023041,0.41963908076286316,-0.05321989580988884,0.36018770933151245,0.3975569009780884,-0.08595719188451767,0.3287743628025055,0.36354148387908936,-0.11193260550498962,0.28770551085472107,0.331659197807312,-0.13612546026706696,0.3784905672073364,0.2471643090248108,-0.06752368062734604,0.39266934990882874,0.175378680229187,-0.11013712733983994,0.39514896273612976,0.12115024030208588,-0.13974371552467346,0.39781543612480164,0.06343229115009308,-0.16172561049461365,0.33238881826400757,0.2338944971561432,-0.06153636798262596,0.32400715351104736,0.21486596763134003,-0.10382392257452011,0.3099815249443054,0.3052586317062378,-0.11309205740690231,0.31635117530822754,0.3462485671043396,-0.11483506113290787,0.2887701988220215,0.23901213705539703,-0.0616266131401062,0.27538013458251953,0.23059877753257751,-0.10396157205104828,0.2737175524234772,0.31487032771110535,-0.09614979475736618,0.29099041223526,0.3489188253879547,-0.0846424475312233,0.24984313547611237,0.2552247643470764,-0.06670472025871277,0.2379082441329956,0.2592659890651703,-0.09747325628995895,0.24300265312194824,0.32204797863960266,-0.09182886779308319,0.25894302129745483,0.35009127855300903,-0.08319630473852158,0.0,0.0,0.0,0.0,0.0,0.0,0.0,0.0,0.0,0.0,0.0,0.0,0.0,0.0,0.0,0.0,0.0,0.0,0.0,0.0,0.0,0.0,0.0,0.0,0.0,0.0,0.0,0.0,0.0,0.0,0.0,0.0,0.0,0.0,0.0,0.0,0.0,0.0,0.0,0.0,0.0,0.0,0.0,0.0,0.0,0.0,0.0,0.0,0.0,0.0,0.0,0.0,0.0,0.0,0.0,0.0,0.0,0.0,0.0,0.0,0.0,0.0,0.0
move_out,0.6316028237342834,0.38804227113723755,1.9480951607420138e-07,0.6929022073745728,0.44420868158340454,-0.0034373581875115633,0.7565685510635376,0.44606634974479675,-0.01455934438854456,0.8017822504043579,0.42900994420051575,-0.029736943542957306,0.8337135314941406,0.39816805720329285,-0.043644148856401443,0.7973701357841492,0.3327823877334595,-0.015000131912529469,0.8608956336975098,0.33798152208328247,-0.0399230495095253,0.9080739617347717,0.3400801420211792,-0.05684489384293556,0.9472644925117493,0.3366811275482178,-0.06923636049032211,0.7822646498680115,0.30119335651397705,-0.030402055010199547,0.8117952942848206,0.3856970965862274,-0.062335316091775894,0.7717769742012024,0.412969708442688,-0.0668235495686531,0.7502424716949463,0.40207570791244507,-0.06517902761697769,0.7595182061195374,0.29312658309936523,-0.047336477786302567,0.7853868007659912,0.3856118321418762,-0.07557380944490433,0.7475906610488892,0.40584710240364075,-0.06169004738330841,0.7319639921188354,0.3890770673751831,-0.04816029593348503,0.7329921126365662,0.30048882961273193,-0.06570149213075638,0.75251305103302,0.3852146863937378,-0.08111352473497391,0.7251809239387512,0.39739957451820374,-0.06812629103660583,0.7108784317970276,0.37503209710121155,-0.05664104223251343,0.0,0.0,0.0,0.0,0.0,0.0,0.0,0.0,0.0,0.0,0.0,0.0,0.0,0.0,0.0,0.0,0.0,0.0,0.0,0.0,0.0,0.0,0.0,0.0,0.0,0.0,0.0,0.0,0.0,0.0,0.0,0.0,0.0,0.0,0.0,0.0,0.0,0.0,0.0,0.0,0.0,0.0,0.0,0.0,0.0,0.0,0.0,0.0,0.0,0.0,0.0,0.0,0.0,0.0,0.0,0.0,0.0,0.0,0.0,0.0,0.0,0.0,0.0
move_out,0.2651697099208832,0.4431663453578949,-4.3496856960700825e-07,0.20975825190544128,0.41732263565063477,0.005778323393315077,0.17602932453155518,0.3799316883087158,0.001312867272645235,0.17069868743419647,0.3402913212776184,-0.004340875428169966,0.17881593108177185,0.3153218626976013,-0.009355012327432632,0.1505489945411682,0.33635544776916504,-0.02226005308330059,0.1469162106513977,0.29504093527793884,-0.020013494417071342,0.15131093561649323,0.2918461561203003,-0.012909738346934319,0.14892449975013733,0.29162275791168213,-0.009651138447225094,0.17448554933071136,0.3078676164150238,-0.02826090343296528,0.19812725484371185,0.2978008985519409,-0.024904955178499222,0.21355821192264557,0.32024243474006653,-0.020870020613074303,0.2154720425605774,0.3390364944934845,-0.021893564611673355,0.20907558500766754,0.2925521433353424,-0.031027473509311676,0.22918157279491425,0.2838727533817291,-0.029354097321629524,0.24234282970428467,0.30443376302719116,-0.026816440746188164,0.24415323138237,0.3234018385410309,-0.029030857607722282,0.24572569131851196,0.28384676575660706,-0.03252106159925461,0.2503480315208435,0.25637876987457275,-0.03107132576406002,0.24523809552192688,0.2638329565525055,-0.026251886039972305,0.2348398119211197,0.2736482322216034,-0.024305135011672974,0.0,0.0,0.0,0.0,0.0,0.0,0.0,0.0,0.0,0.0,0.0,0.0,0.0,0.0,0.0,0.0,0.0,0.0,0.0,0.0,0.0,0.0,0.0,0.0,0.0,0.0,0.0,0.0,0.0,0.0,0.0,0.0,0.0,0.0,0.0,0.0,0.0,0.0,0.0,0.0,0.0,0.0,0.0,0.0,0.0,0.0,0.0,0.0,0.0,0.0,0.0,0.0,0.0,0.0,0.0,0.0,0.0,0.0,0.0,0.0,0.0,0.0,0.0
move_out,0.5115962624549866,0.4585311710834503,6.323680690201172e-09,0.5503415465354919,0.45104867219924927,0.012768419459462166,0.5954399108886719,0.4437129497528076,0.01601983793079853,0.6326814889907837,0.45026931166648865,0.013974344357848167,0.6583156585693359,0.45814773440361023,0.013697014190256596,0.6260889172554016,0.37832117080688477,0.019131019711494446,0.671929657459259,0.4095984101295471,0.02000836282968521,0.7000342607498169,0.415480375289917,0.020238270983099937,0.7248803973197937,0.4144808351993561,0.01852007955312729,0.6302645802497864,0.38961219787597656,0.006682056467980146,0.6640162467956543,0.46324193477630615,-0.003270655171945691,0.6421533226966858,0.4780072271823883,-0.00789145939052105,0.6242020726203918,0.46778085827827454,-0.007473950739949942,0.6289123892784119,0.414737343788147,-0.004837041720747948,0.6561388373374939,0.48155882954597473,-0.012318268418312073,0.634618878364563,0.4929797351360321,-0.008959279395639896,0.6205517053604126,0.48167383670806885,-0.004055503755807877,0.6254183053970337,0.44904807209968567,-0.015719963237643242,0.6536558866500854,0.492551326751709,-0.01643536612391472,0.6591978073120117,0.5067175626754761,-0.012188127264380455,0.6653842926025391,0.5051342248916626,-0.00814608484506607,0.0,0.0,0.0,0.0,0.0,0.0,0.0,0.0,0.0,0.0,0.0,0.0,0.0,0.0,0.0,0.0,0.0,0.0,0.0,0.0,0.0,0.0,0.0,0.0,0.0,0.0,0.0,0.0,0.0,0.0,0.0,0.0,0.0,0.0,0.0,0.0,0.0,0.0,0.0,0.0,0.0,0.0,0.0,0.0,0.0,0.0,0.0,0.0,0.0,0.0,0.0,0.0,0.0,0.0,0.0,0.0,0.0,0.0,0.0,0.0,0.0,0.0,0.0
move_out,0.3426952660083771,0.5585125684738159,4.1767368230694046e-08,0.37950068712234497,0.5651348233222961,-0.00040505791548639536,0.41809916496276855,0.5510510206222534,-0.002356013748794794,0.4518432319164276,0.5438510775566101,-0.007918283343315125,0.47774335741996765,0.5338889360427856,-0.011641263961791992,0.41004395484924316,0.4655809998512268,0.011897305957973003,0.43916043639183044,0.45682477951049805,0.0030652270652353764,0.45517224073410034,0.4443875253200531,-0.004594787489622831,0.466540664434433,0.426531583070755,-0.010503454133868217,0.41258227825164795,0.46139007806777954,0.004990584682673216,0.4500524401664734,0.5032570362091064,-0.0109647111967206,0.4383775591850281,0.525134265422821,-0.019020333886146545,0.42672455310821533,0.5205230712890625,-0.021225813776254654,0.41614142060279846,0.4728959798812866,-0.0033873675856739283,0.45410409569740295,0.5169726014137268,-0.018357066437602043,0.44057655334472656,0.5365620851516724,-0.018686067312955856,0.42953306436538696,0.5287554264068604,-0.01563977636396885,0.4223293662071228,0.4951648712158203,-0.0121989157050848,0.45148298144340515,0.5404129028320312,-0.02016778104007244,0.4385037422180176,0.5513730049133301,-0.01831616461277008,0.42592138051986694,0.5386837720870972,-0.015571375377476215,0.0,0.0,0.0,0.0,0.0,0.0,0.0,0.0,0.0,0.0,0.0,0.0,0.0,0.0,0.0,0.0,0.0,0.0,0.0,0.0,0.0,0.0,0.0,0.0,0.0,0.0,0.0,0.0,0.0,0.0,0.0,0.0,0.0,0.0,0.0,0.0,0.0,0.0,0.0,0.0,0.0,0.0,0.0,0.0,0.0,0.0,0.0,0.0,0.0,0.0,0.0,0.0,0.0,0.0,0.0,0.0,0.0,0.0,0.0,0.0,0.0,0.0,0.0
move_out,0.425298810005188,0.5350987911224365,1.6807082392489292e-09,0.460152804851532,0.5703100562095642,0.01177346333861351,0.4985669255256653,0.5779315233230591,0.02134650945663452,0.5272168517112732,0.5764819979667664,0.026238394901156425,0.5459214448928833,0.5724726915359497,0.03172443434596062,0.518693745136261,0.49648135900497437,0.036274123936891556,0.5415030717849731,0.5125545263290405,0.0438779853284359,0.5468015670776367,0.5232154130935669,0.04431319236755371,0.5522553324699402,0.5236873030662537,0.043185070157051086,0.52165687084198,0.4816356897354126,0.029899321496486664,0.5372284650802612,0.5209137201309204,0.03373388200998306,0.5226799845695496,0.5419402122497559,0.028324900195002556,0.512037456035614,0.5446760058403015,0.025003882125020027,0.519808828830719,0.4791792333126068,0.023367248475551605,0.5386373996734619,0.517602264881134,0.02382000908255577,0.5243451595306396,0.5378329157829285,0.021176697686314583,0.5128650069236755,0.541637659072876,0.020421143621206284,0.5175017714500427,0.485557496547699,0.017770329490303993,0.5383637547492981,0.5136829018592834,0.02003411203622818,0.5297789573669434,0.5303701162338257,0.023518726229667664,0.5185640454292297,0.5343405604362488,0.026906130835413933,0.0,0.0,0.0,0.0,0.0,0.0,0.0,0.0,0.0,0.0,0.0,0.0,0.0,0.0,0.0,0.0,0.0,0.0,0.0,0.0,0.0,0.0,0.0,0.0,0.0,0.0,0.0,0.0,0.0,0.0,0.0,0.0,0.0,0.0,0.0,0.0,0.0,0.0,0.0,0.0,0.0,0.0,0.0,0.0,0.0,0.0,0.0,0.0,0.0,0.0,0.0,0.0,0.0,0.0,0.0,0.0,0.0,0.0,0.0,0.0,0.0,0.0,0.0
move_out,0.39983931183815,0.4816090762615204,1.2833572426984574e-08,0.42377910017967224,0.4596410095691681,0.007992802187800407,0.4559674859046936,0.44010716676712036,0.007988899014890194,0.4836674928665161,0.4358668327331543,0.003355019725859165,0.5055174827575684,0.4401143789291382,0.00016297258844133466,0.4538269340991974,0.3666251599788666,0.014818794094026089,0.492242693901062,0.35799163579940796,0.00926339440047741,0.5134457349777222,0.3425602912902832,0.003066403092816472,0.5293092727661133,0.32110822200775146,-0.002898766426369548,0.4649619162082672,0.3720135986804962,0.0040078237652778625,0.5051162838935852,0.41312989592552185,-0.008361870422959328,0.49537718296051025,0.43319424986839294,-0.015586428344249725,0.4816538989543915,0.42759570479393005,-0.01831316389143467,0.4753492772579193,0.3914407193660736,-0.006874586455523968,0.5122275948524475,0.43289607763290405,-0.016522927209734917,0.49841082096099854,0.45067426562309265,-0.015797564759850502,0.485455185174942,0.44314512610435486,-0.013795658014714718,0.4855998754501343,0.4187828600406647,-0.01764220930635929,0.5119732022285461,0.4605954587459564,-0.020594896748661995,0.49830129742622375,0.4722287058830261,-0.016757162287831306,0.4841665029525757,0.4632182717323303,-0.013544086366891861,0.0,0.0,0.0,0.0,0.0,0.0,0.0,0.0,0.0,0.0,0.0,0.0,0.0,0.0,0.0,0.0,0.0,0.0,0.0,0.0,0.0,0.0,0.0,0.0,0.0,0.0,0.0,0.0,0.0,0.0,0.0,0.0,0.0,0.0,0.0,0.0,0.0,0.0,0.0,0.0,0.0,0.0,0.0,0.0,0.0,0.0,0.0,0.0,0.0,0.0,0.0,0.0,0.0,0.0,0.0,0.0,0.0,0.0,0.0,0.0,0.0,0.0,0.0
move_out,0.4235551953315735,0.4833526313304901,6.838924093699461e-08,0.45225274562835693,0.4432317912578583,-0.0011992610525339842,0.5047033429145813,0.4221482276916504,-0.007679490838199854,0.5468789339065552,0.42989253997802734,-0.015397006645798683,0.5738021731376648,0.44509357213974,-0.02171369269490242,0.5265588164329529,0.3679882884025574,-0.014071938581764698,0.5837664604187012,0.34422725439071655,-0.029636062681674957,0.622772216796875,0.3209598660469055,-0.040260132402181625,0.6513873338699341,0.29615849256515503,-0.048179350793361664,0.5287339091300964,0.38789600133895874,-0.022962475195527077,0.5828450918197632,0.432090163230896,-0.04191823676228523,0.5692839622497559,0.45173758268356323,-0.04590984806418419,0.5535109043121338,0.4462902545928955,-0.045479193329811096,0.5246108174324036,0.4219524562358856,-0.03146689757704735,0.5691773891448975,0.4649745523929596,-0.044923484325408936,0.5535649657249451,0.47659918665885925,-0.035487107932567596,0.5411489605903625,0.4672453999519348,-0.02742169052362442,0.5155399441719055,0.4596154987812042,-0.040545739233493805,0.5446975231170654,0.49730542302131653,-0.04423888027667999,0.5277313590049744,0.5052475929260254,-0.03231358155608177,0.5131524205207825,0.4965086579322815,-0.02301947958767414,0.0,0.0,0.0,0.0,0.0,0.0,0.0,0.0,0.0,0.0,0.0,0.0,0.0,0.0,0.0,0.0,0.0,0.0,0.0,0.0,0.0,0.0,0.0,0.0,0.0,0.0,0.0,0.0,0.0,0.0,0.0,0.0,0.0,0.0,0.0,0.0,0.0,0.0,0.0,0.0,0.0,0.0,0.0,0.0,0.0,0.0,0.0,0.0,0.0,0.0,0.0,0.0,0.0,0.0,0.0,0.0,0.0,0.0,0.0,0.0,0.0,0.0,0.0
move_out,0.2987114191055298,0.5293281078338623,-1.928177510990281e-07,0.31251025199890137,0.48353517055511475,0.01113202515989542,0.33849334716796875,0.4573817551136017,0.012387716211378574,0.36230629682540894,0.45608192682266235,0.008946271613240242,0.3800426721572876,0.4717724323272705,0.006181070581078529,0.36067575216293335,0.43134593963623047,0.012426524423062801,0.39499688148498535,0.4205775856971741,0.009820133447647095,0.40453067421913147,0.4296249449253082,0.007992872968316078,0.40222299098968506,0.4401196539402008,0.0069377790205180645,0.3744008541107178,0.44738394021987915,0.0022442955523729324,0.39803487062454224,0.47468841075897217,-0.0005323397344909608,0.3866673409938812,0.4907073676586151,-0.0034769405610859394,0.37229183316230774,0.4912867546081543,-0.005400833208113909,0.38487738370895386,0.47274765372276306,-0.007420613430440426,0.405168741941452,0.49888330698013306,-0.00847119465470314,0.3921164572238922,0.511211633682251,-0.006613246630877256,0.3796694278717041,0.5101104378700256,-0.0061340369284152985,0.39235720038414,0.5002214908599854,-0.016600197181105614,0.41063860058784485,0.5234053134918213,-0.014105611480772495,0.39765670895576477,0.5335859656333923,-0.007965858094394207,0.38370954990386963,0.5318915247917175,-0.003572562476620078,0.0,0.0,0.0,0.0,0.0,0.0,0.0,0.0,0.0,0.0,0.0,0.0,0.0,0.0,0.0,0.0,0.0,0.0,0.0,0.0,0.0,0.0,0.0,0.0,0.0,0.0,0.0,0.0,0.0,0.0,0.0,0.0,0.0,0.0,0.0,0.0,0.0,0.0,0.0,0.0,0.0,0.0,0.0,0.0,0.0,0.0,0.0,0.0,0.0,0.0,0.0,0.0,0.0,0.0,0.0,0.0,0.0,0.0,0.0,0.0,0.0,0.0,0.0
move_out,0.17305779457092285,0.5235089063644409,-1.0250333559724822e-07,0.20848436653614044,0.5276126861572266,0.026542138308286667,0.23590430617332458,0.5043923854827881,0.040367767214775085,0.2559778690338135,0.4861234426498413,0.04557279124855995,0.2692550718784332,0.4710874855518341,0.05060577392578125,0.22040466964244843,0.41666239500045776,0.05868222191929817,0.24832826852798462,0.43925076723098755,0.06652741879224777,0.2464352548122406,0.472124308347702,0.06329154968261719,0.23651054501533508,0.48566222190856934,0.06060796231031418,0.22530123591423035,0.4086211621761322,0.04564812779426575,0.2567192018032074,0.43809857964515686,0.05411451309919357,0.2508445084095001,0.4712826907634735,0.04750042036175728,0.23709414899349213,0.48411113023757935,0.04224669560790062,0.23271837830543518,0.41400277614593506,0.03219899907708168,0.26791495084762573,0.44379737973213196,0.03907841816544533,0.26048627495765686,0.475488543510437,0.03497203812003136,0.2460969239473343,0.48862430453300476,0.03111608698964119,0.2432510107755661,0.4284287393093109,0.02049863152205944,0.27378368377685547,0.4613158106803894,0.030302846804261208,0.26551157236099243,0.4856020212173462,0.03458288684487343,0.2505243122577667,0.4954806864261627,0.03627791255712509,0.0,0.0,0.0,0.0,0.0,0.0,0.0,0.0,0.0,0.0,0.0,0.0,0.0,0.0,0.0,0.0,0.0,0.0,0.0,0.0,0.0,0.0,0.0,0.0,0.0,0.0,0.0,0.0,0.0,0.0,0.0,0.0,0.0,0.0,0.0,0.0,0.0,0.0,0.0,0.0,0.0,0.0,0.0,0.0,0.0,0.0,0.0,0.0,0.0,0.0,0.0,0.0,0.0,0.0,0.0,0.0,0.0,0.0,0.0,0.0,0.0,0.0,0.0
move_out,0.3841969966888428,0.3704843819141388,-1.5999290781110176e-08,0.4078941345214844,0.3367624282836914,-0.0020152973011136055,0.44466033577919006,0.31040745973587036,-0.0003917067660950124,0.479513019323349,0.30355721712112427,-0.0003835115348920226,0.5039215087890625,0.3050225079059601,0.0010411408729851246,0.4583446979522705,0.2646038234233856,0.011937415227293968,0.4920675754547119,0.23473599553108215,0.008422303944826126,0.5147706270217896,0.2196844518184662,0.004239191301167011,0.5328526496887207,0.20951853692531586,0.001371731050312519,0.46928122639656067,0.28099751472473145,0.010707643814384937,0.5074304342269897,0.28245168924331665,0.0028457827866077423,0.4985402822494507,0.2978462874889374,-0.002804249757900834,0.486686646938324,0.3057636618614197,-0.0036618923768401146,0.47679534554481506,0.30287110805511475,0.00848027877509594,0.512076735496521,0.30468881130218506,0.0008756686002016068,0.5018212795257568,0.31542930006980896,-0.00012555533612612635,0.4888807237148285,0.32030975818634033,0.0023810702841728926,0.48235324025154114,0.3261653184890747,0.006131988018751144,0.5139554142951965,0.3255167007446289,0.004552525468170643,0.509263813495636,0.3325996696949005,0.007738056126981974,0.49846673011779785,0.3363366723060608,0.011747664771974087,0.0,0.0,0.0,0.0,0.0,0.0,0.0,0.0,0.0,0.0,0.0,0.0,0.0,0.0,0.0,0.0,0.0,0.0,0.0,0.0,0.0,0.0,0.0,0.0,0.0,0.0,0.0,0.0,0.0,0.0,0.0,0.0,0.0,0.0,0.0,0.0,0.0,0.0,0.0,0.0,0.0,0.0,0.0,0.0,0.0,0.0,0.0,0.0,0.0,0.0,0.0,0.0,0.0,0.0,0.0,0.0,0.0,0.0,0.0,0.0,0.0,0.0,0.0
move_out,0.6068591475486755,0.4305171072483063,2.3363789125596668e-08,0.6516746282577515,0.38704752922058105,0.012792875990271568,0.7073346376419067,0.383908748626709,0.014927344396710396,0.7452958822250366,0.4112429916858673,0.01225188747048378,0.7659469842910767,0.44713693857192993,0.010113444179296494,0.7394174337387085,0.35132071375846863,0.01208248920738697,0.7940362691879272,0.37623536586761475,0.007903633639216423,0.828447163105011,0.386644572019577,0.004732006695121527,0.8525648713111877,0.38713282346725464,0.002065720735117793,0.743796706199646,0.3805723190307617,-0.00034812657395377755,0.7863551378250122,0.4441566467285156,-0.0056515648029744625,0.772193431854248,0.46593475341796875,-0.007720189169049263,0.7550157308578491,0.4646047353744507,-0.00817272998392582,0.7397420406341553,0.41911768913269043,-0.012068220414221287,0.777840256690979,0.47700032591819763,-0.014901634305715561,0.7599974274635315,0.48733383417129517,-0.008487253449857235,0.7423303723335266,0.48009371757507324,-0.004152157809585333,0.7317613959312439,0.45911628007888794,-0.023213587701320648,0.7608701586723328,0.5020748376846313,-0.019332200288772583,0.7428738474845886,0.5112226009368896,-0.00903497263789177,0.7242705821990967,0.5052011013031006,-0.001986528281122446,0.0,0.0,0.0,0.0,0.0,0.0,0.0,0.0,0.0,0.0,0.0,0.0,0.0,0.0,0.0,0.0,0.0,0.0,0.0,0.0,0.0,0.0,0.0,0.0,0.0,0.0,0.0,0.0,0.0,0.0,0.0,0.0,0.0,0.0,0.0,0.0,0.0,0.0,0.0,0.0,0.0,0.0,0.0,0.0,0.0,0.0,0.0,0.0,0.0,0.0,0.0,0.0,0.0,0.0,0.0,0.0,0.0,0.0,0.0,0.0,0.0,0.0,0.0
move_out,0.3481947183609009,0.4344330132007599,-2.6147054654757085e-07,0.3752589821815491,0.4148465692996979,0.013647882267832756,0.42322346568107605,0.3930780291557312,0.015837877988815308,0.4661148190498352,0.3932878077030182,0.01346103847026825,0.49230140447616577,0.3947460949420929,0.011687773279845715,0.4597809910774231,0.29814714193344116,0.0036610232200473547,0.5096569061279297,0.26126959919929504,-0.0038312324322760105,0.542169451713562,0.2266031801700592,-0.013143342919647694,0.5675007104873657,0.19584156572818756,-0.022730309516191483,0.4687884449958801,0.31307169795036316,-0.011058444157242775,0.5118116736412048,0.35597094893455505,-0.0221254825592041,0.4910431504249573,0.38133901357650757,-0.0280450526624918,0.47041192650794983,0.3798373341560364,-0.032333873212337494,0.47065410017967224,0.34636515378952026,-0.02399500086903572,0.5120133757591248,0.37948304414749146,-0.03100714460015297,0.4934081733226776,0.3973970115184784,-0.024457907304167747,0.4757063686847687,0.3936629295349121,-0.02144765295088291,0.47346219420433044,0.38734108209609985,-0.03644639253616333,0.5080533623695374,0.4003378748893738,-0.039811089634895325,0.49983713030815125,0.40932443737983704,-0.03237498179078102,0.4917506277561188,0.40560775995254517,-0.02753681130707264,0.0,0.0,0.0,0.0,0.0,0.0,0.0,0.0,0.0,0.0,0.0,0.0,0.0,0.0,0.0,0.0,0.0,0.0,0.0,0.0,0.0,0.0,0.0,0.0,0.0,0.0,0.0,0.0,0.0,0.0,0.0,0.0,0.0,0.0,0.0,0.0,0.0,0.0,0.0,0.0,0.0,0.0,0.0,0.0,0.0,0.0,0.0,0.0,0.0,0.0,0.0,0.0,0.0,0.0,0.0,0.0,0.0,0.0,0.0,0.0,0.0,0.0,0.0
move_out,0.20233958959579468,0.4584832787513733,1.649861047781087e-08,0.23695780336856842,0.4291972815990448,0.0010299173882231116,0.2887847423553467,0.3971737027168274,-0.004052816424518824,0.33615395426750183,0.3806852698326111,-0.011555902659893036,0.3715839087963104,0.3719804286956787,-0.016849974170327187,0.2933042645454407,0.31564775109291077,-0.007241427898406982,0.3455238342285156,0.2668585777282715,-0.020754681900143623,0.37344038486480713,0.2270963042974472,-0.029645027592778206,0.3932582139968872,0.18998292088508606,-0.035693224519491196,0.29950621724128723,0.32443374395370483,-0.01597188599407673,0.3564379811286926,0.35852572321891785,-0.030860187485814095,0.3446286916732788,0.3844095468521118,-0.03500712290406227,0.32952794432640076,0.3837178349494934,-0.03562084585428238,0.303302139043808,0.35061755776405334,-0.024342212826013565,0.3498857915401459,0.39800411462783813,-0.033814169466495514,0.3321899473667145,0.41584300994873047,-0.027361689135432243,0.3182227909564972,0.4070938229560852,-0.022446660324931145,0.30780795216560364,0.38597971200942993,-0.03326866030693054,0.3374131917953491,0.4299691915512085,-0.03418624401092529,0.3200574517250061,0.44183266162872314,-0.02543080598115921,0.30581748485565186,0.4317030906677246,-0.019107714295387268,0.0,0.0,0.0,0.0,0.0,0.0,0.0,0.0,0.0,0.0,0.0,0.0,0.0,0.0,0.0,0.0,0.0,0.0,0.0,0.0,0.0,0.0,0.0,0.0,0.0,0.0,0.0,0.0,0.0,0.0,0.0,0.0,0.0,0.0,0.0,0.0,0.0,0.0,0.0,0.0,0.0,0.0,0.0,0.0,0.0,0.0,0.0,0.0,0.0,0.0,0.0,0.0,0.0,0.0,0.0,0.0,0.0,0.0,0.0,0.0,0.0,0.0,0.0
move_out,0.033632032573223114,0.4866756498813629,2.011794464351624e-07,0.07888288050889969,0.4996018409729004,-0.0018701819935813546,0.11213870346546173,0.4795052111148834,-0.0036550762597471476,0.1341371387243271,0.4505847096443176,-0.004948045592755079,0.14234492182731628,0.42502647638320923,-0.00459266034886241,0.11158966273069382,0.396254301071167,-0.004451972432434559,0.1503898799419403,0.3939703702926636,-0.0033896996174007654,0.15351559221744537,0.4114556610584259,-0.0005719456821680069,0.14514751732349396,0.414817214012146,0.002074207877740264,0.0997348353266716,0.3753839135169983,-0.0032470468431711197,0.14672546088695526,0.3827255070209503,0.0005731933051720262,0.1496092826128006,0.40621984004974365,0.004016839899122715,0.14125418663024902,0.41293030977249146,0.005063014570623636,0.08846497535705566,0.3667067289352417,-0.001757485675625503,0.1365344524383545,0.37175774574279785,0.0009996461449190974,0.137950599193573,0.39956870675086975,0.003217542776837945,0.1277529001235962,0.41196876764297485,0.003220910206437111,0.080189049243927,0.3662663400173187,8.313108264701441e-05,0.11149388551712036,0.3679824471473694,0.002243445487692952,0.11387703567743301,0.3848312199115753,0.00476198922842741,0.10574240982532501,0.3915233910083771,0.006040635053068399,0.0,0.0,0.0,0.0,0.0,0.0,0.0,0.0,0.0,0.0,0.0,0.0,0.0,0.0,0.0,0.0,0.0,0.0,0.0,0.0,0.0,0.0,0.0,0.0,0.0,0.0,0.0,0.0,0.0,0.0,0.0,0.0,0.0,0.0,0.0,0.0,0.0,0.0,0.0,0.0,0.0,0.0,0.0,0.0,0.0,0.0,0.0,0.0,0.0,0.0,0.0,0.0,0.0,0.0,0.0,0.0,0.0,0.0,0.0,0.0,0.0,0.0,0.0
move_out,0.40101322531700134,0.36406585574150085,-1.0712438713866845e-09,0.4442863464355469,0.34493517875671387,0.014966913498938084,0.4873882532119751,0.3318716287612915,0.01450558565557003,0.5268280506134033,0.3333200514316559,0.008711816743016243,0.5574156045913696,0.33591023087501526,0.0036924518644809723,0.49237555265426636,0.24506822228431702,0.00878763385117054,0.5352684855461121,0.22112604975700378,0.001525838510133326,0.5567088723182678,0.19802343845367432,-0.004395153373479843,0.5756349563598633,0.17027626931667328,-0.009255696088075638,0.5028981566429138,0.25594043731689453,-0.005270838271826506,0.5499312877655029,0.3069673478603363,-0.012898228131234646,0.5367192029953003,0.32727301120758057,-0.015094096772372723,0.5231015086174011,0.3192577362060547,-0.015805242583155632,0.507420539855957,0.28263533115386963,-0.018311550840735435,0.5401555895805359,0.3421782851219177,-0.021303361281752586,0.5238288640975952,0.35582658648490906,-0.01790761761367321,0.5115630030632019,0.34360867738723755,-0.016847794875502586,0.5123981833457947,0.3186085820198059,-0.030794057995080948,0.5256386399269104,0.37215301394462585,-0.02798326499760151,0.5085486173629761,0.38114863634109497,-0.022291094064712524,0.49544215202331543,0.3688039481639862,-0.019429873675107956,0.0,0.0,0.0,0.0,0.0,0.0,0.0,0.0,0.0,0.0,0.0,0.0,0.0,0.0,0.0,0.0,0.0,0.0,0.0,0.0,0.0,0.0,0.0,0.0,0.0,0.0,0.0,0.0,0.0,0.0,0.0,0.0,0.0,0.0,0.0,0.0,0.0,0.0,0.0,0.0,0.0,0.0,0.0,0.0,0.0,0.0,0.0,0.0,0.0,0.0,0.0,0.0,0.0,0.0,0.0,0.0,0.0,0.0,0.0,0.0,0.0,0.0,0.0
move_out,0.566693902015686,0.4016954004764557,-8.139123153227956e-09,0.6105973124504089,0.39491143822669983,0.008208677172660828,0.658179759979248,0.3940931260585785,0.007965735159814358,0.6970254182815552,0.4111642837524414,0.003373468527570367,0.725788950920105,0.423927366733551,-0.0004512972664088011,0.684961199760437,0.3104820251464844,0.01055880542844534,0.7248488664627075,0.3010759949684143,0.0025432731490582228,0.7513185739517212,0.285336434841156,-0.006124045234173536,0.7735572457313538,0.2651413679122925,-0.013124765828251839,0.6911449432373047,0.32943862676620483,-0.0012884029420092702,0.7234890460968018,0.3895109295845032,-0.012760081328451633,0.7042698860168457,0.40583178400993347,-0.01919564977288246,0.6886531710624695,0.3948324918746948,-0.021697647869586945,0.6887322664260864,0.35963404178619385,-0.012834950350224972,0.7160403728485107,0.41899630427360535,-0.021610397845506668,0.6952559947967529,0.42861321568489075,-0.017470767721533775,0.6808189153671265,0.41685932874679565,-0.013557945378124714,0.6828312873840332,0.3959827423095703,-0.02427932806313038,0.7020823955535889,0.4432513415813446,-0.027072716504335403,0.68306964635849,0.4505321979522705,-0.019315646961331367,0.6682642698287964,0.44166767597198486,-0.012943008914589882,0.0,0.0,0.0,0.0,0.0,0.0,0.0,0.0,0.0,0.0,0.0,0.0,0.0,0.0,0.0,0.0,0.0,0.0,0.0,0.0,0.0,0.0,0.0,0.0,0.0,0.0,0.0,0.0,0.0,0.0,0.0,0.0,0.0,0.0,0.0,0.0,0.0,0.0,0.0,0.0,0.0,0.0,0.0,0.0,0.0,0.0,0.0,0.0,0.0,0.0,0.0,0.0,0.0,0.0,0.0,0.0,0.0,0.0,0.0,0.0,0.0,0.0,0.0
move_out,0.711401641368866,0.5626599192619324,5.335759922786565e-08,0.7560427188873291,0.5567521452903748,0.009596568532288074,0.8085084557533264,0.5819839835166931,0.010484584607183933,0.8498019576072693,0.625737190246582,0.009486264549195766,0.8764508962631226,0.6562169194221497,0.009257995523512363,0.862593412399292,0.5074872970581055,0.0008459381060674787,0.9272246956825256,0.5050230622291565,-0.0012459778226912022,0.9695230722427368,0.499287873506546,-0.005305930506438017,1.0019311904907227,0.4898597002029419,-0.009719961322844028,0.8622627854347229,0.5364459753036499,-0.00698856171220541,0.8926152586936951,0.6081579327583313,-0.006466197781264782,0.8683460354804993,0.6241717338562012,-0.005991538520902395,0.8528494834899902,0.6126793622970581,-0.007027151063084602,0.8472467064857483,0.5727920532226562,-0.012757230550050735,0.8744237422943115,0.6410515904426575,-0.010488214902579784,0.8503121733665466,0.6436155438423157,-0.0014018034562468529,0.8347676396369934,0.6275108456611633,0.002303137443959713,0.8282263875007629,0.6108896732330322,-0.017692554742097855,0.846150815486908,0.6632092595100403,-0.01031630951911211,0.823813796043396,0.6619059443473816,0.003528999863192439,0.8057399988174438,0.6466805934906006,0.012210343033075333,0.0,0.0,0.0,0.0,0.0,0.0,0.0,0.0,0.0,0.0,0.0,0.0,0.0,0.0,0.0,0.0,0.0,0.0,0.0,0.0,0.0,0.0,0.0,0.0,0.0,0.0,0.0,0.0,0.0,0.0,0.0,0.0,0.0,0.0,0.0,0.0,0.0,0.0,0.0,0.0,0.0,0.0,0.0,0.0,0.0,0.0,0.0,0.0,0.0,0.0,0.0,0.0,0.0,0.0,0.0,0.0,0.0,0.0,0.0,0.0,0.0,0.0,0.0
move_out,0.3555048406124115,0.534423291683197,1.3140533106081875e-08,0.39500024914741516,0.5186775922775269,0.028952669352293015,0.44133925437927246,0.5063970685005188,0.0377664752304554,0.4849487543106079,0.5002644658088684,0.04016458988189697,0.5166140198707581,0.4917192757129669,0.04120095819234848,0.44221651554107666,0.39845025539398193,0.02255558781325817,0.4856750965118408,0.35977837443351746,0.02848462201654911,0.507652997970581,0.329933762550354,0.03044845350086689,0.5251467823982239,0.2988845705986023,0.030175521969795227,0.4553660750389099,0.4068894386291504,0.0077059585601091385,0.50174880027771,0.44617366790771484,0.015518337488174438,0.491081565618515,0.4736226201057434,0.017419757321476936,0.4760018289089203,0.47566431760787964,0.017539670690894127,0.45898473262786865,0.4355526566505432,-0.003961633425205946,0.4908154010772705,0.48885294795036316,0.005787978880107403,0.4731937348842621,0.5096186995506287,0.00871263537555933,0.458469420671463,0.507836103439331,0.006961594335734844,0.46297577023506165,0.47053733468055725,-0.013174058869481087,0.47869986295700073,0.5210090279579163,-4.0401304431725293e-05,0.46113133430480957,0.5365933179855347,0.007575300522148609,0.4461115598678589,0.5343281030654907,0.010350458323955536,0.0,0.0,0.0,0.0,0.0,0.0,0.0,0.0,0.0,0.0,0.0,0.0,0.0,0.0,0.0,0.0,0.0,0.0,0.0,0.0,0.0,0.0,0.0,0.0,0.0,0.0,0.0,0.0,0.0,0.0,0.0,0.0,0.0,0.0,0.0,0.0,0.0,0.0,0.0,0.0,0.0,0.0,0.0,0.0,0.0,0.0,0.0,0.0,0.0,0.0,0.0,0.0,0.0,0.0,0.0,0.0,0.0,0.0,0.0,0.0,0.0,0.0,0.0
move_out,0.23657992482185364,0.5835773944854736,-1.6736616714752017e-07,0.252506822347641,0.5308338403701782,0.029170872643589973,0.28706812858581543,0.5116696357727051,0.037800922989845276,0.3195801377296448,0.5121272802352905,0.03805113211274147,0.34609436988830566,0.5213355422019958,0.03798830881714821,0.2968188524246216,0.4482274651527405,0.0360463447868824,0.3248371481895447,0.4323618710041046,0.042150553315877914,0.33792704343795776,0.42043331265449524,0.04381193220615387,0.3476634621620178,0.4049120247364044,0.04218713194131851,0.31994178891181946,0.45847126841545105,0.017489494755864143,0.3497144877910614,0.49015942215919495,0.02119857631623745,0.3420799672603607,0.5125740170478821,0.019199466332793236,0.33041006326675415,0.513751745223999,0.016579076647758484,0.3359150290489197,0.48664963245391846,0.0006855236133560538,0.3594582676887512,0.5248132348060608,0.004174447152763605,0.3446848392486572,0.5437394976615906,0.004303307738155127,0.33145636320114136,0.5409232378005981,0.0012783096171915531,0.3485501706600189,0.5208384394645691,-0.014362829737365246,0.3545342683792114,0.5683401823043823,-0.009873654693365097,0.33697596192359924,0.5814969539642334,-0.008082603104412556,0.3214428126811981,0.5749841928482056,-0.008766775950789452,0.0,0.0,0.0,0.0,0.0,0.0,0.0,0.0,0.0,0.0,0.0,0.0,0.0,0.0,0.0,0.0,0.0,0.0,0.0,0.0,0.0,0.0,0.0,0.0,0.0,0.0,0.0,0.0,0.0,0.0,0.0,0.0,0.0,0.0,0.0,0.0,0.0,0.0,0.0,0.0,0.0,0.0,0.0,0.0,0.0,0.0,0.0,0.0,0.0,0.0,0.0,0.0,0.0,0.0,0.0,0.0,0.0,0.0,0.0,0.0,0.0,0.0,0.0
move_out,0.16744565963745117,0.626400887966156,-1.620337002350425e-07,0.1764402985572815,0.5825427174568176,0.01542161125689745,0.20211772620677948,0.5561730861663818,0.01724446937441826,0.228043794631958,0.5506195425987244,0.013167968019843102,0.24889448285102844,0.5529336333274841,0.009487642906606197,0.21041995286941528,0.5073325634002686,0.015021120198071003,0.22989872097969055,0.4695182144641876,0.010408063419163227,0.24106380343437195,0.44487765431404114,0.005205406807363033,0.24755805730819702,0.42293301224708557,0.0015119698364287615,0.22910739481449127,0.5137407183647156,0.003260868601500988,0.2549121677875519,0.5370723605155945,-0.0009137159213423729,0.2497730404138565,0.5639874935150146,-0.0061838096007704735,0.23973841965198517,0.5738150477409363,-0.009436064399778843,0.2459082007408142,0.5350196361541748,-0.007351287174969912,0.2680439352989197,0.5658774375915527,-0.009025600738823414,0.2588362395763397,0.5872790217399597,-0.009292186237871647,0.2474697083234787,0.5922802686691284,-0.009971247985959053,0.26371538639068604,0.5608507394790649,-0.017166007310152054,0.2789880931377411,0.5967286229133606,-0.012905026786029339,0.26609349250793457,0.6111180186271667,-0.007929801940917969,0.2516210377216339,0.6108364462852478,-0.004636034835129976,0.0,0.0,0.0,0.0,0.0,0.0,0.0,0.0,0.0,0.0,0.0,0.0,0.0,0.0,0.0,0.0,0.0,0.0,0.0,0.0,0.0,0.0,0.0,0.0,0.0,0.0,0.0,0.0,0.0,0.0,0.0,0.0,0.0,0.0,0.0,0.0,0.0,0.0,0.0,0.0,0.0,0.0,0.0,0.0,0.0,0.0,0.0,0.0,0.0,0.0,0.0,0.0,0.0,0.0,0.0,0.0,0.0,0.0,0.0,0.0,0.0,0.0,0.0
move_out,0.5059028267860413,0.48746615648269653,5.298004523979216e-08,0.5473126173019409,0.48960691690444946,0.012564009055495262,0.5942274332046509,0.500037670135498,0.012432743795216084,0.6321713924407959,0.522987961769104,0.007357615977525711,0.6618021130561829,0.5366684198379517,0.00251771486364305,0.6234297752380371,0.4191035330295563,0.010131779126822948,0.6650266051292419,0.41097989678382874,0.002852017292752862,0.6898972392082214,0.3940848410129547,-0.00435643782839179,0.7132353186607361,0.3734225630760193,-0.010174642316997051,0.6296441555023193,0.4283488392829895,-0.0031315141823142767,0.6664455533027649,0.49832528829574585,-0.0118150869384408,0.6452195644378662,0.5125521421432495,-0.015409036539494991,0.6319352388381958,0.499024897813797,-0.016331421211361885,0.6256694197654724,0.45259028673171997,-0.015639320015907288,0.6535205841064453,0.5275568962097168,-0.021981937810778618,0.6293085813522339,0.5350826978683472,-0.018274489790201187,0.6175134181976318,0.5176975131034851,-0.015554462559521198,0.6196433901786804,0.4879046082496643,-0.02758353389799595,0.6275572776794434,0.5523733496665955,-0.02841109223663807,0.6046975255012512,0.5533271431922913,-0.022248324006795883,0.5925697088241577,0.5345936417579651,-0.01824258826673031,0.0,0.0,0.0,0.0,0.0,0.0,0.0,0.0,0.0,0.0,0.0,0.0,0.0,0.0,0.0,0.0,0.0,0.0,0.0,0.0,0.0,0.0,0.0,0.0,0.0,0.0,0.0,0.0,0.0,0.0,0.0,0.0,0.0,0.0,0.0,0.0,0.0,0.0,0.0,0.0,0.0,0.0,0.0,0.0,0.0,0.0,0.0,0.0,0.0,0.0,0.0,0.0,0.0,0.0,0.0,0.0,0.0,0.0,0.0,0.0,0.0,0.0,0.0
move_out,0.2980542480945587,0.5745346546173096,-2.649141572774738e-09,0.32586273550987244,0.6210213899612427,-0.001276203547604382,0.36496439576148987,0.6250006556510925,0.0016159545630216599,0.3989970088005066,0.619016706943512,0.0036516645923256874,0.4187629818916321,0.605053186416626,0.00731912674382329,0.37944287061691284,0.5503562688827515,0.014729338698089123,0.4031594395637512,0.5847750902175903,0.013764952309429646,0.39022159576416016,0.602722704410553,0.010495573282241821,0.37953925132751465,0.6016098260879517,0.00894863624125719,0.38174986839294434,0.5301363468170166,0.016067663207650185,0.4044298231601715,0.5758487582206726,0.016376905143260956,0.38916081190109253,0.593539834022522,0.013161235488951206,0.3775871992111206,0.5882863998413086,0.011473182588815689,0.3807131350040436,0.523697018623352,0.016310010105371475,0.40338683128356934,0.5689886212348938,0.016066858544945717,0.3877726197242737,0.5849190354347229,0.014615105465054512,0.37557128071784973,0.5804256200790405,0.014193406328558922,0.37876054644584656,0.526818573474884,0.016461847350001335,0.39398884773254395,0.5685692429542542,0.018488947302103043,0.3824595510959625,0.57904452085495,0.020135177299380302,0.3713490664958954,0.5732628107070923,0.021527888253331184,0.0,0.0,0.0,0.0,0.0,0.0,0.0,0.0,0.0,0.0,0.0,0.0,0.0,0.0,0.0,0.0,0.0,0.0,0.0,0.0,0.0,0.0,0.0,0.0,0.0,0.0,0.0,0.0,0.0,0.0,0.0,0.0,0.0,0.0,0.0,0.0,0.0,0.0,0.0,0.0,0.0,0.0,0.0,0.0,0.0,0.0,0.0,0.0,0.0,0.0,0.0,0.0,0.0,0.0,0.0,0.0,0.0,0.0,0.0,0.0,0.0,0.0,0.0
move_out,0.40145474672317505,0.536910891532898,1.210814701835261e-07,0.43613266944885254,0.5775341391563416,0.0008326865499839187,0.47579386830329895,0.5789986252784729,0.00035441367072053254,0.5087243318557739,0.5633130669593811,-0.004481417592614889,0.5283632874488831,0.5394212007522583,-0.009092763997614384,0.4828680753707886,0.5140689611434937,0.02030952274799347,0.5087390542030334,0.5090014338493347,0.01508930791169405,0.5280246138572693,0.5061520338058472,0.011150753125548363,0.5437899827957153,0.49622032046318054,0.008189062587916851,0.47975489497184753,0.49477237462997437,0.013896601274609566,0.5072106122970581,0.5292554497718811,0.0005356340552680194,0.4863125681877136,0.5476624369621277,-0.0046360669657588005,0.4754505455493927,0.5386965274810791,-0.0032986439764499664,0.47704359889030457,0.48509618639945984,0.005620359908789396,0.5041086673736572,0.525719940662384,-0.013523862697184086,0.47933429479599,0.543534517288208,-0.01455078274011612,0.4658697545528412,0.5339402556419373,-0.00885740201920271,0.47450199723243713,0.48294976353645325,-0.0021354039199650288,0.49668148159980774,0.5252671241760254,-0.015405396930873394,0.47794708609580994,0.537319540977478,-0.014642415568232536,0.4650781452655792,0.52593594789505,-0.010583394207060337,0.0,0.0,0.0,0.0,0.0,0.0,0.0,0.0,0.0,0.0,0.0,0.0,0.0,0.0,0.0,0.0,0.0,0.0,0.0,0.0,0.0,0.0,0.0,0.0,0.0,0.0,0.0,0.0,0.0,0.0,0.0,0.0,0.0,0.0,0.0,0.0,0.0,0.0,0.0,0.0,0.0,0.0,0.0,0.0,0.0,0.0,0.0,0.0,0.0,0.0,0.0,0.0,0.0,0.0,0.0,0.0,0.0,0.0,0.0,0.0,0.0,0.0,0.0
move_out,0.4017319083213806,0.3888085186481476,1.2392160897434223e-07,0.4873437285423279,0.3703896999359131,0.030596094205975533,0.523072361946106,0.33876916766166687,0.016234612092375755,0.5475066900253296,0.31358200311660767,-0.009015941992402077,0.5707221031188965,0.27880510687828064,-0.03559006005525589,0.4950447678565979,0.2190532684326172,-0.012629210948944092,0.5322518348693848,0.15240877866744995,-0.04013137146830559,0.555494487285614,0.09823194146156311,-0.05692443624138832,0.5701389908790588,0.054778486490249634,-0.06789244711399078,0.4743170142173767,0.2299828976392746,-0.047776561230421066,0.5422836542129517,0.2677328884601593,-0.06707101315259933,0.5204456448554993,0.3124077618122101,-0.05711047351360321,0.5024991035461426,0.31511205434799194,-0.05041747912764549,0.4567119777202606,0.2574916183948517,-0.08221625536680222,0.5246265530586243,0.3058096468448639,-0.09434255212545395,0.4998006820678711,0.3372679054737091,-0.06924420595169067,0.4796317219734192,0.3263756036758423,-0.05613899603486061,0.44856756925582886,0.29245975613594055,-0.11548201739788055,0.4973747134208679,0.3347705602645874,-0.11374858021736145,0.48008787631988525,0.35598814487457275,-0.0894814282655716,0.459098219871521,0.3440156579017639,-0.07604698091745377,0.0,0.0,0.0,0.0,0.0,0.0,0.0,0.0,0.0,0.0,0.0,0.0,0.0,0.0,0.0,0.0,0.0,0.0,0.0,0.0,0.0,0.0,0.0,0.0,0.0,0.0,0.0,0.0,0.0,0.0,0.0,0.0,0.0,0.0,0.0,0.0,0.0,0.0,0.0,0.0,0.0,0.0,0.0,0.0,0.0,0.0,0.0,0.0,0.0,0.0,0.0,0.0,0.0,0.0,0.0,0.0,0.0,0.0,0.0,0.0,0.0,0.0,0.0
move_out,0.6701041460037231,0.44735008478164673,1.7223926818132895e-07,0.7291351556777954,0.5177562832832336,0.0010414519347250462,0.7893117070198059,0.5340858697891235,-0.007213416509330273,0.8319080471992493,0.542839765548706,-0.01926896534860134,0.8698421120643616,0.5473172664642334,-0.029281964525580406,0.8329054117202759,0.4012823700904846,-0.014526966959238052,0.8994956016540527,0.39318281412124634,-0.03790772333741188,0.9511013031005859,0.3784855008125305,-0.05428655818104744,0.9939290881156921,0.36397695541381836,-0.06652890890836716,0.82053542137146,0.3929843306541443,-0.030823733657598495,0.8558733463287354,0.5023494958877563,-0.06426810473203659,0.8209906816482544,0.514821469783783,-0.07096672803163528,0.801781952381134,0.4944222867488861,-0.06970124691724777,0.8009538054466248,0.4038289785385132,-0.047496967017650604,0.825687825679779,0.5139451026916504,-0.07406686991453171,0.7913545966148376,0.5200912952423096,-0.06288859248161316,0.7781791687011719,0.49820616841316223,-0.050657786428928375,0.7790619134902954,0.43183931708335876,-0.0648806020617485,0.7960706353187561,0.5079413652420044,-0.07736419141292572,0.7731949090957642,0.5140952467918396,-0.06502888351678848,0.7620940804481506,0.49678653478622437,-0.05397936701774597,0.0,0.0,0.0,0.0,0.0,0.0,0.0,0.0,0.0,0.0,0.0,0.0,0.0,0.0,0.0,0.0,0.0,0.0,0.0,0.0,0.0,0.0,0.0,0.0,0.0,0.0,0.0,0.0,0.0,0.0,0.0,0.0,0.0,0.0,0.0,0.0,0.0,0.0,0.0,0.0,0.0,0.0,0.0,0.0,0.0,0.0,0.0,0.0,0.0,0.0,0.0,0.0,0.0,0.0,0.0,0.0,0.0,0.0,0.0,0.0,0.0,0.0,0.0
move_out,0.17900486290454865,0.44222715497016907,4.0184808369758684e-08,0.23433971405029297,0.4030981957912445,-0.01648033782839775,0.2567042112350464,0.3391494154930115,-0.02147800289094448,0.24717578291893005,0.27920156717300415,-0.02581597864627838,0.22631870210170746,0.24103397130966187,-0.02804781310260296,0.23261003196239471,0.2605219781398773,-0.007075875997543335,0.21588557958602905,0.17235897481441498,-0.02942918986082077,0.20310261845588684,0.11498421430587769,-0.04944808781147003,0.19014441967010498,0.06721284985542297,-0.06303329020738602,0.2065887749195099,0.2727334797382355,-0.009626653045415878,0.19954662024974823,0.22969350218772888,-0.03451305255293846,0.2080083191394806,0.26964133977890015,-0.048156749457120895,0.21237163245677948,0.29911404848098755,-0.053804874420166016,0.1821385622024536,0.29208436608314514,-0.015501005575060844,0.18191367387771606,0.2698177099227905,-0.039149314165115356,0.1931716948747635,0.30987080931663513,-0.04037458449602127,0.19850276410579681,0.32939642667770386,-0.03598695620894432,0.1587120145559311,0.3172145485877991,-0.02351473458111286,0.16020894050598145,0.30450743436813354,-0.039369504898786545,0.17169901728630066,0.32976460456848145,-0.036888960748910904,0.17629474401474,0.34174060821533203,-0.03155854716897011,0.0,0.0,0.0,0.0,0.0,0.0,0.0,0.0,0.0,0.0,0.0,0.0,0.0,0.0,0.0,0.0,0.0,0.0,0.0,0.0,0.0,0.0,0.0,0.0,0.0,0.0,0.0,0.0,0.0,0.0,0.0,0.0,0.0,0.0,0.0,0.0,0.0,0.0,0.0,0.0,0.0,0.0,0.0,0.0,0.0,0.0,0.0,0.0,0.0,0.0,0.0,0.0,0.0,0.0,0.0,0.0,0.0,0.0,0.0,0.0,0.0,0.0,0.0
move_out,0.29246318340301514,0.4089810848236084,1.1864320725862854e-07,0.3394441604614258,0.40962478518486023,-0.0075097098015248775,0.383897989988327,0.3708290457725525,-0.011625380255281925,0.40743449330329895,0.3275396227836609,-0.01840359903872013,0.4169042706489563,0.2856731414794922,-0.024331042543053627,0.3806808292865753,0.303240031003952,0.0048262025229632854,0.40658947825431824,0.2670755982398987,-0.007907685823738575,0.42583274841308594,0.24258878827095032,-0.017807047814130783,0.43946072459220886,0.2171383798122406,-0.025447599589824677,0.36205363273620605,0.2895500957965851,-0.000738561968319118,0.39253222942352295,0.2947547435760498,-0.02387222647666931,0.3789617419242859,0.33352136611938477,-0.0322253480553627,0.36343854665756226,0.3433421850204468,-0.033110443502664566,0.3426600396633148,0.2828301191329956,-0.008546718396246433,0.37529823184013367,0.2943507730960846,-0.03428449109196663,0.3606320023536682,0.33479636907577515,-0.030791813507676125,0.3454955220222473,0.3432925343513489,-0.022033100947737694,0.3223141133785248,0.2822774648666382,-0.016985947266221046,0.3562227487564087,0.2982298731803894,-0.034490589052438736,0.3484468460083008,0.32810041308403015,-0.030481873080134392,0.33729588985443115,0.3332003951072693,-0.02379310317337513,0.0,0.0,0.0,0.0,0.0,0.0,0.0,0.0,0.0,0.0,0.0,0.0,0.0,0.0,0.0,0.0,0.0,0.0,0.0,0.0,0.0,0.0,0.0,0.0,0.0,0.0,0.0,0.0,0.0,0.0,0.0,0.0,0.0,0.0,0.0,0.0,0.0,0.0,0.0,0.0,0.0,0.0,0.0,0.0,0.0,0.0,0.0,0.0,0.0,0.0,0.0,0.0,0.0,0.0,0.0,0.0,0.0,0.0,0.0,0.0,0.0,0.0,0.0
move_out,0.46180611848831177,0.3975124955177307,-4.87366458301608e-09,0.5170783996582031,0.4165206253528595,-0.003860627766698599,0.5686610341072083,0.3913147449493408,-0.00815609097480774,0.6000176668167114,0.36042991280555725,-0.015411206521093845,0.6211583614349365,0.32786282896995544,-0.021683014929294586,0.5832898020744324,0.30769142508506775,-0.0005073552601970732,0.6165156364440918,0.26538074016571045,-0.015554055571556091,0.6406002044677734,0.2336561381816864,-0.027975883334875107,0.6605330109596252,0.20109136402606964,-0.03763008117675781,0.5667824745178223,0.28786835074424744,-0.008683641441166401,0.5944156646728516,0.3182721734046936,-0.02859782800078392,0.5728168487548828,0.3574671745300293,-0.0356011763215065,0.5581340193748474,0.3623502254486084,-0.03780597075819969,0.5469977855682373,0.28219711780548096,-0.01818986050784588,0.5763574838638306,0.32337215542793274,-0.038674723356962204,0.5545358061790466,0.3580329120159149,-0.03256337717175484,0.5399929285049438,0.35700345039367676,-0.024784807115793228,0.525253415107727,0.28677359223365784,-0.02855386771261692,0.5553457140922546,0.32271242141723633,-0.042291268706321716,0.5400462746620178,0.34843963384628296,-0.03516704589128494,0.5261198878288269,0.3454660475254059,-0.027408108115196228,0.0,0.0,0.0,0.0,0.0,0.0,0.0,0.0,0.0,0.0,0.0,0.0,0.0,0.0,0.0,0.0,0.0,0.0,0.0,0.0,0.0,0.0,0.0,0.0,0.0,0.0,0.0,0.0,0.0,0.0,0.0,0.0,0.0,0.0,0.0,0.0,0.0,0.0,0.0,0.0,0.0,0.0,0.0,0.0,0.0,0.0,0.0,0.0,0.0,0.0,0.0,0.0,0.0,0.0,0.0,0.0,0.0,0.0,0.0,0.0,0.0,0.0,0.0
move_out,0.5490989089012146,0.36303645372390747,8.632705572608756e-08,0.6058362722396851,0.3949836194515228,-0.009093387983739376,0.66010981798172,0.38296788930892944,-0.019535718485713005,0.6968201994895935,0.35696110129356384,-0.033079780638217926,0.7239788770675659,0.3258741796016693,-0.04549377039074898,0.6910556554794312,0.2964138686656952,-0.01168043352663517,0.7438309788703918,0.24830999970436096,-0.031868137419223785,0.7787971496582031,0.21698109805583954,-0.04753648117184639,0.8061129450798035,0.18960757553577423,-0.058928243815898895,0.6726425290107727,0.27172335982322693,-0.020491205155849457,0.700933575630188,0.301948606967926,-0.04951838403940201,0.6772741079330444,0.337257981300354,-0.059606075286865234,0.6584472060203552,0.34570398926734924,-0.06212267279624939,0.6497376561164856,0.25935181975364685,-0.030693525448441505,0.6769965887069702,0.3031044602394104,-0.05740051344037056,0.6516057252883911,0.333683043718338,-0.050394147634506226,0.6323502063751221,0.33602023124694824,-0.040443651378154755,0.62428879737854,0.25691574811935425,-0.042203061282634735,0.6500916481018066,0.2960320711135864,-0.05912115424871445,0.6319887042045593,0.3221091330051422,-0.050323184579610825,0.6159762740135193,0.3244779407978058,-0.04008612409234047,0.0,0.0,0.0,0.0,0.0,0.0,0.0,0.0,0.0,0.0,0.0,0.0,0.0,0.0,0.0,0.0,0.0,0.0,0.0,0.0,0.0,0.0,0.0,0.0,0.0,0.0,0.0,0.0,0.0,0.0,0.0,0.0,0.0,0.0,0.0,0.0,0.0,0.0,0.0,0.0,0.0,0.0,0.0,0.0,0.0,0.0,0.0,0.0,0.0,0.0,0.0,0.0,0.0,0.0,0.0,0.0,0.0,0.0,0.0,0.0,0.0,0.0,0.0
move_out,0.5895102024078369,0.3637133538722992,1.0542773054567078e-07,0.6390215158462524,0.3940063416957855,-0.00634191557765007,0.6925981044769287,0.3839351236820221,-0.013211569748818874,0.7311919927597046,0.3639035224914551,-0.022721344605088234,0.7611894607543945,0.3413291573524475,-0.03139225021004677,0.7237116098403931,0.31122979521751404,-0.006709516979753971,0.7713332176208496,0.27527934312820435,-0.02209380827844143,0.8058843612670898,0.2526858448982239,-0.03438953682780266,0.8330005407333374,0.23259800672531128,-0.04382874071598053,0.7104049324989319,0.2876553535461426,-0.013390631414949894,0.7350572347640991,0.3232400119304657,-0.03427271917462349,0.7131900191307068,0.3546575903892517,-0.04095097631216049,0.695231556892395,0.3588607907295227,-0.042980678379535675,0.6914815902709961,0.2748921513557434,-0.021157437935471535,0.7170348763465881,0.31756630539894104,-0.04105052724480629,0.6941485404968262,0.3441317677497864,-0.03405456990003586,0.6766530275344849,0.34467312693595886,-0.026009920984506607,0.6695238351821899,0.2717517018318176,-0.03000073879957199,0.6904488801956177,0.3114749491214752,-0.04341777041554451,0.6736899614334106,0.3332149088382721,-0.03644617646932602,0.6592909097671509,0.3319525718688965,-0.0286689605563879,0.0,0.0,0.0,0.0,0.0,0.0,0.0,0.0,0.0,0.0,0.0,0.0,0.0,0.0,0.0,0.0,0.0,0.0,0.0,0.0,0.0,0.0,0.0,0.0,0.0,0.0,0.0,0.0,0.0,0.0,0.0,0.0,0.0,0.0,0.0,0.0,0.0,0.0,0.0,0.0,0.0,0.0,0.0,0.0,0.0,0.0,0.0,0.0,0.0,0.0,0.0,0.0,0.0,0.0,0.0,0.0,0.0,0.0,0.0,0.0,0.0,0.0,0.0
move_out,0.4166352152824402,0.3358410894870758,8.867360179465322e-08,0.4555833637714386,0.3364025056362152,-0.003665367839857936,0.495987206697464,0.3089323043823242,-0.0053709642961621284,0.5188225507736206,0.274726927280426,-0.009462055750191212,0.5294780731201172,0.24401743710041046,-0.01342078484594822,0.5064873695373535,0.2539108991622925,0.004776850342750549,0.5300047397613525,0.22950834035873413,-0.006940992083400488,0.5409396886825562,0.24190494418144226,-0.01721738651394844,0.5438029766082764,0.2575174868106842,-0.02339012548327446,0.49061405658721924,0.24157804250717163,0.00020745348592754453,0.5120584964752197,0.21882958710193634,-0.011383798904716969,0.511319100856781,0.24906358122825623,-0.018044190481305122,0.502569854259491,0.27312812209129333,-0.021213695406913757,0.47173184156417847,0.23299208283424377,-0.006287739146500826,0.4933930039405823,0.2182798683643341,-0.019539685919880867,0.4904051721096039,0.25033339858055115,-0.018509207293391228,0.48023897409439087,0.27130115032196045,-0.015174477361142635,0.4499484598636627,0.22899885475635529,-0.013310776092112064,0.4727029502391815,0.22176393866539001,-0.022515645250678062,0.471038818359375,0.2463371604681015,-0.01917276158928871,0.46143949031829834,0.26244357228279114,-0.014922430738806725,0.0,0.0,0.0,0.0,0.0,0.0,0.0,0.0,0.0,0.0,0.0,0.0,0.0,0.0,0.0,0.0,0.0,0.0,0.0,0.0,0.0,0.0,0.0,0.0,0.0,0.0,0.0,0.0,0.0,0.0,0.0,0.0,0.0,0.0,0.0,0.0,0.0,0.0,0.0,0.0,0.0,0.0,0.0,0.0,0.0,0.0,0.0,0.0,0.0,0.0,0.0,0.0,0.0,0.0,0.0,0.0,0.0,0.0,0.0,0.0,0.0,0.0,0.0
move_out,0.2656368613243103,0.4228108823299408,1.1127919918862972e-07,0.3050253987312317,0.4204897880554199,-0.007343568839132786,0.340907484292984,0.38252493739128113,-0.010512028820812702,0.3581967353820801,0.34091994166374207,-0.0148159833624959,0.36347904801368713,0.30542829632759094,-0.0184877198189497,0.33750343322753906,0.3156348466873169,-0.0005243370542302728,0.35509395599365234,0.2713626027107239,-0.01082584634423256,0.3694392442703247,0.24127927422523499,-0.01906375028192997,0.38100647926330566,0.21460749208927155,-0.025458557531237602,0.321060448884964,0.30526626110076904,-0.0043935575522482395,0.34904372692108154,0.3103890120983124,-0.01961619034409523,0.34062784910202026,0.34781521558761597,-0.02455252781510353,0.328641802072525,0.36115020513534546,-0.02492218278348446,0.30289214849472046,0.3057350516319275,-0.009743615984916687,0.3318222761154175,0.32362428307533264,-0.028222236782312393,0.3194529712200165,0.35958725214004517,-0.0249103344976902,0.3065648078918457,0.36682194471359253,-0.01839974895119667,0.2839522063732147,0.3139544725418091,-0.015639735385775566,0.3103535771369934,0.3318418860435486,-0.02873937226831913,0.3015464246273041,0.35813000798225403,-0.024288564920425415,0.28939419984817505,0.36182039976119995,-0.01833442971110344,0.0,0.0,0.0,0.0,0.0,0.0,0.0,0.0,0.0,0.0,0.0,0.0,0.0,0.0,0.0,0.0,0.0,0.0,0.0,0.0,0.0,0.0,0.0,0.0,0.0,0.0,0.0,0.0,0.0,0.0,0.0,0.0,0.0,0.0,0.0,0.0,0.0,0.0,0.0,0.0,0.0,0.0,0.0,0.0,0.0,0.0,0.0,0.0,0.0,0.0,0.0,0.0,0.0,0.0,0.0,0.0,0.0,0.0,0.0,0.0,0.0,0.0,0.0
move_out,0.36797720193862915,0.5108380913734436,3.370110235323409e-08,0.4073648154735565,0.5429248213768005,0.0035949344746768475,0.44928669929504395,0.5414311289787292,0.005728390067815781,0.480131596326828,0.5292888283729553,0.002692881738767028,0.502856433391571,0.5109817981719971,0.00018596382869873196,0.46139779686927795,0.48629000782966614,0.025706157088279724,0.48875248432159424,0.4804195761680603,0.01900966465473175,0.5060480833053589,0.478670209646225,0.013926345854997635,0.5191935896873474,0.47237086296081543,0.010999513790011406,0.45684245228767395,0.4723772704601288,0.017437493428587914,0.48496440052986145,0.4990646541118622,0.0027466595638543367,0.4640458822250366,0.5136221051216125,-0.0028156146872788668,0.45469099283218384,0.507915735244751,-0.0012923174072057009,0.45172885060310364,0.46168994903564453,0.006895305588841438,0.4776938855648041,0.49555712938308716,-0.013542374595999718,0.4514954090118408,0.5099519491195679,-0.013266339898109436,0.4403816759586334,0.5017817616462708,-0.006367139983922243,0.44473305344581604,0.45463740825653076,-0.003042398253455758,0.46739813685417175,0.48863425850868225,-0.016234762966632843,0.44749563932418823,0.5007581114768982,-0.01297588087618351,0.4363076686859131,0.4925774335861206,-0.00681163277477026,0.0,0.0,0.0,0.0,0.0,0.0,0.0,0.0,0.0,0.0,0.0,0.0,0.0,0.0,0.0,0.0,0.0,0.0,0.0,0.0,0.0,0.0,0.0,0.0,0.0,0.0,0.0,0.0,0.0,0.0,0.0,0.0,0.0,0.0,0.0,0.0,0.0,0.0,0.0,0.0,0.0,0.0,0.0,0.0,0.0,0.0,0.0,0.0,0.0,0.0,0.0,0.0,0.0,0.0,0.0,0.0,0.0,0.0,0.0,0.0,0.0,0.0,0.0
move_out,0.439357727766037,0.4658196270465851,7.079832187173452e-08,0.48024067282676697,0.49830231070518494,0.004269219469279051,0.5171673893928528,0.5014876127243042,0.0071786739863455296,0.5429511070251465,0.491181343793869,0.0057573094964027405,0.5611022114753723,0.47464632987976074,0.0055065397173166275,0.5380240082740784,0.46724069118499756,0.028107577934861183,0.5636009573936462,0.4664493799209595,0.02568281814455986,0.5725978016853333,0.4669782519340515,0.0219309963285923,0.5749669075012207,0.4611743092536926,0.02103356644511223,0.5349118709564209,0.44536545872688293,0.0212746262550354,0.5664945244789124,0.4417440891265869,0.019123045727610588,0.5755369067192078,0.43910038471221924,0.014704156666994095,0.5836640000343323,0.43040651082992554,0.013632896356284618,0.5287958383560181,0.4282152056694031,0.011943415738642216,0.540864884853363,0.4493682086467743,0.003158602397888899,0.5244311094284058,0.4622981548309326,-0.0007058294722810388,0.5150315165519714,0.4620690643787384,0.00048433776828460395,0.520642101764679,0.41596147418022156,0.002739062299951911,0.5272817611694336,0.4425605237483978,-0.0023476434871554375,0.5149698257446289,0.4540480971336365,-0.0016948665725067258,0.5075764060020447,0.4520111680030823,0.0009169176337309182,0.0,0.0,0.0,0.0,0.0,0.0,0.0,0.0,0.0,0.0,0.0,0.0,0.0,0.0,0.0,0.0,0.0,0.0,0.0,0.0,0.0,0.0,0.0,0.0,0.0,0.0,0.0,0.0,0.0,0.0,0.0,0.0,0.0,0.0,0.0,0.0,0.0,0.0,0.0,0.0,0.0,0.0,0.0,0.0,0.0,0.0,0.0,0.0,0.0,0.0,0.0,0.0,0.0,0.0,0.0,0.0,0.0,0.0,0.0,0.0,0.0,0.0,0.0
move_out,0.4456149637699127,0.44501829147338867,7.644292310260425e-09,0.4835068881511688,0.47803011536598206,-0.002473082859069109,0.5253024697303772,0.48404422402381897,0.003023558296263218,0.5534537434577942,0.4676527678966522,0.006750293076038361,0.5720545053482056,0.4508625566959381,0.01147039607167244,0.5475831031799316,0.45490774512290955,0.024681800976395607,0.5732516646385193,0.4435870945453644,0.02641836181282997,0.5842791199684143,0.43429797887802124,0.024559779092669487,0.5932268500328064,0.4220719635486603,0.023546932265162468,0.5404592752456665,0.4301133155822754,0.021976569667458534,0.5679382085800171,0.4187457859516144,0.023863084614276886,0.5798764228820801,0.41081109642982483,0.019437400624155998,0.593626856803894,0.4015878140926361,0.01697625406086445,0.5284621715545654,0.41060033440589905,0.0164034366607666,0.5411297082901001,0.4166843295097351,0.00742822140455246,0.5280287861824036,0.424757719039917,0.00011577416444197297,0.5242181420326233,0.42637598514556885,-0.0015326249413192272,0.5143920183181763,0.39577025175094604,0.010802420787513256,0.5221273899078369,0.4054040014743805,0.002034371253103018,0.5103230476379395,0.4149765372276306,-0.0004723522870335728,0.5044522285461426,0.41719353199005127,-4.219483525957912e-05,0.0,0.0,0.0,0.0,0.0,0.0,0.0,0.0,0.0,0.0,0.0,0.0,0.0,0.0,0.0,0.0,0.0,0.0,0.0,0.0,0.0,0.0,0.0,0.0,0.0,0.0,0.0,0.0,0.0,0.0,0.0,0.0,0.0,0.0,0.0,0.0,0.0,0.0,0.0,0.0,0.0,0.0,0.0,0.0,0.0,0.0,0.0,0.0,0.0,0.0,0.0,0.0,0.0,0.0,0.0,0.0,0.0,0.0,0.0,0.0,0.0,0.0,0.0
move_out,0.6172624826431274,0.38878437876701355,1.6056328888680582e-07,0.6547276973724365,0.4312286972999573,-0.003155529499053955,0.7075134515762329,0.4288351535797119,-0.004159209784120321,0.7450113892555237,0.4155595004558563,-0.008301644586026669,0.7728806138038635,0.39790698885917664,-0.011563237756490707,0.7362602949142456,0.34945398569107056,0.009738306514918804,0.7699848413467407,0.33536913990974426,0.0015713489847257733,0.7988170981407166,0.3276636600494385,-0.004970342852175236,0.8228365182876587,0.3181023895740509,-0.010441480204463005,0.7302820682525635,0.3299678564071655,0.003737779799848795,0.7580531239509583,0.37665119767189026,-0.013083092868328094,0.7310823798179626,0.4033297002315521,-0.018506135791540146,0.7130027413368225,0.39798468351364136,-0.017341215163469315,0.7195137143135071,0.3199637234210968,-0.003849906148388982,0.7449967265129089,0.3769108057022095,-0.023554712533950806,0.7167049050331116,0.39826107025146484,-0.020673677325248718,0.7007737755775452,0.3873310685157776,-0.013211196288466454,0.7049047350883484,0.31833744049072266,-0.011602161452174187,0.726605236530304,0.37444573640823364,-0.025331009179353714,0.7066410779953003,0.3885791599750519,-0.021778149530291557,0.6932932138442993,0.37462979555130005,-0.015780899673700333,0.0,0.0,0.0,0.0,0.0,0.0,0.0,0.0,0.0,0.0,0.0,0.0,0.0,0.0,0.0,0.0,0.0,0.0,0.0,0.0,0.0,0.0,0.0,0.0,0.0,0.0,0.0,0.0,0.0,0.0,0.0,0.0,0.0,0.0,0.0,0.0,0.0,0.0,0.0,0.0,0.0,0.0,0.0,0.0,0.0,0.0,0.0,0.0,0.0,0.0,0.0,0.0,0.0,0.0,0.0,0.0,0.0,0.0,0.0,0.0,0.0,0.0,0.0
move_out,0.6601919531822205,0.406934916973114,1.5274174813839636e-07,0.7026993632316589,0.4613063633441925,-0.0022108338307589293,0.7575855255126953,0.46842530369758606,-0.004267040174454451,0.800096333026886,0.4585488736629486,-0.009878773242235184,0.8322973251342773,0.4419783353805542,-0.014188985340297222,0.7899426221847534,0.3889394998550415,0.008594696410000324,0.8345801830291748,0.37656277418136597,-0.0016614823834970593,0.8654381036758423,0.3733469247817993,-0.009922949597239494,0.8914069533348083,0.36493200063705444,-0.01622314751148224,0.7861015200614929,0.36629170179367065,0.0015569733222946525,0.8150526285171509,0.4197252094745636,-0.015996217727661133,0.7885059118270874,0.4438847005367279,-0.022103767842054367,0.773683488368988,0.4380248486995697,-0.022098103538155556,0.7768644094467163,0.3557075560092926,-0.007029382511973381,0.7968547940254211,0.4212629497051239,-0.02669190801680088,0.768143355846405,0.43831565976142883,-0.023872654885053635,0.7549676895141602,0.4260749816894531,-0.016750900074839592,0.7640612721443176,0.35543689131736755,-0.015880383551120758,0.7777684330940247,0.4156501889228821,-0.027669817209243774,0.7571674585342407,0.4258947968482971,-0.023140855133533478,0.7470898628234863,0.40993359684944153,-0.016998520120978355,0.0,0.0,0.0,0.0,0.0,0.0,0.0,0.0,0.0,0.0,0.0,0.0,0.0,0.0,0.0,0.0,0.0,0.0,0.0,0.0,0.0,0.0,0.0,0.0,0.0,0.0,0.0,0.0,0.0,0.0,0.0,0.0,0.0,0.0,0.0,0.0,0.0,0.0,0.0,0.0,0.0,0.0,0.0,0.0,0.0,0.0,0.0,0.0,0.0,0.0,0.0,0.0,0.0,0.0,0.0,0.0,0.0,0.0,0.0,0.0,0.0,0.0,0.0
move_out,0.5851322412490845,0.39589303731918335,1.5804617703452095e-07,0.6319327354431152,0.4385569393634796,0.0014731494011357427,0.6808139681816101,0.439235657453537,0.0021786093711853027,0.7184416651725769,0.4277920722961426,-0.0014061948750168085,0.7461257576942444,0.4095432460308075,-0.0036916520912200212,0.703582763671875,0.3676847219467163,0.01769954152405262,0.7408839464187622,0.3586066663265228,0.012339718639850616,0.7662515044212341,0.35359901189804077,0.00696552312001586,0.7885138392448425,0.34486693143844604,0.002325210487470031,0.699167788028717,0.34954553842544556,0.010227459482848644,0.7309706211090088,0.3874827027320862,-0.00302442186512053,0.7148923873901367,0.40940043330192566,-0.00902857817709446,0.7023476958274841,0.40900298953056335,-0.009564473293721676,0.6909445524215698,0.340032160282135,0.0012020171852782369,0.7171453237533569,0.3914538323879242,-0.015129763633012772,0.6965546011924744,0.40919578075408936,-0.01538109127432108,0.6822202801704407,0.4031929075717926,-0.010654076002538204,0.6807034015655518,0.3400937616825104,-0.007735551334917545,0.7029765248298645,0.38591739535331726,-0.017886482179164886,0.6897624731063843,0.4006313383579254,-0.015765730291604996,0.6786115765571594,0.39505282044410706,-0.011313713155686855,0.0,0.0,0.0,0.0,0.0,0.0,0.0,0.0,0.0,0.0,0.0,0.0,0.0,0.0,0.0,0.0,0.0,0.0,0.0,0.0,0.0,0.0,0.0,0.0,0.0,0.0,0.0,0.0,0.0,0.0,0.0,0.0,0.0,0.0,0.0,0.0,0.0,0.0,0.0,0.0,0.0,0.0,0.0,0.0,0.0,0.0,0.0,0.0,0.0,0.0,0.0,0.0,0.0,0.0,0.0,0.0,0.0,0.0,0.0,0.0,0.0,0.0,0.0
move_out,0.4676387310028076,0.3739159405231476,2.2160463686304865e-07,0.5140237212181091,0.39702779054641724,0.0026209119241684675,0.5578678250312805,0.3856472373008728,0.006207331083714962,0.591039776802063,0.3665179908275604,0.005070196930319071,0.6126912236213684,0.341692715883255,0.004433493595570326,0.5652907490730286,0.32906025648117065,0.029578404501080513,0.5917237401008606,0.31427523493766785,0.029278894886374474,0.611221969127655,0.3029734492301941,0.02708938904106617,0.6262459754943848,0.29256510734558105,0.026029890403151512,0.5590384006500244,0.3138202726840973,0.022728314623236656,0.5940737724304199,0.30256685614585876,0.020945027470588684,0.6137465238571167,0.30234047770500183,0.017619270831346512,0.631212055683136,0.29733163118362427,0.017011014744639397,0.5493423938751221,0.30251777172088623,0.01321370154619217,0.5794118642807007,0.32121244072914124,0.0008661822648718953,0.5650412440299988,0.34691232442855835,-0.0024967039935290813,0.5515502095222473,0.35500451922416687,0.0005793662858195603,0.5390934348106384,0.29737070202827454,0.004033334087580442,0.5678393244743347,0.31924352049827576,-0.0036879258695989847,0.5583299994468689,0.3391001224517822,-0.0017196781700477004,0.546093225479126,0.34562644362449646,0.0026405721437186003,0.0,0.0,0.0,0.0,0.0,0.0,0.0,0.0,0.0,0.0,0.0,0.0,0.0,0.0,0.0,0.0,0.0,0.0,0.0,0.0,0.0,0.0,0.0,0.0,0.0,0.0,0.0,0.0,0.0,0.0,0.0,0.0,0.0,0.0,0.0,0.0,0.0,0.0,0.0,0.0,0.0,0.0,0.0,0.0,0.0,0.0,0.0,0.0,0.0,0.0,0.0,0.0,0.0,0.0,0.0,0.0,0.0,0.0,0.0,0.0,0.0,0.0,0.0
move_out,0.3293079435825348,0.3923341631889343,8.807528928400643e-08,0.37530961632728577,0.4075050354003906,-5.7164961617672816e-05,0.41521698236465454,0.38547971844673157,5.4473650379804894e-05,0.44295886158943176,0.35732609033584595,-0.00457994407042861,0.46300646662712097,0.32625657320022583,-0.007996564731001854,0.4141610562801361,0.32185906171798706,0.022315170615911484,0.439889132976532,0.2985399663448334,0.013766576535999775,0.4582187831401825,0.28383591771125793,0.006786675658077002,0.4710202217102051,0.26540154218673706,0.0023746839724481106,0.4050410985946655,0.3103926479816437,0.01479888055473566,0.4406742453575134,0.3200879395008087,-0.0016724765300750732,0.4306586980819702,0.3455509841442108,-0.008914656937122345,0.4212660491466522,0.34764564037323,-0.008726862259209156,0.396424800157547,0.3011534810066223,0.004662299994379282,0.43207162618637085,0.32684558629989624,-0.018078630790114403,0.409926176071167,0.3544885218143463,-0.01850907877087593,0.39406871795654297,0.3520328104496002,-0.011527743190526962,0.3877013325691223,0.29684868454933167,-0.00522792199626565,0.41822609305381775,0.32720038294792175,-0.019775843247771263,0.4018460214138031,0.3474743366241455,-0.016985347494482994,0.3874049186706543,0.34277716279029846,-0.010912954807281494,0.0,0.0,0.0,0.0,0.0,0.0,0.0,0.0,0.0,0.0,0.0,0.0,0.0,0.0,0.0,0.0,0.0,0.0,0.0,0.0,0.0,0.0,0.0,0.0,0.0,0.0,0.0,0.0,0.0,0.0,0.0,0.0,0.0,0.0,0.0,0.0,0.0,0.0,0.0,0.0,0.0,0.0,0.0,0.0,0.0,0.0,0.0,0.0,0.0,0.0,0.0,0.0,0.0,0.0,0.0,0.0,0.0,0.0,0.0,0.0,0.0,0.0,0.0
move_out,0.2709665298461914,0.39363086223602295,9.97628930576866e-08,0.3127118945121765,0.3975450396537781,-0.004372893832623959,0.35041868686676025,0.37192022800445557,-0.004564632195979357,0.37114495038986206,0.3408608138561249,-0.00696668541058898,0.3840334415435791,0.31318649649620056,-0.008009849116206169,0.34597402811050415,0.3167214095592499,0.009768937714397907,0.3702026605606079,0.2888711988925934,0.002906444715335965,0.3866911828517914,0.27276068925857544,-0.0023934943601489067,0.39971888065338135,0.25538963079452515,-0.005960592068731785,0.33565157651901245,0.3052229583263397,0.006796578411012888,0.36669379472732544,0.3105412423610687,-0.005887413863092661,0.35949358344078064,0.3375976085662842,-0.011220241896808147,0.3506319224834442,0.34496644139289856,-0.011448502540588379,0.32606807351112366,0.2990071177482605,0.0019465935183688998,0.3565604090690613,0.3147341012954712,-0.014647647738456726,0.34226152300834656,0.34277454018592834,-0.014478150755167007,0.3291412591934204,0.3469665050506592,-0.009203009307384491,0.3173753619194031,0.2974696457386017,-0.0030764141120016575,0.344504177570343,0.3124358355998993,-0.013376242481172085,0.33616340160369873,0.3338867127895355,-0.010761656798422337,0.325378954410553,0.33646297454833984,-0.0059347436763346195,0.0,0.0,0.0,0.0,0.0,0.0,0.0,0.0,0.0,0.0,0.0,0.0,0.0,0.0,0.0,0.0,0.0,0.0,0.0,0.0,0.0,0.0,0.0,0.0,0.0,0.0,0.0,0.0,0.0,0.0,0.0,0.0,0.0,0.0,0.0,0.0,0.0,0.0,0.0,0.0,0.0,0.0,0.0,0.0,0.0,0.0,0.0,0.0,0.0,0.0,0.0,0.0,0.0,0.0,0.0,0.0,0.0,0.0,0.0,0.0,0.0,0.0,0.0
move_out,0.23457133769989014,0.43678271770477295,-8.479090496393837e-08,0.27032536268234253,0.46773403882980347,0.0022140119690448046,0.30261167883872986,0.46465784311294556,0.0035929835867136717,0.3287631571292877,0.45665568113327026,0.0012299551162868738,0.34920552372932434,0.4458557963371277,0.0009545428911224008,0.3055889308452606,0.3904058039188385,0.017732515931129456,0.33399081230163574,0.4213677942752838,0.006666107568889856,0.32008448243141174,0.44161197543144226,-0.002199548529461026,0.30661049485206604,0.4391500949859619,-0.0061960844323039055,0.3042444586753845,0.37999412417411804,0.01260392926633358,0.3322294056415558,0.42340222001075745,0.0016287269536405802,0.3152156472206116,0.4424947202205658,-0.004363277927041054,0.3019029200077057,0.4349038898944855,-0.005923804361373186,0.3041115701198578,0.3785496652126312,0.005236426368355751,0.3297557830810547,0.4235436022281647,-0.005676988512277603,0.31187865138053894,0.4402190148830414,-0.005764629691839218,0.2986289858818054,0.4342624843120575,-0.002700870856642723,0.30479544401168823,0.3841909170150757,-0.0022581201046705246,0.3248417377471924,0.42667582631111145,-0.006951384246349335,0.31079110503196716,0.43931928277015686,-0.004202673211693764,0.2983754873275757,0.4348297119140625,-0.0005159029387868941,0.0,0.0,0.0,0.0,0.0,0.0,0.0,0.0,0.0,0.0,0.0,0.0,0.0,0.0,0.0,0.0,0.0,0.0,0.0,0.0,0.0,0.0,0.0,0.0,0.0,0.0,0.0,0.0,0.0,0.0,0.0,0.0,0.0,0.0,0.0,0.0,0.0,0.0,0.0,0.0,0.0,0.0,0.0,0.0,0.0,0.0,0.0,0.0,0.0,0.0,0.0,0.0,0.0,0.0,0.0,0.0,0.0,0.0,0.0,0.0,0.0,0.0,0.0
move_out,0.24040250480175018,0.4458937346935272,-1.798782278683575e-07,0.2784852683544159,0.4724392294883728,0.005705199670046568,0.3124227523803711,0.474865585565567,0.009406477212905884,0.34261253476142883,0.4699936509132385,0.009519982151687145,0.36341381072998047,0.45891499519348145,0.01147068664431572,0.31375032663345337,0.3927350342273712,0.02580716647207737,0.3412511646747589,0.43377843499183655,0.020363615825772285,0.3235991299152374,0.45575642585754395,0.012545854784548283,0.30615755915641785,0.45584771037101746,0.007851510308682919,0.3150925040245056,0.3821369707584381,0.02043560892343521,0.3395983874797821,0.4343739449977875,0.014560803771018982,0.32239192724227905,0.4517945349216461,0.006422756239771843,0.3081512451171875,0.4451521337032318,0.0019365523476153612,0.3152192533016205,0.38481777906417847,0.013527235016226768,0.337714821100235,0.43489065766334534,0.007593129295855761,0.3208659887313843,0.45081833004951477,0.005171115510165691,0.30767837166786194,0.4439612329006195,0.004910713527351618,0.31597599387168884,0.39473703503608704,0.006820115726441145,0.33390843868255615,0.43685203790664673,0.005479217506945133,0.31941738724708557,0.4467330873012543,0.007020037155598402,0.3074106276035309,0.4403623640537262,0.008795598521828651,0.0,0.0,0.0,0.0,0.0,0.0,0.0,0.0,0.0,0.0,0.0,0.0,0.0,0.0,0.0,0.0,0.0,0.0,0.0,0.0,0.0,0.0,0.0,0.0,0.0,0.0,0.0,0.0,0.0,0.0,0.0,0.0,0.0,0.0,0.0,0.0,0.0,0.0,0.0,0.0,0.0,0.0,0.0,0.0,0.0,0.0,0.0,0.0,0.0,0.0,0.0,0.0,0.0,0.0,0.0,0.0,0.0,0.0,0.0,0.0,0.0,0.0,0.0
move_out,0.2694433331489563,0.3906950354576111,-4.386448893001216e-08,0.30173391103744507,0.42193540930747986,0.004378970712423325,0.33158159255981445,0.42019525170326233,0.008596431463956833,0.35752639174461365,0.4083048403263092,0.009504362940788269,0.3767496347427368,0.3966304063796997,0.011634089052677155,0.32724493741989136,0.3453720510005951,0.026956114917993546,0.35289323329925537,0.3719552159309387,0.02450769580900669,0.34276068210601807,0.3952394127845764,0.018944809213280678,0.33013778924942017,0.4011472463607788,0.01582963392138481,0.3283008635044098,0.3285491168498993,0.023705951869487762,0.35453304648399353,0.3617730140686035,0.02095276676118374,0.3422546684741974,0.38437843322753906,0.01426736917346716,0.3294822573661804,0.38856247067451477,0.010735062882304192,0.3289300501346588,0.3243940472602844,0.018801186233758926,0.3562961220741272,0.35925403237342834,0.015631072223186493,0.34384578466415405,0.3806131184101105,0.01367977075278759,0.33145055174827576,0.38455137610435486,0.013520571403205395,0.3303171992301941,0.3284759521484375,0.01410281378775835,0.352650910615921,0.3644975423812866,0.015105385333299637,0.34317895770072937,0.38059335947036743,0.01744937337934971,0.33248698711395264,0.3835565149784088,0.01950083114206791,0.0,0.0,0.0,0.0,0.0,0.0,0.0,0.0,0.0,0.0,0.0,0.0,0.0,0.0,0.0,0.0,0.0,0.0,0.0,0.0,0.0,0.0,0.0,0.0,0.0,0.0,0.0,0.0,0.0,0.0,0.0,0.0,0.0,0.0,0.0,0.0,0.0,0.0,0.0,0.0,0.0,0.0,0.0,0.0,0.0,0.0,0.0,0.0,0.0,0.0,0.0,0.0,0.0,0.0,0.0,0.0,0.0,0.0,0.0,0.0,0.0,0.0,0.0
move_out,0.275725394487381,0.4637100398540497,-6.325036139287477e-08,0.3078799843788147,0.5007895827293396,0.00331228319555521,0.3379410207271576,0.5045341849327087,0.007762052584439516,0.36509791016578674,0.49477964639663696,0.00936876144260168,0.38660863041877747,0.4861556589603424,0.012303290888667107,0.3459900915622711,0.4380860924720764,0.02906588464975357,0.36895376443862915,0.46054989099502563,0.030836308375000954,0.35704466700553894,0.4836651682853699,0.027481863275170326,0.34291940927505493,0.4877000153064728,0.025555141270160675,0.34399160742759705,0.4181397557258606,0.027454964816570282,0.3659641146659851,0.44892409443855286,0.029398949816823006,0.35233017802238464,0.4736660420894623,0.0229506716132164,0.3374467194080353,0.47594353556632996,0.0191520806401968,0.3407568037509918,0.4080423414707184,0.02446260303258896,0.3632640242576599,0.44079911708831787,0.024630170315504074,0.35051229596138,0.4648521840572357,0.021877804771065712,0.3357531428337097,0.46846625208854675,0.02093961276113987,0.3372834622859955,0.40321022272109985,0.021733978763222694,0.35750457644462585,0.43518728017807007,0.02382100187242031,0.34739693999290466,0.45378124713897705,0.026080159470438957,0.3333943784236908,0.458553284406662,0.02855542302131653,0.0,0.0,0.0,0.0,0.0,0.0,0.0,0.0,0.0,0.0,0.0,0.0,0.0,0.0,0.0,0.0,0.0,0.0,0.0,0.0,0.0,0.0,0.0,0.0,0.0,0.0,0.0,0.0,0.0,0.0,0.0,0.0,0.0,0.0,0.0,0.0,0.0,0.0,0.0,0.0,0.0,0.0,0.0,0.0,0.0,0.0,0.0,0.0,0.0,0.0,0.0,0.0,0.0,0.0,0.0,0.0,0.0,0.0,0.0,0.0,0.0,0.0,0.0
move_out,0.220489963889122,0.4743744432926178,-1.3939056486833579e-07,0.2570301294326782,0.4987766146659851,0.00274486280977726,0.28585055470466614,0.49672165513038635,0.004824637435376644,0.3078649640083313,0.4854581952095032,0.00397762656211853,0.32616931200027466,0.4776860773563385,0.004327983129769564,0.29254040122032166,0.42534157633781433,0.02072496898472309,0.31014588475227356,0.45010489225387573,0.016344662755727768,0.29643192887306213,0.4708751142024994,0.009148279204964638,0.28159940242767334,0.4741542637348175,0.004266394302248955,0.28804609179496765,0.4110829532146454,0.016305727884173393,0.3024459779262543,0.4399147033691406,0.012635097838938236,0.28753215074539185,0.46239060163497925,0.005833006463944912,0.27255865931510925,0.46703940629959106,0.0017704364145174623,0.2826586961746216,0.4059685170650482,0.010440432466566563,0.29511576890945435,0.4348737597465515,0.006309826858341694,0.28155919909477234,0.4559425115585327,0.006141334306448698,0.26742684841156006,0.46014997363090515,0.006908751092851162,0.27585431933403015,0.4065622091293335,0.004356141202151775,0.2857885956764221,0.43135854601860046,0.0029329091776162386,0.27384957671165466,0.4473761320114136,0.0060195717960596085,0.2617664635181427,0.4526660442352295,0.009233827702701092,0.0,0.0,0.0,0.0,0.0,0.0,0.0,0.0,0.0,0.0,0.0,0.0,0.0,0.0,0.0,0.0,0.0,0.0,0.0,0.0,0.0,0.0,0.0,0.0,0.0,0.0,0.0,0.0,0.0,0.0,0.0,0.0,0.0,0.0,0.0,0.0,0.0,0.0,0.0,0.0,0.0,0.0,0.0,0.0,0.0,0.0,0.0,0.0,0.0,0.0,0.0,0.0,0.0,0.0,0.0,0.0,0.0,0.0,0.0,0.0,0.0,0.0,0.0
move_out,0.29171568155288696,0.3761453926563263,7.628076303944908e-08,0.33797919750213623,0.39092713594436646,0.00619087228551507,0.37857142090797424,0.37760213017463684,0.008507451973855495,0.40956413745880127,0.36608749628067017,0.006773657165467739,0.4329521358013153,0.3547804653644562,0.006485222838819027,0.3728708326816559,0.2853476405143738,0.015273063443601131,0.40648913383483887,0.2761039137840271,0.00954065565019846,0.42796674370765686,0.273801326751709,0.004208844155073166,0.44036850333213806,0.27174705266952515,0.0004227427998557687,0.36797696352005005,0.27747926115989685,0.006474159192293882,0.41214480996131897,0.32520851492881775,-0.006633152719587088,0.40214717388153076,0.35743334889411926,-0.012470894493162632,0.38749489188194275,0.3650127053260803,-0.013148544356226921,0.3646146357059479,0.2838262617588043,-0.002951596863567829,0.40708285570144653,0.3325046896934509,-0.0162102859467268,0.39582791924476624,0.3595958352088928,-0.014439789578318596,0.3818967342376709,0.3626015782356262,-0.009550055488944054,0.36360079050064087,0.3019440472126007,-0.012000431306660175,0.40064892172813416,0.3350682854652405,-0.019772835075855255,0.39424580335617065,0.3546825349330902,-0.0162516962736845,0.3836958408355713,0.3569360375404358,-0.0113935936242342,0.0,0.0,0.0,0.0,0.0,0.0,0.0,0.0,0.0,0.0,0.0,0.0,0.0,0.0,0.0,0.0,0.0,0.0,0.0,0.0,0.0,0.0,0.0,0.0,0.0,0.0,0.0,0.0,0.0,0.0,0.0,0.0,0.0,0.0,0.0,0.0,0.0,0.0,0.0,0.0,0.0,0.0,0.0,0.0,0.0,0.0,0.0,0.0,0.0,0.0,0.0,0.0,0.0,0.0,0.0,0.0,0.0,0.0,0.0,0.0,0.0,0.0,0.0
move_out,0.4136612117290497,0.5417836308479309,-2.907167839794056e-08,0.43489161133766174,0.5862838625907898,0.00403209263458848,0.46491703391075134,0.6079623699188232,0.006602942943572998,0.492518812417984,0.6109269857406616,0.00634881341829896,0.509812593460083,0.604113757610321,0.006523696705698967,0.49541789293289185,0.5880550742149353,0.016207123175263405,0.5170634388923645,0.6049675941467285,0.013744611293077469,0.5088063478469849,0.6096548438072205,0.010433194227516651,0.49723801016807556,0.6077219843864441,0.009086613543331623,0.49860331416130066,0.5655799508094788,0.012385133653879166,0.5133232474327087,0.5833980441093445,0.012123399414122105,0.4955021142959595,0.5858528017997742,0.010400970466434956,0.48266181349754333,0.5829551219940186,0.009498992003500462,0.49589571356773376,0.544546902179718,0.007500926498323679,0.5041974782943726,0.5637314319610596,0.005122913513332605,0.4862455725669861,0.5676657557487488,0.006150724831968546,0.4738228917121887,0.5652137994766235,0.007335602305829525,0.489731103181839,0.5253178477287292,0.0029465777333825827,0.49465540051460266,0.5425590872764587,0.002426814055070281,0.47988608479499817,0.5485501885414124,0.006399989128112793,0.4683886766433716,0.5474209785461426,0.010037978179752827,0.0,0.0,0.0,0.0,0.0,0.0,0.0,0.0,0.0,0.0,0.0,0.0,0.0,0.0,0.0,0.0,0.0,0.0,0.0,0.0,0.0,0.0,0.0,0.0,0.0,0.0,0.0,0.0,0.0,0.0,0.0,0.0,0.0,0.0,0.0,0.0,0.0,0.0,0.0,0.0,0.0,0.0,0.0,0.0,0.0,0.0,0.0,0.0,0.0,0.0,0.0,0.0,0.0,0.0,0.0,0.0,0.0,0.0,0.0,0.0,0.0,0.0,0.0
move_out,0.45061105489730835,0.3542986810207367,1.6597644147964274e-08,0.48955008387565613,0.34972813725471497,0.0072613968513906,0.5354999303817749,0.3542601466178894,0.00765122938901186,0.569121241569519,0.3682120740413666,0.003781421110033989,0.5935823917388916,0.37819117307662964,0.0019924072548747063,0.5557668209075928,0.2907991409301758,0.011484422720968723,0.5996205806732178,0.3156379759311676,0.005116026848554611,0.6258458495140076,0.32478097081184387,0.0008012386970221996,0.6458112001419067,0.32344284653663635,-0.0022499130573123693,0.5590341091156006,0.29652342200279236,0.001309952698647976,0.595451831817627,0.35938891768455505,-0.009768913500010967,0.5794459581375122,0.37989550828933716,-0.013080049306154251,0.5642427206039429,0.3747357130050659,-0.012855040840804577,0.5607197880744934,0.3141673505306244,-0.009112028405070305,0.5947352647781372,0.3755193054676056,-0.01678936742246151,0.5776540637016296,0.3906484842300415,-0.011781277135014534,0.5631668567657471,0.38472098112106323,-0.00648049172013998,0.5618465542793274,0.3407778739929199,-0.019715989008545876,0.5922237634658813,0.38532066345214844,-0.01999322883784771,0.5790370106697083,0.3984937369823456,-0.012769464403390884,0.5650503635406494,0.3951127231121063,-0.006863691844046116,0.0,0.0,0.0,0.0,0.0,0.0,0.0,0.0,0.0,0.0,0.0,0.0,0.0,0.0,0.0,0.0,0.0,0.0,0.0,0.0,0.0,0.0,0.0,0.0,0.0,0.0,0.0,0.0,0.0,0.0,0.0,0.0,0.0,0.0,0.0,0.0,0.0,0.0,0.0,0.0,0.0,0.0,0.0,0.0,0.0,0.0,0.0,0.0,0.0,0.0,0.0,0.0,0.0,0.0,0.0,0.0,0.0,0.0,0.0,0.0,0.0,0.0,0.0
move_out,0.5472118854522705,0.4646269679069519,1.401490692387597e-07,0.5793249607086182,0.5233144760131836,0.004997466690838337,0.6185967326164246,0.5450220704078674,0.01059255562722683,0.6516011953353882,0.5518354177474976,0.013174435123801231,0.6757559180259705,0.5526408553123474,0.01679445244371891,0.6520777940750122,0.49034225940704346,0.02414403110742569,0.6763216853141785,0.5038628578186035,0.02957211621105671,0.6900513172149658,0.5118656158447266,0.03125428780913353,0.7025849223136902,0.5165543556213379,0.031616926193237305,0.6538780331611633,0.4704558849334717,0.020673170685768127,0.6650127172470093,0.5192077159881592,0.022154293954372406,0.6497769355773926,0.5335454344749451,0.020181812345981598,0.6386762857437134,0.5338471531867981,0.020253285765647888,0.6489156484603882,0.4591268301010132,0.016576142981648445,0.6519122123718262,0.507331132888794,0.01518886350095272,0.6348795890808105,0.5157856345176697,0.011994993314146996,0.6233463883399963,0.5111836791038513,0.011500591412186623,0.641400158405304,0.45534777641296387,0.012811489403247833,0.6426277756690979,0.49223804473876953,0.013698537833988667,0.6310447454452515,0.5029118657112122,0.013569092378020287,0.6221454739570618,0.5021448731422424,0.014356129802763462,0.0,0.0,0.0,0.0,0.0,0.0,0.0,0.0,0.0,0.0,0.0,0.0,0.0,0.0,0.0,0.0,0.0,0.0,0.0,0.0,0.0,0.0,0.0,0.0,0.0,0.0,0.0,0.0,0.0,0.0,0.0,0.0,0.0,0.0,0.0,0.0,0.0,0.0,0.0,0.0,0.0,0.0,0.0,0.0,0.0,0.0,0.0,0.0,0.0,0.0,0.0,0.0,0.0,0.0,0.0,0.0,0.0,0.0,0.0,0.0,0.0,0.0,0.0
move_out,0.585848331451416,0.46374285221099854,7.027398396530771e-08,0.6188390254974365,0.5209931135177612,0.007953164167702198,0.6577615737915039,0.5408405661582947,0.009932154789566994,0.6898767352104187,0.5491364002227783,0.006566234864294529,0.7164454460144043,0.5503661036491394,0.004532132297754288,0.6919845342636108,0.4826720058917999,0.024918541312217712,0.7241783142089844,0.49721288681030273,0.021995382383465767,0.7385631203651428,0.5111846923828125,0.02001822181046009,0.7469853162765503,0.5171284675598145,0.019613884389400482,0.6919403076171875,0.4663839638233185,0.016047433018684387,0.7092995643615723,0.5224272012710571,0.007302955258637667,0.6873665452003479,0.532191276550293,0.0050130276940763,0.6736462712287903,0.5254533290863037,0.007729656063020229,0.6892321109771729,0.4591241776943207,0.0058564781211316586,0.6989620327949524,0.5200133323669434,-0.004688046872615814,0.6764513850212097,0.5263178944587708,-0.003238266333937645,0.6624645590782166,0.516696572303772,0.001974050886929035,0.6836463212966919,0.4605962634086609,-0.003944586031138897,0.6886897683143616,0.511154055595398,-0.00922826211899519,0.6698862314224243,0.5181140303611755,-0.0060463352128863335,0.6569051742553711,0.5101500749588013,-0.0012051992816850543,0.0,0.0,0.0,0.0,0.0,0.0,0.0,0.0,0.0,0.0,0.0,0.0,0.0,0.0,0.0,0.0,0.0,0.0,0.0,0.0,0.0,0.0,0.0,0.0,0.0,0.0,0.0,0.0,0.0,0.0,0.0,0.0,0.0,0.0,0.0,0.0,0.0,0.0,0.0,0.0,0.0,0.0,0.0,0.0,0.0,0.0,0.0,0.0,0.0,0.0,0.0,0.0,0.0,0.0,0.0,0.0,0.0,0.0,0.0,0.0,0.0,0.0,0.0
move_out,0.4875141382217407,0.3860878050327301,-1.1262859089811172e-07,0.5192835927009583,0.3692694902420044,0.006239343900233507,0.5574943423271179,0.37104320526123047,0.006070834118872881,0.5862507820129395,0.38967156410217285,0.0018427675822749734,0.6056022047996521,0.40876543521881104,0.00025779238785617054,0.5772775411605835,0.3268771171569824,0.01282295398414135,0.616753876209259,0.36453670263290405,0.0022490688133984804,0.6148862838745117,0.386831670999527,-0.005161868408322334,0.6048336029052734,0.3922463059425354,-0.00776814017444849,0.5824459791183472,0.3419276773929596,0.004807723220437765,0.6083508729934692,0.39407771825790405,-0.0030377476941794157,0.5933855175971985,0.40965667366981506,-0.007151389494538307,0.5798972845077515,0.4044555425643921,-0.00865531899034977,0.5866056084632874,0.3664737939834595,-0.004400397650897503,0.6099874377250671,0.4138939678668976,-0.00909205712378025,0.5951731204986572,0.4243200421333313,-0.0061708418652415276,0.5824695229530334,0.4186423420906067,-0.003194956574589014,0.5899055004119873,0.3952520787715912,-0.013856442645192146,0.6098842024803162,0.43054938316345215,-0.012163927778601646,0.596703052520752,0.4400273263454437,-0.005401233211159706,0.5836786031723022,0.43772444128990173,0.0001042030708049424,0.0,0.0,0.0,0.0,0.0,0.0,0.0,0.0,0.0,0.0,0.0,0.0,0.0,0.0,0.0,0.0,0.0,0.0,0.0,0.0,0.0,0.0,0.0,0.0,0.0,0.0,0.0,0.0,0.0,0.0,0.0,0.0,0.0,0.0,0.0,0.0,0.0,0.0,0.0,0.0,0.0,0.0,0.0,0.0,0.0,0.0,0.0,0.0,0.0,0.0,0.0,0.0,0.0,0.0,0.0,0.0,0.0,0.0,0.0,0.0,0.0,0.0,0.0
move_out,0.4030212461948395,0.534028947353363,-5.2895444468958885e-08,0.4297642111778259,0.5829994678497314,-0.0024027570616453886,0.4648648798465729,0.5987621545791626,-0.000659436802379787,0.49697399139404297,0.599573016166687,-0.0013198080705478787,0.5210493803024292,0.5954408049583435,5.935764420428313e-05,0.49050524830818176,0.5512197017669678,0.020257603377103806,0.5123628973960876,0.5721492171287537,0.011282081715762615,0.49615272879600525,0.5797430872917175,0.0014452263712882996,0.48173806071281433,0.5726943016052246,-0.0030218821484595537,0.49342215061187744,0.5332834124565125,0.018657967448234558,0.5157751441001892,0.5649768710136414,0.01070362888276577,0.4988589882850647,0.5748991966247559,0.0020249062217772007,0.48619893193244934,0.5684008598327637,-0.0012758411467075348,0.49258726835250854,0.5206511616706848,0.014444888569414616,0.5060036182403564,0.5540285706520081,0.005609415005892515,0.4870176315307617,0.5633304119110107,0.0023924843408167362,0.47442367672920227,0.5573002696037292,0.003583474550396204,0.4886438250541687,0.5116446018218994,0.009807170368731022,0.49541446566581726,0.5425126552581787,0.005712396930903196,0.4816809892654419,0.5500619411468506,0.007042143028229475,0.4718666076660156,0.5449241995811462,0.010162231512367725,0.0,0.0,0.0,0.0,0.0,0.0,0.0,0.0,0.0,0.0,0.0,0.0,0.0,0.0,0.0,0.0,0.0,0.0,0.0,0.0,0.0,0.0,0.0,0.0,0.0,0.0,0.0,0.0,0.0,0.0,0.0,0.0,0.0,0.0,0.0,0.0,0.0,0.0,0.0,0.0,0.0,0.0,0.0,0.0,0.0,0.0,0.0,0.0,0.0,0.0,0.0,0.0,0.0,0.0,0.0,0.0,0.0,0.0,0.0,0.0,0.0,0.0,0.0
move_out,0.3343483507633209,0.3811075985431671,7.1195785267264e-08,0.38362687826156616,0.4028976559638977,0.002389816800132394,0.42769429087638855,0.38398057222366333,0.0011046683648601174,0.4606034457683563,0.36559563875198364,-0.003756436984986067,0.48736777901649475,0.3480888903141022,-0.0067520965822041035,0.4257771968841553,0.2903677821159363,0.009529037401080132,0.4590265154838562,0.2849838137626648,0.0010626892326399684,0.47843945026397705,0.26974090933799744,-0.0047225854359567165,0.49244874715805054,0.2479444146156311,-0.008971646428108215,0.4209164083003998,0.28080013394355774,0.0018787855515256524,0.46403828263282776,0.3348967730998993,-0.011328558437526226,0.447864830493927,0.3565893769264221,-0.014277790673077106,0.43581366539001465,0.3475499153137207,-0.01349051482975483,0.4168279469013214,0.2846359610557556,-0.006875702179968357,0.45837944746017456,0.3413448929786682,-0.02001234143972397,0.442316472530365,0.3609920144081116,-0.017067737877368927,0.4304948151111603,0.35123369097709656,-0.01246169675141573,0.4146142601966858,0.30016183853149414,-0.015785159543156624,0.44438645243644714,0.35200944542884827,-0.02284865453839302,0.43061742186546326,0.36691024899482727,-0.019650528207421303,0.41805148124694824,0.35583752393722534,-0.016243575140833855,0.0,0.0,0.0,0.0,0.0,0.0,0.0,0.0,0.0,0.0,0.0,0.0,0.0,0.0,0.0,0.0,0.0,0.0,0.0,0.0,0.0,0.0,0.0,0.0,0.0,0.0,0.0,0.0,0.0,0.0,0.0,0.0,0.0,0.0,0.0,0.0,0.0,0.0,0.0,0.0,0.0,0.0,0.0,0.0,0.0,0.0,0.0,0.0,0.0,0.0,0.0,0.0,0.0,0.0,0.0,0.0,0.0,0.0,0.0,0.0,0.0,0.0,0.0
move_out,0.2939840257167816,0.48203587532043457,4.414897247784211e-08,0.3441629111766815,0.5070880651473999,0.005837573669850826,0.38615095615386963,0.491237610578537,0.00848965160548687,0.4170573949813843,0.47439512610435486,0.006278709974139929,0.44108664989471436,0.45675989985466003,0.004986829590052366,0.3895747661590576,0.4157457947731018,0.020964909344911575,0.41488978266716003,0.39866796135902405,0.01593809202313423,0.4338635504245758,0.3876183331012726,0.010083787143230438,0.44975557923316956,0.37172842025756836,0.005381797440350056,0.3825768232345581,0.40325817465782166,0.011855265125632286,0.4176730811595917,0.43748247623443604,0.0013527801493182778,0.40320098400115967,0.4628027081489563,-0.003680458990857005,0.39112380146980286,0.46063411235809326,-0.004313038662075996,0.37573257088661194,0.3992685079574585,0.0014358039479702711,0.4104713499546051,0.4414235055446625,-0.011578595265746117,0.3939511179924011,0.4642595052719116,-0.011147945187985897,0.3806071877479553,0.4592871367931366,-0.007065177895128727,0.36951085925102234,0.40427276492118835,-0.00877279695123434,0.3996244966983795,0.4421285390853882,-0.016637954860925674,0.3882736563682556,0.4601733982563019,-0.01372536551207304,0.37548327445983887,0.4547298550605774,-0.009627005085349083,0.0,0.0,0.0,0.0,0.0,0.0,0.0,0.0,0.0,0.0,0.0,0.0,0.0,0.0,0.0,0.0,0.0,0.0,0.0,0.0,0.0,0.0,0.0,0.0,0.0,0.0,0.0,0.0,0.0,0.0,0.0,0.0,0.0,0.0,0.0,0.0,0.0,0.0,0.0,0.0,0.0,0.0,0.0,0.0,0.0,0.0,0.0,0.0,0.0,0.0,0.0,0.0,0.0,0.0,0.0,0.0,0.0,0.0,0.0,0.0,0.0,0.0,0.0
move_out,0.2285681813955307,0.4496399164199829,9.285754032362092e-08,0.27582812309265137,0.46331652998924255,0.005552446469664574,0.31400755047798157,0.4355001747608185,0.006821251939982176,0.34040623903274536,0.4112494885921478,0.0032056800555437803,0.36277496814727783,0.38793495297431946,0.00014736781304236501,0.30924907326698303,0.3596418797969818,0.017897067591547966,0.3323873281478882,0.33948037028312683,0.012436212971806526,0.35281896591186523,0.32305192947387695,0.008130336180329323,0.3665451407432556,0.30308252573013306,0.004691804759204388,0.3014235496520996,0.34798696637153625,0.008578397333621979,0.3403647840023041,0.37680959701538086,-0.0020802998915314674,0.3282749354839325,0.408734530210495,-0.004767857026308775,0.31585463881492615,0.4098970293998718,-0.0031486765947192907,0.29407262802124023,0.34626227617263794,-0.0019871280528604984,0.33521902561187744,0.3813789188861847,-0.016512148082256317,0.31999433040618896,0.4125310778617859,-0.014696496538817883,0.3050502836704254,0.4106871485710144,-0.009248331189155579,0.2882307171821594,0.35373455286026,-0.012124629691243172,0.3216327726840973,0.3875133693218231,-0.022570805624127388,0.3109561800956726,0.4102569818496704,-0.02001362107694149,0.2966298460960388,0.4058622717857361,-0.015664372593164444,0.0,0.0,0.0,0.0,0.0,0.0,0.0,0.0,0.0,0.0,0.0,0.0,0.0,0.0,0.0,0.0,0.0,0.0,0.0,0.0,0.0,0.0,0.0,0.0,0.0,0.0,0.0,0.0,0.0,0.0,0.0,0.0,0.0,0.0,0.0,0.0,0.0,0.0,0.0,0.0,0.0,0.0,0.0,0.0,0.0,0.0,0.0,0.0,0.0,0.0,0.0,0.0,0.0,0.0,0.0,0.0,0.0,0.0,0.0,0.0,0.0,0.0,0.0
move_out,0.17772474884986877,0.48626527190208435,1.382298364660528e-07,0.22386759519577026,0.5018109679222107,0.006893431302160025,0.26140639185905457,0.4820776879787445,0.009619305841624737,0.2885392904281616,0.45508286356925964,0.007037184201180935,0.305164098739624,0.42760056257247925,0.004583482630550861,0.2544362545013428,0.41371244192123413,0.02722771093249321,0.2737120985984802,0.3901144564151764,0.027577897533774376,0.29019975662231445,0.37327590584754944,0.026887008920311928,0.3023369312286377,0.35665714740753174,0.02587449550628662,0.24731644988059998,0.40047910809516907,0.01883518695831299,0.2820579707622528,0.41676244139671326,0.014066916890442371,0.27139201760292053,0.4451024532318115,0.013172614388167858,0.26086339354515076,0.45115959644317627,0.015831824392080307,0.24081161618232727,0.3948659896850586,0.008963558822870255,0.2781277298927307,0.4203692376613617,-0.001672281650826335,0.2637445628643036,0.4497099816799164,-0.0007716705440543592,0.24827665090560913,0.4548419117927551,0.003920388873666525,0.23582881689071655,0.39452439546585083,-0.00025686004664748907,0.26691922545433044,0.4168083369731903,-0.008280606009066105,0.25614023208618164,0.4399082660675049,-0.006182199344038963,0.24250195920467377,0.4453830420970917,-0.0022717281244695187,0.0,0.0,0.0,0.0,0.0,0.0,0.0,0.0,0.0,0.0,0.0,0.0,0.0,0.0,0.0,0.0,0.0,0.0,0.0,0.0,0.0,0.0,0.0,0.0,0.0,0.0,0.0,0.0,0.0,0.0,0.0,0.0,0.0,0.0,0.0,0.0,0.0,0.0,0.0,0.0,0.0,0.0,0.0,0.0,0.0,0.0,0.0,0.0,0.0,0.0,0.0,0.0,0.0,0.0,0.0,0.0,0.0,0.0,0.0,0.0,0.0,0.0,0.0
move_out,0.20294469594955444,0.447456419467926,7.427097159506957e-08,0.2502821981906891,0.46045681834220886,0.004323293920606375,0.28845101594924927,0.4432283043861389,0.00418204115703702,0.3154553472995758,0.42068445682525635,-0.0005919723189435899,0.3355807363986969,0.3969985842704773,-0.004762527998536825,0.2790428698062897,0.367610901594162,0.016605321317911148,0.30211788415908813,0.351442813873291,0.008248401805758476,0.31899839639663696,0.33939316868782043,0.00132574827875942,0.3321855366230011,0.3242960572242737,-0.003533849259838462,0.27085402607917786,0.3556381165981293,0.007476667407900095,0.3107447326183319,0.38680148124694824,-0.0076913232915103436,0.2978261113166809,0.41399502754211426,-0.013433306477963924,0.2851346433162689,0.4141034781932831,-0.013138167560100555,0.26486167311668396,0.35170236229896545,-0.0029974929057061672,0.3051886558532715,0.38943615555763245,-0.020653918385505676,0.289344847202301,0.41648444533348083,-0.01901186816394329,0.2754334509372711,0.4161011576652527,-0.01257790345698595,0.26058340072631836,0.356496125459671,-0.013111375272274017,0.29483237862586975,0.3912030756473541,-0.023999525234103203,0.28325703740119934,0.4134580194950104,-0.02029493823647499,0.2700450122356415,0.4124341607093811,-0.014626034535467625,0.0,0.0,0.0,0.0,0.0,0.0,0.0,0.0,0.0,0.0,0.0,0.0,0.0,0.0,0.0,0.0,0.0,0.0,0.0,0.0,0.0,0.0,0.0,0.0,0.0,0.0,0.0,0.0,0.0,0.0,0.0,0.0,0.0,0.0,0.0,0.0,0.0,0.0,0.0,0.0,0.0,0.0,0.0,0.0,0.0,0.0,0.0,0.0,0.0,0.0,0.0,0.0,0.0,0.0,0.0,0.0,0.0,0.0,0.0,0.0,0.0,0.0,0.0
move_out,0.306570440530777,0.4501602053642273,1.5913752093865696e-08,0.34645986557006836,0.47476890683174133,0.006036707665771246,0.3851999342441559,0.46849894523620605,0.006961203645914793,0.41159769892692566,0.4553931951522827,0.0033045760355889797,0.4318982660770416,0.4411890506744385,0.0005177216953597963,0.39784079790115356,0.4154352843761444,0.016725555062294006,0.42662376165390015,0.40071794390678406,0.010303802788257599,0.43636953830718994,0.4046325087547302,0.006330787669867277,0.43737950921058655,0.40525293350219727,0.005190703086555004,0.39119553565979004,0.3985805809497833,0.008829469792544842,0.4160761833190918,0.41977831721305847,0.0004182340926490724,0.40252143144607544,0.43249616026878357,-0.0025002574548125267,0.3932633399963379,0.42590248584747314,-0.0017784234369173646,0.3836055099964142,0.3862907588481903,-0.00040650044684298337,0.40422049164772034,0.4249420762062073,-0.012703347951173782,0.38626983761787415,0.4430859088897705,-0.012120258063077927,0.37519463896751404,0.4399825930595398,-0.007937567308545113,0.3752184808254242,0.3790629506111145,-0.008858930319547653,0.3908175528049469,0.41456812620162964,-0.01587473228573799,0.37893402576446533,0.43311581015586853,-0.012709771282970905,0.3705712854862213,0.43264248967170715,-0.007973691448569298,0.0,0.0,0.0,0.0,0.0,0.0,0.0,0.0,0.0,0.0,0.0,0.0,0.0,0.0,0.0,0.0,0.0,0.0,0.0,0.0,0.0,0.0,0.0,0.0,0.0,0.0,0.0,0.0,0.0,0.0,0.0,0.0,0.0,0.0,0.0,0.0,0.0,0.0,0.0,0.0,0.0,0.0,0.0,0.0,0.0,0.0,0.0,0.0,0.0,0.0,0.0,0.0,0.0,0.0,0.0,0.0,0.0,0.0,0.0,0.0,0.0,0.0,0.0
move_out,0.40885037183761597,0.4118918180465698,3.899899070347601e-08,0.4592311382293701,0.45051097869873047,0.005800210405141115,0.5034884214401245,0.45273295044898987,0.006708613131195307,0.5406970381736755,0.45170003175735474,0.0034731426276266575,0.5702946782112122,0.44347041845321655,0.0016684626461938024,0.5180970430374146,0.37279313802719116,0.016488006338477135,0.5551803708076477,0.38009902834892273,0.011006352491676807,0.5743947625160217,0.3767760992050171,0.005485030822455883,0.5917406678199768,0.36596208810806274,0.0014473178889602423,0.5140272974967957,0.35815298557281494,0.009114387445151806,0.5513060092926025,0.41656211018562317,-0.0013988096034154296,0.5356853604316711,0.4357761740684509,-0.00575845455750823,0.523262083530426,0.4310739040374756,-0.006278790533542633,0.509280264377594,0.35574454069137573,0.0010816302383318543,0.542235791683197,0.4173198938369751,-0.008585330098867416,0.5250139236450195,0.4307088255882263,-0.005803980398923159,0.5115466117858887,0.42375582456588745,-0.001220672857016325,0.5057161450386047,0.3635578155517578,-0.0068815010599792,0.5320122838020325,0.412148654460907,-0.01008372288197279,0.5190334916114807,0.42494627833366394,-0.005335479974746704,0.5072163343429565,0.41945916414260864,-0.000559647916816175,0.0,0.0,0.0,0.0,0.0,0.0,0.0,0.0,0.0,0.0,0.0,0.0,0.0,0.0,0.0,0.0,0.0,0.0,0.0,0.0,0.0,0.0,0.0,0.0,0.0,0.0,0.0,0.0,0.0,0.0,0.0,0.0,0.0,0.0,0.0,0.0,0.0,0.0,0.0,0.0,0.0,0.0,0.0,0.0,0.0,0.0,0.0,0.0,0.0,0.0,0.0,0.0,0.0,0.0,0.0,0.0,0.0,0.0,0.0,0.0,0.0,0.0,0.0
move_out,0.563569188117981,0.3223479688167572,3.5449993163183535e-08,0.6198512315750122,0.3571365773677826,0.014425825327634811,0.6718350648880005,0.34657615423202515,0.021433323621749878,0.7091668248176575,0.3357921242713928,0.020517807453870773,0.738642692565918,0.3206344246864319,0.019290274009108543,0.6882900595664978,0.2665294408798218,0.032459013164043427,0.720731258392334,0.23731862008571625,0.029940592125058174,0.746292769908905,0.2258235365152359,0.02508218213915825,0.7679789066314697,0.21335415542125702,0.02007351443171501,0.6819983720779419,0.25403910875320435,0.017414860427379608,0.7176402807235718,0.28441211581230164,0.004687419161200523,0.6987265348434448,0.3203957676887512,-0.004029716365039349,0.6784273386001587,0.32958751916885376,-0.006534060463309288,0.67160564661026,0.25002121925354004,0.0015898088458925486,0.7082983255386353,0.28947263956069946,-0.015774894505739212,0.6872672438621521,0.32630884647369385,-0.01875532791018486,0.665704071521759,0.3349192142486572,-0.015725035220384598,0.6603807210922241,0.25557219982147217,-0.013088734820485115,0.6952434778213501,0.2808007299900055,-0.02744452841579914,0.6871574521064758,0.30950161814689636,-0.028848567977547646,0.6733637452125549,0.32108595967292786,-0.026633912697434425,0.0,0.0,0.0,0.0,0.0,0.0,0.0,0.0,0.0,0.0,0.0,0.0,0.0,0.0,0.0,0.0,0.0,0.0,0.0,0.0,0.0,0.0,0.0,0.0,0.0,0.0,0.0,0.0,0.0,0.0,0.0,0.0,0.0,0.0,0.0,0.0,0.0,0.0,0.0,0.0,0.0,0.0,0.0,0.0,0.0,0.0,0.0,0.0,0.0,0.0,0.0,0.0,0.0,0.0,0.0,0.0,0.0,0.0,0.0,0.0,0.0,0.0,0.0
move_out,0.612303614616394,0.4040091633796692,-1.6423136628418433e-07,0.6592023968696594,0.45444586873054504,0.005090749356895685,0.7085580229759216,0.467195063829422,0.009642411023378372,0.7474542856216431,0.4753405451774597,0.00984627939760685,0.7778186798095703,0.47759461402893066,0.01204098854213953,0.735593855381012,0.3799426853656769,0.02395026385784149,0.7658502459526062,0.41748160123825073,0.01836586184799671,0.7683496475219727,0.42916321754455566,0.013084396719932556,0.768684983253479,0.42756399512290955,0.01083227526396513,0.7317176461219788,0.3684498369693756,0.015401062555611134,0.7592107057571411,0.43921348452568054,0.0012790156761184335,0.7391855120658875,0.4570436179637909,-0.009622137062251568,0.7216278314590454,0.45374795794487,-0.01265575923025608,0.7267732620239258,0.36797645688056946,0.005365528166294098,0.7559252381324768,0.43021175265312195,-0.009858345612883568,0.7382075190544128,0.44967684149742126,-0.015457461588084698,0.7214232683181763,0.4480099678039551,-0.013880126178264618,0.7194422483444214,0.3769216239452362,-0.004266848787665367,0.7668389081954956,0.382487416267395,-0.012393039651215076,0.7952027320861816,0.38552963733673096,-0.015563949011266232,0.8160296082496643,0.38400140404701233,-0.015850000083446503,0.0,0.0,0.0,0.0,0.0,0.0,0.0,0.0,0.0,0.0,0.0,0.0,0.0,0.0,0.0,0.0,0.0,0.0,0.0,0.0,0.0,0.0,0.0,0.0,0.0,0.0,0.0,0.0,0.0,0.0,0.0,0.0,0.0,0.0,0.0,0.0,0.0,0.0,0.0,0.0,0.0,0.0,0.0,0.0,0.0,0.0,0.0,0.0,0.0,0.0,0.0,0.0,0.0,0.0,0.0,0.0,0.0,0.0,0.0,0.0,0.0,0.0,0.0
move_out,0.6768922209739685,0.36880362033843994,2.8212040703579078e-08,0.7305379509925842,0.4161195755004883,0.009554954245686531,0.7838497757911682,0.4251078963279724,0.01287629920989275,0.8236055970191956,0.4288014769554138,0.010004548355937004,0.8553386926651001,0.42609503865242004,0.008189297281205654,0.8110957741737366,0.3250579237937927,0.019450658932328224,0.8535802960395813,0.3253735899925232,0.011713475920259953,0.8835723400115967,0.3232557475566864,0.004724889062345028,0.9077032804489136,0.3135214149951935,-0.00048293129657395184,0.8091263771057129,0.3185354769229889,0.006923528388142586,0.842291533946991,0.39075419306755066,-0.009053998626768589,0.8203368186950684,0.41343623399734497,-0.016682470217347145,0.8054851293563843,0.40346410870552063,-0.01833193749189377,0.8032516241073608,0.3240761160850525,-0.006322785280644894,0.8350152373313904,0.39997127652168274,-0.0239634420722723,0.813546359539032,0.41986283659935,-0.024485208094120026,0.7981812357902527,0.40742528438568115,-0.019801747053861618,0.7952883243560791,0.34008264541625977,-0.01885158009827137,0.8352437019348145,0.3768949806690216,-0.0306536965072155,0.833435595035553,0.3890080451965332,-0.029859676957130432,0.828460693359375,0.3797854483127594,-0.02623599022626877,0.0,0.0,0.0,0.0,0.0,0.0,0.0,0.0,0.0,0.0,0.0,0.0,0.0,0.0,0.0,0.0,0.0,0.0,0.0,0.0,0.0,0.0,0.0,0.0,0.0,0.0,0.0,0.0,0.0,0.0,0.0,0.0,0.0,0.0,0.0,0.0,0.0,0.0,0.0,0.0,0.0,0.0,0.0,0.0,0.0,0.0,0.0,0.0,0.0,0.0,0.0,0.0,0.0,0.0,0.0,0.0,0.0,0.0,0.0,0.0,0.0,0.0,0.0
move_out,0.515045702457428,0.3878629207611084,1.1169264624300013e-08,0.5670362710952759,0.43058711290359497,0.0052415127865970135,0.6170833706855774,0.4351833462715149,0.007324152626097202,0.6547427773475647,0.4363265633583069,0.003941310103982687,0.6856027245521545,0.43014490604400635,0.0015422236174345016,0.6439375281333923,0.36052465438842773,0.01751672476530075,0.6869080066680908,0.3422231376171112,0.011029355227947235,0.7141274213790894,0.33779388666152954,0.005045561585575342,0.7360600829124451,0.3329886198043823,0.00038415237213484943,0.6360739469528198,0.3480694890022278,0.00727683212608099,0.6705371737480164,0.38654759526252747,-0.010530635714530945,0.6487783193588257,0.41625773906707764,-0.02026793360710144,0.6277492642402649,0.4227452576160431,-0.02244383655488491,0.6253239512443542,0.3437703549861908,-0.003982429392635822,0.6597566604614258,0.38486993312835693,-0.02267371118068695,0.6395367383956909,0.4149048328399658,-0.025475425645709038,0.617941677570343,0.42175766825675964,-0.02182735502719879,0.6130724549293518,0.34796142578125,-0.015087281353771687,0.6461802124977112,0.36950933933258057,-0.02868128940463066,0.6490916609764099,0.38998621702194214,-0.031567320227622986,0.6457443237304688,0.39802029728889465,-0.030324028804898262,0.0,0.0,0.0,0.0,0.0,0.0,0.0,0.0,0.0,0.0,0.0,0.0,0.0,0.0,0.0,0.0,0.0,0.0,0.0,0.0,0.0,0.0,0.0,0.0,0.0,0.0,0.0,0.0,0.0,0.0,0.0,0.0,0.0,0.0,0.0,0.0,0.0,0.0,0.0,0.0,0.0,0.0,0.0,0.0,0.0,0.0,0.0,0.0,0.0,0.0,0.0,0.0,0.0,0.0,0.0,0.0,0.0,0.0,0.0,0.0,0.0,0.0,0.0
move_out,0.3947819173336029,0.4079824388027191,4.530682673475894e-08,0.44606298208236694,0.44079267978668213,0.004223072901368141,0.4909115433692932,0.4293156862258911,0.004728082567453384,0.5240660905838013,0.41644009947776794,-0.00010463196667842567,0.551598310470581,0.4026601016521454,-0.003944797441363335,0.5019969940185547,0.3486570417881012,0.018231328576803207,0.5319323539733887,0.3333786427974701,0.011661379598081112,0.5554018616676331,0.32392436265945435,0.005626162514090538,0.5737712979316711,0.30974265933036804,0.0009027249761857092,0.49556881189346313,0.3343771696090698,0.008636346086859703,0.5298870801925659,0.37248745560646057,-0.004510567057877779,0.5139888525009155,0.4040835499763489,-0.010100135579705238,0.49910131096839905,0.40811896324157715,-0.010256893932819366,0.4885605573654175,0.3310866951942444,-0.002264752285555005,0.5236160159111023,0.3785359561443329,-0.018325334414839745,0.5048023462295532,0.4088781774044037,-0.017451398074626923,0.48725807666778564,0.4108334481716156,-0.011953569017350674,0.48214465379714966,0.3395311236381531,-0.013140267692506313,0.5134138464927673,0.3812134861946106,-0.0239592045545578,0.5003126263618469,0.40563127398490906,-0.021120285615324974,0.4840574860572815,0.4085192382335663,-0.016019878908991814,0.0,0.0,0.0,0.0,0.0,0.0,0.0,0.0,0.0,0.0,0.0,0.0,0.0,0.0,0.0,0.0,0.0,0.0,0.0,0.0,0.0,0.0,0.0,0.0,0.0,0.0,0.0,0.0,0.0,0.0,0.0,0.0,0.0,0.0,0.0,0.0,0.0,0.0,0.0,0.0,0.0,0.0,0.0,0.0,0.0,0.0,0.0,0.0,0.0,0.0,0.0,0.0,0.0,0.0,0.0,0.0,0.0,0.0,0.0,0.0,0.0,0.0,0.0
move_out,0.31297487020492554,0.41839730739593506,7.770000820528367e-08,0.3605254590511322,0.44221705198287964,0.007207594346255064,0.39838722348213196,0.4278262257575989,0.010694784112274647,0.42577889561653137,0.40680286288261414,0.009053533896803856,0.4435412883758545,0.38664400577545166,0.007795028388500214,0.3934510350227356,0.3531780242919922,0.025756722316145897,0.415600448846817,0.3382265269756317,0.024901477620005608,0.42998847365379333,0.32719558477401733,0.022051602602005005,0.4419455826282501,0.313543438911438,0.01969120465219021,0.3887173533439636,0.340852826833725,0.017939290031790733,0.4171350300312042,0.3717081546783447,0.011950518935918808,0.4062325656414032,0.3965268135070801,0.007299673277884722,0.3958236575126648,0.40155336260795593,0.006847844924777746,0.3845766484737396,0.33750098943710327,0.009085812605917454,0.4147413372993469,0.3773079216480255,0.0005065472796559334,0.40206649899482727,0.399533212184906,-0.0013256869278848171,0.39009496569633484,0.40200307965278625,0.0007073637098073959,0.3825865387916565,0.3423544764518738,0.000697652343660593,0.4083072543144226,0.3778681755065918,-0.0033621862530708313,0.39950940012931824,0.3972931504249573,-0.0013499150518327951,0.3885962665081024,0.3998144567012787,0.0018824198050424457,0.0,0.0,0.0,0.0,0.0,0.0,0.0,0.0,0.0,0.0,0.0,0.0,0.0,0.0,0.0,0.0,0.0,0.0,0.0,0.0,0.0,0.0,0.0,0.0,0.0,0.0,0.0,0.0,0.0,0.0,0.0,0.0,0.0,0.0,0.0,0.0,0.0,0.0,0.0,0.0,0.0,0.0,0.0,0.0,0.0,0.0,0.0,0.0,0.0,0.0,0.0,0.0,0.0,0.0,0.0,0.0,0.0,0.0,0.0,0.0,0.0,0.0,0.0
move_out,0.2375752031803131,0.4381825625896454,1.3699929013455403e-07,0.28244155645370483,0.4516528248786926,0.0019971129950135946,0.3198881149291992,0.43077853322029114,0.002948947250843048,0.3459116816520691,0.4068949818611145,-2.5386134439031594e-05,0.36492305994033813,0.38329359889030457,-0.002074263524264097,0.30687016248703003,0.3550158143043518,0.01611240953207016,0.33357468247413635,0.3342389762401581,0.011744203977286816,0.3544350266456604,0.3184921443462372,0.008570226840674877,0.3698956072330475,0.30393633246421814,0.0061874366365373135,0.3006826937198639,0.3452376127243042,0.009729795157909393,0.3413670063018799,0.3703130781650543,-0.0014628764474764466,0.3351537585258484,0.39822301268577576,-0.005055391229689121,0.32535457611083984,0.40552276372909546,-0.0035555160138756037,0.2960667014122009,0.34548312425613403,0.0020028138533234596,0.33899757266044617,0.37733712792396545,-0.012073076330125332,0.327515184879303,0.403327077627182,-0.0122420908883214,0.31386229395866394,0.40794816613197327,-0.007601627614349127,0.29508769512176514,0.3562072515487671,-0.005480397958308458,0.3310539126396179,0.38444340229034424,-0.013920221477746964,0.323279470205307,0.40504056215286255,-0.012128977105021477,0.3109712302684784,0.40827876329421997,-0.00834423117339611,0.0,0.0,0.0,0.0,0.0,0.0,0.0,0.0,0.0,0.0,0.0,0.0,0.0,0.0,0.0,0.0,0.0,0.0,0.0,0.0,0.0,0.0,0.0,0.0,0.0,0.0,0.0,0.0,0.0,0.0,0.0,0.0,0.0,0.0,0.0,0.0,0.0,0.0,0.0,0.0,0.0,0.0,0.0,0.0,0.0,0.0,0.0,0.0,0.0,0.0,0.0,0.0,0.0,0.0,0.0,0.0,0.0,0.0,0.0,0.0,0.0,0.0,0.0
move_out,0.19854125380516052,0.39966779947280884,1.6429132188022777e-07,0.24544073641300201,0.3997020721435547,0.002931695431470871,0.2792508006095886,0.37049198150634766,0.004246107302606106,0.29970598220825195,0.3376544117927551,0.0015392117202281952,0.30858975648880005,0.30746909976005554,-0.0007700755377300084,0.26688820123672485,0.30106860399246216,0.019201844930648804,0.2819843888282776,0.2678273916244507,0.016158288344740868,0.2950418293476105,0.2426084578037262,0.012264451012015343,0.30612102150917053,0.22178080677986145,0.008905685506761074,0.256196528673172,0.29120269417762756,0.012486389838159084,0.29010096192359924,0.2918713092803955,0.002137692179530859,0.2846638560295105,0.31932899355888367,-0.0028214140329509974,0.27305081486701965,0.33121371269226074,-0.002421245677396655,0.24598973989486694,0.2883782684803009,0.004600098356604576,0.2822033762931824,0.3060362935066223,-0.008930559270083904,0.2731921076774597,0.33498862385749817,-0.009174461476504803,0.25918617844581604,0.34460991621017456,-0.004563687369227409,0.23757553100585938,0.29244303703308105,-0.0030264181550592184,0.2701971232891083,0.31103798747062683,-0.011689107865095139,0.2665635645389557,0.3354276716709137,-0.010105126537382603,0.2567952871322632,0.34454822540283203,-0.0061789690516889095,0.0,0.0,0.0,0.0,0.0,0.0,0.0,0.0,0.0,0.0,0.0,0.0,0.0,0.0,0.0,0.0,0.0,0.0,0.0,0.0,0.0,0.0,0.0,0.0,0.0,0.0,0.0,0.0,0.0,0.0,0.0,0.0,0.0,0.0,0.0,0.0,0.0,0.0,0.0,0.0,0.0,0.0,0.0,0.0,0.0,0.0,0.0,0.0,0.0,0.0,0.0,0.0,0.0,0.0,0.0,0.0,0.0,0.0,0.0,0.0,0.0,0.0,0.0
move_out,0.316375732421875,0.3675040602684021,9.239592912990702e-08,0.3619483709335327,0.3768758177757263,-0.003644460579380393,0.40246081352233887,0.3431691527366638,-0.006000155117362738,0.42661210894584656,0.3102148473262787,-0.010445419698953629,0.4459552466869354,0.28462883830070496,-0.01390092447400093,0.4015851616859436,0.26286759972572327,-0.0010059115011245012,0.4224638342857361,0.22176776826381683,-0.009921777062118053,0.44201457500457764,0.18909886479377747,-0.017191506922245026,0.45719707012176514,0.16213463246822357,-0.023387152701616287,0.3886772096157074,0.25065553188323975,-0.006395384669303894,0.42012980580329895,0.2716190218925476,-0.019851848483085632,0.4117400348186493,0.30274760723114014,-0.02418370544910431,0.39967894554138184,0.3081558644771576,-0.025249790400266647,0.3745806813240051,0.24968531727790833,-0.012667174451053143,0.4100019335746765,0.2833171784877777,-0.02748761884868145,0.39964842796325684,0.31280991435050964,-0.02416757494211197,0.38669678568840027,0.3135915994644165,-0.01930328458547592,0.36060282588005066,0.25886714458465576,-0.019474685192108154,0.3942473232746124,0.29226765036582947,-0.02973511628806591,0.3881334066390991,0.3161727488040924,-0.025866128504276276,0.3766222298145294,0.31652918457984924,-0.021175097674131393,0.0,0.0,0.0,0.0,0.0,0.0,0.0,0.0,0.0,0.0,0.0,0.0,0.0,0.0,0.0,0.0,0.0,0.0,0.0,0.0,0.0,0.0,0.0,0.0,0.0,0.0,0.0,0.0,0.0,0.0,0.0,0.0,0.0,0.0,0.0,0.0,0.0,0.0,0.0,0.0,0.0,0.0,0.0,0.0,0.0,0.0,0.0,0.0,0.0,0.0,0.0,0.0,0.0,0.0,0.0,0.0,0.0,0.0,0.0,0.0,0.0,0.0,0.0
move_out,0.3393486738204956,0.3558465838432312,8.868901346659186e-08,0.3816910684108734,0.3661482334136963,-0.003235406940802932,0.42347636818885803,0.3332480490207672,-0.006373809650540352,0.45120200514793396,0.3003876209259033,-0.011657890863716602,0.47192874550819397,0.27420076727867126,-0.016241444274783134,0.42387378215789795,0.24571441113948822,-0.0015215876046568155,0.44660791754722595,0.20764821767807007,-0.011775512248277664,0.4673660099506378,0.17581433057785034,-0.02009575627744198,0.4830751419067383,0.1481609046459198,-0.02675517089664936,0.4111848473548889,0.23352748155593872,-0.007233241107314825,0.44649505615234375,0.26679882407188416,-0.022246049717068672,0.4327409267425537,0.30159056186676025,-0.025921452790498734,0.4163382649421692,0.30453285574913025,-0.0257396437227726,0.39754071831703186,0.23524174094200134,-0.013756311498582363,0.43549588322639465,0.2760959267616272,-0.030173860490322113,0.42162686586380005,0.30849161744117737,-0.025706125423312187,0.40633895993232727,0.3083565831184387,-0.019426196813583374,0.38414883613586426,0.24689985811710358,-0.02064036950469017,0.4201982021331787,0.2849690318107605,-0.03201443329453468,0.4095126986503601,0.3106614947319031,-0.026865793392062187,0.39400801062583923,0.31073880195617676,-0.02079547755420208,0.0,0.0,0.0,0.0,0.0,0.0,0.0,0.0,0.0,0.0,0.0,0.0,0.0,0.0,0.0,0.0,0.0,0.0,0.0,0.0,0.0,0.0,0.0,0.0,0.0,0.0,0.0,0.0,0.0,0.0,0.0,0.0,0.0,0.0,0.0,0.0,0.0,0.0,0.0,0.0,0.0,0.0,0.0,0.0,0.0,0.0,0.0,0.0,0.0,0.0,0.0,0.0,0.0,0.0,0.0,0.0,0.0,0.0,0.0,0.0,0.0,0.0,0.0
move_out,0.36847984790802,0.4472392499446869,2.7838538585456263e-07,0.43330997228622437,0.47677814960479736,-0.03690585121512413,0.4931902587413788,0.4585990905761719,-0.06233510375022888,0.5333482027053833,0.41531577706336975,-0.08620110154151917,0.5419531464576721,0.3517238199710846,-0.10740157216787338,0.5406162738800049,0.3448644280433655,-0.03987579047679901,0.5968580842018127,0.2739875316619873,-0.07536622881889343,0.6355764865875244,0.22801785171031952,-0.09690190106630325,0.6649688482284546,0.18633414804935455,-0.1116618812084198,0.5058062672615051,0.31086546182632446,-0.045165907591581345,0.5454641580581665,0.31175434589385986,-0.09006756544113159,0.5081210732460022,0.3617994785308838,-0.09940280020236969,0.49059149622917175,0.37629321217536926,-0.09686766564846039,0.46731388568878174,0.29309865832328796,-0.05575648322701454,0.49008238315582275,0.3250143527984619,-0.10336624830961227,0.4577716588973999,0.3779405951499939,-0.09792235493659973,0.4471900165081024,0.3825478255748749,-0.08391040563583374,0.42784932255744934,0.28394418954849243,-0.07000622153282166,0.44635412096977234,0.32331404089927673,-0.10165897011756897,0.4275020360946655,0.3662493824958801,-0.09505888819694519,0.417826771736145,0.3674752116203308,-0.08417774736881256,0.0,0.0,0.0,0.0,0.0,0.0,0.0,0.0,0.0,0.0,0.0,0.0,0.0,0.0,0.0,0.0,0.0,0.0,0.0,0.0,0.0,0.0,0.0,0.0,0.0,0.0,0.0,0.0,0.0,0.0,0.0,0.0,0.0,0.0,0.0,0.0,0.0,0.0,0.0,0.0,0.0,0.0,0.0,0.0,0.0,0.0,0.0,0.0,0.0,0.0,0.0,0.0,0.0,0.0,0.0,0.0,0.0,0.0,0.0,0.0,0.0,0.0,0.0
move_out,0.3959765136241913,0.4986189603805542,1.5367571393198887e-07,0.4448324143886566,0.5368146300315857,0.01622067391872406,0.48684999346733093,0.528572678565979,0.02116790972650051,0.5220291614532471,0.5113913416862488,0.016746874898672104,0.5411707162857056,0.48251211643218994,0.01194466557353735,0.4933920204639435,0.4580368995666504,0.05428570881485939,0.5189959406852722,0.4362056255340576,0.0531558059155941,0.5334627032279968,0.4282286763191223,0.04697950929403305,0.544090986251831,0.4150641858577728,0.042697761207818985,0.49258995056152344,0.4431523382663727,0.03968861699104309,0.5309270024299622,0.457139253616333,0.03301956132054329,0.5173709392547607,0.48475906252861023,0.024891790002584457,0.505449116230011,0.48932310938835144,0.023461416363716125,0.4910427927970886,0.43133464455604553,0.02249760553240776,0.5272415280342102,0.462370365858078,0.00632474897429347,0.5013344883918762,0.4880468547344208,-4.20761170971673e-05,0.4805418848991394,0.48649126291275024,0.0021403785794973373,0.4895950257778168,0.4277452528476715,0.006897469982504845,0.5164734721183777,0.4649568796157837,-0.004651922266930342,0.4948253333568573,0.48256951570510864,-0.0052733649499714375,0.4744076132774353,0.47574758529663086,-0.002293060999363661,0.0,0.0,0.0,0.0,0.0,0.0,0.0,0.0,0.0,0.0,0.0,0.0,0.0,0.0,0.0,0.0,0.0,0.0,0.0,0.0,0.0,0.0,0.0,0.0,0.0,0.0,0.0,0.0,0.0,0.0,0.0,0.0,0.0,0.0,0.0,0.0,0.0,0.0,0.0,0.0,0.0,0.0,0.0,0.0,0.0,0.0,0.0,0.0,0.0,0.0,0.0,0.0,0.0,0.0,0.0,0.0,0.0,0.0,0.0,0.0,0.0,0.0,0.0
move_out,0.5162873268127441,0.4178694188594818,9.576001502864528e-08,0.5789623856544495,0.47302353382110596,0.014612567611038685,0.6361820697784424,0.47456052899360657,0.018587172031402588,0.678910493850708,0.47138142585754395,0.015139066614210606,0.7140040993690491,0.4642127454280853,0.012550379149615765,0.6648111343383789,0.3652562201023102,0.024622581899166107,0.7222939133644104,0.3500528931617737,0.017866209149360657,0.758588969707489,0.33879247307777405,0.010624291375279427,0.7862974405288696,0.3243715465068817,0.004693507216870785,0.659959077835083,0.35744404792785645,0.009121415205299854,0.7137376666069031,0.42065224051475525,-0.006115624215453863,0.7013185620307922,0.44925475120544434,-0.015006694942712784,0.685383141040802,0.4521945118904114,-0.017761439085006714,0.6508378982543945,0.3620297610759735,-0.006760519929230213,0.7059559226036072,0.43186184763908386,-0.022876378148794174,0.6899885535240173,0.458975613117218,-0.023342525586485863,0.6702139973640442,0.4599161446094513,-0.019324002787470818,0.6408065557479858,0.3812657594680786,-0.02171824872493744,0.6863663196563721,0.4163650572299957,-0.03411142900586128,0.6936404705047607,0.4347657561302185,-0.03540652617812157,0.6957588791847229,0.43733397126197815,-0.03358971327543259,0.0,0.0,0.0,0.0,0.0,0.0,0.0,0.0,0.0,0.0,0.0,0.0,0.0,0.0,0.0,0.0,0.0,0.0,0.0,0.0,0.0,0.0,0.0,0.0,0.0,0.0,0.0,0.0,0.0,0.0,0.0,0.0,0.0,0.0,0.0,0.0,0.0,0.0,0.0,0.0,0.0,0.0,0.0,0.0,0.0,0.0,0.0,0.0,0.0,0.0,0.0,0.0,0.0,0.0,0.0,0.0,0.0,0.0,0.0,0.0,0.0,0.0,0.0
move_out,0.5270322561264038,0.43583717942237854,1.8124586631529382e-07,0.5891009569168091,0.48029980063438416,0.013611816801130772,0.6462914347648621,0.4749004542827606,0.01602693647146225,0.6873305439949036,0.4604153633117676,0.010182362049818039,0.7144087553024292,0.4333134591579437,0.004337909631431103,0.672162652015686,0.38141000270843506,0.029909776523709297,0.7212880253791809,0.3488883674144745,0.021022463217377663,0.7500468492507935,0.3337661027908325,0.010237128473818302,0.7701582908630371,0.31366750597953796,0.0028713566716760397,0.6676414608955383,0.36708226799964905,0.014002589508891106,0.7151626348495483,0.4004969298839569,0.002761783776804805,0.7021227478981018,0.44189056754112244,-0.004786148201674223,0.685431718826294,0.45125898718833923,-0.0076655056327581406,0.6576869487762451,0.3589934706687927,-0.0034078555181622505,0.7006298303604126,0.4156651794910431,-0.01841312274336815,0.6779420375823975,0.4550638794898987,-0.018338024616241455,0.6547830700874329,0.4581909775733948,-0.014134206809103489,0.6455057263374329,0.3609399199485779,-0.020099036395549774,0.6816385984420776,0.41135331988334656,-0.030614258721470833,0.6659671068191528,0.445163756608963,-0.026775052770972252,0.6454357504844666,0.4492405652999878,-0.021361766383051872,0.0,0.0,0.0,0.0,0.0,0.0,0.0,0.0,0.0,0.0,0.0,0.0,0.0,0.0,0.0,0.0,0.0,0.0,0.0,0.0,0.0,0.0,0.0,0.0,0.0,0.0,0.0,0.0,0.0,0.0,0.0,0.0,0.0,0.0,0.0,0.0,0.0,0.0,0.0,0.0,0.0,0.0,0.0,0.0,0.0,0.0,0.0,0.0,0.0,0.0,0.0,0.0,0.0,0.0,0.0,0.0,0.0,0.0,0.0,0.0,0.0,0.0,0.0
move_out,0.3835587203502655,0.3147392272949219,1.7329004720068042e-07,0.4568166136741638,0.34210726618766785,-0.00589245930314064,0.5168836116790771,0.3136996328830719,-0.013733791187405586,0.5539863705635071,0.2742585837841034,-0.02423098310828209,0.5697343945503235,0.22665385901927948,-0.03256991133093834,0.5273429155349731,0.19580233097076416,-0.003216006327420473,0.5711023211479187,0.15082746744155884,-0.022093964740633965,0.6022573709487915,0.12059590220451355,-0.035560574382543564,0.6276826858520508,0.09006713330745697,-0.045241884887218475,0.5047533512115479,0.17300176620483398,-0.013393406756222248,0.5594035387039185,0.2127058506011963,-0.03737091273069382,0.5326755046844482,0.258350133895874,-0.04201328381896019,0.51148921251297,0.26556479930877686,-0.040339961647987366,0.48100388050079346,0.1725306212902069,-0.025646131485700607,0.5291900634765625,0.23364320397377014,-0.05035320296883583,0.5015695691108704,0.27255040407180786,-0.041322268545627594,0.4821942150592804,0.2683737277984619,-0.029659362509846687,0.45777490735054016,0.18930155038833618,-0.039025288075208664,0.49861663579940796,0.24600733816623688,-0.05221881717443466,0.47902658581733704,0.27142617106437683,-0.042027853429317474,0.4600822925567627,0.25977823138237,-0.03210396319627762,0.0,0.0,0.0,0.0,0.0,0.0,0.0,0.0,0.0,0.0,0.0,0.0,0.0,0.0,0.0,0.0,0.0,0.0,0.0,0.0,0.0,0.0,0.0,0.0,0.0,0.0,0.0,0.0,0.0,0.0,0.0,0.0,0.0,0.0,0.0,0.0,0.0,0.0,0.0,0.0,0.0,0.0,0.0,0.0,0.0,0.0,0.0,0.0,0.0,0.0,0.0,0.0,0.0,0.0,0.0,0.0,0.0,0.0,0.0,0.0,0.0,0.0,0.0
move_out,0.42630547285079956,0.3416809141635895,1.8995993400494626e-07,0.4866069257259369,0.36594825983047485,-0.0068115852773189545,0.5476323962211609,0.34341055154800415,-0.01598931849002838,0.5869418382644653,0.30797889828681946,-0.027914876118302345,0.6061239242553711,0.26423999667167664,-0.039105124771595,0.5651307106018066,0.22875520586967468,-0.011304215528070927,0.6126925349235535,0.18325871229171753,-0.0304644163697958,0.647641658782959,0.15503937005996704,-0.04442247748374939,0.6747066974639893,0.12417307496070862,-0.0549098365008831,0.5440332889556885,0.20703564584255219,-0.020762650296092033,0.5950347185134888,0.24773214757442474,-0.04599684104323387,0.5722289085388184,0.29701748490333557,-0.05218542739748955,0.5520243048667908,0.30486705899238586,-0.05236531049013138,0.5186315774917603,0.20608830451965332,-0.031216880306601524,0.5638709664344788,0.26269516348838806,-0.05754639953374863,0.5381258726119995,0.30469727516174316,-0.04886347055435181,0.518822193145752,0.30268537998199463,-0.03797561302781105,0.4917488396167755,0.21886740624904633,-0.04229724407196045,0.5319870114326477,0.2705233693122864,-0.058606576174497604,0.5123159885406494,0.29862111806869507,-0.048244088888168335,0.4936322867870331,0.29083487391471863,-0.03785764425992966,0.0,0.0,0.0,0.0,0.0,0.0,0.0,0.0,0.0,0.0,0.0,0.0,0.0,0.0,0.0,0.0,0.0,0.0,0.0,0.0,0.0,0.0,0.0,0.0,0.0,0.0,0.0,0.0,0.0,0.0,0.0,0.0,0.0,0.0,0.0,0.0,0.0,0.0,0.0,0.0,0.0,0.0,0.0,0.0,0.0,0.0,0.0,0.0,0.0,0.0,0.0,0.0,0.0,0.0,0.0,0.0,0.0,0.0,0.0,0.0,0.0,0.0,0.0
move_out,0.5034558773040771,0.32589027285575867,1.5351993454260082e-07,0.5670991539955139,0.3782249987125397,0.0036206406075507402,0.6330585479736328,0.3670341670513153,0.0015238667838275433,0.6777113080024719,0.34459152817726135,-0.007017347030341625,0.7055032849311829,0.3085559904575348,-0.014115700498223305,0.6572667360305786,0.25545307993888855,0.01732112467288971,0.7115268111228943,0.22112266719341278,0.0035146325826644897,0.7497364282608032,0.20111948251724243,-0.009200853295624256,0.7796723246574402,0.17555227875709534,-0.018524153158068657,0.6457072496414185,0.233714759349823,0.003422901500016451,0.6966963410377502,0.27101483941078186,-0.017212066799402237,0.6812140941619873,0.30420881509780884,-0.02624591253697872,0.6676251888275146,0.3049554228782654,-0.028372546657919884,0.6317172646522522,0.22590672969818115,-0.012254644185304642,0.677215039730072,0.29307761788368225,-0.035957220941782,0.6469050049781799,0.3250579833984375,-0.031462568789720535,0.6254225969314575,0.3194388449192047,-0.02250502072274685,0.6158818602561951,0.23498916625976562,-0.028150230646133423,0.6545841097831726,0.29726871848106384,-0.04196757823228836,0.6295107007026672,0.3199411630630493,-0.03366238996386528,0.6080877184867859,0.3116700351238251,-0.024493806064128876,0.0,0.0,0.0,0.0,0.0,0.0,0.0,0.0,0.0,0.0,0.0,0.0,0.0,0.0,0.0,0.0,0.0,0.0,0.0,0.0,0.0,0.0,0.0,0.0,0.0,0.0,0.0,0.0,0.0,0.0,0.0,0.0,0.0,0.0,0.0,0.0,0.0,0.0,0.0,0.0,0.0,0.0,0.0,0.0,0.0,0.0,0.0,0.0,0.0,0.0,0.0,0.0,0.0,0.0,0.0,0.0,0.0,0.0,0.0,0.0,0.0,0.0,0.0
move_out,0.4142550826072693,0.32272690534591675,1.6050069007178536e-07,0.5049315690994263,0.37456226348876953,0.0062208096496760845,0.5745646357536316,0.3806203603744507,-0.010862338356673717,0.6211304068565369,0.3814268708229065,-0.034047771245241165,0.6509897708892822,0.3590409755706787,-0.05510569363832474,0.6183271408081055,0.2348957061767578,-0.024616364389657974,0.6904652714729309,0.1905161738395691,-0.060974687337875366,0.7393733263015747,0.16116507351398468,-0.08374251425266266,0.7770556211471558,0.1268921047449112,-0.09738358855247498,0.5960753560066223,0.2226300835609436,-0.04848342388868332,0.6614571213722229,0.31231969594955444,-0.08836846053600311,0.624817967414856,0.34651079773902893,-0.09089235216379166,0.5958688259124756,0.3434827923774719,-0.08440960198640823,0.5646858215332031,0.23843955993652344,-0.07264828681945801,0.6072918176651001,0.3574628531932831,-0.1032312661409378,0.5709658265113831,0.3782230615615845,-0.08318976312875748,0.5508784651756287,0.36012643575668335,-0.06313428282737732,0.5316360592842102,0.2738678455352783,-0.09756747633218765,0.5594726204872131,0.36859601736068726,-0.10694125294685364,0.5313142538070679,0.3802865147590637,-0.08496899902820587,0.5152503252029419,0.359253466129303,-0.06668788194656372,0.0,0.0,0.0,0.0,0.0,0.0,0.0,0.0,0.0,0.0,0.0,0.0,0.0,0.0,0.0,0.0,0.0,0.0,0.0,0.0,0.0,0.0,0.0,0.0,0.0,0.0,0.0,0.0,0.0,0.0,0.0,0.0,0.0,0.0,0.0,0.0,0.0,0.0,0.0,0.0,0.0,0.0,0.0,0.0,0.0,0.0,0.0,0.0,0.0,0.0,0.0,0.0,0.0,0.0,0.0,0.0,0.0,0.0,0.0,0.0,0.0,0.0,0.0
move_out,0.4159182906150818,0.3633591830730438,1.2830632556415367e-07,0.4722380042076111,0.38924145698547363,0.012676404789090157,0.5225372910499573,0.3582519292831421,0.018921446055173874,0.5594401955604553,0.32591521739959717,0.018572038039565086,0.5729055404663086,0.2850814759731293,0.018834317103028297,0.5132812857627869,0.25762563943862915,0.04271026700735092,0.54184889793396,0.2293379008769989,0.04362640529870987,0.5534998178482056,0.21423231065273285,0.039034996181726456,0.5607079863548279,0.18618586659431458,0.035201575607061386,0.5095009803771973,0.24551746249198914,0.0327395461499691,0.5564097762107849,0.25117483735084534,0.027869991958141327,0.5510262846946716,0.2852424681186676,0.021161748096346855,0.5388915538787842,0.28851303458213806,0.019811851903796196,0.5041735172271729,0.24265575408935547,0.02130412496626377,0.555866539478302,0.2768600881099701,0.010409137234091759,0.5388475060462952,0.3166937232017517,0.005339331459254026,0.5194242596626282,0.32092219591140747,0.0063254437409341335,0.5023059248924255,0.25109192728996277,0.01122182048857212,0.5408393740653992,0.2940422296524048,0.003928317688405514,0.5251594185829163,0.31694450974464417,0.002964774612337351,0.5052938461303711,0.31170395016670227,0.004346329718828201,0.0,0.0,0.0,0.0,0.0,0.0,0.0,0.0,0.0,0.0,0.0,0.0,0.0,0.0,0.0,0.0,0.0,0.0,0.0,0.0,0.0,0.0,0.0,0.0,0.0,0.0,0.0,0.0,0.0,0.0,0.0,0.0,0.0,0.0,0.0,0.0,0.0,0.0,0.0,0.0,0.0,0.0,0.0,0.0,0.0,0.0,0.0,0.0,0.0,0.0,0.0,0.0,0.0,0.0,0.0,0.0,0.0,0.0,0.0,0.0,0.0,0.0,0.0
move_out,0.3544732332229614,0.4434184730052948,-9.919730814544891e-08,0.4044831395149231,0.4524799585342407,8.291839912999421e-05,0.44440677762031555,0.4327887296676636,0.0008647398208267987,0.46738535165786743,0.39724940061569214,-0.002804915187880397,0.4714449644088745,0.3602783977985382,-0.0053915418684482574,0.447263240814209,0.38929063081741333,0.02510218322277069,0.47218623757362366,0.3695130944252014,0.012262145057320595,0.4604913592338562,0.3909852206707001,0.0007823765045031905,0.4426233768463135,0.40803781151771545,-0.003940848633646965,0.43465855717658997,0.37402427196502686,0.01904766447842121,0.46014609932899475,0.3605407178401947,0.004363176412880421,0.4399096369743347,0.3886597454547882,-0.005806497298181057,0.4186040163040161,0.40086719393730164,-0.007949048653244972,0.4201640188694,0.35803288221359253,0.009907440282404423,0.4461047053337097,0.3519267141819,-0.008408398367464542,0.4243188202381134,0.3822290897369385,-0.009531605057418346,0.4038159251213074,0.3924107253551483,-0.0037916682194918394,0.4022080600261688,0.342289000749588,0.0008125064778141677,0.43057781457901,0.3461168110370636,-0.010803282260894775,0.4163573086261749,0.3703151047229767,-0.00681938836351037,0.3990423083305359,0.37684184312820435,0.00014003647083882242,0.0,0.0,0.0,0.0,0.0,0.0,0.0,0.0,0.0,0.0,0.0,0.0,0.0,0.0,0.0,0.0,0.0,0.0,0.0,0.0,0.0,0.0,0.0,0.0,0.0,0.0,0.0,0.0,0.0,0.0,0.0,0.0,0.0,0.0,0.0,0.0,0.0,0.0,0.0,0.0,0.0,0.0,0.0,0.0,0.0,0.0,0.0,0.0,0.0,0.0,0.0,0.0,0.0,0.0,0.0,0.0,0.0,0.0,0.0,0.0,0.0,0.0,0.0
move_out,0.3582475781440735,0.46772608160972595,-1.1193161242317728e-07,0.40447714924812317,0.47509634494781494,-0.003719053929671645,0.441043496131897,0.4506816267967224,-0.004924471024423838,0.4628351628780365,0.41233789920806885,-0.009203769266605377,0.46391555666923523,0.37444332242012024,-0.011572957038879395,0.43896400928497314,0.40299537777900696,0.015816519036889076,0.46401071548461914,0.3862696588039398,0.002459837356582284,0.45257338881492615,0.4148610234260559,-0.006695824209600687,0.4383007884025574,0.42360299825668335,-0.01042285468429327,0.42849165201187134,0.3912734389305115,0.011204687878489494,0.456453800201416,0.37645387649536133,-0.0031003309413790703,0.4391724765300751,0.410601407289505,-0.010553047992289066,0.42118266224861145,0.414654940366745,-0.011693914420902729,0.41527068614959717,0.3793698847293854,0.003681189613416791,0.44447481632232666,0.37141138315200806,-0.015250719152390957,0.42510786652565,0.40773123502731323,-0.013897933065891266,0.4061211347579956,0.4120103716850281,-0.007066018413752317,0.3983226418495178,0.36763083934783936,-0.0038247478660196066,0.42810311913490295,0.36881330609321594,-0.016301888972520828,0.4165469706058502,0.395503968000412,-0.011471516452729702,0.3995508849620819,0.39787253737449646,-0.004250834695994854,0.0,0.0,0.0,0.0,0.0,0.0,0.0,0.0,0.0,0.0,0.0,0.0,0.0,0.0,0.0,0.0,0.0,0.0,0.0,0.0,0.0,0.0,0.0,0.0,0.0,0.0,0.0,0.0,0.0,0.0,0.0,0.0,0.0,0.0,0.0,0.0,0.0,0.0,0.0,0.0,0.0,0.0,0.0,0.0,0.0,0.0,0.0,0.0,0.0,0.0,0.0,0.0,0.0,0.0,0.0,0.0,0.0,0.0,0.0,0.0,0.0,0.0,0.0
move_out,0.14659908413887024,0.5180226564407349,1.2864042275850807e-07,0.23409387469291687,0.4274533987045288,0.004728452768176794,0.2550220787525177,0.3467959761619568,-0.009814673103392124,0.2599514126777649,0.28666001558303833,-0.031789571046829224,0.2509938180446625,0.2328726053237915,-0.050812214612960815,0.15897107124328613,0.247999370098114,-0.006376606412231922,0.1374685913324356,0.15526753664016724,-0.038231391459703445,0.12486337870359421,0.09010118246078491,-0.06075991690158844,0.10769910365343094,0.03852440416812897,-0.07421894371509552,0.1378801167011261,0.26586246490478516,-0.028365010395646095,0.22143743932247162,0.21624118089675903,-0.05908584967255592,0.23907557129859924,0.26967301964759827,-0.06304164975881577,0.2336418330669403,0.3002749979496002,-0.060438863933086395,0.13545340299606323,0.29890522360801697,-0.05242883414030075,0.23501469194889069,0.2862880527973175,-0.07666011899709702,0.24195340275764465,0.337749183177948,-0.06108124926686287,0.22536279261112213,0.356383740901947,-0.046310994774103165,0.15037232637405396,0.3421034812927246,-0.07839257270097733,0.22970958054065704,0.3359028100967407,-0.08427426218986511,0.2373811900615692,0.3717309832572937,-0.06596159934997559,0.22147640585899353,0.3888130486011505,-0.05174301937222481,0.0,0.0,0.0,0.0,0.0,0.0,0.0,0.0,0.0,0.0,0.0,0.0,0.0,0.0,0.0,0.0,0.0,0.0,0.0,0.0,0.0,0.0,0.0,0.0,0.0,0.0,0.0,0.0,0.0,0.0,0.0,0.0,0.0,0.0,0.0,0.0,0.0,0.0,0.0,0.0,0.0,0.0,0.0,0.0,0.0,0.0,0.0,0.0,0.0,0.0,0.0,0.0,0.0,0.0,0.0,0.0,0.0,0.0,0.0,0.0,0.0,0.0,0.0
move_out,0.018842920660972595,0.4873771071434021,-6.098409812693717e-07,-0.0011677294969558716,0.400318443775177,-0.017718393355607986,0.009619198739528656,0.30346617102622986,-0.023806767538189888,0.03370632231235504,0.23650798201560974,-0.030202729627490044,0.05500028654932976,0.1891540139913559,-0.03477095812559128,0.09216082841157913,0.2745862305164337,-0.0023046862334012985,0.09749498218297958,0.20913419127464294,-0.01997297629714012,0.07253890484571457,0.19233278930187225,-0.03254906088113785,0.049280956387519836,0.1967623084783554,-0.037966854870319366,0.11855901032686234,0.3157372772693634,-0.0014925075229257345,0.09828590601682663,0.25863540172576904,-0.01514237280935049,0.0577411875128746,0.25541383028030396,-0.02186332643032074,0.03150284290313721,0.2690756022930145,-0.02332589216530323,0.1305982917547226,0.37031689286231995,-0.0047470624558627605,0.09088505804538727,0.32921192049980164,-0.024345457553863525,0.046678327023983,0.33918359875679016,-0.026876026764512062,0.0207970067858696,0.36050787568092346,-0.02321005053818226,0.13254569470882416,0.4293842613697052,-0.009339430369436741,0.08897701650857925,0.39006203413009644,-0.02374492585659027,0.053719792515039444,0.39121127128601074,-0.02274162694811821,0.03349258750677109,0.40798696875572205,-0.017012732103466988,0.0,0.0,0.0,0.0,0.0,0.0,0.0,0.0,0.0,0.0,0.0,0.0,0.0,0.0,0.0,0.0,0.0,0.0,0.0,0.0,0.0,0.0,0.0,0.0,0.0,0.0,0.0,0.0,0.0,0.0,0.0,0.0,0.0,0.0,0.0,0.0,0.0,0.0,0.0,0.0,0.0,0.0,0.0,0.0,0.0,0.0,0.0,0.0,0.0,0.0,0.0,0.0,0.0,0.0,0.0,0.0,0.0,0.0,0.0,0.0,0.0,0.0,0.0
move_out,0.1699005514383316,0.5555865168571472,9.804060852047769e-08,0.25195035338401794,0.4530663788318634,-0.0043113562278449535,0.27594947814941406,0.3658510744571686,-0.030594786629080772,0.28792804479599,0.3057031035423279,-0.06258028000593185,0.28836822509765625,0.26311346888542175,-0.09223868697881699,0.16082549095153809,0.25089454650878906,-0.042379122227430344,0.13407811522483826,0.14569976925849915,-0.09109129756689072,0.1134839877486229,0.07322390377521515,-0.12327293306589127,0.08901749551296234,0.01631323993206024,-0.14292827248573303,0.1421528309583664,0.2856459319591522,-0.0671970471739769,0.259154736995697,0.22963395714759827,-0.11852525919675827,0.2688118815422058,0.29470115900039673,-0.12369487434625626,0.2461192011833191,0.32943812012672424,-0.1189529225230217,0.14752617478370667,0.3430749475955963,-0.0935749039053917,0.27384719252586365,0.32622745633125305,-0.1349841207265854,0.27177780866622925,0.37874817848205566,-0.11352671682834625,0.24179862439632416,0.3933703899383545,-0.09232515096664429,0.1691427230834961,0.40868544578552246,-0.12188100814819336,0.2679324448108673,0.39853620529174805,-0.1373574286699295,0.26612839102745056,0.4371355175971985,-0.11238071322441101,0.2375384420156479,0.4494951367378235,-0.09223347902297974,0.0,0.0,0.0,0.0,0.0,0.0,0.0,0.0,0.0,0.0,0.0,0.0,0.0,0.0,0.0,0.0,0.0,0.0,0.0,0.0,0.0,0.0,0.0,0.0,0.0,0.0,0.0,0.0,0.0,0.0,0.0,0.0,0.0,0.0,0.0,0.0,0.0,0.0,0.0,0.0,0.0,0.0,0.0,0.0,0.0,0.0,0.0,0.0,0.0,0.0,0.0,0.0,0.0,0.0,0.0,0.0,0.0,0.0,0.0,0.0,0.0,0.0,0.0
move_out,0.37169966101646423,0.549885630607605,2.574224424733984e-07,0.4204160273075104,0.47192326188087463,0.006760523654520512,0.4975402355194092,0.41274523735046387,-0.014270728453993797,0.5627967715263367,0.3834877014160156,-0.03930357098579407,0.6002558469772339,0.36596590280532837,-0.06531400233507156,0.446636438369751,0.3015872836112976,-0.054010059684515,0.4711408019065857,0.18146011233329773,-0.0941154733300209,0.48755407333374023,0.10178554058074951,-0.12174753099679947,0.49332505464553833,0.033596545457839966,-0.13982664048671722,0.43509340286254883,0.3266943395137787,-0.07977384328842163,0.5658326745033264,0.30946090817451477,-0.12102524191141129,0.5638008117675781,0.3668063282966614,-0.1253746896982193,0.5328165888786316,0.3853105306625366,-0.1218034029006958,0.4351169466972351,0.3871231973171234,-0.10207682102918625,0.5636842846870422,0.41487959027290344,-0.12913207709789276,0.5440082550048828,0.4584459960460663,-0.10388348996639252,0.5067353844642639,0.4523525834083557,-0.08252670615911484,0.44719749689102173,0.4609549045562744,-0.12434551119804382,0.549517035484314,0.4860152006149292,-0.13280078768730164,0.5302320122718811,0.5142630338668823,-0.10394395887851715,0.49357515573501587,0.5058064460754395,-0.08173996210098267,0.0,0.0,0.0,0.0,0.0,0.0,0.0,0.0,0.0,0.0,0.0,0.0,0.0,0.0,0.0,0.0,0.0,0.0,0.0,0.0,0.0,0.0,0.0,0.0,0.0,0.0,0.0,0.0,0.0,0.0,0.0,0.0,0.0,0.0,0.0,0.0,0.0,0.0,0.0,0.0,0.0,0.0,0.0,0.0,0.0,0.0,0.0,0.0,0.0,0.0,0.0,0.0,0.0,0.0,0.0,0.0,0.0,0.0,0.0,0.0,0.0,0.0,0.0
move_out,0.4506578743457794,0.5595282316207886,3.295922681445518e-07,0.49808669090270996,0.4780237674713135,0.006143909879028797,0.5813304781913757,0.43131130933761597,-0.013790735974907875,0.6552491188049316,0.4142112731933594,-0.03533504530787468,0.7045182585716248,0.4006451964378357,-0.056442297995090485,0.5481864213943481,0.32121050357818604,-0.060591746121644974,0.5897163152694702,0.21255815029144287,-0.10315319150686264,0.6205034852027893,0.13736006617546082,-0.13335822522640228,0.6362719535827637,0.07347846031188965,-0.15219512581825256,0.539959728717804,0.3536558747291565,-0.08415114879608154,0.6693127155303955,0.3455275893211365,-0.12587781250476837,0.6733492612838745,0.39584970474243164,-0.13215012848377228,0.64556884765625,0.4169621169567108,-0.13009025156497955,0.5383630394935608,0.4192129671573639,-0.10341256111860275,0.665288507938385,0.45799896121025085,-0.12930439412593842,0.6412941217422485,0.4937620759010315,-0.10203710198402405,0.6020415425300598,0.48519065976142883,-0.07867631316184998,0.544008731842041,0.4947412610054016,-0.1224561557173729,0.6436046957969666,0.5255491137504578,-0.12816061079502106,0.6243597865104675,0.5452499389648438,-0.095558300614357,0.5888809561729431,0.5355544686317444,-0.06996924430131912,0.0,0.0,0.0,0.0,0.0,0.0,0.0,0.0,0.0,0.0,0.0,0.0,0.0,0.0,0.0,0.0,0.0,0.0,0.0,0.0,0.0,0.0,0.0,0.0,0.0,0.0,0.0,0.0,0.0,0.0,0.0,0.0,0.0,0.0,0.0,0.0,0.0,0.0,0.0,0.0,0.0,0.0,0.0,0.0,0.0,0.0,0.0,0.0,0.0,0.0,0.0,0.0,0.0,0.0,0.0,0.0,0.0,0.0,0.0,0.0,0.0,0.0,0.0
move_out,0.5592538714408875,0.5756332874298096,6.756448556188843e-07,0.5977449417114258,0.49141138792037964,-0.005241872742772102,0.6763335466384888,0.44757333397865295,-0.025320887565612793,0.7528407573699951,0.4481584429740906,-0.04610858112573624,0.7984037399291992,0.4522815942764282,-0.06412383168935776,0.6669888496398926,0.3489672541618347,-0.052967384457588196,0.7250333428382874,0.26200631260871887,-0.08674262464046478,0.7651507258415222,0.19883868098258972,-0.11082133650779724,0.796890139579773,0.14939764142036438,-0.1285422444343567,0.6658176183700562,0.3877267837524414,-0.06885964423418045,0.7625349760055542,0.3943633437156677,-0.09997894614934921,0.8160378932952881,0.41667765378952026,-0.1112871989607811,0.8529974818229675,0.43106892704963684,-0.12135011702775955,0.6654489040374756,0.45124027132987976,-0.08312001079320908,0.776246190071106,0.49754971265792847,-0.108970507979393,0.7521422505378723,0.5152743458747864,-0.09654673933982849,0.7149674892425537,0.5137003660202026,-0.0863700658082962,0.6739866137504578,0.5276345610618591,-0.09854643046855927,0.7572893500328064,0.5693230032920837,-0.11757971346378326,0.7366465330123901,0.5748333930969238,-0.10599064081907272,0.7043776512145996,0.5644316673278809,-0.09504850953817368,0.0,0.0,0.0,0.0,0.0,0.0,0.0,0.0,0.0,0.0,0.0,0.0,0.0,0.0,0.0,0.0,0.0,0.0,0.0,0.0,0.0,0.0,0.0,0.0,0.0,0.0,0.0,0.0,0.0,0.0,0.0,0.0,0.0,0.0,0.0,0.0,0.0,0.0,0.0,0.0,0.0,0.0,0.0,0.0,0.0,0.0,0.0,0.0,0.0,0.0,0.0,0.0,0.0,0.0,0.0,0.0,0.0,0.0,0.0,0.0,0.0,0.0,0.0
move_out,0.6089516878128052,0.5811542272567749,2.6392348217996187e-07,0.6463078260421753,0.49964210391044617,1.752896969264839e-05,0.7320042848587036,0.4576422870159149,-0.01899605616927147,0.8135141134262085,0.4552517533302307,-0.03717755153775215,0.8712646961212158,0.4540272653102875,-0.05378573760390282,0.7264838814735413,0.3572019338607788,-0.0658496767282486,0.8000608682632446,0.2701184153556824,-0.11377125978469849,0.850303053855896,0.2064906358718872,-0.14301711320877075,0.8833221197128296,0.15496936440467834,-0.15967972576618195,0.7243630290031433,0.4025047719478607,-0.0854950025677681,0.8537137508392334,0.42689913511276245,-0.13526234030723572,0.8314482569694519,0.46813711524009705,-0.13665248453617096,0.7891047596931458,0.48050469160079956,-0.12656599283218384,0.7204431295394897,0.47264936566352844,-0.10231228917837143,0.8324821591377258,0.5286443829536438,-0.14129537343978882,0.792320966720581,0.5519281625747681,-0.11444119364023209,0.7551318407058716,0.5431873798370361,-0.08584359288215637,0.7183042764663696,0.5493703484535217,-0.11787915229797363,0.8065293431282043,0.5955314636230469,-0.12999233603477478,0.7737623453140259,0.6058973073959351,-0.09640732407569885,0.7400233149528503,0.5934281945228577,-0.06727786362171173,0.0,0.0,0.0,0.0,0.0,0.0,0.0,0.0,0.0,0.0,0.0,0.0,0.0,0.0,0.0,0.0,0.0,0.0,0.0,0.0,0.0,0.0,0.0,0.0,0.0,0.0,0.0,0.0,0.0,0.0,0.0,0.0,0.0,0.0,0.0,0.0,0.0,0.0,0.0,0.0,0.0,0.0,0.0,0.0,0.0,0.0,0.0,0.0,0.0,0.0,0.0,0.0,0.0,0.0,0.0,0.0,0.0,0.0,0.0,0.0,0.0,0.0,0.0
move_out,0.5578665733337402,0.5648325681686401,6.043442226655316e-07,0.5912165641784668,0.48067060112953186,-0.007269447203725576,0.6720884442329407,0.4345943331718445,-0.026638388633728027,0.7498946785926819,0.4363851547241211,-0.04621975123882294,0.8014091849327087,0.4423864185810089,-0.0625370517373085,0.6673678755760193,0.34665024280548096,-0.05585166811943054,0.7423544526100159,0.26780301332473755,-0.09045150130987167,0.7916314601898193,0.2081415057182312,-0.11137518286705017,0.827252984046936,0.16118788719177246,-0.12558719515800476,0.6700241565704346,0.3904060423374176,-0.07072892785072327,0.7693469524383545,0.39391395449638367,-0.10368818789720535,0.8187216520309448,0.41731637716293335,-0.11236391961574554,0.8524439930915833,0.430624395608902,-0.11878050118684769,0.6726153492927551,0.4517694115638733,-0.08433958142995834,0.7787056565284729,0.4905132055282593,-0.1125202625989914,0.7510874271392822,0.5121663808822632,-0.09738251566886902,0.7164289355278015,0.5119061470031738,-0.08392032235860825,0.6786665916442871,0.5244846343994141,-0.09914147853851318,0.7597364187240601,0.5610082149505615,-0.11763479560613632,0.7368459105491638,0.5713542699813843,-0.10350986570119858,0.7073111534118652,0.5642156600952148,-0.09027086198329926,0.0,0.0,0.0,0.0,0.0,0.0,0.0,0.0,0.0,0.0,0.0,0.0,0.0,0.0,0.0,0.0,0.0,0.0,0.0,0.0,0.0,0.0,0.0,0.0,0.0,0.0,0.0,0.0,0.0,0.0,0.0,0.0,0.0,0.0,0.0,0.0,0.0,0.0,0.0,0.0,0.0,0.0,0.0,0.0,0.0,0.0,0.0,0.0,0.0,0.0,0.0,0.0,0.0,0.0,0.0,0.0,0.0,0.0,0.0,0.0,0.0,0.0,0.0
move_out,0.4074481725692749,0.4935271143913269,2.856022831565497e-07,0.4600692391395569,0.42603570222854614,0.0032544678542762995,0.5365778207778931,0.3616752028465271,-0.014098315499722958,0.6007829308509827,0.3278830349445343,-0.036673787981271744,0.63813716173172,0.3014552891254425,-0.05892464518547058,0.49038898944854736,0.2485504448413849,-0.030385641381144524,0.5201834440231323,0.14621447026729584,-0.06754035502672195,0.5441307425498962,0.08283877372741699,-0.09319542348384857,0.5520423650741577,0.030175983905792236,-0.10810144990682602,0.4844989776611328,0.2739686369895935,-0.05403133109211922,0.6048673987388611,0.25297725200653076,-0.09652780741453171,0.6156854629516602,0.29919999837875366,-0.10807932913303375,0.59332275390625,0.324363648891449,-0.10707058012485504,0.4830942451953888,0.3280206024646759,-0.07647858560085297,0.600673496723175,0.35264852643013,-0.10855425149202347,0.582050085067749,0.39619457721710205,-0.09247072041034698,0.5470641255378723,0.39777231216430664,-0.07359608262777328,0.4904778301715851,0.39746955037117004,-0.09915966540575027,0.5853271484375,0.4200385808944702,-0.1093781366944313,0.56761634349823,0.4507727026939392,-0.08632199466228485,0.5350277423858643,0.44817817211151123,-0.06663165241479874,0.0,0.0,0.0,0.0,0.0,0.0,0.0,0.0,0.0,0.0,0.0,0.0,0.0,0.0,0.0,0.0,0.0,0.0,0.0,0.0,0.0,0.0,0.0,0.0,0.0,0.0,0.0,0.0,0.0,0.0,0.0,0.0,0.0,0.0,0.0,0.0,0.0,0.0,0.0,0.0,0.0,0.0,0.0,0.0,0.0,0.0,0.0,0.0,0.0,0.0,0.0,0.0,0.0,0.0,0.0,0.0,0.0,0.0,0.0,0.0,0.0,0.0,0.0
move_out,0.27442049980163574,0.46188345551490784,2.97475850175033e-07,0.36147964000701904,0.3957938551902771,0.00029615318635478616,0.4039662182331085,0.3225250542163849,-0.015006003901362419,0.4258405566215515,0.26228031516075134,-0.03569256514310837,0.43214482069015503,0.2041432112455368,-0.054512497037649155,0.3062134385108948,0.1885792315006256,-0.013365156017243862,0.3128432333469391,0.08933486044406891,-0.04962393268942833,0.3147028684616089,0.021711930632591248,-0.0753541886806488,0.30898573994636536,-0.038848310708999634,-0.09044293314218521,0.2967493236064911,0.2015961855649948,-0.033272191882133484,0.40465793013572693,0.1626909077167511,-0.07307799905538559,0.407294899225235,0.22068630158901215,-0.08023970574140549,0.3861221671104431,0.2468402236700058,-0.07533097267150879,0.30032941699028015,0.24340908229351044,-0.054582659155130386,0.4103165864944458,0.2586958408355713,-0.08854316174983978,0.3992292881011963,0.3104187250137329,-0.07567355036735535,0.37366998195648193,0.31714358925819397,-0.05844469740986824,0.3171735405921936,0.30025050044059753,-0.07655533403158188,0.40041887760162354,0.3238493502140045,-0.08775853365659714,0.38851889967918396,0.3640557825565338,-0.06772976368665695,0.36056530475616455,0.3696783781051636,-0.05004238709807396,0.0,0.0,0.0,0.0,0.0,0.0,0.0,0.0,0.0,0.0,0.0,0.0,0.0,0.0,0.0,0.0,0.0,0.0,0.0,0.0,0.0,0.0,0.0,0.0,0.0,0.0,0.0,0.0,0.0,0.0,0.0,0.0,0.0,0.0,0.0,0.0,0.0,0.0,0.0,0.0,0.0,0.0,0.0,0.0,0.0,0.0,0.0,0.0,0.0,0.0,0.0,0.0,0.0,0.0,0.0,0.0,0.0,0.0,0.0,0.0,0.0,0.0,0.0
move_out,0.23753692209720612,0.46264755725860596,1.938350067121064e-07,0.3266892731189728,0.3917009234428406,-0.00100813212338835,0.3647337257862091,0.30885860323905945,-0.016763504594564438,0.37776514887809753,0.24974480271339417,-0.03703046217560768,0.3818179965019226,0.20338967442512512,-0.054962221533060074,0.27419862151145935,0.1933363825082779,-0.024417653679847717,0.27234870195388794,0.08988870680332184,-0.06265326589345932,0.2720085084438324,0.022631168365478516,-0.08965233713388443,0.2662167549133301,-0.035604506731033325,-0.10658489167690277,0.2576817274093628,0.211085245013237,-0.045016370713710785,0.3640933632850647,0.17386603355407715,-0.08517077565193176,0.3708098530769348,0.22658029198646545,-0.09283106029033661,0.35116007924079895,0.2539222538471222,-0.09101370722055435,0.25539931654930115,0.2530674636363983,-0.06661684066057205,0.36421000957489014,0.2586857080459595,-0.09817085415124893,0.3569087088108063,0.3055112063884735,-0.08171384036540985,0.3311103582382202,0.31520530581474304,-0.06439605355262756,0.26536548137664795,0.30762964487075806,-0.0897693783044815,0.3457230031490326,0.3225954473018646,-0.09997422993183136,0.3395993411540985,0.3596525192260742,-0.07885736972093582,0.3138074278831482,0.36680179834365845,-0.06161314994096756,0.0,0.0,0.0,0.0,0.0,0.0,0.0,0.0,0.0,0.0,0.0,0.0,0.0,0.0,0.0,0.0,0.0,0.0,0.0,0.0,0.0,0.0,0.0,0.0,0.0,0.0,0.0,0.0,0.0,0.0,0.0,0.0,0.0,0.0,0.0,0.0,0.0,0.0,0.0,0.0,0.0,0.0,0.0,0.0,0.0,0.0,0.0,0.0,0.0,0.0,0.0,0.0,0.0,0.0,0.0,0.0,0.0,0.0,0.0,0.0,0.0,0.0,0.0
move_out,0.18917891383171082,0.5254616737365723,1.6874805908173585e-07,0.28379660844802856,0.43435144424438477,0.018494661897420883,0.3112336993217468,0.3576240837574005,0.0032085562124848366,0.3232940137386322,0.297676146030426,-0.022383159026503563,0.3244932293891907,0.24112436175346375,-0.04630524665117264,0.212871253490448,0.2462180256843567,-0.00688896793872118,0.19884884357452393,0.14536309242248535,-0.04169794172048569,0.189614400267601,0.07106257975101471,-0.06515216082334518,0.17763106524944305,0.010745823383331299,-0.07982645183801651,0.19804799556732178,0.2637077271938324,-0.03840617462992668,0.29272738099098206,0.21219603717327118,-0.07072215527296066,0.30457478761672974,0.2705731689929962,-0.06944066286087036,0.29353800415992737,0.30300313234329224,-0.0632515549659729,0.19986319541931152,0.3015552759170532,-0.07061690092086792,0.3068363070487976,0.29073670506477356,-0.09366071224212646,0.30589407682418823,0.3427717387676239,-0.06987504661083221,0.2824234664440155,0.3566494286060333,-0.05095712095499039,0.21716174483299255,0.35032597184181213,-0.10361412167549133,0.30176305770874023,0.3529543876647949,-0.10692057758569717,0.3000970780849457,0.39111149311065674,-0.08178146928548813,0.2759198844432831,0.40385645627975464,-0.06384535133838654,0.0,0.0,0.0,0.0,0.0,0.0,0.0,0.0,0.0,0.0,0.0,0.0,0.0,0.0,0.0,0.0,0.0,0.0,0.0,0.0,0.0,0.0,0.0,0.0,0.0,0.0,0.0,0.0,0.0,0.0,0.0,0.0,0.0,0.0,0.0,0.0,0.0,0.0,0.0,0.0,0.0,0.0,0.0,0.0,0.0,0.0,0.0,0.0,0.0,0.0,0.0,0.0,0.0,0.0,0.0,0.0,0.0,0.0,0.0,0.0,0.0,0.0,0.0
move_out,0.1527734398841858,0.5400478839874268,1.9071131873715785e-07,0.23172226548194885,0.44389522075653076,0.005786791443824768,0.2506721019744873,0.35520875453948975,-0.005949905142188072,0.24928978085517883,0.29601752758026123,-0.02507125213742256,0.23897065222263336,0.2525053322315216,-0.04184974357485771,0.1590884029865265,0.2646464407444,-0.008980189450085163,0.1402721405029297,0.17026269435882568,-0.03891767933964729,0.1269717812538147,0.10639089345932007,-0.05976185202598572,0.11286047846078873,0.0583437979221344,-0.07212069630622864,0.13918142020702362,0.28531569242477417,-0.029255254194140434,0.21914075314998627,0.22914475202560425,-0.06153830140829086,0.24919337034225464,0.2651839256286621,-0.06878151744604111,0.2578098475933075,0.30222100019454956,-0.06778468191623688,0.13479849696159363,0.3210127353668213,-0.05027817189693451,0.23319444060325623,0.31131479144096375,-0.07603956758975983,0.23564782738685608,0.3541654348373413,-0.06324970722198486,0.21926391124725342,0.3797092139720917,-0.04890687018632889,0.14751900732517242,0.3667413592338562,-0.07249970734119415,0.22481650114059448,0.36491233110427856,-0.08056046813726425,0.23018045723438263,0.3950447142124176,-0.06426107883453369,0.21733887493610382,0.41109687089920044,-0.049876969307661057,0.0,0.0,0.0,0.0,0.0,0.0,0.0,0.0,0.0,0.0,0.0,0.0,0.0,0.0,0.0,0.0,0.0,0.0,0.0,0.0,0.0,0.0,0.0,0.0,0.0,0.0,0.0,0.0,0.0,0.0,0.0,0.0,0.0,0.0,0.0,0.0,0.0,0.0,0.0,0.0,0.0,0.0,0.0,0.0,0.0,0.0,0.0,0.0,0.0,0.0,0.0,0.0,0.0,0.0,0.0,0.0,0.0,0.0,0.0,0.0,0.0,0.0,0.0
move_out,0.1947510838508606,0.5921117663383484,-9.897398456359952e-08,0.25858908891677856,0.5519461035728455,-0.008619221858680248,0.2888827919960022,0.4786035120487213,-0.007425370626151562,0.2851584851741791,0.4100789427757263,-0.007615304552018642,0.26554951071739197,0.36882370710372925,-0.005945112556219101,0.27735984325408936,0.4107516407966614,0.017207032069563866,0.29236316680908203,0.35409489274024963,0.011816458776593208,0.28887492418289185,0.32210463285446167,0.0027080276049673557,0.2810782492160797,0.2915745973587036,-0.004803873132914305,0.24765531718730927,0.38717958331108093,0.013476002961397171,0.2511187791824341,0.3103709816932678,0.0021482340525835752,0.2377002239227295,0.2771942615509033,-0.011643906123936176,0.2179189920425415,0.2511047124862671,-0.019960716366767883,0.22013039886951447,0.3848848342895508,0.006728606764227152,0.253849595785141,0.3428485691547394,-0.013580616563558578,0.26372262835502625,0.3808748722076416,-0.02484060451388359,0.2592257559299469,0.41336068511009216,-0.027467604726552963,0.1988423764705658,0.39757928252220154,-0.00026881485246121883,0.23100169003009796,0.37524303793907166,-0.015433777123689651,0.2434064745903015,0.4027036428451538,-0.02025919407606125,0.24341848492622375,0.4288833737373352,-0.02101065404713154,0.0,0.0,0.0,0.0,0.0,0.0,0.0,0.0,0.0,0.0,0.0,0.0,0.0,0.0,0.0,0.0,0.0,0.0,0.0,0.0,0.0,0.0,0.0,0.0,0.0,0.0,0.0,0.0,0.0,0.0,0.0,0.0,0.0,0.0,0.0,0.0,0.0,0.0,0.0,0.0,0.0,0.0,0.0,0.0,0.0,0.0,0.0,0.0,0.0,0.0,0.0,0.0,0.0,0.0,0.0,0.0,0.0,0.0,0.0,0.0,0.0,0.0,0.0
move_out,0.23992127180099487,0.5370934009552002,1.5543866993539268e-07,0.3306858539581299,0.47212663292884827,-0.002239451976493001,0.3687931299209595,0.3991895020008087,-0.019322074949741364,0.3825279772281647,0.34244295954704285,-0.040121596306562424,0.38499167561531067,0.2964235544204712,-0.05783772096037865,0.2785891890525818,0.2815607488155365,-0.03149721398949623,0.2673502564430237,0.18732872605323792,-0.07471053302288055,0.2566149830818176,0.11677959561347961,-0.10544221103191376,0.24218899011611938,0.05758404731750488,-0.12448295950889587,0.25760430097579956,0.2992277145385742,-0.05170293152332306,0.3538898527622223,0.26411348581314087,-0.09080830961465836,0.3649304211139679,0.32175686955451965,-0.09757477790117264,0.35093235969543457,0.35584986209869385,-0.09685473889112473,0.2549959421157837,0.3435297906398773,-0.07328668981790543,0.36018526554107666,0.3496819734573364,-0.1030745878815651,0.3598944842815399,0.3986360728740692,-0.08631546795368195,0.3373936712741852,0.4073764681816101,-0.07071863114833832,0.2679979205131531,0.3997362554073334,-0.09687817096710205,0.3521934151649475,0.42371678352355957,-0.10684856027364731,0.3476521074771881,0.4571905732154846,-0.08687557280063629,0.32138592004776,0.4599173069000244,-0.07160934060811996,0.0,0.0,0.0,0.0,0.0,0.0,0.0,0.0,0.0,0.0,0.0,0.0,0.0,0.0,0.0,0.0,0.0,0.0,0.0,0.0,0.0,0.0,0.0,0.0,0.0,0.0,0.0,0.0,0.0,0.0,0.0,0.0,0.0,0.0,0.0,0.0,0.0,0.0,0.0,0.0,0.0,0.0,0.0,0.0,0.0,0.0,0.0,0.0,0.0,0.0,0.0,0.0,0.0,0.0,0.0,0.0,0.0,0.0,0.0,0.0,0.0,0.0,0.0
move_out,0.304536372423172,0.5617225170135498,2.419427858058043e-07,0.38813477754592896,0.5112490653991699,-0.0006188610568642616,0.43056195974349976,0.44658172130584717,-0.019121071323752403,0.45500269532203674,0.39312028884887695,-0.042245082557201385,0.4726667106151581,0.3488602042198181,-0.06328767538070679,0.35864683985710144,0.3131490647792816,-0.030630165711045265,0.36312398314476013,0.21645338833332062,-0.07266814261674881,0.3631652295589447,0.145396888256073,-0.10106787085533142,0.3571876883506775,0.08706608414649963,-0.11755826324224472,0.3396915793418884,0.32636788487434387,-0.04983701929450035,0.4466691315174103,0.312629759311676,-0.09113852679729462,0.44811466336250305,0.3655790686607361,-0.09556177258491516,0.42608150839805603,0.3888721466064453,-0.09018146991729736,0.3352508246898651,0.37070223689079285,-0.0699414312839508,0.4412207305431366,0.39951154589653015,-0.10323488712310791,0.43256866931915283,0.4455062747001648,-0.08651261031627655,0.40774962306022644,0.44852277636528015,-0.06802082061767578,0.34319403767585754,0.4279891550540924,-0.09089360386133194,0.4235515892505646,0.45974668860435486,-0.10289645195007324,0.41340458393096924,0.4926553964614868,-0.08176051080226898,0.38832756876945496,0.49382030963897705,-0.06347298622131348,0.0,0.0,0.0,0.0,0.0,0.0,0.0,0.0,0.0,0.0,0.0,0.0,0.0,0.0,0.0,0.0,0.0,0.0,0.0,0.0,0.0,0.0,0.0,0.0,0.0,0.0,0.0,0.0,0.0,0.0,0.0,0.0,0.0,0.0,0.0,0.0,0.0,0.0,0.0,0.0,0.0,0.0,0.0,0.0,0.0,0.0,0.0,0.0,0.0,0.0,0.0,0.0,0.0,0.0,0.0,0.0,0.0,0.0,0.0,0.0,0.0,0.0,0.0
move_out,0.41017913818359375,0.526006817817688,2.940010404017812e-07,0.46694764494895935,0.4801621437072754,0.0012163912178948522,0.5240983366966248,0.4336669445037842,-0.015990151092410088,0.5707205533981323,0.40124404430389404,-0.03693625330924988,0.5996285080909729,0.37436357140541077,-0.057818640023469925,0.48229825496673584,0.3116382658481598,-0.03439608961343765,0.5064470767974854,0.2215576171875,-0.06961598247289658,0.522953987121582,0.15583665668964386,-0.09319954365491867,0.5283915996551514,0.09985291957855225,-0.10752182453870773,0.4709821343421936,0.3266717493534088,-0.05299140512943268,0.5734914541244507,0.3275142014026642,-0.08703888207674026,0.5738312005996704,0.37738192081451416,-0.09058083593845367,0.5527649521827698,0.3950375020503998,-0.08620640635490417,0.46594002842903137,0.37612971663475037,-0.07064571231603622,0.5620828866958618,0.4219996929168701,-0.09749756753444672,0.5446959137916565,0.45911991596221924,-0.08149247616529465,0.5186514258384705,0.449115127325058,-0.06563062220811844,0.4675006866455078,0.4393739700317383,-0.08840375393629074,0.5433262586593628,0.48284733295440674,-0.09829753637313843,0.5270336866378784,0.5077203512191772,-0.0771263837814331,0.5001620650291443,0.4974495470523834,-0.05942707136273384,0.0,0.0,0.0,0.0,0.0,0.0,0.0,0.0,0.0,0.0,0.0,0.0,0.0,0.0,0.0,0.0,0.0,0.0,0.0,0.0,0.0,0.0,0.0,0.0,0.0,0.0,0.0,0.0,0.0,0.0,0.0,0.0,0.0,0.0,0.0,0.0,0.0,0.0,0.0,0.0,0.0,0.0,0.0,0.0,0.0,0.0,0.0,0.0,0.0,0.0,0.0,0.0,0.0,0.0,0.0,0.0,0.0,0.0,0.0,0.0,0.0,0.0,0.0
move_out,0.4605114459991455,0.5643596649169922,2.2509013319904625e-07,0.5131117701530457,0.532370924949646,-0.0016237733652815223,0.5758656859397888,0.4959471821784973,-0.016830483451485634,0.6269636154174805,0.47144079208374023,-0.03461742028594017,0.6605486273765564,0.44041362404823303,-0.052144888788461685,0.5492206811904907,0.36724376678466797,-0.03552728891372681,0.5819971561431885,0.2778482437133789,-0.06638818979263306,0.6034396290779114,0.21436040103435516,-0.08672765642404556,0.617128312587738,0.1600881814956665,-0.09920133650302887,0.5377874374389648,0.37297311425209045,-0.05106629803776741,0.6379417181015015,0.3993110656738281,-0.0844496414065361,0.6254955530166626,0.43820294737815857,-0.08841786533594131,0.5985047817230225,0.4429718255996704,-0.08384300768375397,0.5293056964874268,0.41273605823516846,-0.06571318954229355,0.6192797422409058,0.47744712233543396,-0.09253058582544327,0.5957852602005005,0.5059648752212524,-0.08008507639169693,0.5697478652000427,0.48919790983200073,-0.06605320423841476,0.5292330384254456,0.46936795115470886,-0.08048727363348007,0.5957354307174683,0.5270146727561951,-0.0921635702252388,0.5776227712631226,0.5492038130760193,-0.07580950111150742,0.5532658100128174,0.535180389881134,-0.06135639175772667,0.0,0.0,0.0,0.0,0.0,0.0,0.0,0.0,0.0,0.0,0.0,0.0,0.0,0.0,0.0,0.0,0.0,0.0,0.0,0.0,0.0,0.0,0.0,0.0,0.0,0.0,0.0,0.0,0.0,0.0,0.0,0.0,0.0,0.0,0.0,0.0,0.0,0.0,0.0,0.0,0.0,0.0,0.0,0.0,0.0,0.0,0.0,0.0,0.0,0.0,0.0,0.0,0.0,0.0,0.0,0.0,0.0,0.0,0.0,0.0,0.0,0.0,0.0
move_out,0.5843037962913513,0.5781465768814087,4.1972324993366783e-07,0.6181226372718811,0.5016998052597046,0.0042916154488921165,0.682014524936676,0.474772185087204,-0.0002600057050585747,0.7384856939315796,0.4879790246486664,-0.006950838956981897,0.7761091589927673,0.5100919604301453,-0.011210753582417965,0.7024555206298828,0.43810194730758667,-0.008390898816287518,0.7674437761306763,0.47442713379859924,-0.020221184939146042,0.7979195713996887,0.49866747856140137,-0.025614388287067413,0.8185831308364868,0.5117918252944946,-0.027789689600467682,0.7042588591575623,0.47237008810043335,-0.018688658252358437,0.7759740352630615,0.5244292616844177,-0.0281582772731781,0.7992257475852966,0.5497867465019226,-0.028481964021921158,0.8138832449913025,0.558225154876709,-0.028533782809972763,0.7015115022659302,0.5160520076751709,-0.02865789830684662,0.7676317691802979,0.578330934047699,-0.03895721212029457,0.7484513521194458,0.589664101600647,-0.030786896124482155,0.7259416580200195,0.5813435316085815,-0.0232137069106102,0.6961770057678223,0.5651837587356567,-0.03848538547754288,0.7443010210990906,0.6169098019599915,-0.043483443558216095,0.7224844694137573,0.6223487257957458,-0.034578677266836166,0.6992518305778503,0.6101130247116089,-0.026591826230287552,0.0,0.0,0.0,0.0,0.0,0.0,0.0,0.0,0.0,0.0,0.0,0.0,0.0,0.0,0.0,0.0,0.0,0.0,0.0,0.0,0.0,0.0,0.0,0.0,0.0,0.0,0.0,0.0,0.0,0.0,0.0,0.0,0.0,0.0,0.0,0.0,0.0,0.0,0.0,0.0,0.0,0.0,0.0,0.0,0.0,0.0,0.0,0.0,0.0,0.0,0.0,0.0,0.0,0.0,0.0,0.0,0.0,0.0,0.0,0.0,0.0,0.0,0.0
move_out,0.6196596622467041,0.5502811074256897,4.0124635347638105e-07,0.657270073890686,0.49168524146080017,0.0038459706120193005,0.7241067290306091,0.48016297817230225,-0.006053662393242121,0.7802859544754028,0.5024255514144897,-0.018650038167834282,0.8200457096099854,0.5268571972846985,-0.03071959689259529,0.739386260509491,0.4049115777015686,-0.01970132626593113,0.7958152294158936,0.3666588068008423,-0.04003220051527023,0.833152174949646,0.3391125202178955,-0.05304567143321037,0.862483024597168,0.314475953578949,-0.061513714492321014,0.7393400073051453,0.4324498772621155,-0.036095310002565384,0.8167790770530701,0.48602715134620667,-0.06065434217453003,0.8164341449737549,0.5164620280265808,-0.06693501770496368,0.8056566715240479,0.5212700963020325,-0.06643077731132507,0.7331646084785461,0.47438883781433105,-0.051256924867630005,0.7909025549888611,0.5538660883903503,-0.07322219014167786,0.7606679797172546,0.5662326812744141,-0.06459710747003555,0.7391903400421143,0.5496131181716919,-0.053810738027095795,0.7244857549667358,0.5255815386772156,-0.0658356174826622,0.7659705281257629,0.5913951396942139,-0.0739464983344078,0.7384007573127747,0.6016112565994263,-0.058574240654706955,0.7166731357574463,0.5864751935005188,-0.04518480226397514,0.0,0.0,0.0,0.0,0.0,0.0,0.0,0.0,0.0,0.0,0.0,0.0,0.0,0.0,0.0,0.0,0.0,0.0,0.0,0.0,0.0,0.0,0.0,0.0,0.0,0.0,0.0,0.0,0.0,0.0,0.0,0.0,0.0,0.0,0.0,0.0,0.0,0.0,0.0,0.0,0.0,0.0,0.0,0.0,0.0,0.0,0.0,0.0,0.0,0.0,0.0,0.0,0.0,0.0,0.0,0.0,0.0,0.0,0.0,0.0,0.0,0.0,0.0
move_out,0.5090078711509705,0.5019859671592712,3.202364382559608e-07,0.5442612171173096,0.4481787085533142,0.005024319048970938,0.6049712896347046,0.4027482867240906,-0.009678207337856293,0.6607489585876465,0.38415300846099854,-0.02756023220717907,0.6964473724365234,0.3680805563926697,-0.04478056728839874,0.5809956789016724,0.31279751658439636,-0.03876446187496185,0.6229090094566345,0.22574768960475922,-0.07138530910015106,0.6508840322494507,0.16135971248149872,-0.09312551468610764,0.6673755645751953,0.10862159729003906,-0.10652504861354828,0.5749115347862244,0.33107101917266846,-0.0581214539706707,0.670485258102417,0.32690003514289856,-0.08978936821222305,0.6842987537384033,0.36511409282684326,-0.09493332356214523,0.6734341382980347,0.38588863611221313,-0.09411025047302246,0.5731920003890991,0.37653711438179016,-0.07543598860502243,0.6679753065109253,0.4074338376522064,-0.09779513627290726,0.6506290435791016,0.44066131114959717,-0.08074548840522766,0.6215445399284363,0.4398059546947479,-0.06586242467164993,0.5778838396072388,0.43300288915634155,-0.09269397705793381,0.6504805088043213,0.4650416374206543,-0.09828247129917145,0.6323571801185608,0.4857926368713379,-0.07637833058834076,0.6055461764335632,0.480534166097641,-0.059549786150455475,0.0,0.0,0.0,0.0,0.0,0.0,0.0,0.0,0.0,0.0,0.0,0.0,0.0,0.0,0.0,0.0,0.0,0.0,0.0,0.0,0.0,0.0,0.0,0.0,0.0,0.0,0.0,0.0,0.0,0.0,0.0,0.0,0.0,0.0,0.0,0.0,0.0,0.0,0.0,0.0,0.0,0.0,0.0,0.0,0.0,0.0,0.0,0.0,0.0,0.0,0.0,0.0,0.0,0.0,0.0,0.0,0.0,0.0,0.0,0.0,0.0,0.0,0.0
move_out,0.3296283185482025,0.48545461893081665,2.0370555375848198e-07,0.3719669580459595,0.44283533096313477,-3.162678694934584e-05,0.4210895001888275,0.4018230438232422,-0.008839521557092667,0.464138001203537,0.37165889143943787,-0.019697418436408043,0.49372556805610657,0.3447697162628174,-0.029494959861040115,0.3911893665790558,0.3015110492706299,-0.020574254915118217,0.4144076108932495,0.2189396470785141,-0.04391065984964371,0.4303540289402008,0.15863551199436188,-0.06261053681373596,0.43861281871795654,0.10863038897514343,-0.07417071610689163,0.3898027837276459,0.3127199113368988,-0.03175443038344383,0.47006407380104065,0.30992430448532104,-0.055223509669303894,0.47653499245643616,0.3422508239746094,-0.06316949427127838,0.4623327851295471,0.357657790184021,-0.06408953666687012,0.3916805684566498,0.34637364745140076,-0.041739579290151596,0.46835634112358093,0.3806029260158539,-0.05763106793165207,0.4536855220794678,0.41025209426879883,-0.04860076308250427,0.43180590867996216,0.411670446395874,-0.03920741751790047,0.3991353213787079,0.3910450041294098,-0.05207394063472748,0.4525829255580902,0.42329078912734985,-0.05573058873414993,0.43957388401031494,0.4436345100402832,-0.04072357341647148,0.4209548234939575,0.4436814785003662,-0.02821377106010914,0.0,0.0,0.0,0.0,0.0,0.0,0.0,0.0,0.0,0.0,0.0,0.0,0.0,0.0,0.0,0.0,0.0,0.0,0.0,0.0,0.0,0.0,0.0,0.0,0.0,0.0,0.0,0.0,0.0,0.0,0.0,0.0,0.0,0.0,0.0,0.0,0.0,0.0,0.0,0.0,0.0,0.0,0.0,0.0,0.0,0.0,0.0,0.0,0.0,0.0,0.0,0.0,0.0,0.0,0.0,0.0,0.0,0.0,0.0,0.0,0.0,0.0,0.0
move_out,0.19116061925888062,0.48374730348587036,2.023568441700263e-07,0.2635250389575958,0.4232783913612366,0.0034903823398053646,0.2917449176311493,0.35416653752326965,-0.0052985562942922115,0.3037773072719574,0.29757437109947205,-0.019095776602625847,0.3084409236907959,0.25388458371162415,-0.031558506190776825,0.22346651554107666,0.2640148401260376,-0.006657140329480171,0.2261010855436325,0.18503820896148682,-0.034393031150102615,0.22437486052513123,0.12786927819252014,-0.05494318902492523,0.21873044967651367,0.0801893025636673,-0.06698290258646011,0.2128843367099762,0.27261340618133545,-0.022120408713817596,0.29393622279167175,0.24251899123191833,-0.04831668734550476,0.30276286602020264,0.2823922634124756,-0.05397406965494156,0.2919118404388428,0.3069377839565277,-0.05251931771636009,0.21421852707862854,0.30039772391319275,-0.0385342501103878,0.29861146211624146,0.30353406071662903,-0.05893877148628235,0.29367515444755554,0.3421235680580139,-0.04851541668176651,0.27546608448028564,0.35295572876930237,-0.03674648702144623,0.22597143054008484,0.3374556005001068,-0.055816762149333954,0.28900545835494995,0.3501666784286499,-0.060964185744524,0.28355690836906433,0.37898868322372437,-0.04600217938423157,0.26552698016166687,0.386949747800827,-0.0333101712167263,0.0,0.0,0.0,0.0,0.0,0.0,0.0,0.0,0.0,0.0,0.0,0.0,0.0,0.0,0.0,0.0,0.0,0.0,0.0,0.0,0.0,0.0,0.0,0.0,0.0,0.0,0.0,0.0,0.0,0.0,0.0,0.0,0.0,0.0,0.0,0.0,0.0,0.0,0.0,0.0,0.0,0.0,0.0,0.0,0.0,0.0,0.0,0.0,0.0,0.0,0.0,0.0,0.0,0.0,0.0,0.0,0.0,0.0,0.0,0.0,0.0,0.0,0.0
move_out,0.25631341338157654,0.5090908408164978,3.829819945622148e-07,0.3192561864852905,0.49542832374572754,0.0004914800520054996,0.3630868196487427,0.45034316182136536,-0.0029528294689953327,0.38626623153686523,0.4046163558959961,-0.009476645849645138,0.3968312740325928,0.36785149574279785,-0.014877278357744217,0.3316006064414978,0.33428263664245605,-0.001065791235305369,0.354518860578537,0.2679402828216553,-0.015531127341091633,0.3707108199596405,0.2170233279466629,-0.028034476563334465,0.3790712356567383,0.17635153234004974,-0.03637765347957611,0.3227609097957611,0.33202460408210754,-0.00909424852579832,0.3830823004245758,0.31929337978363037,-0.021902484819293022,0.40951359272003174,0.3451339304447174,-0.02679544873535633,0.41935789585113525,0.366079181432724,-0.02929828315973282,0.314444363117218,0.3504564166069031,-0.017958585172891617,0.38458365201950073,0.3735578954219818,-0.031208209693431854,0.38753971457481384,0.40624088048934937,-0.026956520974636078,0.3763308525085449,0.42070695757865906,-0.022008268162608147,0.3108575642108917,0.38287538290023804,-0.0272482018917799,0.36421170830726624,0.41023218631744385,-0.03411078453063965,0.36544370651245117,0.4342966675758362,-0.027322858572006226,0.3541224002838135,0.4433967173099518,-0.021051334217190742,0.0,0.0,0.0,0.0,0.0,0.0,0.0,0.0,0.0,0.0,0.0,0.0,0.0,0.0,0.0,0.0,0.0,0.0,0.0,0.0,0.0,0.0,0.0,0.0,0.0,0.0,0.0,0.0,0.0,0.0,0.0,0.0,0.0,0.0,0.0,0.0,0.0,0.0,0.0,0.0,0.0,0.0,0.0,0.0,0.0,0.0,0.0,0.0,0.0,0.0,0.0,0.0,0.0,0.0,0.0,0.0,0.0,0.0,0.0,0.0,0.0,0.0,0.0
move_out,0.3084782063961029,0.44495245814323425,1.1406917366230118e-07,0.4008854627609253,0.4121990203857422,0.009131433442234993,0.44533291459083557,0.35135307908058167,0.004973064176738262,0.4698328971862793,0.29991400241851807,-0.005041636060923338,0.4866158366203308,0.25530117750167847,-0.01323605515062809,0.39354032278060913,0.22903341054916382,0.0043213944882154465,0.4115527272224426,0.15074622631072998,-0.019866881892085075,0.42113059759140015,0.09259161353111267,-0.038489535450935364,0.4287663400173187,0.0376412570476532,-0.05059225484728813,0.3800007700920105,0.23162223398685455,-0.014886188320815563,0.46898704767227173,0.23901788890361786,-0.03771252557635307,0.4603964686393738,0.2819896638393402,-0.04223569855093956,0.44056233763694763,0.29267430305480957,-0.04122583940625191,0.37300530076026917,0.2564660906791687,-0.035388968884944916,0.4576263725757599,0.29268860816955566,-0.05375698208808899,0.44260919094085693,0.32998353242874146,-0.04310142621397972,0.4231499433517456,0.32908904552459717,-0.03258708864450455,0.37531015276908875,0.2980796694755554,-0.05649873986840248,0.4375322163105011,0.3309929072856903,-0.060174282640218735,0.42605727910995483,0.3592940866947174,-0.04502391442656517,0.4060244858264923,0.3576844036579132,-0.03363557159900665,0.0,0.0,0.0,0.0,0.0,0.0,0.0,0.0,0.0,0.0,0.0,0.0,0.0,0.0,0.0,0.0,0.0,0.0,0.0,0.0,0.0,0.0,0.0,0.0,0.0,0.0,0.0,0.0,0.0,0.0,0.0,0.0,0.0,0.0,0.0,0.0,0.0,0.0,0.0,0.0,0.0,0.0,0.0,0.0,0.0,0.0,0.0,0.0,0.0,0.0,0.0,0.0,0.0,0.0,0.0,0.0,0.0,0.0,0.0,0.0,0.0,0.0,0.0
move_out,0.347538024187088,0.5584632158279419,2.174621194228621e-08,0.41395172476768494,0.5789333581924438,0.0017615483375266194,0.4636036157608032,0.5369623303413391,0.00426297215744853,0.4992450773715973,0.4967982769012451,0.0022575396578758955,0.5219797492027283,0.46152859926223755,0.0029824075754731894,0.45036381483078003,0.44240209460258484,0.029310235753655434,0.47574830055236816,0.39408078789711,0.021155595779418945,0.478462815284729,0.38050398230552673,0.009637868963181973,0.4785359501838684,0.3538660407066345,0.0025802573654800653,0.44238588213920593,0.4281998872756958,0.02277423068881035,0.4946899712085724,0.4128199815750122,0.012217317707836628,0.4928981065750122,0.45115676522254944,0.00407269736751914,0.4820133447647095,0.4637966454029083,0.0016347428318113089,0.4339170753955841,0.4245564043521881,0.013462753966450691,0.4874590337276459,0.4404165744781494,-0.0031488167587667704,0.47489768266677856,0.4828011393547058,-0.005750173237174749,0.45411887764930725,0.49267131090164185,-0.0018076341366395354,0.42918771505355835,0.4348904490470886,0.0041838474571704865,0.472782164812088,0.4648587703704834,-0.008197956718504429,0.4594058096408844,0.4910224378108978,-0.006814590655267239,0.4366876780986786,0.4887964129447937,-0.002478892682120204,0.0,0.0,0.0,0.0,0.0,0.0,0.0,0.0,0.0,0.0,0.0,0.0,0.0,0.0,0.0,0.0,0.0,0.0,0.0,0.0,0.0,0.0,0.0,0.0,0.0,0.0,0.0,0.0,0.0,0.0,0.0,0.0,0.0,0.0,0.0,0.0,0.0,0.0,0.0,0.0,0.0,0.0,0.0,0.0,0.0,0.0,0.0,0.0,0.0,0.0,0.0,0.0,0.0,0.0,0.0,0.0,0.0,0.0,0.0,0.0,0.0,0.0,0.0
move_out,0.29490435123443604,0.5021399855613708,1.6667630831079805e-08,0.35580235719680786,0.5008769631385803,0.007194587029516697,0.3985230624675751,0.4613332450389862,0.012197242118418217,0.42407721281051636,0.41339391469955444,0.011638108640909195,0.43076375126838684,0.3728782832622528,0.011638469062745571,0.387151300907135,0.365814208984375,0.027435515075922012,0.4025405943393707,0.2962624430656433,0.022324778139591217,0.412171870470047,0.2511078417301178,0.01266829390078783,0.4201105535030365,0.21113021671772003,0.005333940032869577,0.3805907368659973,0.35263288021087646,0.01780623011291027,0.40741828083992004,0.2922379970550537,0.011031518690288067,0.4220863878726959,0.27126258611679077,-0.00022901763441041112,0.4253946840763092,0.2513062357902527,-0.008170463144779205,0.37424153089523315,0.35452020168304443,0.006616096943616867,0.4163251519203186,0.3379891514778137,-0.007052459288388491,0.42372435331344604,0.3758917450904846,-0.015664754435420036,0.41469284892082214,0.4027351140975952,-0.01794995740056038,0.3700083792209625,0.3670130968093872,-0.0038344801869243383,0.40927186608314514,0.36238884925842285,-0.014649513177573681,0.4199312627315521,0.3892640471458435,-0.017700575292110443,0.41642826795578003,0.4103487432003021,-0.017639178782701492,0.0,0.0,0.0,0.0,0.0,0.0,0.0,0.0,0.0,0.0,0.0,0.0,0.0,0.0,0.0,0.0,0.0,0.0,0.0,0.0,0.0,0.0,0.0,0.0,0.0,0.0,0.0,0.0,0.0,0.0,0.0,0.0,0.0,0.0,0.0,0.0,0.0,0.0,0.0,0.0,0.0,0.0,0.0,0.0,0.0,0.0,0.0,0.0,0.0,0.0,0.0,0.0,0.0,0.0,0.0,0.0,0.0,0.0,0.0,0.0,0.0,0.0,0.0
move_out,0.3130117654800415,0.45554739236831665,9.641347986644178e-08,0.3577827513217926,0.4541693329811096,0.00060179183492437,0.3965703248977661,0.4229006767272949,-0.0029586059972643852,0.4193979501724243,0.3823506534099579,-0.009631209075450897,0.42567434906959534,0.34706589579582214,-0.015871815383434296,0.39441174268722534,0.33388203382492065,0.00016715032688807696,0.4146982431411743,0.2788110375404358,-0.009693105705082417,0.43220439553260803,0.2387148141860962,-0.020013660192489624,0.44498562812805176,0.2028655707836151,-0.02819465659558773,0.39100342988967896,0.32665517926216125,-0.007728896103799343,0.40675634145736694,0.27079445123672485,-0.017953846603631973,0.4217405915260315,0.23944060504436493,-0.02649247646331787,0.431939959526062,0.20774325728416443,-0.03344877436757088,0.38572293519973755,0.3325967490673065,-0.015923939645290375,0.41249364614486694,0.32371342182159424,-0.02571038343012333,0.41592469811439514,0.35817477107048035,-0.02449100837111473,0.41342246532440186,0.37947526574134827,-0.022906964644789696,0.38177114725112915,0.3495604395866394,-0.024565227329730988,0.4080599546432495,0.35740184783935547,-0.03046490252017975,0.41074028611183167,0.3828648328781128,-0.02613445557653904,0.4067946672439575,0.39880603551864624,-0.022106517106294632,0.0,0.0,0.0,0.0,0.0,0.0,0.0,0.0,0.0,0.0,0.0,0.0,0.0,0.0,0.0,0.0,0.0,0.0,0.0,0.0,0.0,0.0,0.0,0.0,0.0,0.0,0.0,0.0,0.0,0.0,0.0,0.0,0.0,0.0,0.0,0.0,0.0,0.0,0.0,0.0,0.0,0.0,0.0,0.0,0.0,0.0,0.0,0.0,0.0,0.0,0.0,0.0,0.0,0.0,0.0,0.0,0.0,0.0,0.0,0.0,0.0,0.0,0.0
move_out,0.38940703868865967,0.5555052161216736,2.2112800479590078e-07,0.4439769387245178,0.589174211025238,-0.006194655783474445,0.5007143616676331,0.5716162919998169,-0.012338860891759396,0.5439622402191162,0.5512683987617493,-0.020015479996800423,0.5800515413284302,0.5341301560401917,-0.025305280461907387,0.509523868560791,0.4498053789138794,-0.007483162451535463,0.5634304285049438,0.4470256268978119,-0.02409898117184639,0.5916023254394531,0.4281831681728363,-0.03420103341341019,0.616316556930542,0.39498698711395264,-0.040645211935043335,0.503733217716217,0.4385996460914612,-0.013341712765395641,0.572293758392334,0.5036556720733643,-0.03596554696559906,0.5542920231819153,0.5321298241615295,-0.04131203517317772,0.5387303829193115,0.5239783525466919,-0.0392984077334404,0.4974321126937866,0.44849956035614014,-0.020012039691209793,0.5538367033004761,0.5268147587776184,-0.04039005935192108,0.5295745134353638,0.550768256187439,-0.03528139367699623,0.5123071670532227,0.5401077270507812,-0.026166515424847603,0.4923480749130249,0.4731582999229431,-0.027276678010821342,0.5295794606208801,0.5406341552734375,-0.03694252297282219,0.5097506642341614,0.559790313243866,-0.03018605336546898,0.49303537607192993,0.5505102276802063,-0.022581325843930244,0.0,0.0,0.0,0.0,0.0,0.0,0.0,0.0,0.0,0.0,0.0,0.0,0.0,0.0,0.0,0.0,0.0,0.0,0.0,0.0,0.0,0.0,0.0,0.0,0.0,0.0,0.0,0.0,0.0,0.0,0.0,0.0,0.0,0.0,0.0,0.0,0.0,0.0,0.0,0.0,0.0,0.0,0.0,0.0,0.0,0.0,0.0,0.0,0.0,0.0,0.0,0.0,0.0,0.0,0.0,0.0,0.0,0.0,0.0,0.0,0.0,0.0,0.0
move_out,0.4589107632637024,0.4942297041416168,1.3533627907236223e-07,0.5276763439178467,0.49307024478912354,0.0040517221204936504,0.5945108532905579,0.4728643298149109,-0.003083754563704133,0.6437283754348755,0.46348461508750916,-0.013518988154828548,0.6818721890449524,0.45680779218673706,-0.022919727489352226,0.5979750752449036,0.3579224646091461,-0.011702765710651875,0.64783775806427,0.30667901039123535,-0.0346791110932827,0.6841259598731995,0.2629830241203308,-0.052154239267110825,0.7117401957511902,0.22575661540031433,-0.06357394903898239,0.5902295708656311,0.3671799898147583,-0.02614804543554783,0.6619489789009094,0.4354622960090637,-0.051560353487730026,0.6422131657600403,0.4556671679019928,-0.057192400097846985,0.6194071769714355,0.44353097677230835,-0.05647667869925499,0.5784298777580261,0.39430198073387146,-0.040125343948602676,0.6409634351730347,0.47085750102996826,-0.05895883962512016,0.6175384521484375,0.48450949788093567,-0.04707421362400055,0.5992810130119324,0.47072795033454895,-0.03543492779135704,0.5670384764671326,0.434617817401886,-0.05423741042613983,0.6127822995185852,0.4935140907764435,-0.05919589847326279,0.5930914282798767,0.5080510377883911,-0.04298198223114014,0.5752889513969421,0.49939459562301636,-0.029984131455421448,0.0,0.0,0.0,0.0,0.0,0.0,0.0,0.0,0.0,0.0,0.0,0.0,0.0,0.0,0.0,0.0,0.0,0.0,0.0,0.0,0.0,0.0,0.0,0.0,0.0,0.0,0.0,0.0,0.0,0.0,0.0,0.0,0.0,0.0,0.0,0.0,0.0,0.0,0.0,0.0,0.0,0.0,0.0,0.0,0.0,0.0,0.0,0.0,0.0,0.0,0.0,0.0,0.0,0.0,0.0,0.0,0.0,0.0,0.0,0.0,0.0,0.0,0.0
move_out,0.6118417978286743,0.5292550325393677,8.432373732603082e-08,0.6826117038726807,0.5321471095085144,0.0425596721470356,0.74759840965271,0.5339581966400146,0.041626010090112686,0.8016911745071411,0.5406491756439209,0.03072432242333889,0.8425754308700562,0.5346947312355042,0.017657537013292313,0.7673052549362183,0.4126605689525604,-0.0038492626044899225,0.839303195476532,0.35972023010253906,-0.02266148291528225,0.8855839371681213,0.32024163007736206,-0.0366690494120121,0.9217145442962646,0.2884765863418579,-0.04599021375179291,0.7631757855415344,0.4221484065055847,-0.038235027343034744,0.8465908169746399,0.4916059374809265,-0.050227176398038864,0.8222737312316895,0.520921528339386,-0.04346265643835068,0.7970327138900757,0.5141428112983704,-0.03714730590581894,0.7499415278434753,0.4506654739379883,-0.06799332052469254,0.8089709877967834,0.5485943555831909,-0.0732518881559372,0.7724685668945312,0.5659778118133545,-0.05352048948407173,0.7519898414611816,0.5490311980247498,-0.04148152843117714,0.7372656464576721,0.4991898238658905,-0.09422770887613297,0.7783923149108887,0.5756421685218811,-0.08513639122247696,0.7489106059074402,0.5883378982543945,-0.058390289545059204,0.7254093289375305,0.5728779435157776,-0.04185772314667702,0.0,0.0,0.0,0.0,0.0,0.0,0.0,0.0,0.0,0.0,0.0,0.0,0.0,0.0,0.0,0.0,0.0,0.0,0.0,0.0,0.0,0.0,0.0,0.0,0.0,0.0,0.0,0.0,0.0,0.0,0.0,0.0,0.0,0.0,0.0,0.0,0.0,0.0,0.0,0.0,0.0,0.0,0.0,0.0,0.0,0.0,0.0,0.0,0.0,0.0,0.0,0.0,0.0,0.0,0.0,0.0,0.0,0.0,0.0,0.0,0.0,0.0,0.0
move_out,0.6668648719787598,0.5989679098129272,1.0823277563076772e-07,0.7222689390182495,0.56517493724823,0.007894806563854218,0.789561927318573,0.5823577046394348,0.003362423274666071,0.8362961411476135,0.62820965051651,-0.005000920966267586,0.8641939163208008,0.6764999628067017,-0.010994534008204937,0.8315505385398865,0.5535555481910706,-0.002007461851462722,0.8762215375900269,0.6297984719276428,-0.015339292585849762,0.8877251148223877,0.6693000793457031,-0.021105309948325157,0.8938024044036865,0.6944215297698975,-0.023897772654891014,0.8211336135864258,0.5776912569999695,-0.014855114743113518,0.8477193713188171,0.685422420501709,-0.03091638721525669,0.8254662752151489,0.6869418621063232,-0.03081689029932022,0.8126140236854553,0.6636472940444946,-0.027790697291493416,0.8053563833236694,0.6116854548454285,-0.027497490867972374,0.8238711953163147,0.7048087120056152,-0.037788067013025284,0.7990934252738953,0.6979038715362549,-0.026259928941726685,0.7861450910568237,0.6746092438697815,-0.01666499674320221,0.7868021726608276,0.6480402946472168,-0.04017908126115799,0.8012502789497375,0.7176629900932312,-0.040657732635736465,0.7776926755905151,0.7103821039199829,-0.028697146102786064,0.7641080021858215,0.6881324052810669,-0.019420785829424858,0.0,0.0,0.0,0.0,0.0,0.0,0.0,0.0,0.0,0.0,0.0,0.0,0.0,0.0,0.0,0.0,0.0,0.0,0.0,0.0,0.0,0.0,0.0,0.0,0.0,0.0,0.0,0.0,0.0,0.0,0.0,0.0,0.0,0.0,0.0,0.0,0.0,0.0,0.0,0.0,0.0,0.0,0.0,0.0,0.0,0.0,0.0,0.0,0.0,0.0,0.0,0.0,0.0,0.0,0.0,0.0,0.0,0.0,0.0,0.0,0.0,0.0,0.0
move_out,0.6635687351226807,0.5656756162643433,5.4576673846895574e-08,0.7063441872596741,0.5181961059570312,0.00993266236037016,0.7647473812103271,0.521889328956604,0.007109255064278841,0.8098164200782776,0.5562164187431335,0.0003646620025392622,0.8369463682174683,0.5932462811470032,-0.00390641437843442,0.7990022897720337,0.48158136010169983,0.002698660595342517,0.8533520698547363,0.5286338925361633,-0.01030498556792736,0.8572584986686707,0.5392763614654541,-0.016473717987537384,0.852611243724823,0.5334406495094299,-0.018007850274443626,0.7984946370124817,0.5069206357002258,-0.010154972784221172,0.8438600897789001,0.5885582566261292,-0.019542548805475235,0.8241296410560608,0.6000955104827881,-0.019834911450743675,0.807402491569519,0.5855908989906311,-0.018286483362317085,0.7903127074241638,0.5429196953773499,-0.023032499477267265,0.820425271987915,0.6243858337402344,-0.027792690321803093,0.796231210231781,0.6276013851165771,-0.018343953415751457,0.7810971140861511,0.6108585000038147,-0.011709654703736305,0.7783717513084412,0.5816593170166016,-0.035749103873968124,0.7979596853256226,0.6446619033813477,-0.032082006335258484,0.7747977375984192,0.6463755369186401,-0.020352190360426903,0.7595550417900085,0.6324918866157532,-0.012387680821120739,0.0,0.0,0.0,0.0,0.0,0.0,0.0,0.0,0.0,0.0,0.0,0.0,0.0,0.0,0.0,0.0,0.0,0.0,0.0,0.0,0.0,0.0,0.0,0.0,0.0,0.0,0.0,0.0,0.0,0.0,0.0,0.0,0.0,0.0,0.0,0.0,0.0,0.0,0.0,0.0,0.0,0.0,0.0,0.0,0.0,0.0,0.0,0.0,0.0,0.0,0.0,0.0,0.0,0.0,0.0,0.0,0.0,0.0,0.0,0.0,0.0,0.0,0.0
move_out,0.41174930334091187,0.44849783182144165,1.81117670194908e-07,0.4322214722633362,0.38316547870635986,0.0011967302998527884,0.4844355583190918,0.3395232558250427,-0.005473965313285589,0.533337414264679,0.32815176248550415,-0.013881973922252655,0.5680022239685059,0.3342590928077698,-0.020203672349452972,0.496894896030426,0.2913612127304077,-0.012943658977746964,0.555881917476654,0.30270203948020935,-0.027965916320681572,0.591535747051239,0.31665873527526855,-0.03597324341535568,0.6158427596092224,0.3248715400695801,-0.04061136767268181,0.5015314221382141,0.31452441215515137,-0.021736975759267807,0.5668783783912659,0.3527635633945465,-0.035332705825567245,0.5683128833770752,0.3762088418006897,-0.03509341552853584,0.5602551698684692,0.3791418671607971,-0.03386270999908447,0.5049505829811096,0.352310448884964,-0.03053533472120762,0.5631322264671326,0.39247822761535645,-0.041863732039928436,0.5494812726974487,0.41168272495269775,-0.0327005498111248,0.5302042365074158,0.4119115471839905,-0.024879788979887962,0.5064935088157654,0.39655670523643494,-0.039620280265808105,0.551621675491333,0.4295235574245453,-0.04392849653959274,0.5373433828353882,0.4435674846172333,-0.035555701702833176,0.5180169343948364,0.44158732891082764,-0.028564024716615677,0.0,0.0,0.0,0.0,0.0,0.0,0.0,0.0,0.0,0.0,0.0,0.0,0.0,0.0,0.0,0.0,0.0,0.0,0.0,0.0,0.0,0.0,0.0,0.0,0.0,0.0,0.0,0.0,0.0,0.0,0.0,0.0,0.0,0.0,0.0,0.0,0.0,0.0,0.0,0.0,0.0,0.0,0.0,0.0,0.0,0.0,0.0,0.0,0.0,0.0,0.0,0.0,0.0,0.0,0.0,0.0,0.0,0.0,0.0,0.0,0.0,0.0,0.0
move_out,0.28701841831207275,0.4664686322212219,3.660957190732006e-07,0.33383727073669434,0.42595189809799194,-0.0036649550311267376,0.38969913125038147,0.3804070055484772,-0.01265330146998167,0.435249388217926,0.3521256446838379,-0.022692633792757988,0.4668771028518677,0.3277103006839752,-0.031177271157503128,0.35821986198425293,0.272175133228302,-0.025028271600604057,0.3927343785762787,0.19212599098682404,-0.04828602448105812,0.4174315929412842,0.1316542625427246,-0.06622305512428284,0.4325012266635895,0.08496642112731934,-0.07760562002658844,0.3541491627693176,0.2862497568130493,-0.03475744649767876,0.42779862880706787,0.28853073716163635,-0.05568872392177582,0.448197603225708,0.3108971118927002,-0.06197220832109451,0.4504508376121521,0.32144856452941895,-0.06466302275657654,0.3520223796367645,0.32260558009147644,-0.04403684660792351,0.4274423122406006,0.3640550374984741,-0.0604972243309021,0.4125306308269501,0.39124825596809387,-0.049736473709344864,0.39108285307884216,0.3940226137638092,-0.040256887674331665,0.3546146750450134,0.3710268437862396,-0.05412059277296066,0.4118780195713043,0.40870431065559387,-0.05947291851043701,0.39785417914390564,0.4282175302505493,-0.043831925839185715,0.37743717432022095,0.4283061623573303,-0.031310610473155975,0.0,0.0,0.0,0.0,0.0,0.0,0.0,0.0,0.0,0.0,0.0,0.0,0.0,0.0,0.0,0.0,0.0,0.0,0.0,0.0,0.0,0.0,0.0,0.0,0.0,0.0,0.0,0.0,0.0,0.0,0.0,0.0,0.0,0.0,0.0,0.0,0.0,0.0,0.0,0.0,0.0,0.0,0.0,0.0,0.0,0.0,0.0,0.0,0.0,0.0,0.0,0.0,0.0,0.0,0.0,0.0,0.0,0.0,0.0,0.0,0.0,0.0,0.0
move_out,0.22943267226219177,0.49094074964523315,2.633738347412873e-07,0.30941128730773926,0.4542384147644043,0.0032526301220059395,0.3519265055656433,0.3966156542301178,-0.0066258725710213184,0.37531977891921997,0.34835752844810486,-0.021481769159436226,0.3930196166038513,0.30875128507614136,-0.0349666066467762,0.30292969942092896,0.28570106625556946,-0.011581061407923698,0.32208845019340515,0.20506419241428375,-0.040676601231098175,0.33476704359054565,0.14604762196540833,-0.06122231110930443,0.3422178328037262,0.09436318278312683,-0.07322440296411514,0.2878229320049286,0.2922781705856323,-0.02776569500565529,0.3748842477798462,0.2878652513027191,-0.05691617354750633,0.37925660610198975,0.3284050226211548,-0.0632326528429985,0.3661138415336609,0.3487679660320282,-0.061651185154914856,0.28036779165267944,0.3220560550689697,-0.044488325715065,0.3640129268169403,0.3528078496456146,-0.06709197163581848,0.35141536593437195,0.3868550658226013,-0.05521196126937866,0.33026617765426636,0.38852113485336304,-0.04199434071779251,0.28167396783828735,0.3637164235115051,-0.06187497451901436,0.3431761860847473,0.3965725600719452,-0.06742305308580399,0.33194491267204285,0.42100855708122253,-0.05051666498184204,0.31201842427253723,0.4189525544643402,-0.036267682909965515,0.0,0.0,0.0,0.0,0.0,0.0,0.0,0.0,0.0,0.0,0.0,0.0,0.0,0.0,0.0,0.0,0.0,0.0,0.0,0.0,0.0,0.0,0.0,0.0,0.0,0.0,0.0,0.0,0.0,0.0,0.0,0.0,0.0,0.0,0.0,0.0,0.0,0.0,0.0,0.0,0.0,0.0,0.0,0.0,0.0,0.0,0.0,0.0,0.0,0.0,0.0,0.0,0.0,0.0,0.0,0.0,0.0,0.0,0.0,0.0,0.0,0.0,0.0
move_out,0.16559244692325592,0.49485069513320923,1.4758838062789437e-07,0.25733500719070435,0.4425218403339386,0.01239433977752924,0.2946844696998596,0.3800086975097656,0.003931418526917696,0.31140822172164917,0.3265601396560669,-0.012156514450907707,0.3182951509952545,0.27457407116889954,-0.02696555107831955,0.22701974213123322,0.2673293948173523,-0.00017227279022336006,0.23374541103839874,0.18147866427898407,-0.02755192294716835,0.23574665188789368,0.1198725551366806,-0.04789198935031891,0.23220093548297882,0.0683441311120987,-0.0609247051179409,0.20929397642612457,0.2762051224708557,-0.024560781195759773,0.2883870005607605,0.24986979365348816,-0.050599925220012665,0.29185956716537476,0.3016071617603302,-0.053905997425317764,0.27896302938461304,0.3284641206264496,-0.05194536969065666,0.2012382447719574,0.30737245082855225,-0.04996644705533981,0.28686317801475525,0.3181770145893097,-0.07097649574279785,0.27913349866867065,0.36414864659309387,-0.05515546724200249,0.2597424387931824,0.3712034821510315,-0.041394904255867004,0.20471957325935364,0.3523189425468445,-0.07584008574485779,0.2730333209037781,0.36867213249206543,-0.08154838532209396,0.26598718762397766,0.3991592228412628,-0.0625583678483963,0.2443116009235382,0.4007314145565033,-0.048378635197877884,0.0,0.0,0.0,0.0,0.0,0.0,0.0,0.0,0.0,0.0,0.0,0.0,0.0,0.0,0.0,0.0,0.0,0.0,0.0,0.0,0.0,0.0,0.0,0.0,0.0,0.0,0.0,0.0,0.0,0.0,0.0,0.0,0.0,0.0,0.0,0.0,0.0,0.0,0.0,0.0,0.0,0.0,0.0,0.0,0.0,0.0,0.0,0.0,0.0,0.0,0.0,0.0,0.0,0.0,0.0,0.0,0.0,0.0,0.0,0.0,0.0,0.0,0.0
move_out,0.11206994950771332,0.5098832845687866,1.517733352329742e-07,0.17783069610595703,0.43755802512168884,0.00436088303104043,0.1985979676246643,0.3597705364227295,0.008319380693137646,0.1932314932346344,0.2974649667739868,0.008088181726634502,0.1760386824607849,0.2622329592704773,0.00994502566754818,0.136717289686203,0.2774074077606201,0.01822097785770893,0.10969799757003784,0.1977006196975708,0.0013849290553480387,0.08974305540323257,0.13333263993263245,-0.018247252330183983,0.07234913110733032,0.08291177451610565,-0.03197561949491501,0.12222093343734741,0.2814427316188812,0.00585148436948657,0.15726128220558167,0.2239767163991928,-0.008814380504190922,0.1773652732372284,0.23872110247612,-0.019759515300393105,0.1772712916135788,0.2628018260002136,-0.025020016357302666,0.11446039378643036,0.30162084102630615,-0.008774991147220135,0.17884083092212677,0.2781013548374176,-0.024963228031992912,0.19380876421928406,0.31389033794403076,-0.02532271109521389,0.1857796013355255,0.3413985073566437,-0.021483926102519035,0.11486998200416565,0.33561253547668457,-0.02420608326792717,0.1699901670217514,0.3255813419818878,-0.03280822932720184,0.1863936334848404,0.35160642862319946,-0.026863833889365196,0.18154680728912354,0.37540894746780396,-0.02020340785384178,0.0,0.0,0.0,0.0,0.0,0.0,0.0,0.0,0.0,0.0,0.0,0.0,0.0,0.0,0.0,0.0,0.0,0.0,0.0,0.0,0.0,0.0,0.0,0.0,0.0,0.0,0.0,0.0,0.0,0.0,0.0,0.0,0.0,0.0,0.0,0.0,0.0,0.0,0.0,0.0,0.0,0.0,0.0,0.0,0.0,0.0,0.0,0.0,0.0,0.0,0.0,0.0,0.0,0.0,0.0,0.0,0.0,0.0,0.0,0.0,0.0,0.0,0.0
move_out,0.18013742566108704,0.5566014051437378,1.1243665198890085e-07,0.2585342526435852,0.510032057762146,0.004636797588318586,0.2933425009250641,0.4489862322807312,0.0009032778907567263,0.31005245447158813,0.40046197175979614,-0.007270782720297575,0.3142179548740387,0.3582967519760132,-0.013889888301491737,0.23453128337860107,0.35200273990631104,0.0029259114526212215,0.23707012832164764,0.2804318964481354,-0.01902603730559349,0.23670093715190887,0.2282629758119583,-0.038335029035806656,0.23246994614601135,0.17763908207416534,-0.05092185363173485,0.21940912306308746,0.3536665439605713,-0.011448531411588192,0.2901739180088043,0.34264132380485535,-0.03148248419165611,0.29398128390312195,0.38529783487319946,-0.03874386474490166,0.28270435333251953,0.4006003737449646,-0.04072797670960426,0.21377812325954437,0.3740578591823578,-0.026912346482276917,0.2888169586658478,0.39130455255508423,-0.04380495473742485,0.2835187315940857,0.4313755929470062,-0.03537316992878914,0.2676214277744293,0.4383946657180786,-0.02642667107284069,0.21867118775844574,0.4088028371334076,-0.04329867288470268,0.27817302942276,0.42664384841918945,-0.04771964251995087,0.2735751271247864,0.4568573832511902,-0.03429579362273216,0.25670337677001953,0.4640030860900879,-0.023522479459643364,0.0,0.0,0.0,0.0,0.0,0.0,0.0,0.0,0.0,0.0,0.0,0.0,0.0,0.0,0.0,0.0,0.0,0.0,0.0,0.0,0.0,0.0,0.0,0.0,0.0,0.0,0.0,0.0,0.0,0.0,0.0,0.0,0.0,0.0,0.0,0.0,0.0,0.0,0.0,0.0,0.0,0.0,0.0,0.0,0.0,0.0,0.0,0.0,0.0,0.0,0.0,0.0,0.0,0.0,0.0,0.0,0.0,0.0,0.0,0.0,0.0,0.0,0.0
move_out,0.2740515172481537,0.5484879612922668,1.7955504461042437e-07,0.32680466771125793,0.5213944911956787,-0.004442926496267319,0.36703595519065857,0.4806404709815979,-0.008694125339388847,0.3918733298778534,0.4399454593658447,-0.01601795107126236,0.4065600335597992,0.4090571403503418,-0.021121779456734657,0.359612375497818,0.4039292335510254,0.008562983013689518,0.3916359543800354,0.387160986661911,-0.00946884322911501,0.40999454259872437,0.39277884364128113,-0.024834884330630302,0.41762039065361023,0.4012218117713928,-0.03400459513068199,0.35001564025878906,0.4021027684211731,0.0022956631146371365,0.386104017496109,0.3884875178337097,-0.01360245794057846,0.398289293050766,0.39913636445999146,-0.024430712684988976,0.4005756378173828,0.4084611237049103,-0.03076617792248726,0.3403138220310211,0.4128655195236206,-0.007103727199137211,0.3787212371826172,0.4131699800491333,-0.024611882865428925,0.38031306862831116,0.42700716853141785,-0.028535615652799606,0.37266477942466736,0.43524497747421265,-0.028304120525717735,0.33005568385124207,0.43471935391426086,-0.01752479188144207,0.36265426874160767,0.445822149515152,-0.029293276369571686,0.36415746808052063,0.45705661177635193,-0.030526934191584587,0.35725677013397217,0.46149593591690063,-0.0294081661850214,0.0,0.0,0.0,0.0,0.0,0.0,0.0,0.0,0.0,0.0,0.0,0.0,0.0,0.0,0.0,0.0,0.0,0.0,0.0,0.0,0.0,0.0,0.0,0.0,0.0,0.0,0.0,0.0,0.0,0.0,0.0,0.0,0.0,0.0,0.0,0.0,0.0,0.0,0.0,0.0,0.0,0.0,0.0,0.0,0.0,0.0,0.0,0.0,0.0,0.0,0.0,0.0,0.0,0.0,0.0,0.0,0.0,0.0,0.0,0.0,0.0,0.0,0.0
move_out,0.3541524410247803,0.46193927526474,1.9394411765460973e-07,0.40043550729751587,0.425968736410141,0.002798838773742318,0.4365861713886261,0.38156014680862427,-0.003299213480204344,0.46303337812423706,0.34875407814979553,-0.01226411946117878,0.4842616617679596,0.32912060618400574,-0.02062232792377472,0.4053751528263092,0.2947753369808197,-0.009973593056201935,0.42451995611190796,0.23236456513404846,-0.028875740244984627,0.44236037135124207,0.18439902365207672,-0.043389029800891876,0.4537414014339447,0.1470324546098709,-0.0526537224650383,0.4015894830226898,0.3026980459690094,-0.021231524646282196,0.46791937947273254,0.30780747532844543,-0.04066585749387741,0.47063112258911133,0.3336002826690674,-0.044715140014886856,0.4565880298614502,0.34444090723991394,-0.043818987905979156,0.39974281191825867,0.32838279008865356,-0.03228877857327461,0.46625658869743347,0.35338294506073,-0.04651498794555664,0.45885947346687317,0.37641042470932007,-0.037104010581970215,0.44249892234802246,0.37882763147354126,-0.02781633660197258,0.40077921748161316,0.36237597465515137,-0.04358072951436043,0.44991934299468994,0.38674139976501465,-0.04744705930352211,0.44360312819480896,0.4054717719554901,-0.034627221524715424,0.4286380410194397,0.40773868560791016,-0.02405453287065029,0.0,0.0,0.0,0.0,0.0,0.0,0.0,0.0,0.0,0.0,0.0,0.0,0.0,0.0,0.0,0.0,0.0,0.0,0.0,0.0,0.0,0.0,0.0,0.0,0.0,0.0,0.0,0.0,0.0,0.0,0.0,0.0,0.0,0.0,0.0,0.0,0.0,0.0,0.0,0.0,0.0,0.0,0.0,0.0,0.0,0.0,0.0,0.0,0.0,0.0,0.0,0.0,0.0,0.0,0.0,0.0,0.0,0.0,0.0,0.0,0.0,0.0,0.0
move_out,0.4996567368507385,0.49236589670181274,1.8705999593748857e-07,0.5601084232330322,0.5106480717658997,0.006380539387464523,0.6169248223304749,0.49288102984428406,0.003354530083015561,0.6593849658966064,0.47491827607154846,-0.004149445332586765,0.6906752586364746,0.4616577923297882,-0.011098441667854786,0.6251742839813232,0.3742213547229767,0.0008905799477361143,0.665427565574646,0.3249484896659851,-0.013663824647665024,0.6959757208824158,0.2849714756011963,-0.026695968583226204,0.7187154293060303,0.25126659870147705,-0.03549371287226677,0.6197945475578308,0.3727562725543976,-0.010797915980219841,0.672813892364502,0.41933414340019226,-0.02253665402531624,0.6672217845916748,0.44675305485725403,-0.025389289483428,0.6568199992179871,0.44833672046661377,-0.026235247030854225,0.6075894236564636,0.3884076476097107,-0.022491242736577988,0.6568219065666199,0.4559980630874634,-0.03215423598885536,0.6407700181007385,0.47861620783805847,-0.024775413796305656,0.6250581741333008,0.4738669991493225,-0.018696030601859093,0.5962576866149902,0.4183303713798523,-0.034135736525058746,0.6342989206314087,0.4731091260910034,-0.034983906894922256,0.6219003796577454,0.49273237586021423,-0.02291957102715969,0.60615473985672,0.49071764945983887,-0.014115981757640839,0.0,0.0,0.0,0.0,0.0,0.0,0.0,0.0,0.0,0.0,0.0,0.0,0.0,0.0,0.0,0.0,0.0,0.0,0.0,0.0,0.0,0.0,0.0,0.0,0.0,0.0,0.0,0.0,0.0,0.0,0.0,0.0,0.0,0.0,0.0,0.0,0.0,0.0,0.0,0.0,0.0,0.0,0.0,0.0,0.0,0.0,0.0,0.0,0.0,0.0,0.0,0.0,0.0,0.0,0.0,0.0,0.0,0.0,0.0,0.0,0.0,0.0,0.0
move_out,0.5320088863372803,0.47237643599510193,1.7116070694100927e-07,0.58172607421875,0.47308149933815,0.008038092404603958,0.6316028237342834,0.4541601240634918,0.004264699295163155,0.6716264486312866,0.44252774119377136,-0.00523665314540267,0.7038182020187378,0.4351644814014435,-0.01425484661012888,0.6338154673576355,0.3538837730884552,0.007803200278431177,0.6716321110725403,0.3168775737285614,-0.004930398892611265,0.6970128417015076,0.28436973690986633,-0.01453608088195324,0.7165167331695557,0.25430771708488464,-0.020213237032294273,0.6378446817398071,0.3544371426105499,-0.004163649398833513,0.6909369230270386,0.4069364070892334,-0.016755342483520508,0.6843835711479187,0.42706409096717834,-0.019108617678284645,0.6769301295280457,0.41932085156440735,-0.017758015543222427,0.6390817165374756,0.3697125315666199,-0.016594301909208298,0.6851249933242798,0.439991295337677,-0.027374619618058205,0.6629211902618408,0.46024587750434875,-0.02329878881573677,0.6462307572364807,0.4516430199146271,-0.017799947410821915,0.6417438387870789,0.39759254455566406,-0.02882542833685875,0.6733452677726746,0.4624021351337433,-0.03084089234471321,0.6551045179367065,0.47786715626716614,-0.02313762903213501,0.6385313272476196,0.4667806327342987,-0.016587162390351295,0.0,0.0,0.0,0.0,0.0,0.0,0.0,0.0,0.0,0.0,0.0,0.0,0.0,0.0,0.0,0.0,0.0,0.0,0.0,0.0,0.0,0.0,0.0,0.0,0.0,0.0,0.0,0.0,0.0,0.0,0.0,0.0,0.0,0.0,0.0,0.0,0.0,0.0,0.0,0.0,0.0,0.0,0.0,0.0,0.0,0.0,0.0,0.0,0.0,0.0,0.0,0.0,0.0,0.0,0.0,0.0,0.0,0.0,0.0,0.0,0.0,0.0,0.0
move_out,0.610958456993103,0.4840841293334961,1.330899124241114e-07,0.6681475043296814,0.4995863437652588,0.0068954406306147575,0.7202479243278503,0.4824409782886505,0.004592155572026968,0.7584781646728516,0.47125446796417236,-0.0037752350326627493,0.786835253238678,0.46178847551345825,-0.009079544804990292,0.7435661554336548,0.37524139881134033,0.01975266821682453,0.7894963026046753,0.4356057643890381,0.004762491211295128,0.7972362637519836,0.46474647521972656,-0.0070125870406627655,0.7979799509048462,0.4713279604911804,-0.01262584887444973,0.7415707111358643,0.37900471687316895,0.007481507956981659,0.7911374568939209,0.4595301151275635,-0.005908632185310125,0.7761547565460205,0.4814651906490326,-0.010309972800314426,0.7619878053665161,0.4720020294189453,-0.010637667030096054,0.7392043471336365,0.3980433940887451,-0.007050728425383568,0.7834826111793518,0.48045840859413147,-0.015636330470442772,0.764659583568573,0.4985623061656952,-0.01028700452297926,0.747427225112915,0.4878378212451935,-0.004501406103372574,0.735008716583252,0.4276965856552124,-0.022346051409840584,0.7688304781913757,0.49516284465789795,-0.02153356373310089,0.753912627696991,0.5130680799484253,-0.01293459814041853,0.7376798987388611,0.504277229309082,-0.006231718696653843,0.0,0.0,0.0,0.0,0.0,0.0,0.0,0.0,0.0,0.0,0.0,0.0,0.0,0.0,0.0,0.0,0.0,0.0,0.0,0.0,0.0,0.0,0.0,0.0,0.0,0.0,0.0,0.0,0.0,0.0,0.0,0.0,0.0,0.0,0.0,0.0,0.0,0.0,0.0,0.0,0.0,0.0,0.0,0.0,0.0,0.0,0.0,0.0,0.0,0.0,0.0,0.0,0.0,0.0,0.0,0.0,0.0,0.0,0.0,0.0,0.0,0.0,0.0
move_out,0.48151859641075134,0.47657597064971924,2.0405026646130864e-07,0.5296916365623474,0.46712526679039,0.0016209072200581431,0.572852373123169,0.43657025694847107,-0.0054126619361341,0.6060073375701904,0.41147279739379883,-0.017068618908524513,0.6307030916213989,0.3913406729698181,-0.027948064729571342,0.5591391324996948,0.33182263374328613,0.003758244216442108,0.5878027677536011,0.2896639108657837,-0.012699593789875507,0.6033030152320862,0.2502478361129761,-0.026358677074313164,0.6132275462150574,0.21494898200035095,-0.034723713994026184,0.5588105916976929,0.32990196347236633,-0.005595679394900799,0.6193975806236267,0.37331411242485046,-0.024299699813127518,0.607207179069519,0.40137284994125366,-0.030264567583799362,0.5894662737846375,0.39802905917167664,-0.029970798641443253,0.5594996213912964,0.34635406732559204,-0.015858715400099754,0.6168762445449829,0.40546196699142456,-0.0318838506937027,0.5963472723960876,0.43369683623313904,-0.027611898258328438,0.5757110118865967,0.42851176857948303,-0.02046995237469673,0.5646791458129883,0.37354281544685364,-0.026369431987404823,0.6087493300437927,0.42846548557281494,-0.031768959015607834,0.5937945246696472,0.45048147439956665,-0.023300770670175552,0.5742468237876892,0.4443172514438629,-0.015418081544339657,0.0,0.0,0.0,0.0,0.0,0.0,0.0,0.0,0.0,0.0,0.0,0.0,0.0,0.0,0.0,0.0,0.0,0.0,0.0,0.0,0.0,0.0,0.0,0.0,0.0,0.0,0.0,0.0,0.0,0.0,0.0,0.0,0.0,0.0,0.0,0.0,0.0,0.0,0.0,0.0,0.0,0.0,0.0,0.0,0.0,0.0,0.0,0.0,0.0,0.0,0.0,0.0,0.0,0.0,0.0,0.0,0.0,0.0,0.0,0.0,0.0,0.0,0.0
move_out,0.29772651195526123,0.5693334341049194,6.645195949062099e-09,0.33472564816474915,0.5443759560585022,0.006041225511580706,0.36566346883773804,0.5016582012176514,0.008718575350940228,0.3893589377403259,0.4710453450679779,0.007251919712871313,0.4053298234939575,0.45418602228164673,0.006192065309733152,0.35281404852867126,0.4253228008747101,0.016449447721242905,0.3673068881034851,0.3709638714790344,0.010238154791295528,0.3795430064201355,0.3408355116844177,0.0026840567588806152,0.3851821720600128,0.3122551441192627,-0.0025449255481362343,0.3578064739704132,0.42997658252716064,0.008261429145932198,0.40009987354278564,0.4159032702445984,-0.0006281540263444185,0.3999491333961487,0.4540390968322754,-0.006165359169244766,0.38576897978782654,0.47310948371887207,-0.007122532464563847,0.3617056906223297,0.44639259576797485,-0.0005367592093534768,0.4058433473110199,0.44265228509902954,-0.01017517689615488,0.40090420842170715,0.4770374000072479,-0.009301252663135529,0.38519954681396484,0.490987628698349,-0.005645618308335543,0.3637499213218689,0.47072383761405945,-0.008860921487212181,0.4024394750595093,0.4689497947692871,-0.014284022152423859,0.3995378017425537,0.49568992853164673,-0.009139829315245152,0.38344815373420715,0.5097986459732056,-0.0034230679739266634,0.0,0.0,0.0,0.0,0.0,0.0,0.0,0.0,0.0,0.0,0.0,0.0,0.0,0.0,0.0,0.0,0.0,0.0,0.0,0.0,0.0,0.0,0.0,0.0,0.0,0.0,0.0,0.0,0.0,0.0,0.0,0.0,0.0,0.0,0.0,0.0,0.0,0.0,0.0,0.0,0.0,0.0,0.0,0.0,0.0,0.0,0.0,0.0,0.0,0.0,0.0,0.0,0.0,0.0,0.0,0.0,0.0,0.0,0.0,0.0,0.0,0.0,0.0
move_out,0.2558547854423523,0.5348336696624756,1.4818030535934668e-07,0.30502620339393616,0.5418664813041687,0.008861017413437366,0.34386178851127625,0.5196883082389832,0.01182625349611044,0.3697934150695801,0.4917086958885193,0.009122208692133427,0.3830207586288452,0.4662659168243408,0.006613076664507389,0.3405438959598541,0.4342045485973358,0.021871445700526237,0.36452555656433105,0.3992410898208618,0.0169583298265934,0.3853844404220581,0.37938612699508667,0.010496406815946102,0.3986692726612091,0.36002540588378906,0.006046046502888203,0.3337216079235077,0.423642635345459,0.01239796169102192,0.3771440088748932,0.4263445734977722,0.0031802929006516933,0.37906503677368164,0.45675021409988403,-0.0024667310062795877,0.36738553643226624,0.47189897298812866,-0.0032659664284437895,0.3272166848182678,0.4214765727519989,0.0021027233451604843,0.3720210790634155,0.4346363842487335,-0.008563547395169735,0.3695664703845978,0.46907860040664673,-0.008903558366000652,0.35368120670318604,0.48752737045288086,-0.004911129828542471,0.3205268979072571,0.4271654486656189,-0.007787759881466627,0.3593618869781494,0.4416584074497223,-0.014796125702559948,0.3636285960674286,0.4726269245147705,-0.013302478939294815,0.35403773188591003,0.4907819330692291,-0.009506863541901112,0.0,0.0,0.0,0.0,0.0,0.0,0.0,0.0,0.0,0.0,0.0,0.0,0.0,0.0,0.0,0.0,0.0,0.0,0.0,0.0,0.0,0.0,0.0,0.0,0.0,0.0,0.0,0.0,0.0,0.0,0.0,0.0,0.0,0.0,0.0,0.0,0.0,0.0,0.0,0.0,0.0,0.0,0.0,0.0,0.0,0.0,0.0,0.0,0.0,0.0,0.0,0.0,0.0,0.0,0.0,0.0,0.0,0.0,0.0,0.0,0.0,0.0,0.0
move_out,0.3344819247722626,0.6298975944519043,-6.809153774156584e-08,0.3701415956020355,0.653904378414154,-0.001200457219965756,0.4035184383392334,0.6530938744544983,-0.0030253815930336714,0.4252515733242035,0.6303070187568665,-0.007598311174660921,0.43288397789001465,0.6034814119338989,-0.01113575417548418,0.4290563762187958,0.6158595681190491,0.012124244123697281,0.44578564167022705,0.6030101776123047,0.00027334303013049066,0.42859986424446106,0.6117700338363647,-0.0109004657715559,0.41328203678131104,0.6197086572647095,-0.01653633825480938,0.42450034618377686,0.5927900075912476,0.007253669202327728,0.4425252377986908,0.5835683941841125,-0.002892919350415468,0.42463359236717224,0.5943718552589417,-0.009146695025265217,0.4079085886478424,0.6018522381782532,-0.011150987818837166,0.4176044464111328,0.5689979195594788,4.434653601492755e-05,0.43460947275161743,0.5656305551528931,-0.009787262417376041,0.4171559810638428,0.5788067579269409,-0.008821438066661358,0.40074241161346436,0.5865104794502258,-0.0054327924735844135,0.40784770250320435,0.5458253026008606,-0.007749244570732117,0.4239136576652527,0.5497981309890747,-0.012777919881045818,0.4102088510990143,0.5622043609619141,-0.00830463133752346,0.3967803716659546,0.568885087966919,-0.002956090494990349,0.0,0.0,0.0,0.0,0.0,0.0,0.0,0.0,0.0,0.0,0.0,0.0,0.0,0.0,0.0,0.0,0.0,0.0,0.0,0.0,0.0,0.0,0.0,0.0,0.0,0.0,0.0,0.0,0.0,0.0,0.0,0.0,0.0,0.0,0.0,0.0,0.0,0.0,0.0,0.0,0.0,0.0,0.0,0.0,0.0,0.0,0.0,0.0,0.0,0.0,0.0,0.0,0.0,0.0,0.0,0.0,0.0,0.0,0.0,0.0,0.0,0.0,0.0
move_out,0.3307161331176758,0.44142305850982666,1.712116954877274e-07,0.38135841488838196,0.4521814286708832,0.005002589430660009,0.4201330244541168,0.4257383942604065,0.0043176221661269665,0.4435792565345764,0.4000135660171509,-0.0015636434545740485,0.4623274505138397,0.3745270073413849,-0.006377751938998699,0.41770103573799133,0.3240799903869629,0.019875681027770042,0.4430338442325592,0.300654798746109,0.01018773578107357,0.458415150642395,0.285991907119751,8.293258724734187e-05,0.46442848443984985,0.25859832763671875,-0.005963382311165333,0.4103107750415802,0.31507328152656555,0.010240331292152405,0.4568237066268921,0.3309909701347351,-0.0013572233729064465,0.4508710205554962,0.37130972743034363,-0.007545573636889458,0.43630772829055786,0.378000944852829,-0.008318192325532436,0.40317437052726746,0.3161013126373291,-0.0009976502042263746,0.4503798484802246,0.3470448851585388,-0.015200267545878887,0.4390450716018677,0.3900635242462158,-0.014086303301155567,0.4202641546726227,0.39890459179878235,-0.008529148064553738,0.39693284034729004,0.32579874992370605,-0.012142936699092388,0.4366321563720703,0.35878434777259827,-0.021533174440264702,0.43089559674263,0.39520204067230225,-0.017409145832061768,0.41439566016197205,0.4047698378562927,-0.011261706240475178,0.0,0.0,0.0,0.0,0.0,0.0,0.0,0.0,0.0,0.0,0.0,0.0,0.0,0.0,0.0,0.0,0.0,0.0,0.0,0.0,0.0,0.0,0.0,0.0,0.0,0.0,0.0,0.0,0.0,0.0,0.0,0.0,0.0,0.0,0.0,0.0,0.0,0.0,0.0,0.0,0.0,0.0,0.0,0.0,0.0,0.0,0.0,0.0,0.0,0.0,0.0,0.0,0.0,0.0,0.0,0.0,0.0,0.0,0.0,0.0,0.0,0.0,0.0
move_out,0.39627328515052795,0.5257475972175598,5.992440321733739e-08,0.44062313437461853,0.5672186017036438,0.004026243928819895,0.4825632572174072,0.5572908520698547,0.0069620730355381966,0.5150504112243652,0.5410371422767639,0.005713405553251505,0.534830629825592,0.5248598456382751,0.005667597521096468,0.4790337383747101,0.4641354978084564,0.020257052034139633,0.5035105347633362,0.4382432699203491,0.010609827935695648,0.5139275193214417,0.42040130496025085,7.539752550655976e-05,0.5205928683280945,0.39239540696144104,-0.005231023300439119,0.4794040620326996,0.4495737552642822,0.014599478803575039,0.526476263999939,0.47981661558151245,0.004194705747067928,0.5224680304527283,0.5084616541862488,-0.003130102762952447,0.5118530988693237,0.5112513303756714,-0.004374281037598848,0.4791662395000458,0.4499531090259552,0.007543149869889021,0.5219461917877197,0.4996359348297119,-0.005785093177109957,0.5055931806564331,0.5260473489761353,-0.008803545497357845,0.4880114793777466,0.5232053399085999,-0.0054168859496712685,0.48050183057785034,0.46330079436302185,0.0010116465855389833,0.514138400554657,0.5094425678253174,-0.0051338751800358295,0.49940571188926697,0.5258059501647949,-0.001857873285189271,0.48083606362342834,0.517194926738739,0.003195377066731453,0.0,0.0,0.0,0.0,0.0,0.0,0.0,0.0,0.0,0.0,0.0,0.0,0.0,0.0,0.0,0.0,0.0,0.0,0.0,0.0,0.0,0.0,0.0,0.0,0.0,0.0,0.0,0.0,0.0,0.0,0.0,0.0,0.0,0.0,0.0,0.0,0.0,0.0,0.0,0.0,0.0,0.0,0.0,0.0,0.0,0.0,0.0,0.0,0.0,0.0,0.0,0.0,0.0,0.0,0.0,0.0,0.0,0.0,0.0,0.0,0.0,0.0,0.0
move_out,0.4374193549156189,0.4834092855453491,-6.851730915968801e-08,0.48447316884994507,0.4929422438144684,0.005057094153016806,0.5221842527389526,0.47407597303390503,0.005817807745188475,0.5443540811538696,0.4521176218986511,0.0019398338627070189,0.5514339208602905,0.42791956663131714,-7.167214334913297e-06,0.5334962010383606,0.4012623131275177,0.020936144515872,0.5621858239173889,0.405009388923645,0.010302754119038582,0.5528852343559265,0.43342462182044983,-0.0008604227332398295,0.538086473941803,0.4441032409667969,-0.006956620141863823,0.5266085267066956,0.39106398820877075,0.012023800052702427,0.5569104552268982,0.39817893505096436,0.006458388641476631,0.5469246506690979,0.42677363753318787,0.0016988739371299744,0.5326443910598755,0.43456926941871643,-0.0014751849230378866,0.5189507603645325,0.3834741711616516,0.0005207689828239381,0.5491269826889038,0.3955911099910736,-0.005713088437914848,0.5385488271713257,0.42393696308135986,-0.0036237493623048067,0.5227875113487244,0.4318620562553406,-0.0012084373738616705,0.5097274780273438,0.3800433576107025,-0.011449189856648445,0.5379846096038818,0.3919355869293213,-0.01393959205597639,0.529837429523468,0.41568678617477417,-0.008145222440361977,0.5151207447052002,0.42388486862182617,-0.003209825372323394,0.0,0.0,0.0,0.0,0.0,0.0,0.0,0.0,0.0,0.0,0.0,0.0,0.0,0.0,0.0,0.0,0.0,0.0,0.0,0.0,0.0,0.0,0.0,0.0,0.0,0.0,0.0,0.0,0.0,0.0,0.0,0.0,0.0,0.0,0.0,0.0,0.0,0.0,0.0,0.0,0.0,0.0,0.0,0.0,0.0,0.0,0.0,0.0,0.0,0.0,0.0,0.0,0.0,0.0,0.0,0.0,0.0,0.0,0.0,0.0,0.0,0.0,0.0
move_out,0.4307185411453247,0.56500244140625,2.588166978512163e-07,0.49136513471603394,0.5928232669830322,-0.0005020495736971498,0.5562700629234314,0.5638601779937744,-0.004654156044125557,0.5996295213699341,0.5363394618034363,-0.013145757839083672,0.6393693089485168,0.512398898601532,-0.021621596068143845,0.5719284415245056,0.42871952056884766,-0.0030654948204755783,0.6108679175376892,0.36729738116264343,-0.01819676160812378,0.6486513018608093,0.33426547050476074,-0.02886955812573433,0.6782470941543579,0.3043929934501648,-0.03729211166501045,0.5546506643295288,0.40550634264945984,-0.015074878931045532,0.6181380748748779,0.4421253204345703,-0.038300950080156326,0.5991210341453552,0.505975604057312,-0.04258044809103012,0.573251485824585,0.525441586971283,-0.0398903526365757,0.5313332676887512,0.4047161340713501,-0.0276127178221941,0.590467095375061,0.4628477394580841,-0.052982132881879807,0.5649061799049377,0.5208972096443176,-0.04342396929860115,0.5376344323158264,0.5298113226890564,-0.0305814016610384,0.5070801377296448,0.4215656816959381,-0.040140967816114426,0.5588748455047607,0.4710683822631836,-0.057590313255786896,0.5389772057533264,0.5101540088653564,-0.04716554284095764,0.512667715549469,0.5133271217346191,-0.03528956323862076,0.0,0.0,0.0,0.0,0.0,0.0,0.0,0.0,0.0,0.0,0.0,0.0,0.0,0.0,0.0,0.0,0.0,0.0,0.0,0.0,0.0,0.0,0.0,0.0,0.0,0.0,0.0,0.0,0.0,0.0,0.0,0.0,0.0,0.0,0.0,0.0,0.0,0.0,0.0,0.0,0.0,0.0,0.0,0.0,0.0,0.0,0.0,0.0,0.0,0.0,0.0,0.0,0.0,0.0,0.0,0.0,0.0,0.0,0.0,0.0,0.0,0.0,0.0
move_out,0.3995690643787384,0.6536458134651184,3.6353352328433175e-08,0.44327130913734436,0.6898506879806519,0.001778317498974502,0.48480939865112305,0.6851100325584412,0.0038538554217666388,0.5164076089859009,0.6539658308029175,0.0011797042097896338,0.5283728241920471,0.6176291108131409,-0.001446845824830234,0.4881727397441864,0.6335713863372803,0.028752516955137253,0.5171730518341064,0.6165526509284973,0.021895233541727066,0.5217527151107788,0.6318990588188171,0.0147427748888731,0.5128802061080933,0.6441237926483154,0.011227432638406754,0.4810822308063507,0.6146108508110046,0.02185084857046604,0.5174471735954285,0.6036132574081421,0.008940978907048702,0.5004913210868835,0.631582498550415,-0.0013091459404677153,0.4774901568889618,0.6420262455940247,-0.0038101840764284134,0.47339388728141785,0.593174934387207,0.012405640445649624,0.5106611251831055,0.5890181064605713,-0.006907895673066378,0.4877880811691284,0.6208924651145935,-0.011280924081802368,0.4630569517612457,0.6277635097503662,-0.007651422638446093,0.46209415793418884,0.5676797032356262,0.0035457646008580923,0.49598953127861023,0.5762883424758911,-0.011455920524895191,0.48032599687576294,0.6029873490333557,-0.011501779779791832,0.45818156003952026,0.608231246471405,-0.007504703011363745,0.0,0.0,0.0,0.0,0.0,0.0,0.0,0.0,0.0,0.0,0.0,0.0,0.0,0.0,0.0,0.0,0.0,0.0,0.0,0.0,0.0,0.0,0.0,0.0,0.0,0.0,0.0,0.0,0.0,0.0,0.0,0.0,0.0,0.0,0.0,0.0,0.0,0.0,0.0,0.0,0.0,0.0,0.0,0.0,0.0,0.0,0.0,0.0,0.0,0.0,0.0,0.0,0.0,0.0,0.0,0.0,0.0,0.0,0.0,0.0,0.0,0.0,0.0
move_out,0.4073205292224884,0.49649256467819214,1.2683815775460516e-08,0.4589992165565491,0.5117673873901367,0.005654779728502035,0.5040102005004883,0.4811912775039673,0.01197277382016182,0.5333776473999023,0.45009979605674744,0.012890434823930264,0.5524624586105347,0.42598655819892883,0.01564086228609085,0.5052058100700378,0.4117136001586914,0.03195516765117645,0.5358375310897827,0.38935577869415283,0.024899758398532867,0.5410600900650024,0.40575429797172546,0.016396407037973404,0.5352679491043091,0.41394662857055664,0.012560220435261726,0.4969196021556854,0.40192845463752747,0.024556800723075867,0.5358311533927917,0.3960253596305847,0.015346476808190346,0.5291920304298401,0.4311160445213318,0.00721314549446106,0.5120635032653809,0.4446202516555786,0.004680467303842306,0.4889673590660095,0.3919675350189209,0.014275508932769299,0.5300044417381287,0.4001518487930298,0.0005509386537596583,0.5191446542739868,0.43771037459373474,-0.0030351949390023947,0.4978336989879608,0.4497263729572296,-0.0005199175793677568,0.48004022240638733,0.38454896211624146,0.004218944348394871,0.5157468318939209,0.3995015323162079,-0.0070420680567622185,0.5101022720336914,0.43002423644065857,-0.008147294633090496,0.4932706356048584,0.44151678681373596,-0.0056009176187217236,0.0,0.0,0.0,0.0,0.0,0.0,0.0,0.0,0.0,0.0,0.0,0.0,0.0,0.0,0.0,0.0,0.0,0.0,0.0,0.0,0.0,0.0,0.0,0.0,0.0,0.0,0.0,0.0,0.0,0.0,0.0,0.0,0.0,0.0,0.0,0.0,0.0,0.0,0.0,0.0,0.0,0.0,0.0,0.0,0.0,0.0,0.0,0.0,0.0,0.0,0.0,0.0,0.0,0.0,0.0,0.0,0.0,0.0,0.0,0.0,0.0,0.0,0.0
move_out,0.4413090944290161,0.48013976216316223,1.4568756512289838e-07,0.4908406436443329,0.4854130744934082,0.005543151870369911,0.5323684811592102,0.45938390493392944,0.002283037407323718,0.5574916005134583,0.43472930788993835,-0.00553672481328249,0.5735257267951965,0.41238638758659363,-0.011845833621919155,0.5348581075668335,0.3471972644329071,0.01089189201593399,0.5739426612854004,0.3431457281112671,-0.002702305093407631,0.5914084315299988,0.3251050114631653,-0.0161572378128767,0.6004443764686584,0.2907211184501648,-0.025245316326618195,0.533219575881958,0.3461545705795288,-0.00019219162641093135,0.5835219621658325,0.39935559034347534,-0.014668354764580727,0.5734673142433167,0.430109441280365,-0.02094840072095394,0.5574098229408264,0.4256266951560974,-0.02366897463798523,0.5320357084274292,0.36085647344589233,-0.012332628481090069,0.5841668844223022,0.42005378007888794,-0.023849323391914368,0.5681890845298767,0.44558295607566833,-0.018595995381474495,0.5499186515808105,0.4393254816532135,-0.01362491026520729,0.531752347946167,0.3860778510570526,-0.024879615753889084,0.569861650466919,0.44081151485443115,-0.02905864268541336,0.5551497340202332,0.46300822496414185,-0.020540490746498108,0.5363798141479492,0.45799511671066284,-0.013882906176149845,0.0,0.0,0.0,0.0,0.0,0.0,0.0,0.0,0.0,0.0,0.0,0.0,0.0,0.0,0.0,0.0,0.0,0.0,0.0,0.0,0.0,0.0,0.0,0.0,0.0,0.0,0.0,0.0,0.0,0.0,0.0,0.0,0.0,0.0,0.0,0.0,0.0,0.0,0.0,0.0,0.0,0.0,0.0,0.0,0.0,0.0,0.0,0.0,0.0,0.0,0.0,0.0,0.0,0.0,0.0,0.0,0.0,0.0,0.0,0.0,0.0,0.0,0.0
move_out,0.5873744487762451,0.5095953345298767,1.8258172929108696e-07,0.6458744406700134,0.5383568406105042,0.005321935750544071,0.6944882273674011,0.5005645751953125,0.011756574735045433,0.7296596169471741,0.4652799367904663,0.014921354129910469,0.7492713332176208,0.4350987374782562,0.01860923133790493,0.6726722121238708,0.3888694941997528,0.030029388144612312,0.695630669593811,0.346980482339859,0.027320023626089096,0.7073122262954712,0.31529128551483154,0.01986810751259327,0.7156166434288025,0.28191691637039185,0.014987670816481113,0.6715653538703918,0.3750751316547394,0.02591770514845848,0.7266321182250977,0.40005627274513245,0.02308174967765808,0.7267258167266846,0.43821850419044495,0.017031166702508926,0.7191832065582275,0.44919338822364807,0.01457594521343708,0.670095682144165,0.3776344060897827,0.01992519572377205,0.7323030829429626,0.42219701409339905,0.008589609526097775,0.7189751267433167,0.4655369520187378,-0.00123054557479918,0.7003360986709595,0.4749774932861328,-0.003568528685718775,0.6748197674751282,0.39214393496513367,0.015127458609640598,0.7211283445358276,0.44018712639808655,0.0069603039883077145,0.7095104455947876,0.4714632034301758,0.003274200251325965,0.6896553635597229,0.4743392765522003,0.002556836698204279,0.0,0.0,0.0,0.0,0.0,0.0,0.0,0.0,0.0,0.0,0.0,0.0,0.0,0.0,0.0,0.0,0.0,0.0,0.0,0.0,0.0,0.0,0.0,0.0,0.0,0.0,0.0,0.0,0.0,0.0,0.0,0.0,0.0,0.0,0.0,0.0,0.0,0.0,0.0,0.0,0.0,0.0,0.0,0.0,0.0,0.0,0.0,0.0,0.0,0.0,0.0,0.0,0.0,0.0,0.0,0.0,0.0,0.0,0.0,0.0,0.0,0.0,0.0
move_out,0.6648479700088501,0.4791078269481659,3.268160071456805e-07,0.692645788192749,0.41380614042282104,0.008033250458538532,0.7465489506721497,0.38701942563056946,0.002448129002004862,0.794161319732666,0.3931756913661957,-0.006853538099676371,0.8276447653770447,0.4151671528816223,-0.015396772883832455,0.7673414945602417,0.3452744483947754,-0.005535588599741459,0.8257521986961365,0.3774562478065491,-0.02013740874826908,0.8622044324874878,0.4043809771537781,-0.027720604091882706,0.8883771896362305,0.4239835739135742,-0.03177323192358017,0.7705639600753784,0.3683585524559021,-0.019198410212993622,0.8363124132156372,0.43412211537361145,-0.03711596131324768,0.8273111581802368,0.46035510301589966,-0.03948744758963585,0.8109720349311829,0.4604112505912781,-0.037058647722005844,0.7709681987762451,0.4062654972076416,-0.03211772069334984,0.821802020072937,0.4730391502380371,-0.047210875898599625,0.7991712689399719,0.49221521615982056,-0.039041243493556976,0.7788763046264648,0.486600399017334,-0.029486170038580894,0.7688621282577515,0.45041191577911377,-0.04451780393719673,0.808513879776001,0.5032592415809631,-0.05021470785140991,0.7860300540924072,0.5205580592155457,-0.0403757244348526,0.7654439210891724,0.5153080821037292,-0.03098393976688385,0.0,0.0,0.0,0.0,0.0,0.0,0.0,0.0,0.0,0.0,0.0,0.0,0.0,0.0,0.0,0.0,0.0,0.0,0.0,0.0,0.0,0.0,0.0,0.0,0.0,0.0,0.0,0.0,0.0,0.0,0.0,0.0,0.0,0.0,0.0,0.0,0.0,0.0,0.0,0.0,0.0,0.0,0.0,0.0,0.0,0.0,0.0,0.0,0.0,0.0,0.0,0.0,0.0,0.0,0.0,0.0,0.0,0.0,0.0,0.0,0.0,0.0,0.0
move_out,0.2658535838127136,0.5242466330528259,-1.4618441923630598e-07,0.3060961663722992,0.5201566219329834,-0.015399717725813389,0.3479251265525818,0.5090049505233765,-0.016491523012518883,0.37157347798347473,0.4777524471282959,-0.0172283798456192,0.3758278489112854,0.44789841771125793,-0.014933262951672077,0.3622269034385681,0.47706761956214905,0.013546973466873169,0.3823795020580292,0.4450351893901825,-0.0010413985000923276,0.3661453127861023,0.4521171748638153,-0.013564658351242542,0.34846916794776917,0.47062695026397705,-0.01832897588610649,0.347628653049469,0.4601830542087555,0.018593233078718185,0.3626016080379486,0.4253692030906677,0.002150916727259755,0.34733232855796814,0.44398123025894165,-0.00987965241074562,0.33610135316848755,0.4677189290523529,-0.012124045751988888,0.3323904275894165,0.4492568075656891,0.019468849524855614,0.3432672619819641,0.41902661323547363,0.003695703810080886,0.3323906362056732,0.43903878331184387,-0.0009488381328992546,0.3243994116783142,0.461279034614563,0.00244546658359468,0.3157593011856079,0.4432455599308014,0.0189361609518528,0.3290570080280304,0.42511117458343506,0.01057858020067215,0.32180142402648926,0.43678542971611023,0.010465959087014198,0.315460205078125,0.4532087743282318,0.014773111790418625,0.0,0.0,0.0,0.0,0.0,0.0,0.0,0.0,0.0,0.0,0.0,0.0,0.0,0.0,0.0,0.0,0.0,0.0,0.0,0.0,0.0,0.0,0.0,0.0,0.0,0.0,0.0,0.0,0.0,0.0,0.0,0.0,0.0,0.0,0.0,0.0,0.0,0.0,0.0,0.0,0.0,0.0,0.0,0.0,0.0,0.0,0.0,0.0,0.0,0.0,0.0,0.0,0.0,0.0,0.0,0.0,0.0,0.0,0.0,0.0,0.0,0.0,0.0
move_out,0.18586468696594238,0.5581682324409485,-1.2481581990186896e-08,0.25273555517196655,0.5260419249534607,0.007717595901340246,0.2845440208911896,0.46773722767829895,0.008583744056522846,0.2954961955547333,0.4122782051563263,0.002287117997184396,0.29306551814079285,0.3727739155292511,-0.002722867066040635,0.26254504919052124,0.39169615507125854,0.026723043993115425,0.27997902035713196,0.33907943964004517,0.011528468690812588,0.2858108878135681,0.35933423042297363,-0.0009269536240026355,0.2788268029689789,0.3810051679611206,-0.006251957267522812,0.24448204040527344,0.38675057888031006,0.012978444807231426,0.2752624452114105,0.3450603485107422,-0.004407950211316347,0.27662068605422974,0.3932339549064636,-0.014540128409862518,0.2621615529060364,0.4250580668449402,-0.017227962613105774,0.22543242573738098,0.3834275007247925,-0.0036108859349042177,0.2680620849132538,0.3610491454601288,-0.027670791372656822,0.2640475034713745,0.41971391439437866,-0.02901109866797924,0.24508243799209595,0.4520401060581207,-0.022686202079057693,0.20570994913578033,0.3857913911342621,-0.01943039707839489,0.2521214187145233,0.3789050877094269,-0.03715718165040016,0.25354650616645813,0.42548447847366333,-0.03400776535272598,0.2385724037885666,0.4533887207508087,-0.026905549690127373,0.0,0.0,0.0,0.0,0.0,0.0,0.0,0.0,0.0,0.0,0.0,0.0,0.0,0.0,0.0,0.0,0.0,0.0,0.0,0.0,0.0,0.0,0.0,0.0,0.0,0.0,0.0,0.0,0.0,0.0,0.0,0.0,0.0,0.0,0.0,0.0,0.0,0.0,0.0,0.0,0.0,0.0,0.0,0.0,0.0,0.0,0.0,0.0,0.0,0.0,0.0,0.0,0.0,0.0,0.0,0.0,0.0,0.0,0.0,0.0,0.0,0.0,0.0
move_out,0.3312511444091797,0.49493294954299927,1.2947231198268128e-07,0.40489766001701355,0.4633157253265381,0.00858699344098568,0.44300153851509094,0.41632863879203796,-0.0005678255693055689,0.469095379114151,0.37782078981399536,-0.015553710050880909,0.489277720451355,0.3441540002822876,-0.0295309629291296,0.40020328760147095,0.30658233165740967,-0.007487996015697718,0.41779106855392456,0.22951924800872803,-0.031876519322395325,0.4284595549106598,0.17586089670658112,-0.04826885461807251,0.4362609088420868,0.1283903419971466,-0.058413825929164886,0.389919251203537,0.3112681210041046,-0.025474004447460175,0.4739857017993927,0.32122981548309326,-0.05107502639293671,0.4655052423477173,0.3583473861217499,-0.054203350096940994,0.44728320837020874,0.367391973733902,-0.05088387429714203,0.38591158390045166,0.3393118381500244,-0.043615784496068954,0.46258455514907837,0.383198618888855,-0.06268695741891861,0.44588702917099,0.41119635105133057,-0.052059486508369446,0.4269299805164337,0.40535271167755127,-0.04109080135822296,0.38909265398979187,0.3785330057144165,-0.06189485639333725,0.44301891326904297,0.41786545515060425,-0.06624632328748703,0.4300518035888672,0.43939486145973206,-0.05209791660308838,0.41204124689102173,0.4341500699520111,-0.040700435638427734,0.0,0.0,0.0,0.0,0.0,0.0,0.0,0.0,0.0,0.0,0.0,0.0,0.0,0.0,0.0,0.0,0.0,0.0,0.0,0.0,0.0,0.0,0.0,0.0,0.0,0.0,0.0,0.0,0.0,0.0,0.0,0.0,0.0,0.0,0.0,0.0,0.0,0.0,0.0,0.0,0.0,0.0,0.0,0.0,0.0,0.0,0.0,0.0,0.0,0.0,0.0,0.0,0.0,0.0,0.0,0.0,0.0,0.0,0.0,0.0,0.0,0.0,0.0
move_out,0.4073840379714966,0.487420916557312,8.765364434282219e-09,0.4701041281223297,0.44713637232780457,0.0677044689655304,0.5120118260383606,0.413191556930542,0.07136093080043793,0.5459617972373962,0.393819659948349,0.0596303716301918,0.5746685862541199,0.3668152391910553,0.04361063614487648,0.495663046836853,0.31973111629486084,0.01785852015018463,0.5170602798461914,0.2355063408613205,0.010804279707372189,0.5303778648376465,0.17701424658298492,0.00411969656124711,0.5437232851982117,0.13039320707321167,-0.0015450053615495563,0.48948273062705994,0.3322713375091553,-0.026533830910921097,0.5609387159347534,0.33598795533180237,-0.017868567258119583,0.5505691170692444,0.3802949786186218,-0.002287463517859578,0.534091591835022,0.39367592334747314,0.004285541363060474,0.48132121562957764,0.36282411217689514,-0.06485550850629807,0.5477150082588196,0.39160194993019104,-0.04888111725449562,0.524280309677124,0.43080687522888184,-0.027017224580049515,0.5028619766235352,0.431074857711792,-0.02147717960178852,0.48594412207603455,0.39942410588264465,-0.09815875440835953,0.5297242999076843,0.4297371208667755,-0.0728602185845375,0.512161910533905,0.45384272933006287,-0.0457841195166111,0.4895583689212799,0.45177170634269714,-0.03432668372988701,0.0,0.0,0.0,0.0,0.0,0.0,0.0,0.0,0.0,0.0,0.0,0.0,0.0,0.0,0.0,0.0,0.0,0.0,0.0,0.0,0.0,0.0,0.0,0.0,0.0,0.0,0.0,0.0,0.0,0.0,0.0,0.0,0.0,0.0,0.0,0.0,0.0,0.0,0.0,0.0,0.0,0.0,0.0,0.0,0.0,0.0,0.0,0.0,0.0,0.0,0.0,0.0,0.0,0.0,0.0,0.0,0.0,0.0,0.0,0.0,0.0,0.0,0.0
move_out,0.5134766101837158,0.4561063349246979,-1.8908261623096223e-08,0.5549711585044861,0.43409213423728943,0.011345921084284782,0.6107406616210938,0.4229276180267334,0.009256131947040558,0.6565622687339783,0.43056783080101013,0.0020731117110699415,0.6907138228416443,0.4411143958568573,-0.001876103226095438,0.6287958025932312,0.34495747089385986,0.008625587448477745,0.6859852075576782,0.39120110869407654,-0.005224035587161779,0.6770256161689758,0.4120641350746155,-0.012141379527747631,0.6618186235427856,0.41143807768821716,-0.013993882574141026,0.6305376291275024,0.35146528482437134,-0.005054149776697159,0.6894158720970154,0.42221471667289734,-0.014446116052567959,0.6707636117935181,0.43804511427879333,-0.014459074474871159,0.6527559757232666,0.4236532151699066,-0.012643791735172272,0.6293212175369263,0.37225621938705444,-0.019459804520010948,0.6708722114562988,0.45090824365615845,-0.025270354002714157,0.6460844874382019,0.4659448266029358,-0.01831204444169998,0.6293493509292603,0.453635573387146,-0.013051742687821388,0.6256560683250427,0.40405815839767456,-0.033776260912418365,0.6506924033164978,0.4728327691555023,-0.031334199011325836,0.6271244883537292,0.4843985438346863,-0.022553429007530212,0.6099376082420349,0.471843957901001,-0.016844015568494797,0.0,0.0,0.0,0.0,0.0,0.0,0.0,0.0,0.0,0.0,0.0,0.0,0.0,0.0,0.0,0.0,0.0,0.0,0.0,0.0,0.0,0.0,0.0,0.0,0.0,0.0,0.0,0.0,0.0,0.0,0.0,0.0,0.0,0.0,0.0,0.0,0.0,0.0,0.0,0.0,0.0,0.0,0.0,0.0,0.0,0.0,0.0,0.0,0.0,0.0,0.0,0.0,0.0,0.0,0.0,0.0,0.0,0.0,0.0,0.0,0.0,0.0,0.0
move_out,0.6240650415420532,0.4234922230243683,2.321123275805803e-07,0.6787298321723938,0.4165480434894562,0.012871908023953438,0.740211546421051,0.4277884364128113,0.0037199449725449085,0.7863448262214661,0.45000743865966797,-0.009528658352792263,0.8164257407188416,0.4643036425113678,-0.022683318704366684,0.7793468832969666,0.3522820770740509,-0.02286440134048462,0.8476089239120483,0.3356561064720154,-0.04833526164293289,0.8942272663116455,0.321506530046463,-0.06441980600357056,0.9303618669509888,0.30672359466552734,-0.07407937198877335,0.7763959765434265,0.35791659355163574,-0.04126151651144028,0.8350688815116882,0.4540344774723053,-0.06394243240356445,0.8106138706207275,0.4749135971069336,-0.06359001994132996,0.7896689772605896,0.4638403356075287,-0.058799564838409424,0.7622450590133667,0.3799264132976532,-0.05758048966526985,0.7965201139450073,0.4856076240539551,-0.07521897554397583,0.7630679607391357,0.4877757728099823,-0.0614425465464592,0.7474218606948853,0.4661194384098053,-0.04874972626566887,0.7443467378616333,0.415645033121109,-0.07267618924379349,0.7578753232955933,0.4971991777420044,-0.07698536664247513,0.7304542660713196,0.49884751439094543,-0.0602182075381279,0.7167015075683594,0.4799737334251404,-0.046764176338911057,0.0,0.0,0.0,0.0,0.0,0.0,0.0,0.0,0.0,0.0,0.0,0.0,0.0,0.0,0.0,0.0,0.0,0.0,0.0,0.0,0.0,0.0,0.0,0.0,0.0,0.0,0.0,0.0,0.0,0.0,0.0,0.0,0.0,0.0,0.0,0.0,0.0,0.0,0.0,0.0,0.0,0.0,0.0,0.0,0.0,0.0,0.0,0.0,0.0,0.0,0.0,0.0,0.0,0.0,0.0,0.0,0.0,0.0,0.0,0.0,0.0,0.0,0.0
move_out,0.6425071358680725,0.46245720982551575,1.8866661832817044e-07,0.6906222701072693,0.4351743459701538,0.010516691021621227,0.7539776563644409,0.4490678310394287,0.006882325746119022,0.797577977180481,0.48350396752357483,-0.001043192925862968,0.8283284902572632,0.5148499608039856,-0.007976826280355453,0.8014054298400879,0.41099247336387634,-0.0014595016837120056,0.8630598783493042,0.42729970812797546,-0.016162212938070297,0.9024440050125122,0.43693307042121887,-0.024514086544513702,0.934406042098999,0.43904244899749756,-0.02980826608836651,0.7990303635597229,0.42682474851608276,-0.01786254532635212,0.8457267880439758,0.5203583240509033,-0.036807481199502945,0.8238121271133423,0.5305545330047607,-0.03861873596906662,0.8065633177757263,0.5135210156440735,-0.034623172134160995,0.7844709157943726,0.4522101879119873,-0.03347567096352577,0.8118487000465393,0.5424350500106812,-0.04905335232615471,0.7851545810699463,0.54067063331604,-0.03885502740740776,0.7727920413017273,0.5208306312561035,-0.028093155473470688,0.7638137340545654,0.4838768243789673,-0.048440419137477875,0.7777905464172363,0.5581721067428589,-0.052394114434719086,0.7521451711654663,0.5535374879837036,-0.038968149572610855,0.7392308115959167,0.5330330729484558,-0.027836564928293228,0.0,0.0,0.0,0.0,0.0,0.0,0.0,0.0,0.0,0.0,0.0,0.0,0.0,0.0,0.0,0.0,0.0,0.0,0.0,0.0,0.0,0.0,0.0,0.0,0.0,0.0,0.0,0.0,0.0,0.0,0.0,0.0,0.0,0.0,0.0,0.0,0.0,0.0,0.0,0.0,0.0,0.0,0.0,0.0,0.0,0.0,0.0,0.0,0.0,0.0,0.0,0.0,0.0,0.0,0.0,0.0,0.0,0.0,0.0,0.0,0.0,0.0,0.0
move_out,0.46041157841682434,0.4245372712612152,-3.178038454620946e-08,0.5116422176361084,0.379219114780426,0.025229457765817642,0.5699470043182373,0.3809356987476349,0.02525167167186737,0.6121711730957031,0.41026949882507324,0.01742628403007984,0.6382043957710266,0.44610875844955444,0.011035938747227192,0.6125887632369995,0.3454495370388031,0.011170269921422005,0.6668136715888977,0.40787169337272644,-0.00017827759438659996,0.6614770293235779,0.44049105048179626,-0.004200218711048365,0.6487417817115784,0.4524703919887543,-0.00424916623160243,0.6113291382789612,0.3649747669696808,-0.008518857881426811,0.6564955711364746,0.4485976994037628,-0.014598807319998741,0.6317758560180664,0.46211326122283936,-0.0118135130032897,0.6109110116958618,0.45250558853149414,-0.008923773653805256,0.6024954915046692,0.3959801197052002,-0.02689375914633274,0.6262639760971069,0.4771699607372284,-0.026379505172371864,0.5994284152984619,0.4815150201320648,-0.01513312291353941,0.5809044241905212,0.46660393476486206,-0.008719400502741337,0.5903133153915405,0.43228471279144287,-0.04427983984351158,0.601190447807312,0.49577224254608154,-0.03351420909166336,0.5774573087692261,0.4960581064224243,-0.020154379308223724,0.5632561445236206,0.4807041883468628,-0.012285162694752216,0.0,0.0,0.0,0.0,0.0,0.0,0.0,0.0,0.0,0.0,0.0,0.0,0.0,0.0,0.0,0.0,0.0,0.0,0.0,0.0,0.0,0.0,0.0,0.0,0.0,0.0,0.0,0.0,0.0,0.0,0.0,0.0,0.0,0.0,0.0,0.0,0.0,0.0,0.0,0.0,0.0,0.0,0.0,0.0,0.0,0.0,0.0,0.0,0.0,0.0,0.0,0.0,0.0,0.0,0.0,0.0,0.0,0.0,0.0,0.0,0.0,0.0,0.0
move_out,0.3724219799041748,0.42411595582962036,2.3694622086622985e-07,0.4369577467441559,0.40203022956848145,-0.002273588441312313,0.48771214485168457,0.36742210388183594,-0.016450388357043266,0.5275490283966064,0.33946195244789124,-0.03315510228276253,0.5558185577392578,0.3123454749584198,-0.049405328929424286,0.4633350372314453,0.24227406084537506,-0.027425196021795273,0.49063679575920105,0.16443881392478943,-0.0564127117395401,0.5133963227272034,0.10811533033847809,-0.07658655941486359,0.5287745594978333,0.058788418769836426,-0.08922261744737625,0.45027032494544983,0.24753659963607788,-0.04157109186053276,0.5361322164535522,0.2711664140224457,-0.0742638111114502,0.5239133834838867,0.30893903970718384,-0.08051501214504242,0.5002350807189941,0.31489360332489014,-0.07781121879816055,0.4393005967140198,0.2820611000061035,-0.055178046226501465,0.5168783664703369,0.33822160959243774,-0.08260191977024078,0.4941977858543396,0.362640917301178,-0.07179310917854309,0.47094887495040894,0.3496165871620178,-0.05842192843556404,0.4335953891277313,0.331981360912323,-0.06895873695611954,0.4888646602630615,0.3800351619720459,-0.08115239441394806,0.47195011377334595,0.39950430393218994,-0.06604258716106415,0.4523966312408447,0.3903311491012573,-0.05192946642637253,0.0,0.0,0.0,0.0,0.0,0.0,0.0,0.0,0.0,0.0,0.0,0.0,0.0,0.0,0.0,0.0,0.0,0.0,0.0,0.0,0.0,0.0,0.0,0.0,0.0,0.0,0.0,0.0,0.0,0.0,0.0,0.0,0.0,0.0,0.0,0.0,0.0,0.0,0.0,0.0,0.0,0.0,0.0,0.0,0.0,0.0,0.0,0.0,0.0,0.0,0.0,0.0,0.0,0.0,0.0,0.0,0.0,0.0,0.0,0.0,0.0,0.0,0.0
move_out,0.2958031892776489,0.4281546473503113,2.2642332453415293e-07,0.3554646372795105,0.353165864944458,0.0072405398823320866,0.376716673374176,0.27616360783576965,-0.0006023355526849627,0.3890133798122406,0.21654921770095825,-0.014295103028416634,0.40028128027915955,0.17015370726585388,-0.026777364313602448,0.2921203672885895,0.20112809538841248,0.0007422833587042987,0.2837301194667816,0.11514651775360107,-0.022288763895630836,0.27610448002815247,0.05538564920425415,-0.04028182476758957,0.26490989327430725,0.005278393626213074,-0.05161605030298233,0.28546369075775146,0.20957644283771515,-0.01680181175470352,0.3617492914199829,0.14473965764045715,-0.04058320075273514,0.37638288736343384,0.1881856769323349,-0.0456928089261055,0.366946280002594,0.2176085263490677,-0.043512407690286636,0.2950485348701477,0.23679892718791962,-0.03480296954512596,0.37992486357688904,0.20368362963199615,-0.053488533943891525,0.383268803358078,0.24705621600151062,-0.04247653856873512,0.3663136661052704,0.2647485136985779,-0.03050154820084572,0.3194313645362854,0.2703019082546234,-0.053146179765462875,0.3878585398197174,0.2575271427631378,-0.057045288383960724,0.3879155218601227,0.29337695240974426,-0.04040757566690445,0.36913225054740906,0.31163063645362854,-0.026858123019337654,0.0,0.0,0.0,0.0,0.0,0.0,0.0,0.0,0.0,0.0,0.0,0.0,0.0,0.0,0.0,0.0,0.0,0.0,0.0,0.0,0.0,0.0,0.0,0.0,0.0,0.0,0.0,0.0,0.0,0.0,0.0,0.0,0.0,0.0,0.0,0.0,0.0,0.0,0.0,0.0,0.0,0.0,0.0,0.0,0.0,0.0,0.0,0.0,0.0,0.0,0.0,0.0,0.0,0.0,0.0,0.0,0.0,0.0,0.0,0.0,0.0,0.0,0.0
move_out,0.22088408470153809,0.4252330958843231,1.5129104724564968e-07,0.2698802947998047,0.363492488861084,0.0016406741924583912,0.2946370542049408,0.29716402292251587,-0.007506271358579397,0.3112485408782959,0.24586911499500275,-0.02158953808248043,0.3208477199077606,0.21142041683197021,-0.03181826323270798,0.24228596687316895,0.21404573321342468,0.00020749859686475247,0.3075254261493683,0.17886528372764587,-0.026509715244174004,0.3294638395309448,0.2092609405517578,-0.043187662959098816,0.3301011323928833,0.23806481063365936,-0.04883737489581108,0.23743295669555664,0.23019064962863922,-0.012208523228764534,0.3172254264354706,0.19981679320335388,-0.03440927714109421,0.3245890140533447,0.23736834526062012,-0.040735919028520584,0.3115655481815338,0.2628449499607086,-0.04033423215150833,0.2444809079170227,0.25685757398605347,-0.026810036972165108,0.31806841492652893,0.24757561087608337,-0.04367303475737572,0.3167882561683655,0.2848123610019684,-0.03659952059388161,0.2991487979888916,0.304780513048172,-0.027191100642085075,0.2579585313796997,0.28915274143218994,-0.0422678180038929,0.3171825706958771,0.2863088846206665,-0.045448433607816696,0.3145654797554016,0.3168776035308838,-0.033492062240839005,0.29751473665237427,0.3334125578403473,-0.022711249068379402,0.0,0.0,0.0,0.0,0.0,0.0,0.0,0.0,0.0,0.0,0.0,0.0,0.0,0.0,0.0,0.0,0.0,0.0,0.0,0.0,0.0,0.0,0.0,0.0,0.0,0.0,0.0,0.0,0.0,0.0,0.0,0.0,0.0,0.0,0.0,0.0,0.0,0.0,0.0,0.0,0.0,0.0,0.0,0.0,0.0,0.0,0.0,0.0,0.0,0.0,0.0,0.0,0.0,0.0,0.0,0.0,0.0,0.0,0.0,0.0,0.0,0.0,0.0
move_out,0.36620986461639404,0.4244076609611511,1.6820084169921756e-07,0.42441678047180176,0.4631490707397461,-0.002503648167476058,0.4861758351325989,0.47195303440093994,-0.011240711435675621,0.5285242795944214,0.4774108827114105,-0.021720362827181816,0.5643882155418396,0.48476073145866394,-0.0306352861225605,0.5160790085792542,0.36795496940612793,-0.023225830867886543,0.5759211182594299,0.3518073260784149,-0.046059153974056244,0.6167444586753845,0.3388323187828064,-0.05929951369762421,0.6490267515182495,0.3210827112197876,-0.06732846051454544,0.4986911714076996,0.3611733019351959,-0.035065703094005585,0.5545084476470947,0.42983153462409973,-0.06293811649084091,0.5278319716453552,0.45842668414115906,-0.06631588935852051,0.5030750632286072,0.4567953050136566,-0.0629817470908165,0.4730684459209442,0.3735009431838989,-0.04684939235448837,0.514207661151886,0.45532384514808655,-0.0702068880200386,0.4857063293457031,0.47189515829086304,-0.05769406259059906,0.4673908054828644,0.4599612355232239,-0.04407598823308945,0.44540372490882874,0.3988231420516968,-0.05904391407966614,0.47528010606765747,0.46483704447746277,-0.0694064348936081,0.4552617073059082,0.47642865777015686,-0.05607198178768158,0.4415266215801239,0.4647393226623535,-0.0440504252910614,0.0,0.0,0.0,0.0,0.0,0.0,0.0,0.0,0.0,0.0,0.0,0.0,0.0,0.0,0.0,0.0,0.0,0.0,0.0,0.0,0.0,0.0,0.0,0.0,0.0,0.0,0.0,0.0,0.0,0.0,0.0,0.0,0.0,0.0,0.0,0.0,0.0,0.0,0.0,0.0,0.0,0.0,0.0,0.0,0.0,0.0,0.0,0.0,0.0,0.0,0.0,0.0,0.0,0.0,0.0,0.0,0.0,0.0,0.0,0.0,0.0,0.0,0.0
move_out,0.4401206970214844,0.41812288761138916,1.8707729054767697e-07,0.5005649328231812,0.46175166964530945,0.0017640048172324896,0.5620737075805664,0.4719838500022888,-0.003606372745707631,0.605158805847168,0.48199546337127686,-0.013208281248807907,0.6377052068710327,0.4960171580314636,-0.021385634317994118,0.5964121222496033,0.3787763714790344,-0.0028510652482509613,0.6574183702468872,0.36385974287986755,-0.019101807847619057,0.6998905539512634,0.36042287945747375,-0.03108925186097622,0.7334680557250977,0.35108810663223267,-0.03945523500442505,0.5833930373191833,0.3733539581298828,-0.015542092733085155,0.6344853639602661,0.440622478723526,-0.03819749504327774,0.6145600080490112,0.47384870052337646,-0.04639474302530289,0.5944638848304749,0.47408753633499146,-0.047605231404304504,0.5633009076118469,0.3810988962650299,-0.028433438390493393,0.6082812547683716,0.4569131135940552,-0.04705530032515526,0.5846414566040039,0.48001906275749207,-0.03938624635338783,0.565361738204956,0.4696773886680603,-0.02974592335522175,0.5425644516944885,0.39925387501716614,-0.04182170704007149,0.5769209265708923,0.45779553055763245,-0.050183042883872986,0.5609225630760193,0.47772887349128723,-0.04002883657813072,0.5458654761314392,0.469891756772995,-0.030180668458342552,0.0,0.0,0.0,0.0,0.0,0.0,0.0,0.0,0.0,0.0,0.0,0.0,0.0,0.0,0.0,0.0,0.0,0.0,0.0,0.0,0.0,0.0,0.0,0.0,0.0,0.0,0.0,0.0,0.0,0.0,0.0,0.0,0.0,0.0,0.0,0.0,0.0,0.0,0.0,0.0,0.0,0.0,0.0,0.0,0.0,0.0,0.0,0.0,0.0,0.0,0.0,0.0,0.0,0.0,0.0,0.0,0.0,0.0,0.0,0.0,0.0,0.0,0.0
move_out,0.43405938148498535,0.34746289253234863,8.892556735418111e-08,0.48400241136550903,0.28382694721221924,0.07054969668388367,0.5177378058433533,0.23687317967414856,0.07806381583213806,0.5477961301803589,0.2037210315465927,0.06772104650735855,0.5706992745399475,0.16937413811683655,0.052190545946359634,0.4778690040111542,0.15904493629932404,0.045988377183675766,0.49125704169273376,0.08342219889163971,0.053925421088933945,0.4966205954551697,0.032864734530448914,0.05712765082716942,0.5005373358726501,-0.008415088057518005,0.05682409554719925,0.4801010191440582,0.1674564629793167,0.0009749951423145831,0.5484148263931274,0.13343429565429688,0.01405720692127943,0.5506130456924438,0.182445228099823,0.023230550810694695,0.5397007465362549,0.203616201877594,0.026527000591158867,0.4840950071811676,0.19059206545352936,-0.03792282193899155,0.5495293140411377,0.19163218140602112,-0.01773550920188427,0.5332628488540649,0.24574130773544312,-0.0030569357331842184,0.5136115550994873,0.26064202189445496,-0.0019320398569107056,0.49809589982032776,0.21752843260765076,-0.07168079167604446,0.5466698408126831,0.22940920293331146,-0.04402315989136696,0.5319733619689941,0.2658381462097168,-0.021698398515582085,0.5092635154724121,0.2781541049480438,-0.01365696545690298,0.0,0.0,0.0,0.0,0.0,0.0,0.0,0.0,0.0,0.0,0.0,0.0,0.0,0.0,0.0,0.0,0.0,0.0,0.0,0.0,0.0,0.0,0.0,0.0,0.0,0.0,0.0,0.0,0.0,0.0,0.0,0.0,0.0,0.0,0.0,0.0,0.0,0.0,0.0,0.0,0.0,0.0,0.0,0.0,0.0,0.0,0.0,0.0,0.0,0.0,0.0,0.0,0.0,0.0,0.0,0.0,0.0,0.0,0.0,0.0,0.0,0.0,0.0
move_out,0.34969285130500793,0.38118863105773926,1.5572402389807394e-07,0.38453561067581177,0.3520551323890686,-0.0005476454389281571,0.4010273516178131,0.3138050436973572,0.003121654037386179,0.4019308090209961,0.2823883593082428,0.003893849439918995,0.3857876658439636,0.2632533311843872,0.004687921144068241,0.3653055429458618,0.2419135570526123,0.027191216126084328,0.36752623319625854,0.19994769990444183,0.02537921443581581,0.38160401582717896,0.19664044678211212,0.018089042976498604,0.39100995659828186,0.20852290093898773,0.01438523642718792,0.34574127197265625,0.23267726600170135,0.021880215033888817,0.3471946716308594,0.18510909378528595,0.022265756502747536,0.36285072565078735,0.17787589132785797,0.012558039277791977,0.37522414326667786,0.18665722012519836,0.006018083542585373,0.3227117657661438,0.23117595911026,0.013649854809045792,0.32602307200431824,0.18692182004451752,0.012112203054130077,0.34322041273117065,0.18006980419158936,0.004307780414819717,0.3577101528644562,0.18322870135307312,-0.0008981569553725421,0.2957698404788971,0.24169456958770752,0.004868076182901859,0.2773166000843048,0.19507591426372528,0.003901614109054208,0.27098512649536133,0.1614132523536682,0.0013030751142650843,0.26760050654411316,0.13565728068351746,-0.0009346184669993818,0.0,0.0,0.0,0.0,0.0,0.0,0.0,0.0,0.0,0.0,0.0,0.0,0.0,0.0,0.0,0.0,0.0,0.0,0.0,0.0,0.0,0.0,0.0,0.0,0.0,0.0,0.0,0.0,0.0,0.0,0.0,0.0,0.0,0.0,0.0,0.0,0.0,0.0,0.0,0.0,0.0,0.0,0.0,0.0,0.0,0.0,0.0,0.0,0.0,0.0,0.0,0.0,0.0,0.0,0.0,0.0,0.0,0.0,0.0,0.0,0.0,0.0,0.0
move_out,0.31439119577407837,0.3893665373325348,3.039394584902766e-07,0.3803335130214691,0.4225498139858246,-0.00863600242882967,0.4397149085998535,0.40909624099731445,-0.020288929343223572,0.4819849729537964,0.39042067527770996,-0.0346461683511734,0.5210145711898804,0.38374972343444824,-0.047008540481328964,0.45919081568717957,0.29920509457588196,-0.019464129582047462,0.5269971489906311,0.2911381125450134,-0.04482017457485199,0.5718084573745728,0.28927066922187805,-0.059477243572473526,0.6083501577377319,0.28285694122314453,-0.06840012967586517,0.44129642844200134,0.28530892729759216,-0.030327768996357918,0.5072616338729858,0.33619436621665955,-0.06615789979696274,0.4883272647857666,0.3669317364692688,-0.07365912944078445,0.46659451723098755,0.36858242750167847,-0.07081634551286697,0.4180598855018616,0.2952238917350769,-0.042290233075618744,0.46348267793655396,0.3754070997238159,-0.07464035600423813,0.43421342968940735,0.39477062225341797,-0.06484807282686234,0.4140923321247101,0.38351568579673767,-0.049755144864320755,0.39350879192352295,0.31990450620651245,-0.05534594878554344,0.4281161427497864,0.3890005946159363,-0.071942538022995,0.4083946943283081,0.40482479333877563,-0.06115507706999779,0.3931993842124939,0.39301952719688416,-0.048781998455524445,0.0,0.0,0.0,0.0,0.0,0.0,0.0,0.0,0.0,0.0,0.0,0.0,0.0,0.0,0.0,0.0,0.0,0.0,0.0,0.0,0.0,0.0,0.0,0.0,0.0,0.0,0.0,0.0,0.0,0.0,0.0,0.0,0.0,0.0,0.0,0.0,0.0,0.0,0.0,0.0,0.0,0.0,0.0,0.0,0.0,0.0,0.0,0.0,0.0,0.0,0.0,0.0,0.0,0.0,0.0,0.0,0.0,0.0,0.0,0.0,0.0,0.0,0.0
move_out,0.3769644796848297,0.37985092401504517,1.6275663483611424e-07,0.43197402358055115,0.35853835940361023,0.00488012982532382,0.4835324287414551,0.3234378695487976,-0.000538802647497505,0.5227565169334412,0.2962009906768799,-0.010213881731033325,0.5523743033409119,0.27422618865966797,-0.018434099853038788,0.48060354590415955,0.22748926281929016,-0.006715686060488224,0.5258932709693909,0.17444701492786407,-0.02484787069261074,0.5515846014022827,0.13318198919296265,-0.03692202642560005,0.5703521966934204,0.09654653072357178,-0.04374414682388306,0.4773189127445221,0.23200607299804688,-0.018770407885313034,0.5477228760719299,0.2718978524208069,-0.03615480288863182,0.5434998869895935,0.29291245341300964,-0.038671884685754776,0.5331131219863892,0.2902089059352875,-0.037245217710733414,0.47257035970687866,0.25442373752593994,-0.030798157677054405,0.5342572927474976,0.317121684551239,-0.04457427188754082,0.5172429084777832,0.33462294936180115,-0.03630451858043671,0.500141978263855,0.3268347680568695,-0.027872182428836823,0.469717413187027,0.28887882828712463,-0.04304637759923935,0.5147882699966431,0.34075313806533813,-0.045909132808446884,0.502004086971283,0.35844120383262634,-0.0343024767935276,0.48679211735725403,0.3540334105491638,-0.02465323731303215,0.0,0.0,0.0,0.0,0.0,0.0,0.0,0.0,0.0,0.0,0.0,0.0,0.0,0.0,0.0,0.0,0.0,0.0,0.0,0.0,0.0,0.0,0.0,0.0,0.0,0.0,0.0,0.0,0.0,0.0,0.0,0.0,0.0,0.0,0.0,0.0,0.0,0.0,0.0,0.0,0.0,0.0,0.0,0.0,0.0,0.0,0.0,0.0,0.0,0.0,0.0,0.0,0.0,0.0,0.0,0.0,0.0,0.0,0.0,0.0,0.0,0.0,0.0
move_out,0.4760138988494873,0.363993376493454,3.180050498485798e-07,0.5305771231651306,0.3718823194503784,-0.0021636805031448603,0.6007096171379089,0.38261622190475464,-0.01062211487442255,0.653131902217865,0.3956884443759918,-0.021114034578204155,0.6948530673980713,0.3938269019126892,-0.03032093308866024,0.6271499991416931,0.2702578902244568,-0.019062016159296036,0.6909831762313843,0.23817962408065796,-0.03929860517382622,0.7357943654060364,0.2116621881723404,-0.05244380608201027,0.7691816091537476,0.1832868456840515,-0.060048721730709076,0.6164563298225403,0.2762041985988617,-0.029925283044576645,0.6831348538398743,0.34350383281707764,-0.05372319370508194,0.6800830960273743,0.3692760169506073,-0.059058818966150284,0.6709403991699219,0.36835527420043945,-0.057760030031204224,0.5967336297035217,0.3001924753189087,-0.0402095802128315,0.6435134410858154,0.391308069229126,-0.06145181879401207,0.6154832243919373,0.3974761664867401,-0.05188271030783653,0.5963500738143921,0.3803808093070984,-0.04012517258524895,0.5740097165107727,0.3373005986213684,-0.050598327070474625,0.6104460954666138,0.4064366817474365,-0.05786629393696785,0.5868357419967651,0.41117069125175476,-0.0427996851503849,0.5687990188598633,0.3979605436325073,-0.029524430632591248,0.0,0.0,0.0,0.0,0.0,0.0,0.0,0.0,0.0,0.0,0.0,0.0,0.0,0.0,0.0,0.0,0.0,0.0,0.0,0.0,0.0,0.0,0.0,0.0,0.0,0.0,0.0,0.0,0.0,0.0,0.0,0.0,0.0,0.0,0.0,0.0,0.0,0.0,0.0,0.0,0.0,0.0,0.0,0.0,0.0,0.0,0.0,0.0,0.0,0.0,0.0,0.0,0.0,0.0,0.0,0.0,0.0,0.0,0.0,0.0,0.0,0.0,0.0
move_out,0.5588192343711853,0.354272723197937,2.0895245711471944e-07,0.6185788512229919,0.35179319977760315,0.017799947410821915,0.6568564772605896,0.308899462223053,0.027943195775151253,0.676729679107666,0.26915624737739563,0.028851602226495743,0.6861777305603027,0.23798656463623047,0.029605194926261902,0.6480713486671448,0.24106986820697784,0.04641187936067581,0.6722339987754822,0.1939457803964615,0.03786534070968628,0.6958035230636597,0.20637008547782898,0.025508351624011993,0.702103316783905,0.2345340996980667,0.019253283739089966,0.6359248757362366,0.2263725996017456,0.02978808619081974,0.665848970413208,0.1728229820728302,0.02192663960158825,0.692001461982727,0.19209203124046326,0.00841034110635519,0.6983376741409302,0.22383910417556763,0.0006001896690577269,0.6239259243011475,0.2141321301460266,0.01046920195221901,0.6575359106063843,0.1616632342338562,-0.00017905168351717293,0.6811772584915161,0.192739799618721,-0.010831688530743122,0.6854944229125977,0.23159447312355042,-0.015270252712070942,0.6100123524665833,0.20919278264045715,-0.008223953656852245,0.6450892686843872,0.18129484355449677,-0.016433175653219223,0.6643872261047363,0.20824921131134033,-0.020170651376247406,0.6676849126815796,0.2436484396457672,-0.02117282710969448,0.0,0.0,0.0,0.0,0.0,0.0,0.0,0.0,0.0,0.0,0.0,0.0,0.0,0.0,0.0,0.0,0.0,0.0,0.0,0.0,0.0,0.0,0.0,0.0,0.0,0.0,0.0,0.0,0.0,0.0,0.0,0.0,0.0,0.0,0.0,0.0,0.0,0.0,0.0,0.0,0.0,0.0,0.0,0.0,0.0,0.0,0.0,0.0,0.0,0.0,0.0,0.0,0.0,0.0,0.0,0.0,0.0,0.0,0.0,0.0,0.0,0.0,0.0
move_out,0.16336539387702942,0.40724849700927734,1.281622719062625e-08,0.1962658017873764,0.3600423336029053,-0.010227826423943043,0.19156542420387268,0.29691022634506226,-0.009618171490728855,0.17108385264873505,0.24146918952465057,-0.008290405385196209,0.15846318006515503,0.20518022775650024,-0.0050350031815469265,0.16913530230522156,0.25849512219429016,0.018229998648166656,0.1677825152873993,0.2192203253507614,0.016208194196224213,0.1702251136302948,0.19587132334709167,0.010511773638427258,0.16925516724586487,0.1804600954055786,0.006819189991801977,0.14645567536354065,0.2508847117424011,0.017947498708963394,0.14268985390663147,0.18501180410385132,0.005839949939399958,0.1505555510520935,0.1946861743927002,-0.006289261393249035,0.15459156036376953,0.21762874722480774,-0.008923698216676712,0.12493278086185455,0.24941961467266083,0.014620361849665642,0.12481923401355743,0.19423699378967285,-0.0003609623236116022,0.1444767564535141,0.19835618138313293,-0.011854381300508976,0.1574697047472,0.209319606423378,-0.014075537212193012,0.10392195731401443,0.2561574876308441,0.01109907403588295,0.07690170407295227,0.1973339319229126,0.0024521874729543924,0.0638544112443924,0.15740308165550232,-0.0044894167222082615,0.05298946052789688,0.12236268818378448,-0.008196701295673847,0.0,0.0,0.0,0.0,0.0,0.0,0.0,0.0,0.0,0.0,0.0,0.0,0.0,0.0,0.0,0.0,0.0,0.0,0.0,0.0,0.0,0.0,0.0,0.0,0.0,0.0,0.0,0.0,0.0,0.0,0.0,0.0,0.0,0.0,0.0,0.0,0.0,0.0,0.0,0.0,0.0,0.0,0.0,0.0,0.0,0.0,0.0,0.0,0.0,0.0,0.0,0.0,0.0,0.0,0.0,0.0,0.0,0.0,0.0,0.0,0.0,0.0,0.0
move_out,0.21853536367416382,0.4618055820465088,1.3806359788759437e-07,0.26416900753974915,0.47057944536209106,-0.009929904714226723,0.309126079082489,0.4584651291370392,-0.0194125697016716,0.341534286737442,0.4478484094142914,-0.02931329235434532,0.36723050475120544,0.4406049847602844,-0.03966674208641052,0.3220450282096863,0.3750231862068176,-0.03270384296774864,0.35397103428840637,0.3020639717578888,-0.05387797951698303,0.37710392475128174,0.26014116406440735,-0.07005587220191956,0.39526262879371643,0.22584214806556702,-0.08246146142482758,0.30322182178497314,0.3649769723415375,-0.03910413384437561,0.31265977025032043,0.3396749496459961,-0.06281031668186188,0.3074077069759369,0.37013936042785645,-0.07090049237012863,0.3040520250797272,0.39362117648124695,-0.07554008066654205,0.2756345868110657,0.36418041586875916,-0.04553329199552536,0.2754824459552765,0.352415531873703,-0.0645744577050209,0.26699545979499817,0.38327983021736145,-0.057589154690504074,0.2628955543041229,0.4033512473106384,-0.051324691623449326,0.24678568542003632,0.3698871433734894,-0.053097791969776154,0.24884653091430664,0.3568180203437805,-0.06475123018026352,0.24612942337989807,0.3803735375404358,-0.05583895370364189,0.24374431371688843,0.3963489532470703,-0.047741372138261795,0.0,0.0,0.0,0.0,0.0,0.0,0.0,0.0,0.0,0.0,0.0,0.0,0.0,0.0,0.0,0.0,0.0,0.0,0.0,0.0,0.0,0.0,0.0,0.0,0.0,0.0,0.0,0.0,0.0,0.0,0.0,0.0,0.0,0.0,0.0,0.0,0.0,0.0,0.0,0.0,0.0,0.0,0.0,0.0,0.0,0.0,0.0,0.0,0.0,0.0,0.0,0.0,0.0,0.0,0.0,0.0,0.0,0.0,0.0,0.0,0.0,0.0,0.0
move_out,0.3333745300769806,0.40843719244003296,1.9642746451609128e-07,0.37720638513565063,0.42301738262176514,-0.008475885726511478,0.4265112280845642,0.3982699513435364,-0.014430884271860123,0.4561576545238495,0.3595430850982666,-0.021662691608071327,0.47569215297698975,0.3315247893333435,-0.028357332572340965,0.4456629455089569,0.31185126304626465,-0.009011873975396156,0.4773823618888855,0.28766360878944397,-0.025145474821329117,0.5080798864364624,0.2628464996814728,-0.037556134164333344,0.5314426422119141,0.2397880107164383,-0.046898968517780304,0.43049323558807373,0.2929753363132477,-0.012968866154551506,0.45842528343200684,0.3251948654651642,-0.0331040620803833,0.4413922131061554,0.3590075373649597,-0.037895988672971725,0.42498743534088135,0.3691956698894501,-0.03844117373228073,0.41007381677627563,0.29066652059555054,-0.018319083377718925,0.4354749321937561,0.33485978841781616,-0.03906608745455742,0.4194644093513489,0.3657749891281128,-0.032599031925201416,0.4038337171077728,0.37492233514785767,-0.024487821385264397,0.3856034576892853,0.2971998155117035,-0.02464957907795906,0.41068798303604126,0.34215182065963745,-0.038065701723098755,0.39790746569633484,0.36699676513671875,-0.03223278746008873,0.38422155380249023,0.3734521269798279,-0.025484083220362663,0.0,0.0,0.0,0.0,0.0,0.0,0.0,0.0,0.0,0.0,0.0,0.0,0.0,0.0,0.0,0.0,0.0,0.0,0.0,0.0,0.0,0.0,0.0,0.0,0.0,0.0,0.0,0.0,0.0,0.0,0.0,0.0,0.0,0.0,0.0,0.0,0.0,0.0,0.0,0.0,0.0,0.0,0.0,0.0,0.0,0.0,0.0,0.0,0.0,0.0,0.0,0.0,0.0,0.0,0.0,0.0,0.0,0.0,0.0,0.0,0.0,0.0,0.0
move_out,0.5135170817375183,0.39731186628341675,2.473167910466145e-07,0.5649687051773071,0.45073604583740234,0.0006843570154160261,0.6233590245246887,0.4452444016933441,0.0002475183573551476,0.6659601926803589,0.4307192862033844,-0.004228891339153051,0.7041433453559875,0.4241781234741211,-0.00805614236742258,0.6489266157150269,0.3383844196796417,0.010287064127624035,0.696434736251831,0.30706870555877686,0.0013601552927866578,0.7329010367393494,0.28669142723083496,-0.0072886208072304726,0.7613868117332458,0.26718127727508545,-0.01386203896254301,0.6432042121887207,0.3246661424636841,0.001952212885953486,0.6916308999061584,0.3678662180900574,-0.01192403119057417,0.6796145439147949,0.40000680088996887,-0.018196946009993553,0.6668860912322998,0.40422672033309937,-0.01920129917562008,0.6303502917289734,0.3243641257286072,-0.007357792463153601,0.6701180934906006,0.38886821269989014,-0.024417772889137268,0.6457774639129639,0.4192999601364136,-0.023238003253936768,0.62593013048172,0.42020145058631897,-0.017706146463751793,0.6159332990646362,0.33948442339897156,-0.016628379002213478,0.6472106575965881,0.395187109708786,-0.027622608467936516,0.6289236545562744,0.4224684536457062,-0.02310025505721569,0.6094247102737427,0.4262547194957733,-0.016991565003991127,0.0,0.0,0.0,0.0,0.0,0.0,0.0,0.0,0.0,0.0,0.0,0.0,0.0,0.0,0.0,0.0,0.0,0.0,0.0,0.0,0.0,0.0,0.0,0.0,0.0,0.0,0.0,0.0,0.0,0.0,0.0,0.0,0.0,0.0,0.0,0.0,0.0,0.0,0.0,0.0,0.0,0.0,0.0,0.0,0.0,0.0,0.0,0.0,0.0,0.0,0.0,0.0,0.0,0.0,0.0,0.0,0.0,0.0,0.0,0.0,0.0,0.0,0.0
move_out,0.4263644814491272,0.3155862092971802,1.871615467052834e-07,0.48956650495529175,0.3268194794654846,-0.0010307703632861376,0.5420659780502319,0.2901292145252228,-0.0016968484269455075,0.5756537318229675,0.2563614547252655,-0.006570445839315653,0.6087204217910767,0.23071366548538208,-0.010144309140741825,0.5485143065452576,0.18392063677310944,0.010840949602425098,0.5779387354850769,0.12660346925258636,-0.0008649712544865906,0.6053199768066406,0.0889161080121994,-0.01198254432529211,0.6260894536972046,0.05699664354324341,-0.020686423406004906,0.5330783128738403,0.17027287185192108,0.0014113454381003976,0.5793637633323669,0.17757384479045868,-0.01665809005498886,0.5709155201911926,0.22646453976631165,-0.024562513455748558,0.5536395907402039,0.24818146228790283,-0.026151154190301895,0.5145058035850525,0.16877460479736328,-0.00987879280000925,0.5607611536979675,0.20238544046878815,-0.030523918569087982,0.5452368855476379,0.2518669366836548,-0.026130598038434982,0.5248618125915527,0.2648695111274719,-0.017957935109734535,0.4936394989490509,0.18052752315998077,-0.021727079525589943,0.5355759263038635,0.21609288454055786,-0.03586455062031746,0.5242624282836914,0.2527223825454712,-0.029731281101703644,0.5053025484085083,0.25943663716316223,-0.02189914509654045,0.0,0.0,0.0,0.0,0.0,0.0,0.0,0.0,0.0,0.0,0.0,0.0,0.0,0.0,0.0,0.0,0.0,0.0,0.0,0.0,0.0,0.0,0.0,0.0,0.0,0.0,0.0,0.0,0.0,0.0,0.0,0.0,0.0,0.0,0.0,0.0,0.0,0.0,0.0,0.0,0.0,0.0,0.0,0.0,0.0,0.0,0.0,0.0,0.0,0.0,0.0,0.0,0.0,0.0,0.0,0.0,0.0,0.0,0.0,0.0,0.0,0.0,0.0
move_out,0.23813879489898682,0.33080023527145386,-4.9065974394579825e-08,0.2748602032661438,0.28550034761428833,-0.01476761233061552,0.30905115604400635,0.22196443378925323,-0.01077973935753107,0.3433050513267517,0.17606332898139954,-0.0062656765803694725,0.35728511214256287,0.13914892077445984,0.00010530724102864042,0.3016219735145569,0.16595080494880676,0.02225726842880249,0.3123759627342224,0.10722853243350983,0.015854572877287865,0.31167179346084595,0.09044650197029114,0.006138812750577927,0.3104289472103119,0.07516507804393768,0.0003857322153635323,0.3042978048324585,0.1741633415222168,0.025485193356871605,0.3365236520767212,0.13400328159332275,0.008735712617635727,0.32394012808799744,0.16897276043891907,-0.006143499631434679,0.30630579590797424,0.1948111653327942,-0.009328650310635567,0.3043850362300873,0.18958555161952972,0.02494126930832863,0.3308732807636261,0.15843431651592255,0.0009617398609407246,0.3184587061405182,0.1948431432247162,-0.010953168384730816,0.30283066630363464,0.220057412981987,-0.009790865704417229,0.30271896719932556,0.2088552713394165,0.024088434875011444,0.3243458867073059,0.18221832811832428,0.006351991090923548,0.31568634510040283,0.19765760004520416,0.0018506246851757169,0.3037690222263336,0.21008439362049103,0.004086735658347607,0.0,0.0,0.0,0.0,0.0,0.0,0.0,0.0,0.0,0.0,0.0,0.0,0.0,0.0,0.0,0.0,0.0,0.0,0.0,0.0,0.0,0.0,0.0,0.0,0.0,0.0,0.0,0.0,0.0,0.0,0.0,0.0,0.0,0.0,0.0,0.0,0.0,0.0,0.0,0.0,0.0,0.0,0.0,0.0,0.0,0.0,0.0,0.0,0.0,0.0,0.0,0.0,0.0,0.0,0.0,0.0,0.0,0.0,0.0,0.0,0.0,0.0,0.0
move_out,0.1584579199552536,0.4187147915363312,6.409361930082014e-08,0.21527040004730225,0.3923836052417755,-0.01311571430414915,0.25606968998908997,0.3347027003765106,-0.019722241908311844,0.27575281262397766,0.2654710114002228,-0.028534436598420143,0.2860106825828552,0.21437278389930725,-0.03638264909386635,0.2620141804218292,0.2651970386505127,0.0028873165138065815,0.2787531614303589,0.1989041119813919,-0.01669839769601822,0.2837583124637604,0.19798840582370758,-0.0332045741379261,0.2812710404396057,0.21651780605316162,-0.042015112936496735,0.2317628562450409,0.25632432103157043,-5.3982083045411855e-05,0.2455666959285736,0.18992865085601807,-0.017588475719094276,0.2498566061258316,0.20372189581394196,-0.029097674414515495,0.24791282415390015,0.23164695501327515,-0.03497610241174698,0.20047207176685333,0.25863131880760193,-0.006834598258137703,0.2141057252883911,0.21142689883708954,-0.027914749458432198,0.21510979533195496,0.24567116796970367,-0.03085615113377571,0.21002444624900818,0.28332850337028503,-0.028738833963871002,0.16670548915863037,0.2688300907611847,-0.015107156708836555,0.17829371988773346,0.23778557777404785,-0.032324302941560745,0.18222907185554504,0.264531672000885,-0.03309749439358711,0.18050798773765564,0.2936682403087616,-0.030265208333730698,0.0,0.0,0.0,0.0,0.0,0.0,0.0,0.0,0.0,0.0,0.0,0.0,0.0,0.0,0.0,0.0,0.0,0.0,0.0,0.0,0.0,0.0,0.0,0.0,0.0,0.0,0.0,0.0,0.0,0.0,0.0,0.0,0.0,0.0,0.0,0.0,0.0,0.0,0.0,0.0,0.0,0.0,0.0,0.0,0.0,0.0,0.0,0.0,0.0,0.0,0.0,0.0,0.0,0.0,0.0,0.0,0.0,0.0,0.0,0.0,0.0,0.0,0.0
move_out,0.204220712184906,0.4698253870010376,-1.5166992284321168e-07,0.2616409957408905,0.47250694036483765,-0.013040680438280106,0.3110651671886444,0.43628987669944763,-0.023580042645335197,0.34182852506637573,0.38551339507102966,-0.03467906266450882,0.3615454435348511,0.347724974155426,-0.04574024677276611,0.32296642661094666,0.40341711044311523,-0.018813330680131912,0.3526194393634796,0.34959566593170166,-0.04514338821172714,0.34417107701301575,0.3321837782859802,-0.06311643868684769,0.3274264633655548,0.332266241312027,-0.07206565886735916,0.2986205220222473,0.3895483911037445,-0.02245524898171425,0.32068172097206116,0.340331494808197,-0.04575977846980095,0.30115705728530884,0.3340868651866913,-0.053923625499010086,0.2785247266292572,0.3453162610530853,-0.05708881467580795,0.2682896852493286,0.3803359568119049,-0.028780397027730942,0.2880745232105255,0.3419126272201538,-0.05137645825743675,0.2712346613407135,0.34004420042037964,-0.050464827567338943,0.2516155540943146,0.35106179118156433,-0.04624592512845993,0.23436665534973145,0.37188720703125,-0.03609182685613632,0.24847736954689026,0.34438231587409973,-0.052540138363838196,0.24204200506210327,0.3484894633293152,-0.051423005759716034,0.23167027533054352,0.35999777913093567,-0.04777629300951958,0.0,0.0,0.0,0.0,0.0,0.0,0.0,0.0,0.0,0.0,0.0,0.0,0.0,0.0,0.0,0.0,0.0,0.0,0.0,0.0,0.0,0.0,0.0,0.0,0.0,0.0,0.0,0.0,0.0,0.0,0.0,0.0,0.0,0.0,0.0,0.0,0.0,0.0,0.0,0.0,0.0,0.0,0.0,0.0,0.0,0.0,0.0,0.0,0.0,0.0,0.0,0.0,0.0,0.0,0.0,0.0,0.0,0.0,0.0,0.0,0.0,0.0,0.0
move_out,0.42916929721832275,0.4271451234817505,1.7056981960195117e-07,0.47717559337615967,0.44714462757110596,-0.0033352579921483994,0.5320131182670593,0.4259266257286072,-0.009553714655339718,0.5708515644073486,0.40396785736083984,-0.01904466561973095,0.6063945293426514,0.38956117630004883,-0.028360333293676376,0.551772952079773,0.3268873691558838,-0.009447477757930756,0.5879653692245483,0.2709245979785919,-0.02685430645942688,0.6178084015846252,0.23284025490283966,-0.04002091661095619,0.6381157636642456,0.2022293657064438,-0.04912484437227249,0.5391128063201904,0.3136284351348877,-0.018009163439273834,0.5829393863677979,0.3441101908683777,-0.036780644208192825,0.5741481781005859,0.38734886050224304,-0.041850849986076355,0.5584214925765991,0.4027373194694519,-0.04287887364625931,0.5184313058853149,0.3147694170475006,-0.02728998474776745,0.5625846982002258,0.36107924580574036,-0.04643100127577782,0.5470001101493835,0.40481388568878174,-0.03908753767609596,0.5277870893478394,0.41563621163368225,-0.030728459358215332,0.49458444118499756,0.32682710886001587,-0.03704657778143883,0.5317136645317078,0.3637509346008301,-0.050325874239206314,0.5223876237869263,0.39758095145225525,-0.041964463889598846,0.5058724880218506,0.40731537342071533,-0.033003587275743484,0.0,0.0,0.0,0.0,0.0,0.0,0.0,0.0,0.0,0.0,0.0,0.0,0.0,0.0,0.0,0.0,0.0,0.0,0.0,0.0,0.0,0.0,0.0,0.0,0.0,0.0,0.0,0.0,0.0,0.0,0.0,0.0,0.0,0.0,0.0,0.0,0.0,0.0,0.0,0.0,0.0,0.0,0.0,0.0,0.0,0.0,0.0,0.0,0.0,0.0,0.0,0.0,0.0,0.0,0.0,0.0,0.0,0.0,0.0,0.0,0.0,0.0,0.0
move_out,0.5416719913482666,0.45213261246681213,2.7507704203344474e-07,0.5954452753067017,0.5126845240592957,-0.005598030518740416,0.6611613035202026,0.5286446213722229,-0.016156921163201332,0.7061101198196411,0.5320820212364197,-0.029378823935985565,0.7486856579780579,0.5446913838386536,-0.04165356606245041,0.7091431617736816,0.42231976985931396,-0.021977858617901802,0.7724948525428772,0.3911525011062622,-0.045592665672302246,0.8168545365333557,0.37456563115119934,-0.06176503002643585,0.8501530289649963,0.353421688079834,-0.07282959669828415,0.6927322149276733,0.39705920219421387,-0.03374573215842247,0.7407182455062866,0.46249130368232727,-0.06243183836340904,0.7129037380218506,0.5052107572555542,-0.07030706852674484,0.6894091963768005,0.5103557705879211,-0.07117319107055664,0.6632044315338135,0.390896737575531,-0.04566624388098717,0.6949257850646973,0.47608470916748047,-0.07329296320676804,0.6626371145248413,0.5116186141967773,-0.06444963067770004,0.6440244913101196,0.5092765688896179,-0.05329130217432976,0.6289572715759277,0.40358400344848633,-0.05805594101548195,0.6546212434768677,0.4760558307170868,-0.0757223591208458,0.6318166851997375,0.5027680397033691,-0.06502259522676468,0.6146727800369263,0.4984504282474518,-0.05374540016055107,0.0,0.0,0.0,0.0,0.0,0.0,0.0,0.0,0.0,0.0,0.0,0.0,0.0,0.0,0.0,0.0,0.0,0.0,0.0,0.0,0.0,0.0,0.0,0.0,0.0,0.0,0.0,0.0,0.0,0.0,0.0,0.0,0.0,0.0,0.0,0.0,0.0,0.0,0.0,0.0,0.0,0.0,0.0,0.0,0.0,0.0,0.0,0.0,0.0,0.0,0.0,0.0,0.0,0.0,0.0,0.0,0.0,0.0,0.0,0.0,0.0,0.0,0.0
move_out,0.48471638560295105,0.43565699458122253,1.6925201862250105e-07,0.5328052043914795,0.44247838854789734,0.010820576921105385,0.5729434490203857,0.41594529151916504,0.016534164547920227,0.5993367433547974,0.3989524245262146,0.01581304892897606,0.6203166842460632,0.3870895206928253,0.016685137525200844,0.5697696208953857,0.3299008011817932,0.03133631497621536,0.6101965308189392,0.3305782675743103,0.02084808051586151,0.6305109858512878,0.36463651061058044,0.008481132797896862,0.6347567439079285,0.3975135385990143,0.0018758360529318452,0.5643355250358582,0.3227972388267517,0.020015865564346313,0.6095876693725586,0.32490211725234985,0.011152450926601887,0.627059280872345,0.3609669506549835,0.0010365807684138417,0.6313706636428833,0.3934495151042938,-0.004950273782014847,0.5637804269790649,0.3235625922679901,0.0063358875922858715,0.6101913452148438,0.3265824317932129,-0.002633629133924842,0.6264868378639221,0.36439159512519836,-0.007997024804353714,0.6272441744804382,0.3970169723033905,-0.009556131437420845,0.566338300704956,0.33296719193458557,-0.007569936104118824,0.607072651386261,0.3366342782974243,-0.012848383747041225,0.6200885772705078,0.36533859372138977,-0.012896656058728695,0.6203832030296326,0.39232805371284485,-0.011559863574802876,0.0,0.0,0.0,0.0,0.0,0.0,0.0,0.0,0.0,0.0,0.0,0.0,0.0,0.0,0.0,0.0,0.0,0.0,0.0,0.0,0.0,0.0,0.0,0.0,0.0,0.0,0.0,0.0,0.0,0.0,0.0,0.0,0.0,0.0,0.0,0.0,0.0,0.0,0.0,0.0,0.0,0.0,0.0,0.0,0.0,0.0,0.0,0.0,0.0,0.0,0.0,0.0,0.0,0.0,0.0,0.0,0.0,0.0,0.0,0.0,0.0,0.0,0.0
move_out,0.38330352306365967,0.4713404178619385,3.336341762860684e-07,0.4533231258392334,0.4722370505332947,-0.001091765589080751,0.5013939738273621,0.4274028241634369,-0.007094572763890028,0.531906247138977,0.38592851161956787,-0.01878909021615982,0.5619191527366638,0.35384401679039,-0.02803141623735428,0.47815656661987305,0.31952154636383057,0.010824139229953289,0.5229371190071106,0.284788578748703,0.0007273001247085631,0.5526555776596069,0.2541588544845581,-0.008980847895145416,0.576288104057312,0.2252197414636612,-0.0169992595911026,0.46702808141708374,0.30388143658638,-0.0018782948609441519,0.503574788570404,0.22854331135749817,-0.021370088681578636,0.5406023263931274,0.18062712252140045,-0.03596193715929985,0.5694549679756165,0.13577686250209808,-0.04559795558452606,0.4529641270637512,0.3074983060359955,-0.015884771943092346,0.5184842944145203,0.31634950637817383,-0.04128209874033928,0.515549898147583,0.3716259002685547,-0.04335746169090271,0.5014705061912537,0.3981625437736511,-0.039427127689123154,0.4500848054885864,0.33476877212524414,-0.030244803056120872,0.5089281797409058,0.37024977803230286,-0.04839477688074112,0.4994591474533081,0.40361034870147705,-0.04692484438419342,0.48032471537590027,0.4148485064506531,-0.04285725951194763,0.0,0.0,0.0,0.0,0.0,0.0,0.0,0.0,0.0,0.0,0.0,0.0,0.0,0.0,0.0,0.0,0.0,0.0,0.0,0.0,0.0,0.0,0.0,0.0,0.0,0.0,0.0,0.0,0.0,0.0,0.0,0.0,0.0,0.0,0.0,0.0,0.0,0.0,0.0,0.0,0.0,0.0,0.0,0.0,0.0,0.0,0.0,0.0,0.0,0.0,0.0,0.0,0.0,0.0,0.0,0.0,0.0,0.0,0.0,0.0,0.0,0.0,0.0
move_out,0.3897465467453003,0.5595355033874512,1.7090624737647886e-07,0.48419806361198425,0.5271492004394531,0.009822402149438858,0.5286737084388733,0.47347500920295715,-0.0021961084567010403,0.5558335781097412,0.4295846223831177,-0.021546704694628716,0.5863128900527954,0.3878272771835327,-0.03930159658193588,0.47741496562957764,0.33548352122306824,-0.014306541532278061,0.5078684687614441,0.2471942901611328,-0.04641534760594368,0.5286681056022644,0.18188254535198212,-0.06766806542873383,0.5441742539405823,0.12488749623298645,-0.08284768462181091,0.4556390643119812,0.34308865666389465,-0.04132990166544914,0.5491206049919128,0.3555290400981903,-0.07930847257375717,0.5398539304733276,0.4100845456123352,-0.08438155800104141,0.5186904072761536,0.4269375801086426,-0.0820123478770256,0.43961530923843384,0.37678781151771545,-0.06921236217021942,0.5291941165924072,0.42389363050460815,-0.10151288658380508,0.5114510655403137,0.4668782651424408,-0.08527401089668274,0.4888409376144409,0.4597093462944031,-0.06981225311756134,0.43148094415664673,0.4243830144405365,-0.09732858836650848,0.501420259475708,0.46931567788124084,-0.11284534633159637,0.48783981800079346,0.4988240897655487,-0.09540009498596191,0.46482688188552856,0.4885370433330536,-0.08122836798429489,0.0,0.0,0.0,0.0,0.0,0.0,0.0,0.0,0.0,0.0,0.0,0.0,0.0,0.0,0.0,0.0,0.0,0.0,0.0,0.0,0.0,0.0,0.0,0.0,0.0,0.0,0.0,0.0,0.0,0.0,0.0,0.0,0.0,0.0,0.0,0.0,0.0,0.0,0.0,0.0,0.0,0.0,0.0,0.0,0.0,0.0,0.0,0.0,0.0,0.0,0.0,0.0,0.0,0.0,0.0,0.0,0.0,0.0,0.0,0.0,0.0,0.0,0.0
move_out,0.42136624455451965,0.5247279405593872,3.969227577726997e-07,0.4879384934902191,0.5357519388198853,-0.00790739431977272,0.5444809198379517,0.5072212815284729,-0.020917531102895737,0.5831901431083679,0.47648346424102783,-0.03452211245894432,0.6159769892692566,0.4513053297996521,-0.04662757366895676,0.5281999111175537,0.36469998955726624,-0.030925916507840157,0.5667361617088318,0.3006647229194641,-0.060194697231054306,0.5965980887413025,0.24841028451919556,-0.08033143728971481,0.6173202991485596,0.20562778413295746,-0.09216828644275665,0.5105702877044678,0.3570401668548584,-0.0404849611222744,0.590742290019989,0.40195730328559875,-0.07129862159490585,0.5797885060310364,0.43851038813591003,-0.07647422701120377,0.5590031743049622,0.4434581398963928,-0.07304053008556366,0.4942498803138733,0.37974926829338074,-0.050049539655447006,0.5665706396102905,0.4592554271221161,-0.07821109145879745,0.5427625179290771,0.49126607179641724,-0.06959513574838638,0.5232336521148682,0.48112329840660095,-0.057104747742414474,0.4842260181903839,0.41947758197784424,-0.05980705842375755,0.5359978675842285,0.48819124698638916,-0.07119160890579224,0.5186378359794617,0.5134841203689575,-0.055588625371456146,0.4986116886138916,0.5054317712783813,-0.041024062782526016,0.0,0.0,0.0,0.0,0.0,0.0,0.0,0.0,0.0,0.0,0.0,0.0,0.0,0.0,0.0,0.0,0.0,0.0,0.0,0.0,0.0,0.0,0.0,0.0,0.0,0.0,0.0,0.0,0.0,0.0,0.0,0.0,0.0,0.0,0.0,0.0,0.0,0.0,0.0,0.0,0.0,0.0,0.0,0.0,0.0,0.0,0.0,0.0,0.0,0.0,0.0,0.0,0.0,0.0,0.0,0.0,0.0,0.0,0.0,0.0,0.0,0.0,0.0
move_out,0.42368054389953613,0.5690116286277771,-2.366879137127853e-08,0.46163052320480347,0.5554560422897339,0.005493869073688984,0.5050504803657532,0.5281768441200256,0.0034935367293655872,0.5436006784439087,0.5166270732879639,-0.0022914621513336897,0.5737788677215576,0.5118238925933838,-0.0069277482107281685,0.5035988688468933,0.43010419607162476,0.002812891034409404,0.5325334668159485,0.38913339376449585,-0.007284907624125481,0.54994797706604,0.352550208568573,-0.017022591084241867,0.5635660290718079,0.31764787435531616,-0.024431269615888596,0.509634256362915,0.4325694143772125,-0.007342678960412741,0.5595721006393433,0.4763469994068146,-0.021243887022137642,0.545093297958374,0.4995470941066742,-0.0268607959151268,0.525522768497467,0.495797723531723,-0.028011338785290718,0.5136656165122986,0.4529057443141937,-0.017075398936867714,0.5587702989578247,0.5043100118637085,-0.027011757716536522,0.5426164269447327,0.5243985652923584,-0.022970184683799744,0.5259172320365906,0.5187056064605713,-0.018170787021517754,0.5193257331848145,0.4834091365337372,-0.02684704214334488,0.5568770170211792,0.5255751609802246,-0.02932032383978367,0.5507869720458984,0.5426119565963745,-0.02179538644850254,0.5409299731254578,0.5392113924026489,-0.015262964181602001,0.0,0.0,0.0,0.0,0.0,0.0,0.0,0.0,0.0,0.0,0.0,0.0,0.0,0.0,0.0,0.0,0.0,0.0,0.0,0.0,0.0,0.0,0.0,0.0,0.0,0.0,0.0,0.0,0.0,0.0,0.0,0.0,0.0,0.0,0.0,0.0,0.0,0.0,0.0,0.0,0.0,0.0,0.0,0.0,0.0,0.0,0.0,0.0,0.0,0.0,0.0,0.0,0.0,0.0,0.0,0.0,0.0,0.0,0.0,0.0,0.0,0.0,0.0
move_out,0.40328317880630493,0.5512771010398865,1.709847197162162e-08,0.4342377781867981,0.5169256925582886,0.021536322310566902,0.4734826385974884,0.4897526204586029,0.02541499212384224,0.5065402388572693,0.4833575487136841,0.021839451044797897,0.5329289436340332,0.4861109256744385,0.019238458946347237,0.48024308681488037,0.40982785820961,0.026696624234318733,0.5188151597976685,0.38536304235458374,0.026293160393834114,0.5447988510131836,0.36675068736076355,0.02306360937654972,0.5632635354995728,0.3475543260574341,0.019084041938185692,0.49387240409851074,0.4204796850681305,0.010060250759124756,0.5407921671867371,0.45651450753211975,0.007637158036231995,0.5341536998748779,0.48690444231033325,0.004435935989022255,0.5215206146240234,0.4912687838077545,0.002463114680722356,0.5058247447013855,0.44562360644340515,-0.005592716857790947,0.5470491051673889,0.4848094582557678,-0.004209247883409262,0.535047173500061,0.5081908702850342,-0.0005000688252039254,0.520975649356842,0.5067294239997864,0.0005708611570298672,0.518002986907959,0.4795307517051697,-0.020374290645122528,0.5472832322120667,0.5181427001953125,-0.014623444527387619,0.5367343425750732,0.5368180871009827,-0.007476288825273514,0.5219768285751343,0.5329431891441345,-0.0032189353369176388,0.0,0.0,0.0,0.0,0.0,0.0,0.0,0.0,0.0,0.0,0.0,0.0,0.0,0.0,0.0,0.0,0.0,0.0,0.0,0.0,0.0,0.0,0.0,0.0,0.0,0.0,0.0,0.0,0.0,0.0,0.0,0.0,0.0,0.0,0.0,0.0,0.0,0.0,0.0,0.0,0.0,0.0,0.0,0.0,0.0,0.0,0.0,0.0,0.0,0.0,0.0,0.0,0.0,0.0,0.0,0.0,0.0,0.0,0.0,0.0,0.0,0.0,0.0
move_out,0.4322427809238434,0.5558146834373474,-1.3812868360219e-07,0.47134634852409363,0.5254706740379333,0.014359645545482635,0.5194461941719055,0.5090926289558411,0.01583397388458252,0.5576467514038086,0.5045312643051147,0.012980151921510696,0.5822205543518066,0.5005804896354675,0.010735326446592808,0.5415179133415222,0.4441259503364563,0.0022006293293088675,0.5987288355827332,0.40461209416389465,-0.005096743814647198,0.6340115070343018,0.3817615807056427,-0.009138383902609348,0.6591702103614807,0.36159899830818176,-0.011204330250620842,0.547736406326294,0.4597932696342468,-0.010355735197663307,0.6026400923728943,0.49559593200683594,-0.02260890044271946,0.5841202735900879,0.5178654193878174,-0.026382092386484146,0.5630004405975342,0.5144615769386292,-0.025107575580477715,0.5487104058265686,0.48632359504699707,-0.02080058492720127,0.5951410531997681,0.5214346647262573,-0.02838936820626259,0.5794858932495117,0.5367680191993713,-0.023273274302482605,0.5643113255500793,0.5307653546333313,-0.017196418717503548,0.547324538230896,0.519301176071167,-0.029865331947803497,0.593273401260376,0.5345069169998169,-0.030762560665607452,0.6073199510574341,0.5486223697662354,-0.023747671395540237,0.614464282989502,0.5483800172805786,-0.017213188111782074,0.0,0.0,0.0,0.0,0.0,0.0,0.0,0.0,0.0,0.0,0.0,0.0,0.0,0.0,0.0,0.0,0.0,0.0,0.0,0.0,0.0,0.0,0.0,0.0,0.0,0.0,0.0,0.0,0.0,0.0,0.0,0.0,0.0,0.0,0.0,0.0,0.0,0.0,0.0,0.0,0.0,0.0,0.0,0.0,0.0,0.0,0.0,0.0,0.0,0.0,0.0,0.0,0.0,0.0,0.0,0.0,0.0,0.0,0.0,0.0,0.0,0.0,0.0
move_out,0.3809146285057068,0.5076897144317627,2.3353018718808016e-07,0.45451271533966064,0.5157740116119385,0.0033618537709116936,0.5050867199897766,0.4752322733402252,-0.0028719790279865265,0.5419496893882751,0.438149094581604,-0.013637146912515163,0.5729234218597412,0.4054192900657654,-0.023398693650960922,0.4792684018611908,0.3351217210292816,0.0035601621493697166,0.5130773782730103,0.274228572845459,-0.014470621012151241,0.5357375741004944,0.2221350073814392,-0.02899789996445179,0.5531541109085083,0.17473624646663666,-0.03894945979118347,0.47125181555747986,0.3276907205581665,-0.009173130616545677,0.5487035512924194,0.3641665577888489,-0.030998116359114647,0.5352479219436646,0.4021187424659729,-0.03671662509441376,0.5165289640426636,0.40362247824668884,-0.035749174654483795,0.46536412835121155,0.34470832347869873,-0.02273731678724289,0.5372946858406067,0.4048771858215332,-0.04138455167412758,0.5184536576271057,0.43736881017684937,-0.036559537053108215,0.5010831952095032,0.42985063791275024,-0.02949112467467785,0.4663527309894562,0.37847721576690674,-0.0363408625125885,0.5182382464408875,0.43878018856048584,-0.04210735484957695,0.4996353089809418,0.4620559513568878,-0.032119572162628174,0.477952778339386,0.4507087767124176,-0.023870039731264114,0.0,0.0,0.0,0.0,0.0,0.0,0.0,0.0,0.0,0.0,0.0,0.0,0.0,0.0,0.0,0.0,0.0,0.0,0.0,0.0,0.0,0.0,0.0,0.0,0.0,0.0,0.0,0.0,0.0,0.0,0.0,0.0,0.0,0.0,0.0,0.0,0.0,0.0,0.0,0.0,0.0,0.0,0.0,0.0,0.0,0.0,0.0,0.0,0.0,0.0,0.0,0.0,0.0,0.0,0.0,0.0,0.0,0.0,0.0,0.0,0.0,0.0,0.0
move_out,0.4079359769821167,0.5875048041343689,1.166500425142658e-07,0.45849373936653137,0.5891674160957336,0.0037430536467581987,0.5081439018249512,0.5653983950614929,0.00042320319334976375,0.5469751954078674,0.5496295094490051,-0.0070531670935451984,0.5775547027587891,0.53755784034729,-0.013104727491736412,0.5004028677940369,0.45134302973747253,0.007402060087770224,0.5401211977005005,0.41986116766929626,-0.005941108800470829,0.560479998588562,0.38213080167770386,-0.018508832901716232,0.5770573019981384,0.34264644980430603,-0.027522750198841095,0.5031256675720215,0.45337164402008057,-0.0021876906976103783,0.5618763566017151,0.5021071434020996,-0.019382592290639877,0.5487287044525146,0.5240501165390015,-0.026892872527241707,0.5329430103302002,0.5158186554908752,-0.02885337360203266,0.5046394467353821,0.4705142378807068,-0.012300955131649971,0.5586283206939697,0.5298160910606384,-0.024290213361382484,0.5403797626495361,0.5482087731361389,-0.02124553732573986,0.5247761011123657,0.5375797748565674,-0.016928181052207947,0.5088345408439636,0.49968400597572327,-0.022741887718439102,0.5463051795959473,0.5549374222755432,-0.024470951408147812,0.5322306752204895,0.5695884823799133,-0.01745414361357689,0.5178040862083435,0.557924211025238,-0.012182677164673805,0.0,0.0,0.0,0.0,0.0,0.0,0.0,0.0,0.0,0.0,0.0,0.0,0.0,0.0,0.0,0.0,0.0,0.0,0.0,0.0,0.0,0.0,0.0,0.0,0.0,0.0,0.0,0.0,0.0,0.0,0.0,0.0,0.0,0.0,0.0,0.0,0.0,0.0,0.0,0.0,0.0,0.0,0.0,0.0,0.0,0.0,0.0,0.0,0.0,0.0,0.0,0.0,0.0,0.0,0.0,0.0,0.0,0.0,0.0,0.0,0.0,0.0,0.0
move_out,0.4364085793495178,0.5831003189086914,1.2437462260095344e-07,0.4858935475349426,0.5888705849647522,-0.0012990243267267942,0.5326201915740967,0.5696395635604858,-0.008315260522067547,0.5688302516937256,0.5569074153900146,-0.017742501571774483,0.5998958945274353,0.5437684655189514,-0.025509189814329147,0.5256985425949097,0.4576067626476288,-0.010851897299289703,0.5661236643791199,0.41416648030281067,-0.02911791205406189,0.5904961228370667,0.3712412714958191,-0.0450352281332016,0.6096374988555908,0.3313116431236267,-0.057033471763134,0.5222477316856384,0.45392337441444397,-0.020485179498791695,0.5735558271408081,0.5098340511322021,-0.04198547080159187,0.5617796182632446,0.5297923684120178,-0.0510307140648365,0.5476945042610168,0.519648551940918,-0.05523199588060379,0.5169495344161987,0.4700692892074585,-0.030161291360855103,0.563970148563385,0.5424357652664185,-0.0452880784869194,0.5464797616004944,0.5603733062744141,-0.039708398282527924,0.5324574112892151,0.5461432933807373,-0.03493540734052658,0.5143234729766846,0.4964856207370758,-0.04068128392100334,0.5484877824783325,0.5592535138130188,-0.04634946212172508,0.5334942936897278,0.5743436813354492,-0.03697231411933899,0.5190011262893677,0.5620142817497253,-0.029919220134615898,0.0,0.0,0.0,0.0,0.0,0.0,0.0,0.0,0.0,0.0,0.0,0.0,0.0,0.0,0.0,0.0,0.0,0.0,0.0,0.0,0.0,0.0,0.0,0.0,0.0,0.0,0.0,0.0,0.0,0.0,0.0,0.0,0.0,0.0,0.0,0.0,0.0,0.0,0.0,0.0,0.0,0.0,0.0,0.0,0.0,0.0,0.0,0.0,0.0,0.0,0.0,0.0,0.0,0.0,0.0,0.0,0.0,0.0,0.0,0.0,0.0,0.0,0.0
move_out,0.37908297777175903,0.5296477675437927,3.702423327922588e-07,0.4540650546550751,0.5427544713020325,-0.00682529853656888,0.5139254927635193,0.5088015198707581,-0.01779603771865368,0.5555643439292908,0.47392770648002625,-0.030421629548072815,0.5945416688919067,0.4456559419631958,-0.04209297522902489,0.4971614480018616,0.36227601766586304,-0.019852016121149063,0.540581464767456,0.29675766825675964,-0.04573933780193329,0.5731785297393799,0.242708221077919,-0.06470725685358047,0.5968578457832336,0.1978222131729126,-0.076143778860569,0.48313015699386597,0.3594711720943451,-0.028418269008398056,0.5659708380699158,0.41001707315444946,-0.05610444396734238,0.5546210408210754,0.4519575834274292,-0.06156438961625099,0.5344530344009399,0.45983991026878357,-0.05959664285182953,0.46921101212501526,0.38337308168411255,-0.03755088523030281,0.5445986986160278,0.46253371238708496,-0.06217048317193985,0.5178533792495728,0.4963968098163605,-0.0523543544113636,0.49549561738967896,0.4927607476711273,-0.03985188528895378,0.46015623211860657,0.42326462268829346,-0.0471409372985363,0.5158558487892151,0.48443183302879333,-0.055329225957393646,0.497114360332489,0.5114143490791321,-0.03934367001056671,0.47570252418518066,0.5105960965156555,-0.025363225489854813,0.0,0.0,0.0,0.0,0.0,0.0,0.0,0.0,0.0,0.0,0.0,0.0,0.0,0.0,0.0,0.0,0.0,0.0,0.0,0.0,0.0,0.0,0.0,0.0,0.0,0.0,0.0,0.0,0.0,0.0,0.0,0.0,0.0,0.0,0.0,0.0,0.0,0.0,0.0,0.0,0.0,0.0,0.0,0.0,0.0,0.0,0.0,0.0,0.0,0.0,0.0,0.0,0.0,0.0,0.0,0.0,0.0,0.0,0.0,0.0,0.0,0.0,0.0
move_out,0.3954327404499054,0.5394774675369263,2.5257767788389174e-07,0.4709662199020386,0.5575816035270691,-0.002555643441155553,0.528275728225708,0.5290038585662842,-0.010460464283823967,0.5671383738517761,0.4982087314128876,-0.021123237907886505,0.6015866994857788,0.47690778970718384,-0.030778557062149048,0.5230982899665833,0.3902888596057892,-0.012767629697918892,0.5609720945358276,0.33171603083610535,-0.034848298877477646,0.5879896879196167,0.28573155403137207,-0.050774622708559036,0.6078987121582031,0.24393099546432495,-0.060733612626791,0.5069926977157593,0.38250303268432617,-0.024277010932564735,0.5803022384643555,0.4391770362854004,-0.047448351979255676,0.5619206428527832,0.47696954011917114,-0.05056814104318619,0.5409116148948669,0.47563591599464417,-0.04799081012606621,0.4884723424911499,0.39927807450294495,-0.03662386164069176,0.5535187721252441,0.48094868659973145,-0.058086469769477844,0.5285610556602478,0.5133374929428101,-0.047494929283857346,0.508834183216095,0.5033622980117798,-0.035598836839199066,0.47114065289497375,0.43330293893814087,-0.049519091844558716,0.521685779094696,0.4945507347583771,-0.05815448239445686,0.5054303407669067,0.5208383798599243,-0.04343673586845398,0.4853472411632538,0.5146939754486084,-0.030469508841633797,0.0,0.0,0.0,0.0,0.0,0.0,0.0,0.0,0.0,0.0,0.0,0.0,0.0,0.0,0.0,0.0,0.0,0.0,0.0,0.0,0.0,0.0,0.0,0.0,0.0,0.0,0.0,0.0,0.0,0.0,0.0,0.0,0.0,0.0,0.0,0.0,0.0,0.0,0.0,0.0,0.0,0.0,0.0,0.0,0.0,0.0,0.0,0.0,0.0,0.0,0.0,0.0,0.0,0.0,0.0,0.0,0.0,0.0,0.0,0.0,0.0,0.0,0.0
move_out,0.4060122072696686,0.5875002145767212,2.4376427631978004e-07,0.47205692529678345,0.6083910465240479,0.003179063554853201,0.5273696184158325,0.590137243270874,-0.006462749093770981,0.5709744095802307,0.571184515953064,-0.019713042303919792,0.6101717352867126,0.5560374855995178,-0.03208070993423462,0.5269375443458557,0.45246583223342896,-0.014047583565115929,0.5733556747436523,0.39522507786750793,-0.03551776707172394,0.603632390499115,0.3489959239959717,-0.04991328343749046,0.6267198324203491,0.3104740381240845,-0.058652687817811966,0.5171410441398621,0.447788804769516,-0.027592573314905167,0.585838794708252,0.509358286857605,-0.04895392060279846,0.5673120021820068,0.5383845567703247,-0.04966169223189354,0.5478076338768005,0.5347716808319092,-0.04545298218727112,0.5029636025428772,0.4684447646141052,-0.0412336066365242,0.5590553879737854,0.5548602342605591,-0.059730034321546555,0.5347955822944641,0.5760506391525269,-0.05180811882019043,0.5190573334693909,0.5623226761817932,-0.04296773299574852,0.49317437410354614,0.507330596446991,-0.05453646555542946,0.532308042049408,0.5773466229438782,-0.05865488946437836,0.5146304368972778,0.5953204035758972,-0.045185137540102005,0.49751242995262146,0.584571897983551,-0.03462754935026169,0.0,0.0,0.0,0.0,0.0,0.0,0.0,0.0,0.0,0.0,0.0,0.0,0.0,0.0,0.0,0.0,0.0,0.0,0.0,0.0,0.0,0.0,0.0,0.0,0.0,0.0,0.0,0.0,0.0,0.0,0.0,0.0,0.0,0.0,0.0,0.0,0.0,0.0,0.0,0.0,0.0,0.0,0.0,0.0,0.0,0.0,0.0,0.0,0.0,0.0,0.0,0.0,0.0,0.0,0.0,0.0,0.0,0.0,0.0,0.0,0.0,0.0,0.0
move_out,0.39474278688430786,0.5662856101989746,2.1008135320244037e-07,0.46381404995918274,0.582747220993042,0.007576430682092905,0.5170069336891174,0.5603388547897339,-0.0001424596121069044,0.5600937008857727,0.5401374101638794,-0.012404711917042732,0.5982022285461426,0.524102509021759,-0.02452825754880905,0.5089927911758423,0.42093411087989807,-0.013347490690648556,0.5494072437286377,0.3517029881477356,-0.03565635904669762,0.5786372423171997,0.3005422353744507,-0.051912613213062286,0.6002108454704285,0.2576846480369568,-0.06219334155321121,0.49542155861854553,0.4124488830566406,-0.029701679944992065,0.5710124969482422,0.461898535490036,-0.05225784704089165,0.5533376932144165,0.503337562084198,-0.05332643911242485,0.529120922088623,0.5096558332443237,-0.04906047135591507,0.4800768792629242,0.4339708685874939,-0.04559335485100746,0.5475651621818542,0.5093996524810791,-0.06462165713310242,0.5236126780509949,0.5411006212234497,-0.05324484780430794,0.5022659301757812,0.5323401093482971,-0.04172038659453392,0.47138214111328125,0.4729486107826233,-0.06091051548719406,0.5221606492996216,0.532078742980957,-0.06608682125806808,0.5054801106452942,0.5555126070976257,-0.04980001598596573,0.4851257801055908,0.5492072105407715,-0.03680368885397911,0.0,0.0,0.0,0.0,0.0,0.0,0.0,0.0,0.0,0.0,0.0,0.0,0.0,0.0,0.0,0.0,0.0,0.0,0.0,0.0,0.0,0.0,0.0,0.0,0.0,0.0,0.0,0.0,0.0,0.0,0.0,0.0,0.0,0.0,0.0,0.0,0.0,0.0,0.0,0.0,0.0,0.0,0.0,0.0,0.0,0.0,0.0,0.0,0.0,0.0,0.0,0.0,0.0,0.0,0.0,0.0,0.0,0.0,0.0,0.0,0.0,0.0,0.0
move_out,0.4023345112800598,0.5731701254844666,2.3057451414842944e-07,0.4795219898223877,0.5910730957984924,0.0040662894025444984,0.5400259494781494,0.5759999752044678,-0.006669948808848858,0.5851801037788391,0.56327223777771,-0.022215086966753006,0.6252701878547668,0.5528567433357239,-0.0371234193444252,0.541043221950531,0.4384961724281311,-0.014544637873768806,0.5913798213005066,0.37958285212516785,-0.03873085975646973,0.6274068355560303,0.336097776889801,-0.05408220738172531,0.6544264554977417,0.29725146293640137,-0.06348925828933716,0.528782308101654,0.4357336461544037,-0.03178200498223305,0.6071022748947144,0.5043877959251404,-0.05844956263899803,0.5826878547668457,0.535312831401825,-0.06029263511300087,0.5603863000869751,0.5286868810653687,-0.055404867976903915,0.5123049020767212,0.4613913297653198,-0.04920108616352081,0.5744286775588989,0.55253666639328,-0.07170682400465012,0.5461897253990173,0.5716248154640198,-0.059894461184740067,0.5277166366577148,0.5517454147338867,-0.046964000910520554,0.4988420605659485,0.5051825046539307,-0.06669222563505173,0.5431980490684509,0.5735812187194824,-0.07449570298194885,0.5232844352722168,0.5900865197181702,-0.05921447277069092,0.505273699760437,0.5755147337913513,-0.046294327825307846,0.0,0.0,0.0,0.0,0.0,0.0,0.0,0.0,0.0,0.0,0.0,0.0,0.0,0.0,0.0,0.0,0.0,0.0,0.0,0.0,0.0,0.0,0.0,0.0,0.0,0.0,0.0,0.0,0.0,0.0,0.0,0.0,0.0,0.0,0.0,0.0,0.0,0.0,0.0,0.0,0.0,0.0,0.0,0.0,0.0,0.0,0.0,0.0,0.0,0.0,0.0,0.0,0.0,0.0,0.0,0.0,0.0,0.0,0.0,0.0,0.0,0.0,0.0
move_out,0.4170414209365845,0.5221426486968994,5.486157661493962e-08,0.4477112293243408,0.4914896488189697,0.0010541926603764296,0.48939383029937744,0.46260374784469604,-0.004882782697677612,0.5284281373023987,0.45345503091812134,-0.01390921138226986,0.5589002966880798,0.4482169449329376,-0.02103109285235405,0.47630009055137634,0.38081595301628113,-0.002177331829443574,0.5158947110176086,0.34748679399490356,-0.016893310472369194,0.5371130108833313,0.31574445962905884,-0.027909373864531517,0.5536129474639893,0.2830081582069397,-0.036169420927762985,0.48663169145584106,0.3882696032524109,-0.01119410153478384,0.5412251353263855,0.4256916344165802,-0.03107706643640995,0.5315313935279846,0.44808459281921387,-0.0388735868036747,0.5171815156936646,0.4411817789077759,-0.04119652882218361,0.4985235631465912,0.40964722633361816,-0.020514991134405136,0.545900285243988,0.45985060930252075,-0.03510458767414093,0.5297763347625732,0.481869101524353,-0.03253738209605217,0.5148553848266602,0.4748256206512451,-0.02859579399228096,0.5118787288665771,0.4388004541397095,-0.030453044921159744,0.5423487424850464,0.4907219707965851,-0.035649046301841736,0.5260860323905945,0.5067736506462097,-0.031228849664330482,0.5103716254234314,0.4976288080215454,-0.02732435055077076,0.0,0.0,0.0,0.0,0.0,0.0,0.0,0.0,0.0,0.0,0.0,0.0,0.0,0.0,0.0,0.0,0.0,0.0,0.0,0.0,0.0,0.0,0.0,0.0,0.0,0.0,0.0,0.0,0.0,0.0,0.0,0.0,0.0,0.0,0.0,0.0,0.0,0.0,0.0,0.0,0.0,0.0,0.0,0.0,0.0,0.0,0.0,0.0,0.0,0.0,0.0,0.0,0.0,0.0,0.0,0.0,0.0,0.0,0.0,0.0,0.0,0.0,0.0
move_out,0.5163061618804932,0.4807415008544922,-2.2692891832321038e-07,0.5332444906234741,0.4209381341934204,0.023325344547629356,0.5671360492706299,0.39069467782974243,0.026441426947712898,0.6048915386199951,0.38666534423828125,0.022399092093110085,0.6340692043304443,0.3993925154209137,0.019564399495720863,0.5754218101501465,0.33753374218940735,0.022807808592915535,0.6260489225387573,0.3607744872570038,0.01885533332824707,0.6248691082000732,0.3905923664569855,0.015334883704781532,0.6124089360237122,0.40185749530792236,0.014487997628748417,0.5942866206169128,0.35640275478363037,0.006399923004209995,0.6439103484153748,0.38715794682502747,0.00907708890736103,0.6393666863441467,0.4139444828033447,0.00905098207294941,0.6248789429664612,0.4210858941078186,0.007398131303489208,0.6114848256111145,0.3873032033443451,-0.009303837083280087,0.6562806963920593,0.41730526089668274,-0.003755593439564109,0.6465213894844055,0.4416106343269348,0.0014448595466092229,0.6304733157157898,0.44795238971710205,0.002063389401882887,0.6281893253326416,0.42404934763908386,-0.02377183549106121,0.6602712869644165,0.4496435821056366,-0.014515363611280918,0.6482781767845154,0.4702390730381012,-0.0054013109765946865,0.6321048736572266,0.4774967432022095,-0.0005912904744036496,0.0,0.0,0.0,0.0,0.0,0.0,0.0,0.0,0.0,0.0,0.0,0.0,0.0,0.0,0.0,0.0,0.0,0.0,0.0,0.0,0.0,0.0,0.0,0.0,0.0,0.0,0.0,0.0,0.0,0.0,0.0,0.0,0.0,0.0,0.0,0.0,0.0,0.0,0.0,0.0,0.0,0.0,0.0,0.0,0.0,0.0,0.0,0.0,0.0,0.0,0.0,0.0,0.0,0.0,0.0,0.0,0.0,0.0,0.0,0.0,0.0,0.0,0.0
move_out,0.6636131405830383,0.5023296475410461,-1.9155393715664104e-07,0.6973564028739929,0.4517761468887329,0.005585997365415096,0.7472122311592102,0.43347975611686707,-0.0011871716706082225,0.790366530418396,0.4529728889465332,-0.011821839027106762,0.8201512098312378,0.48155444860458374,-0.01884585991501808,0.7803442478179932,0.3892172574996948,-0.0010267796460539103,0.8346081972122192,0.45093053579330444,-0.0174794290214777,0.8213120698928833,0.4752172827720642,-0.025698622688651085,0.8040598034858704,0.471293568611145,-0.027068698778748512,0.7826904058456421,0.4155934154987335,-0.012394349090754986,0.8293233513832092,0.4852752685546875,-0.025665218010544777,0.8073544502258301,0.5039066076278687,-0.02971986122429371,0.7881611585617065,0.4931802451610565,-0.029526369646191597,0.7840872406959534,0.45324674248695374,-0.02420685812830925,0.8224897384643555,0.5177510380744934,-0.033618561923503876,0.7980247139930725,0.532994270324707,-0.02783133089542389,0.7784014940261841,0.5233790278434753,-0.020841460675001144,0.7829915881156921,0.49742814898490906,-0.03595344349741936,0.8280854225158691,0.5302664041519165,-0.03450141102075577,0.8447751402854919,0.5445849895477295,-0.026405977085232735,0.8588997721672058,0.5472861528396606,-0.01969209313392639,0.0,0.0,0.0,0.0,0.0,0.0,0.0,0.0,0.0,0.0,0.0,0.0,0.0,0.0,0.0,0.0,0.0,0.0,0.0,0.0,0.0,0.0,0.0,0.0,0.0,0.0,0.0,0.0,0.0,0.0,0.0,0.0,0.0,0.0,0.0,0.0,0.0,0.0,0.0,0.0,0.0,0.0,0.0,0.0,0.0,0.0,0.0,0.0,0.0,0.0,0.0,0.0,0.0,0.0,0.0,0.0,0.0,0.0,0.0,0.0,0.0,0.0,0.0
move_out,0.5792990922927856,0.47925785183906555,1.092837536020852e-07,0.6163643002510071,0.4635366201400757,0.007605653256177902,0.6602739095687866,0.4402804374694824,0.00965583324432373,0.6980549097061157,0.43146345019340515,0.007147204130887985,0.7255280613899231,0.4301881492137909,0.007878436706960201,0.6729083061218262,0.35495123267173767,0.026188550516963005,0.7152945399284363,0.3882170617580414,0.020274551585316658,0.7243584394454956,0.41969621181488037,0.013032072223722935,0.721224844455719,0.4322913885116577,0.009468350559473038,0.6771668195724487,0.3582925796508789,0.017960848286747932,0.7198672294616699,0.39462602138519287,0.018091954290866852,0.7251949906349182,0.4241785407066345,0.015886731445789337,0.7234013080596924,0.43587300181388855,0.013139094226062298,0.6820091605186462,0.3756335973739624,0.007637319155037403,0.727026104927063,0.4096958041191101,0.0072965845465660095,0.7258878350257874,0.44078993797302246,0.009977487847208977,0.7152233123779297,0.45472219586372375,0.011373009532690048,0.6883509755134583,0.40434542298316956,-0.003237036056816578,0.7271831035614014,0.43234071135520935,-0.0009075560374185443,0.7254374027252197,0.45739617943763733,0.0046925912611186504,0.7141592502593994,0.4701562523841858,0.008758706040680408,0.0,0.0,0.0,0.0,0.0,0.0,0.0,0.0,0.0,0.0,0.0,0.0,0.0,0.0,0.0,0.0,0.0,0.0,0.0,0.0,0.0,0.0,0.0,0.0,0.0,0.0,0.0,0.0,0.0,0.0,0.0,0.0,0.0,0.0,0.0,0.0,0.0,0.0,0.0,0.0,0.0,0.0,0.0,0.0,0.0,0.0,0.0,0.0,0.0,0.0,0.0,0.0,0.0,0.0,0.0,0.0,0.0,0.0,0.0,0.0,0.0,0.0,0.0
move_out,0.39938437938690186,0.4449622929096222,6.405984187551894e-09,0.4559735655784607,0.4474419951438904,0.0079590929672122,0.4952235817909241,0.4158003330230713,0.006945102009922266,0.5230554342269897,0.39097389578819275,0.00017411159933544695,0.5453280210494995,0.3686361014842987,-0.005701681133359671,0.4745314121246338,0.31117066740989685,0.01100882887840271,0.49889835715293884,0.26577073335647583,-0.0012440957361832261,0.5152797102928162,0.22389672696590424,-0.01299834344536066,0.5283775329589844,0.18529243767261505,-0.022243238985538483,0.4731576144695282,0.3093298673629761,-0.0028695284854620695,0.5293400287628174,0.3442628085613251,-0.022979306057095528,0.5169556140899658,0.3725433349609375,-0.031716201454401016,0.49955856800079346,0.373080313205719,-0.033991023898124695,0.4740273952484131,0.3222920000553131,-0.016984285786747932,0.5253852009773254,0.36579430103302,-0.032520100474357605,0.5102030634880066,0.3905658423900604,-0.02877071499824524,0.4952555000782013,0.38901132345199585,-0.02307855524122715,0.4797149896621704,0.34696751832962036,-0.03126141056418419,0.5177419185638428,0.37700900435447693,-0.036986093968153,0.5085867047309875,0.39379748702049255,-0.030144255608320236,0.497840017080307,0.39219847321510315,-0.024028310552239418,0.0,0.0,0.0,0.0,0.0,0.0,0.0,0.0,0.0,0.0,0.0,0.0,0.0,0.0,0.0,0.0,0.0,0.0,0.0,0.0,0.0,0.0,0.0,0.0,0.0,0.0,0.0,0.0,0.0,0.0,0.0,0.0,0.0,0.0,0.0,0.0,0.0,0.0,0.0,0.0,0.0,0.0,0.0,0.0,0.0,0.0,0.0,0.0,0.0,0.0,0.0,0.0,0.0,0.0,0.0,0.0,0.0,0.0,0.0,0.0,0.0,0.0,0.0
move_out,0.33436429500579834,0.5641459226608276,-1.5775903250414558e-08,0.39268791675567627,0.5622374415397644,0.006839373614639044,0.42684993147850037,0.5243802070617676,0.010032260790467262,0.4492160379886627,0.48713064193725586,0.006875088904052973,0.47154784202575684,0.4577502906322479,0.005108947865664959,0.413167268037796,0.45243433117866516,0.0322924368083477,0.4298957288265228,0.4065270721912384,0.02206532098352909,0.42844030261039734,0.4092969000339508,0.011636679992079735,0.41908177733421326,0.40607768297195435,0.006982708815485239,0.40344974398612976,0.44317391514778137,0.022593017667531967,0.4440116584300995,0.42416879534721375,0.008907818235456944,0.4363357126712799,0.46215376257896423,-0.0011892867041751742,0.42030948400497437,0.4742622375488281,-0.003322783624753356,0.39314836263656616,0.4356658458709717,0.01036150474101305,0.4382861852645874,0.4361816942691803,-0.010207971557974815,0.421122670173645,0.47926485538482666,-0.01275498978793621,0.3993644118309021,0.4904133677482605,-0.006816239096224308,0.38318902254104614,0.43339553475379944,-0.0008539241389371455,0.42299044132232666,0.4441255033016205,-0.01568666473031044,0.409517765045166,0.47721242904663086,-0.012747791595757008,0.38858500123023987,0.48467808961868286,-0.005670442245900631,0.0,0.0,0.0,0.0,0.0,0.0,0.0,0.0,0.0,0.0,0.0,0.0,0.0,0.0,0.0,0.0,0.0,0.0,0.0,0.0,0.0,0.0,0.0,0.0,0.0,0.0,0.0,0.0,0.0,0.0,0.0,0.0,0.0,0.0,0.0,0.0,0.0,0.0,0.0,0.0,0.0,0.0,0.0,0.0,0.0,0.0,0.0,0.0,0.0,0.0,0.0,0.0,0.0,0.0,0.0,0.0,0.0,0.0,0.0,0.0,0.0,0.0,0.0
move_out,0.30290499329566956,0.5692912340164185,1.6854998818871536e-07,0.35709160566329956,0.5895411372184753,0.0027791375759989023,0.4021783769130707,0.5630744099617004,0.0021192352287471294,0.4319384694099426,0.5372844338417053,-0.003785577369853854,0.46148398518562317,0.516826868057251,-0.009245255962014198,0.402934730052948,0.4803136885166168,0.020458387210965157,0.4234434962272644,0.4430152177810669,0.010689828544855118,0.4428783655166626,0.4237741231918335,0.0024581141769886017,0.4575278162956238,0.4017021656036377,-0.0029032768215984106,0.3940134644508362,0.46479782462120056,0.011136211454868317,0.4380636513233185,0.48217809200286865,-0.0034439668525010347,0.4241511821746826,0.5193783044815063,-0.00904496293514967,0.4095049202442169,0.5256211161613464,-0.008130356669425964,0.38259634375572205,0.4574003219604492,-0.0002320054773008451,0.42193445563316345,0.4954601526260376,-0.020215285941958427,0.39925438165664673,0.5292592644691467,-0.01911172829568386,0.38070905208587646,0.5268695950508118,-0.011923891492187977,0.37119394540786743,0.45917534828186035,-0.011128172278404236,0.40313300490379333,0.4987086057662964,-0.024069564417004585,0.3860749304294586,0.5225499272346497,-0.019904667511582375,0.368534117937088,0.5152400732040405,-0.013186152093112469,0.0,0.0,0.0,0.0,0.0,0.0,0.0,0.0,0.0,0.0,0.0,0.0,0.0,0.0,0.0,0.0,0.0,0.0,0.0,0.0,0.0,0.0,0.0,0.0,0.0,0.0,0.0,0.0,0.0,0.0,0.0,0.0,0.0,0.0,0.0,0.0,0.0,0.0,0.0,0.0,0.0,0.0,0.0,0.0,0.0,0.0,0.0,0.0,0.0,0.0,0.0,0.0,0.0,0.0,0.0,0.0,0.0,0.0,0.0,0.0,0.0,0.0,0.0
move_out,0.2580385208129883,0.5194132924079895,2.6384091711406654e-07,0.30554693937301636,0.5231826305389404,0.01112168375402689,0.34269168972969055,0.4990573525428772,0.01566961780190468,0.3681863844394684,0.4753367304801941,0.014891432598233223,0.38527458906173706,0.4565121829509735,0.01541469618678093,0.33336934447288513,0.40683889389038086,0.028511986136436462,0.37593019008636475,0.40661200881004333,0.027637019753456116,0.399989515542984,0.42372456192970276,0.023198040202260017,0.4107033908367157,0.43800050020217896,0.02088119648396969,0.3273754417896271,0.39555633068084717,0.02063632942736149,0.3725839853286743,0.3995774984359741,0.02338339388370514,0.39084285497665405,0.42310410737991333,0.02146664634346962,0.3984208106994629,0.4432518780231476,0.019188549369573593,0.325696736574173,0.4002750813961029,0.011468187905848026,0.3735390901565552,0.41407510638237,0.014011909253895283,0.3859073519706726,0.4413665235042572,0.014857609756290913,0.3861047923564911,0.4621759355068207,0.014590095728635788,0.32798054814338684,0.4181208610534668,0.002300568390637636,0.3680512607097626,0.4353274405002594,0.007235235068947077,0.37947046756744385,0.459224671125412,0.011409682221710682,0.37904009222984314,0.47681891918182373,0.013852665200829506,0.0,0.0,0.0,0.0,0.0,0.0,0.0,0.0,0.0,0.0,0.0,0.0,0.0,0.0,0.0,0.0,0.0,0.0,0.0,0.0,0.0,0.0,0.0,0.0,0.0,0.0,0.0,0.0,0.0,0.0,0.0,0.0,0.0,0.0,0.0,0.0,0.0,0.0,0.0,0.0,0.0,0.0,0.0,0.0,0.0,0.0,0.0,0.0,0.0,0.0,0.0,0.0,0.0,0.0,0.0,0.0,0.0,0.0,0.0,0.0,0.0,0.0,0.0
move_out,0.1933688521385193,0.4553121328353882,8.01830069008247e-08,0.272970050573349,0.4373439848423004,0.011432860977947712,0.31059858202934265,0.3745034337043762,0.019917532801628113,0.3327530026435852,0.32315248250961304,0.02221689000725746,0.3454180359840393,0.28207626938819885,0.025992434471845627,0.26651275157928467,0.28580242395401,0.037879858165979385,0.2823486626148224,0.22792235016822815,0.03429648280143738,0.2929109036922455,0.19379957020282745,0.025900159031152725,0.2985727787017822,0.15627068281173706,0.01936921663582325,0.25408387184143066,0.2783273756504059,0.025186004117131233,0.3133648633956909,0.26322251558303833,0.015621510334312916,0.31550031900405884,0.30335143208503723,0.006735136732459068,0.30107396841049194,0.32105329632759094,0.00409713527187705,0.2439836859703064,0.2796515226364136,0.010710026137530804,0.3103093206882477,0.28366413712501526,-0.0043027657084167,0.30733826756477356,0.32980114221572876,-0.007811731658875942,0.28945115208625793,0.3466752767562866,-0.004881593398749828,0.24094203114509583,0.292002409696579,-0.002881157211959362,0.2969358563423157,0.3052694499492645,-0.011662549339234829,0.29846322536468506,0.3428826928138733,-0.009154478088021278,0.28242430090904236,0.3575786352157593,-0.004661208484321833,0.0,0.0,0.0,0.0,0.0,0.0,0.0,0.0,0.0,0.0,0.0,0.0,0.0,0.0,0.0,0.0,0.0,0.0,0.0,0.0,0.0,0.0,0.0,0.0,0.0,0.0,0.0,0.0,0.0,0.0,0.0,0.0,0.0,0.0,0.0,0.0,0.0,0.0,0.0,0.0,0.0,0.0,0.0,0.0,0.0,0.0,0.0,0.0,0.0,0.0,0.0,0.0,0.0,0.0,0.0,0.0,0.0,0.0,0.0,0.0,0.0,0.0,0.0
move_out,0.3211459815502167,0.6427353024482727,-6.880747349669036e-08,0.3656209111213684,0.659088134765625,-0.005441681481897831,0.4105486571788788,0.6471779346466064,-0.0061078364960849285,0.44053682684898376,0.6213036775588989,-0.008875379338860512,0.4589390158653259,0.5969465374946594,-0.009832222945988178,0.42711514234542847,0.5972872376441956,0.010995130054652691,0.45007961988449097,0.5816963315010071,-0.002383954357355833,0.43567490577697754,0.6004869937896729,-0.013540084473788738,0.42078375816345215,0.6144264340400696,-0.018334129825234413,0.41380438208580017,0.5764360427856445,0.009443613700568676,0.430293470621109,0.5701444745063782,-0.001285839476622641,0.415076345205307,0.5921750664710999,-0.008178002201020718,0.4018585681915283,0.6041380763053894,-0.010440054349601269,0.39811787009239197,0.5597477555274963,0.005063420161604881,0.41226404905319214,0.5591628551483154,-0.005407803226262331,0.3980847895145416,0.5802199244499207,-0.003980807028710842,0.38548341393470764,0.5908225774765015,-0.00010633625788614154,0.3808082044124603,0.5464705228805542,-0.0002504649746697396,0.39605605602264404,0.5483025312423706,-0.005594184622168541,0.38603416085243225,0.5657777786254883,-0.0011917593656107783,0.3761458396911621,0.5741690397262573,0.004525329452008009,0.0,0.0,0.0,0.0,0.0,0.0,0.0,0.0,0.0,0.0,0.0,0.0,0.0,0.0,0.0,0.0,0.0,0.0,0.0,0.0,0.0,0.0,0.0,0.0,0.0,0.0,0.0,0.0,0.0,0.0,0.0,0.0,0.0,0.0,0.0,0.0,0.0,0.0,0.0,0.0,0.0,0.0,0.0,0.0,0.0,0.0,0.0,0.0,0.0,0.0,0.0,0.0,0.0,0.0,0.0,0.0,0.0,0.0,0.0,0.0,0.0,0.0,0.0
move_out,0.21585112810134888,0.44993871450424194,1.6904817101703884e-08,0.26888418197631836,0.4114375710487366,-0.002592638600617647,0.2986198365688324,0.35196739435195923,-0.0016962805530056357,0.3087835907936096,0.2984767258167267,-0.004800302442163229,0.309438019990921,0.2593228816986084,-0.006788361817598343,0.29093340039253235,0.2871917486190796,0.021122628822922707,0.30446675419807434,0.24364691972732544,0.006921663880348206,0.3108013868331909,0.25440144538879395,-0.006657842081040144,0.31292209029197693,0.26431044936180115,-0.012969574891030788,0.26965466141700745,0.2787442207336426,0.013396631926298141,0.27750536799430847,0.23074166476726532,-0.0032004197128117085,0.283336341381073,0.2381119728088379,-0.0180012509226799,0.2821143865585327,0.24541513621807098,-0.02437141351401806,0.24738973379135132,0.2755776643753052,0.002045874483883381,0.25893884897232056,0.23275092244148254,-0.014414722099900246,0.2731510102748871,0.24815788865089417,-0.021070973947644234,0.2802993357181549,0.26377424597740173,-0.02071502059698105,0.22321632504463196,0.2801215648651123,-0.010101348161697388,0.23963919281959534,0.23066607117652893,-0.018856406211853027,0.25708046555519104,0.20663130283355713,-0.01980704255402088,0.2716975510120392,0.18726485967636108,-0.018187711015343666,0.0,0.0,0.0,0.0,0.0,0.0,0.0,0.0,0.0,0.0,0.0,0.0,0.0,0.0,0.0,0.0,0.0,0.0,0.0,0.0,0.0,0.0,0.0,0.0,0.0,0.0,0.0,0.0,0.0,0.0,0.0,0.0,0.0,0.0,0.0,0.0,0.0,0.0,0.0,0.0,0.0,0.0,0.0,0.0,0.0,0.0,0.0,0.0,0.0,0.0,0.0,0.0,0.0,0.0,0.0,0.0,0.0,0.0,0.0,0.0,0.0,0.0,0.0
move_out,0.34805935621261597,0.6571364402770996,8.240154159011581e-08,0.3995191156864166,0.6810995936393738,0.0014843109529465437,0.443769633769989,0.6578362584114075,0.001850687782280147,0.47192782163619995,0.6209069490432739,-0.003590743988752365,0.4944992959499359,0.5887171030044556,-0.008173884823918343,0.44265156984329224,0.59918212890625,0.030755089595913887,0.47060906887054443,0.5669049024581909,0.020677076652646065,0.48430901765823364,0.5719723701477051,0.012916377745568752,0.4853720963001251,0.5759266018867493,0.00981050729751587,0.4330739676952362,0.5837101340293884,0.022355088964104652,0.47334954142570496,0.5760595798492432,0.005011030938476324,0.4564780592918396,0.607483983039856,-0.004085432272404432,0.43843960762023926,0.6125263571739197,-0.003712321165949106,0.4242243468761444,0.566300094127655,0.010460586287081242,0.46268221735954285,0.5750768780708313,-0.015580139122903347,0.4369720220565796,0.6087049245834351,-0.01940063200891018,0.4159960448741913,0.6084593534469604,-0.012982219457626343,0.41366687417030334,0.5493381023406982,-0.0006137539749033749,0.4462980329990387,0.5725941061973572,-0.019416220486164093,0.4273822605609894,0.5979228019714355,-0.019310597330331802,0.40765148401260376,0.5928268432617188,-0.014085225760936737,0.0,0.0,0.0,0.0,0.0,0.0,0.0,0.0,0.0,0.0,0.0,0.0,0.0,0.0,0.0,0.0,0.0,0.0,0.0,0.0,0.0,0.0,0.0,0.0,0.0,0.0,0.0,0.0,0.0,0.0,0.0,0.0,0.0,0.0,0.0,0.0,0.0,0.0,0.0,0.0,0.0,0.0,0.0,0.0,0.0,0.0,0.0,0.0,0.0,0.0,0.0,0.0,0.0,0.0,0.0,0.0,0.0,0.0,0.0,0.0,0.0,0.0,0.0
move_out,0.26665595173835754,0.511999785900116,-1.0436514941147834e-07,0.3156086206436157,0.4908154606819153,-0.007617907598614693,0.3510846793651581,0.43639373779296875,-0.005827188957482576,0.3674115240573883,0.38402828574180603,-0.005961539689451456,0.3684108257293701,0.3469828963279724,-0.0033158371224999428,0.345184862613678,0.371369868516922,0.017758073285222054,0.3584963083267212,0.32983386516571045,0.0034681109245866537,0.36075353622436523,0.3487623333930969,-0.007763324771076441,0.3610834777355194,0.35933545231819153,-0.01108702551573515,0.32891324162483215,0.3578476309776306,0.016035664826631546,0.3450608551502228,0.3237626552581787,-0.002321088220924139,0.3458125591278076,0.36055129766464233,-0.014438239857554436,0.34067392349243164,0.3821408748626709,-0.01663718745112419,0.3131229281425476,0.34643614292144775,0.010468779131770134,0.32947397232055664,0.31112056970596313,-0.009798238053917885,0.3361700177192688,0.3493647575378418,-0.016595246270298958,0.33456990122795105,0.37494227290153503,-0.013291403651237488,0.2971612811088562,0.3374684453010559,0.004610689822584391,0.3177173435688019,0.28494882583618164,-0.004483699332922697,0.3330676257610321,0.2703658938407898,-0.005725765600800514,0.34379854798316956,0.25587475299835205,-0.0029195949900895357,0.0,0.0,0.0,0.0,0.0,0.0,0.0,0.0,0.0,0.0,0.0,0.0,0.0,0.0,0.0,0.0,0.0,0.0,0.0,0.0,0.0,0.0,0.0,0.0,0.0,0.0,0.0,0.0,0.0,0.0,0.0,0.0,0.0,0.0,0.0,0.0,0.0,0.0,0.0,0.0,0.0,0.0,0.0,0.0,0.0,0.0,0.0,0.0,0.0,0.0,0.0,0.0,0.0,0.0,0.0,0.0,0.0,0.0,0.0,0.0,0.0,0.0,0.0
move_out,0.17990833520889282,0.48368582129478455,1.9454705579846632e-07,0.25112423300743103,0.40351685881614685,0.009807158261537552,0.2753868103027344,0.31885820627212524,0.008034306578338146,0.2848958373069763,0.25381800532341003,0.0002348644338781014,0.280426561832428,0.2144894301891327,-0.006206526421010494,0.19634951651096344,0.24986259639263153,0.006544187199324369,0.19394215941429138,0.17291264235973358,-0.011491942219436169,0.19073469936847687,0.11880266666412354,-0.024863533675670624,0.1891619861125946,0.07135827839374542,-0.034421712160110474,0.18382729589939117,0.25908541679382324,-0.011692455038428307,0.25885385274887085,0.22640496492385864,-0.03268534317612648,0.2704741358757019,0.26536989212036133,-0.036860398948192596,0.26251015067100525,0.2845742106437683,-0.03634486719965935,0.1813640594482422,0.2808770537376404,-0.03071015328168869,0.26548704504966736,0.2709047496318817,-0.05115692690014839,0.2674533426761627,0.3147340714931488,-0.04248586297035217,0.2518479526042938,0.32950037717819214,-0.032220762223005295,0.19147491455078125,0.31232234835624695,-0.049853723496198654,0.2595626413822174,0.3056657910346985,-0.05750805512070656,0.2634292244911194,0.3389861285686493,-0.04565325379371643,0.2477319836616516,0.3541179895401001,-0.03543179854750633,0.0,0.0,0.0,0.0,0.0,0.0,0.0,0.0,0.0,0.0,0.0,0.0,0.0,0.0,0.0,0.0,0.0,0.0,0.0,0.0,0.0,0.0,0.0,0.0,0.0,0.0,0.0,0.0,0.0,0.0,0.0,0.0,0.0,0.0,0.0,0.0,0.0,0.0,0.0,0.0,0.0,0.0,0.0,0.0,0.0,0.0,0.0,0.0,0.0,0.0,0.0,0.0,0.0,0.0,0.0,0.0,0.0,0.0,0.0,0.0,0.0,0.0,0.0
move_out,0.23729468882083893,0.5415551662445068,1.1916273479073425e-07,0.2923160791397095,0.5053040385246277,0.0019681411795318127,0.3222809433937073,0.45013996958732605,0.0015243592206388712,0.33015555143356323,0.3981444239616394,-0.004275874234735966,0.3235411047935486,0.36418408155441284,-0.009259878657758236,0.3237912952899933,0.38184303045272827,0.01881418749690056,0.3504445552825928,0.3304906487464905,0.00429666880518198,0.3601338863372803,0.3364623785018921,-0.010558960027992725,0.35628974437713623,0.3576776087284088,-0.018222156912088394,0.30173975229263306,0.3720608353614807,0.009653723798692226,0.3205919563770294,0.31728506088256836,-0.0033572667744010687,0.3310995399951935,0.32846659421920776,-0.016743367537856102,0.32886064052581787,0.3531836271286011,-0.024262521415948868,0.27722927927970886,0.3709228038787842,-0.0023185438476502895,0.30132365226745605,0.32875895500183105,-0.016105862334370613,0.3173304498195648,0.3544205129146576,-0.024345308542251587,0.31858351826667786,0.39018499851226807,-0.02685166336596012,0.25027674436569214,0.37915971875190735,-0.014559763483703136,0.27594080567359924,0.3560451865196228,-0.025334421545267105,0.2918226420879364,0.3774741291999817,-0.02854093722999096,0.2967214584350586,0.40640804171562195,-0.028243187814950943,0.0,0.0,0.0,0.0,0.0,0.0,0.0,0.0,0.0,0.0,0.0,0.0,0.0,0.0,0.0,0.0,0.0,0.0,0.0,0.0,0.0,0.0,0.0,0.0,0.0,0.0,0.0,0.0,0.0,0.0,0.0,0.0,0.0,0.0,0.0,0.0,0.0,0.0,0.0,0.0,0.0,0.0,0.0,0.0,0.0,0.0,0.0,0.0,0.0,0.0,0.0,0.0,0.0,0.0,0.0,0.0,0.0,0.0,0.0,0.0,0.0,0.0,0.0
