stop,0.5227798223495483,0.5962003469467163,-5.308303911988332e-07,0.4576634168624878,0.5709712505340576,-0.01947859302163124,0.3983207941055298,0.5013448596000671,-0.02995573729276657,0.3966260254383087,0.4246298670768738,-0.041381947696208954,0.437498539686203,0.4052903652191162,-0.04616613686084747,0.4220355153083801,0.419949471950531,0.001726656686514616,0.41282719373703003,0.3683389723300934,-0.031534094363451004,0.42221495509147644,0.434008926153183,-0.04813283309340477,0.43224772810935974,0.4479135572910309,-0.05606420710682869,0.45988190174102783,0.41570577025413513,-0.0007680777925997972,0.4493539035320282,0.35842862725257874,-0.0349406898021698,0.45771634578704834,0.44040849804878235,-0.036612313240766525,0.46396276354789734,0.44944900274276733,-0.029577016830444336,0.4983016550540924,0.4148082137107849,-0.010137469507753849,0.48792564868927,0.365411639213562,-0.04645265266299248,0.4901365637779236,0.4461657702922821,-0.032714080065488815,0.49654319882392883,0.45969483256340027,-0.013741588220000267,0.5383913516998291,0.4200882613658905,-0.02157219499349594,0.5242965817451477,0.3830967843532562,-0.03946723788976669,0.5220320224761963,0.4395202398300171,-0.027793146669864655,0.5277635455131531,0.456067830324173,-0.0142461396753788,0.0,0.0,0.0,0.0,0.0,0.0,0.0,0.0,0.0,0.0,0.0,0.0,0.0,0.0,0.0,0.0,0.0,0.0,0.0,0.0,0.0,0.0,0.0,0.0,0.0,0.0,0.0,0.0,0.0,0.0,0.0,0.0,0.0,0.0,0.0,0.0,0.0,0.0,0.0,0.0,0.0,0.0,0.0,0.0,0.0,0.0,0.0,0.0,0.0,0.0,0.0,0.0,0.0,0.0,0.0,0.0,0.0,0.0,0.0,0.0,0.0,0.0,0.0
stop,0.3304812014102936,0.5989934802055359,-2.2978490221703396e-08,0.4359981119632721,0.5639296174049377,0.019420791417360306,0.48452821373939514,0.4792839288711548,0.03640904277563095,0.4910670518875122,0.40116655826568604,0.05353435501456261,0.4590495824813843,0.374560683965683,0.07093597948551178,0.4337056279182434,0.35588377714157104,0.02887042425572872,0.4482032060623169,0.3654000461101532,0.05387326702475548,0.4421650469303131,0.41590040922164917,0.06000920385122299,0.4347788989543915,0.44570571184158325,0.05968122556805611,0.37491917610168457,0.34376612305641174,0.02826092019677162,0.39787137508392334,0.3673824965953827,0.07142389565706253,0.4021320343017578,0.4098978340625763,0.07788210362195969,0.3969017565250397,0.43747588992118835,0.07034623622894287,0.328133225440979,0.36437204480171204,0.031584639102220535,0.3519447445869446,0.3864924907684326,0.06902589648962021,0.36180585622787476,0.4193609058856964,0.06771257519721985,0.35546016693115234,0.44595256447792053,0.055079881101846695,0.29241707921028137,0.391980916261673,0.036766912788152695,0.3191012144088745,0.40333154797554016,0.06518998742103577,0.32574009895324707,0.4296313524246216,0.0731203705072403,0.322848379611969,0.44989803433418274,0.07259874045848846,0.0,0.0,0.0,0.0,0.0,0.0,0.0,0.0,0.0,0.0,0.0,0.0,0.0,0.0,0.0,0.0,0.0,0.0,0.0,0.0,0.0,0.0,0.0,0.0,0.0,0.0,0.0,0.0,0.0,0.0,0.0,0.0,0.0,0.0,0.0,0.0,0.0,0.0,0.0,0.0,0.0,0.0,0.0,0.0,0.0,0.0,0.0,0.0,0.0,0.0,0.0,0.0,0.0,0.0,0.0,0.0,0.0,0.0,0.0,0.0,0.0,0.0,0.0
stop,0.48186996579170227,0.5771393775939941,-4.660319632421306e-07,0.41338640451431274,0.5552120804786682,-0.02052086591720581,0.3533099889755249,0.4866097569465637,-0.026191726326942444,0.3529224693775177,0.4014187753200531,-0.03263005614280701,0.3919133245944977,0.3726632595062256,-0.032032374292612076,0.36852186918258667,0.41486886143684387,0.01470052171498537,0.35817429423332214,0.35566446185112,-0.01764814183115959,0.37389007210731506,0.41938716173171997,-0.03469524160027504,0.38364532589912415,0.43905919790267944,-0.04124298319220543,0.40590208768844604,0.4047227203845978,0.01402286347001791,0.3996266722679138,0.3401939570903778,-0.019779115915298462,0.4109707474708557,0.41851717233657837,-0.025304539129137993,0.41269370913505554,0.4344404637813568,-0.01867976225912571,0.44185200333595276,0.4009326994419098,0.005788260605186224,0.43878990411758423,0.34773263335227966,-0.03058660961687565,0.44411206245422363,0.4268323481082916,-0.020678091794252396,0.44428882002830505,0.4464430809020996,-0.0020319747272878885,0.4783805012702942,0.4046582281589508,-0.0045822118408977985,0.47426649928092957,0.3689963221549988,-0.023078100755810738,0.47403180599212646,0.42510929703712463,-0.012948981486260891,0.473930686712265,0.44594287872314453,0.0012224273523315787,0.0,0.0,0.0,0.0,0.0,0.0,0.0,0.0,0.0,0.0,0.0,0.0,0.0,0.0,0.0,0.0,0.0,0.0,0.0,0.0,0.0,0.0,0.0,0.0,0.0,0.0,0.0,0.0,0.0,0.0,0.0,0.0,0.0,0.0,0.0,0.0,0.0,0.0,0.0,0.0,0.0,0.0,0.0,0.0,0.0,0.0,0.0,0.0,0.0,0.0,0.0,0.0,0.0,0.0,0.0,0.0,0.0,0.0,0.0,0.0,0.0,0.0,0.0
stop,0.37012583017349243,0.6080867052078247,1.088479493205341e-07,0.4502970576286316,0.5743368268013,-0.024895168840885162,0.5114521384239197,0.5079516768455505,-0.03197014704346657,0.5054098963737488,0.4267025589942932,-0.038380466401576996,0.44357115030288696,0.4142357110977173,-0.03904150053858757,0.48376891016960144,0.42545628547668457,0.008178694173693657,0.47657835483551025,0.36013489961624146,-0.010994651354849339,0.46385708451271057,0.4191480278968811,-0.0230503361672163,0.4674685597419739,0.45216837525367737,-0.029846539720892906,0.44138604402542114,0.4126647114753723,0.008935139514505863,0.431095689535141,0.35063692927360535,-0.009071851149201393,0.42984217405319214,0.4230155348777771,-0.013687647879123688,0.4406123459339142,0.4455316364765167,-0.01380247063934803,0.40034204721450806,0.4110233783721924,0.0034573099110275507,0.3939264416694641,0.35132285952568054,-0.01654280163347721,0.3950486183166504,0.4205436110496521,-0.011841210536658764,0.4031716585159302,0.44534897804260254,-0.003740653395652771,0.3580818772315979,0.41468101739883423,-0.005023078992962837,0.35943663120269775,0.37178727984428406,-0.009676702320575714,0.3641596734523773,0.41330766677856445,-0.00037738014361821115,0.36972466111183167,0.4334067702293396,0.007846557535231113,0.0,0.0,0.0,0.0,0.0,0.0,0.0,0.0,0.0,0.0,0.0,0.0,0.0,0.0,0.0,0.0,0.0,0.0,0.0,0.0,0.0,0.0,0.0,0.0,0.0,0.0,0.0,0.0,0.0,0.0,0.0,0.0,0.0,0.0,0.0,0.0,0.0,0.0,0.0,0.0,0.0,0.0,0.0,0.0,0.0,0.0,0.0,0.0,0.0,0.0,0.0,0.0,0.0,0.0,0.0,0.0,0.0,0.0,0.0,0.0,0.0,0.0,0.0
stop,0.6307612657546997,0.6838520169258118,-6.454565664171241e-07,0.5390265583992004,0.6493951678276062,-0.00621250132098794,0.48178231716156006,0.5715694427490234,-0.00903716217726469,0.4743228852748871,0.48388946056365967,-0.009215409867465496,0.5033920407295227,0.469041645526886,-0.006338214967399836,0.5568161606788635,0.41847825050354004,-0.0032201935537159443,0.5546969771385193,0.41395312547683716,0.015043509192764759,0.5550563931465149,0.45264115929603577,0.026485685259103775,0.5550225973129272,0.48272329568862915,0.030444663017988205,0.6133137941360474,0.41294267773628235,0.0005973164224997163,0.5972350239753723,0.42230528593063354,0.0262509286403656,0.5919414758682251,0.46161991357803345,0.03442267328500748,0.594018816947937,0.49345824122428894,0.032891176640987396,0.6578808426856995,0.43441516160964966,0.006512821186333895,0.631076991558075,0.4432072341442108,0.027032243087887764,0.6250413060188293,0.4759598970413208,0.030206307768821716,0.6246285438537598,0.5093562006950378,0.025320228189229965,0.693481981754303,0.4659813940525055,0.011565758846700191,0.670041024684906,0.4644407033920288,0.028480539098381996,0.6609150767326355,0.4920279085636139,0.03681575134396553,0.6564635038375854,0.5201058387756348,0.0399409718811512,0.0,0.0,0.0,0.0,0.0,0.0,0.0,0.0,0.0,0.0,0.0,0.0,0.0,0.0,0.0,0.0,0.0,0.0,0.0,0.0,0.0,0.0,0.0,0.0,0.0,0.0,0.0,0.0,0.0,0.0,0.0,0.0,0.0,0.0,0.0,0.0,0.0,0.0,0.0,0.0,0.0,0.0,0.0,0.0,0.0,0.0,0.0,0.0,0.0,0.0,0.0,0.0,0.0,0.0,0.0,0.0,0.0,0.0,0.0,0.0,0.0,0.0,0.0
stop,0.4884314239025116,0.6777990460395813,-3.2810237371450057e-07,0.5529596209526062,0.6586602926254272,0.005900977645069361,0.5898186564445496,0.6104676127433777,0.00570676801726222,0.6134566068649292,0.5678040981292725,-0.0017274166457355022,0.6006112098693848,0.5396276116371155,-0.005906497593969107,0.55953049659729,0.5082858204841614,0.02740340493619442,0.5996067523956299,0.4947916865348816,0.006123967003077269,0.5848338007926941,0.5435236692428589,-0.010047456249594688,0.5634389519691467,0.5557248592376709,-0.0181271992623806,0.5429102182388306,0.49877724051475525,0.013079587370157242,0.5929734706878662,0.49093976616859436,-0.010976780205965042,0.5740811228752136,0.5495845675468445,-0.021432308480143547,0.5485547780990601,0.5562281012535095,-0.023302733898162842,0.5267620086669922,0.4888652563095093,-0.004781144671142101,0.5809584856033325,0.4853340983390808,-0.02887946367263794,0.5623730421066284,0.5425829887390137,-0.026072271168231964,0.5361952185630798,0.5476521253585815,-0.017678340896964073,0.5086978673934937,0.4815806746482849,-0.022564897313714027,0.5614997148513794,0.48962417244911194,-0.03371581435203552,0.5500714778900146,0.5313618779182434,-0.0248252023011446,0.5259852409362793,0.5370336174964905,-0.015277349390089512,0.0,0.0,0.0,0.0,0.0,0.0,0.0,0.0,0.0,0.0,0.0,0.0,0.0,0.0,0.0,0.0,0.0,0.0,0.0,0.0,0.0,0.0,0.0,0.0,0.0,0.0,0.0,0.0,0.0,0.0,0.0,0.0,0.0,0.0,0.0,0.0,0.0,0.0,0.0,0.0,0.0,0.0,0.0,0.0,0.0,0.0,0.0,0.0,0.0,0.0,0.0,0.0,0.0,0.0,0.0,0.0,0.0,0.0,0.0,0.0,0.0,0.0,0.0
stop,0.4274434447288513,0.6605623960494995,-6.446980194141361e-08,0.49240171909332275,0.6334806084632874,-0.023112894967198372,0.545874297618866,0.5865327715873718,-0.03219743072986603,0.5460610389709473,0.515632688999176,-0.04012585058808327,0.497821182012558,0.49548783898353577,-0.04206090420484543,0.5323508381843567,0.5085249543190002,0.002895679324865341,0.5393704175949097,0.45286673307418823,-0.01966840773820877,0.5211647152900696,0.513141930103302,-0.03497108817100525,0.5179540514945984,0.5404569506645203,-0.0430690199136734,0.49628204107284546,0.5010084509849548,0.0039505367167294025,0.5017535090446472,0.44698065519332886,-0.0169981736689806,0.49042969942092896,0.5198968052864075,-0.022985026240348816,0.49161216616630554,0.5372793674468994,-0.023169873282313347,0.4624142646789551,0.4996577501296997,-0.0004917443729937077,0.46707043051719666,0.45124173164367676,-0.020381208509206772,0.4614907503128052,0.5182293057441711,-0.014174096286296844,0.4624832272529602,0.538398802280426,-0.004989225417375565,0.4281921982765198,0.4983406960964203,-0.007524428889155388,0.4373968243598938,0.4633832573890686,-0.011541113257408142,0.43862131237983704,0.5061327815055847,-0.0008551058708690107,0.4375300407409668,0.5253690481185913,0.008449680171906948,0.0,0.0,0.0,0.0,0.0,0.0,0.0,0.0,0.0,0.0,0.0,0.0,0.0,0.0,0.0,0.0,0.0,0.0,0.0,0.0,0.0,0.0,0.0,0.0,0.0,0.0,0.0,0.0,0.0,0.0,0.0,0.0,0.0,0.0,0.0,0.0,0.0,0.0,0.0,0.0,0.0,0.0,0.0,0.0,0.0,0.0,0.0,0.0,0.0,0.0,0.0,0.0,0.0,0.0,0.0,0.0,0.0,0.0,0.0,0.0,0.0,0.0,0.0
stop,0.5660097002983093,0.6917304992675781,-5.050398499406583e-07,0.49630072712898254,0.6639421582221985,0.003762980690225959,0.4553097188472748,0.6156073212623596,0.0032561614643782377,0.4550839960575104,0.5681047439575195,0.0029069064185023308,0.47896915674209595,0.5541980266571045,0.00408337265253067,0.4864318072795868,0.4826415181159973,-0.0020089237950742245,0.48911428451538086,0.4671560525894165,0.007772198412567377,0.49491894245147705,0.5001328587532043,0.014437798410654068,0.4973318874835968,0.5274454951286316,0.01699172519147396,0.5331280827522278,0.4723758399486542,-0.004072734620422125,0.5271674990653992,0.4704847037792206,0.01312324684113264,0.5259714126586914,0.503639280796051,0.018538888543844223,0.5280418992042542,0.5324368476867676,0.017253225669264793,0.5736899971961975,0.48529282212257385,-0.003932570107281208,0.5596202611923218,0.48864030838012695,0.009936220943927765,0.5569503307342529,0.5159896612167358,0.012222358025610447,0.5573357343673706,0.5456360578536987,0.008793202228844166,0.6070336103439331,0.5073798894882202,-0.0035277388524264097,0.5899077653884888,0.5071971416473389,0.008101044222712517,0.5841906070709229,0.5312308669090271,0.014830918982625008,0.5822197198867798,0.556137204170227,0.018091252073645592,0.0,0.0,0.0,0.0,0.0,0.0,0.0,0.0,0.0,0.0,0.0,0.0,0.0,0.0,0.0,0.0,0.0,0.0,0.0,0.0,0.0,0.0,0.0,0.0,0.0,0.0,0.0,0.0,0.0,0.0,0.0,0.0,0.0,0.0,0.0,0.0,0.0,0.0,0.0,0.0,0.0,0.0,0.0,0.0,0.0,0.0,0.0,0.0,0.0,0.0,0.0,0.0,0.0,0.0,0.0,0.0,0.0,0.0,0.0,0.0,0.0,0.0,0.0
stop,0.2809188961982727,0.6726597547531128,-1.136689959935211e-07,0.42637938261032104,0.6390175223350525,-0.03490472584962845,0.5318381786346436,0.533051073551178,-0.04448628053069115,0.5438088774681091,0.3833056688308716,-0.05426810309290886,0.4617745876312256,0.3147735595703125,-0.052184827625751495,0.49172356724739075,0.4004921317100525,0.015641700476408005,0.5127239227294922,0.2964024841785431,-0.023895908147096634,0.4788539707660675,0.41474536061286926,-0.04161238297820091,0.46250641345977783,0.45812755823135376,-0.04809058457612991,0.4161330461502075,0.3743361830711365,0.009737798944115639,0.4327194094657898,0.27907299995422363,-0.033173248171806335,0.410725861787796,0.4250713586807251,-0.04546849802136421,0.4122397303581238,0.44335147738456726,-0.04466089978814125,0.3429027199745178,0.36930036544799805,-0.006007418967783451,0.36528775095939636,0.2910797595977783,-0.05685323849320412,0.35194534063339233,0.4332262873649597,-0.04602516442537308,0.34890520572662354,0.4425848126411438,-0.025950711220502853,0.26623091101646423,0.36611056327819824,-0.024914002045989037,0.30336958169937134,0.32792577147483826,-0.046411365270614624,0.2997792959213257,0.4168875515460968,-0.025110892951488495,0.28590238094329834,0.42455682158470154,-0.00378998601809144,0.0,0.0,0.0,0.0,0.0,0.0,0.0,0.0,0.0,0.0,0.0,0.0,0.0,0.0,0.0,0.0,0.0,0.0,0.0,0.0,0.0,0.0,0.0,0.0,0.0,0.0,0.0,0.0,0.0,0.0,0.0,0.0,0.0,0.0,0.0,0.0,0.0,0.0,0.0,0.0,0.0,0.0,0.0,0.0,0.0,0.0,0.0,0.0,0.0,0.0,0.0,0.0,0.0,0.0,0.0,0.0,0.0,0.0,0.0,0.0,0.0,0.0,0.0
stop,0.4814823269844055,0.6051419973373413,1.5923967700004482e-09,0.5762471556663513,0.5863175988197327,-0.022880494594573975,0.6502189636230469,0.5138387084007263,-0.026382915675640106,0.6675468683242798,0.41821303963661194,-0.02910049632191658,0.6124404668807983,0.3878548741340637,-0.023795858025550842,0.6027966141700745,0.4069250822067261,0.01433746051043272,0.6162967681884766,0.3438422679901123,-0.006939868442714214,0.6077283620834351,0.42068013548851013,-0.01380919013172388,0.5992290377616882,0.45056554675102234,-0.014414850622415543,0.5589542984962463,0.40072816610336304,0.013304311782121658,0.5779136419296265,0.34923267364501953,-0.013097422197461128,0.5681573748588562,0.44768717885017395,-0.018760213628411293,0.5636816620826721,0.4565560817718506,-0.014808698557317257,0.5166264772415161,0.4030170440673828,0.006041317246854305,0.5370023250579834,0.35692888498306274,-0.027436750009655952,0.5305240154266357,0.45158106088638306,-0.020102985203266144,0.5222702026367188,0.4556870460510254,-0.005362615920603275,0.46839243173599243,0.4047771096229553,-0.0028450211975723505,0.4982966184616089,0.37913158535957336,-0.017712093889713287,0.49672648310661316,0.43751490116119385,-0.004249268211424351,0.48165905475616455,0.43963611125946045,0.010371481999754906,0.0,0.0,0.0,0.0,0.0,0.0,0.0,0.0,0.0,0.0,0.0,0.0,0.0,0.0,0.0,0.0,0.0,0.0,0.0,0.0,0.0,0.0,0.0,0.0,0.0,0.0,0.0,0.0,0.0,0.0,0.0,0.0,0.0,0.0,0.0,0.0,0.0,0.0,0.0,0.0,0.0,0.0,0.0,0.0,0.0,0.0,0.0,0.0,0.0,0.0,0.0,0.0,0.0,0.0,0.0,0.0,0.0,0.0,0.0,0.0,0.0,0.0,0.0
stop,0.6035358905792236,0.6945798397064209,-7.074412451402168e-07,0.5178828835487366,0.6415371894836426,-0.003218740923330188,0.47109103202819824,0.5605196952819824,-0.005118187982589006,0.4735611379146576,0.4826611280441284,-0.004782368894666433,0.5062001943588257,0.45951929688453674,-0.0024939081631600857,0.5507358908653259,0.4411742091178894,-0.005795725621283054,0.5239072442054749,0.4272696077823639,0.006749247666448355,0.5178401470184326,0.47014832496643066,0.013256559148430824,0.5237563848495483,0.5020531415939331,0.01454363763332367,0.6007041931152344,0.4459700584411621,-0.0030403267592191696,0.56430584192276,0.43907707929611206,0.014205112121999264,0.5522274971008301,0.4777032434940338,0.019271237775683403,0.5570613741874695,0.5125383138656616,0.01729481667280197,0.6378760933876038,0.47119423747062683,0.0021033361554145813,0.5996311902999878,0.46099281311035156,0.014592778868973255,0.587049663066864,0.4918897747993469,0.01801847666501999,0.588811457157135,0.5264428853988647,0.015384165570139885,0.6648685336112976,0.5022215843200684,0.007336306385695934,0.631033182144165,0.4857465624809265,0.017675966024398804,0.6179513931274414,0.5110807418823242,0.026353782042860985,0.6178144216537476,0.5400846600532532,0.031145228073000908,0.0,0.0,0.0,0.0,0.0,0.0,0.0,0.0,0.0,0.0,0.0,0.0,0.0,0.0,0.0,0.0,0.0,0.0,0.0,0.0,0.0,0.0,0.0,0.0,0.0,0.0,0.0,0.0,0.0,0.0,0.0,0.0,0.0,0.0,0.0,0.0,0.0,0.0,0.0,0.0,0.0,0.0,0.0,0.0,0.0,0.0,0.0,0.0,0.0,0.0,0.0,0.0,0.0,0.0,0.0,0.0,0.0,0.0,0.0,0.0,0.0,0.0,0.0
stop,0.49944359064102173,0.6621266603469849,-5.316179141345856e-08,0.5762096643447876,0.6470379829406738,-0.015689389780163765,0.6371268630027771,0.6002712845802307,-0.020066173747181892,0.6495063304901123,0.5236150026321411,-0.025532986968755722,0.6035893559455872,0.49716538190841675,-0.025649726390838623,0.6160579323768616,0.513832151889801,0.011881903745234013,0.6267886757850647,0.4557887315750122,-0.007277087774127722,0.6114839911460876,0.5148366093635559,-0.01756295934319496,0.6057714819908142,0.5470238327980042,-0.02254878543317318,0.5794966816902161,0.504865825176239,0.008644401095807552,0.588001549243927,0.4517638683319092,-0.013739163987338543,0.5773628950119019,0.5271115899085999,-0.02016257680952549,0.5779798030853271,0.5489219427108765,-0.019965332001447678,0.5437756776809692,0.5026845932006836,0.0005666050710715353,0.5529019832611084,0.45884037017822266,-0.02587467059493065,0.5465087294578552,0.5317548513412476,-0.02204795740544796,0.5457199215888977,0.5526460409164429,-0.012751435860991478,0.5053851008415222,0.5009176731109619,-0.00901024416089058,0.5222555994987488,0.47480809688568115,-0.022064030170440674,0.5211575627326965,0.523607611656189,-0.01456774678081274,0.5175050497055054,0.5433183312416077,-0.005670261103659868,0.0,0.0,0.0,0.0,0.0,0.0,0.0,0.0,0.0,0.0,0.0,0.0,0.0,0.0,0.0,0.0,0.0,0.0,0.0,0.0,0.0,0.0,0.0,0.0,0.0,0.0,0.0,0.0,0.0,0.0,0.0,0.0,0.0,0.0,0.0,0.0,0.0,0.0,0.0,0.0,0.0,0.0,0.0,0.0,0.0,0.0,0.0,0.0,0.0,0.0,0.0,0.0,0.0,0.0,0.0,0.0,0.0,0.0,0.0,0.0,0.0,0.0,0.0
stop,0.4290493130683899,0.5902209281921387,1.1101366936827617e-08,0.5031301379203796,0.5439018607139587,-0.02575034834444523,0.5598920583724976,0.47933346033096313,-0.0362786129117012,0.5520710349082947,0.3926717936992645,-0.046320587396621704,0.49282458424568176,0.38101524114608765,-0.050078339874744415,0.5243059992790222,0.39034926891326904,0.005494446028023958,0.5285128951072693,0.33847692608833313,-0.01828235387802124,0.5175191760063171,0.40455466508865356,-0.03163282200694084,0.5149897336959839,0.4315078556537628,-0.03844422847032547,0.48333993554115295,0.3880050778388977,0.0048670596443116665,0.4803846478462219,0.3410566747188568,-0.019701741635799408,0.47918984293937683,0.41929757595062256,-0.027290455996990204,0.4856247305870056,0.430325984954834,-0.028218453750014305,0.4443739354610443,0.39512842893600464,-0.0019334006356075406,0.4426840841770172,0.35481202602386475,-0.028720274567604065,0.4461883306503296,0.4261126220226288,-0.02421451546251774,0.4522104859352112,0.4359115660190582,-0.015341386198997498,0.4023539423942566,0.40253570675849915,-0.011342821642756462,0.41009092330932617,0.3769688308238983,-0.02008776366710663,0.416312038898468,0.4218175411224365,-0.00964337307959795,0.4183036684989929,0.43343600630760193,-2.1298938008840196e-05,0.0,0.0,0.0,0.0,0.0,0.0,0.0,0.0,0.0,0.0,0.0,0.0,0.0,0.0,0.0,0.0,0.0,0.0,0.0,0.0,0.0,0.0,0.0,0.0,0.0,0.0,0.0,0.0,0.0,0.0,0.0,0.0,0.0,0.0,0.0,0.0,0.0,0.0,0.0,0.0,0.0,0.0,0.0,0.0,0.0,0.0,0.0,0.0,0.0,0.0,0.0,0.0,0.0,0.0,0.0,0.0,0.0,0.0,0.0,0.0,0.0,0.0,0.0
stop,0.4023808240890503,0.39910221099853516,1.0747535839072953e-07,0.48686110973358154,0.3758694529533386,-0.02151927910745144,0.540863037109375,0.30672794580459595,-0.028545264154672623,0.5353654623031616,0.21765170991420746,-0.0354435071349144,0.48368653655052185,0.18541428446769714,-0.0379207618534565,0.517543375492096,0.23306448757648468,0.004128348082304001,0.5117011070251465,0.16823966801166534,-0.015112738125026226,0.49791353940963745,0.2230231910943985,-0.027891071513295174,0.49794524908065796,0.25824421644210815,-0.03544744849205017,0.4751082956790924,0.21838325262069702,0.0026257296558469534,0.46774429082870483,0.15634016692638397,-0.016869498416781425,0.46541333198547363,0.22415205836296082,-0.024042204022407532,0.4706135094165802,0.25375860929489136,-0.02584417536854744,0.43413788080215454,0.2154964953660965,-0.004007110837846994,0.43167299032211304,0.15630221366882324,-0.026574106886982918,0.4329267740249634,0.2239556610584259,-0.023961693048477173,0.4366799294948578,0.2549308240413666,-0.01675538904964924,0.3920973837375641,0.2207486927509308,-0.012899445369839668,0.39897575974464417,0.1789102852344513,-0.022825023159384727,0.4030742049217224,0.22160322964191437,-0.01540143322199583,0.4043036699295044,0.24641725420951843,-0.007561462000012398,0.0,0.0,0.0,0.0,0.0,0.0,0.0,0.0,0.0,0.0,0.0,0.0,0.0,0.0,0.0,0.0,0.0,0.0,0.0,0.0,0.0,0.0,0.0,0.0,0.0,0.0,0.0,0.0,0.0,0.0,0.0,0.0,0.0,0.0,0.0,0.0,0.0,0.0,0.0,0.0,0.0,0.0,0.0,0.0,0.0,0.0,0.0,0.0,0.0,0.0,0.0,0.0,0.0,0.0,0.0,0.0,0.0,0.0,0.0,0.0,0.0,0.0,0.0
stop,0.5245652198791504,0.7531493902206421,-7.295028581211227e-08,0.5904271602630615,0.7300246953964233,-0.023280812427401543,0.6479392051696777,0.6727717518806458,-0.030817216262221336,0.6505976319313049,0.596253514289856,-0.037028029561042786,0.6017225980758667,0.5799633264541626,-0.037426140159368515,0.6169002652168274,0.5811949968338013,0.0009838998084887862,0.6222930550575256,0.5308355093002319,-0.019495131447911263,0.610498309135437,0.5932384729385376,-0.029215089976787567,0.6079676747322083,0.6186298131942749,-0.03360555320978165,0.5804238319396973,0.5768457651138306,0.0019139201613143086,0.5841593146324158,0.5344899892807007,-0.01897912658751011,0.5789663195610046,0.6102150678634644,-0.022637072950601578,0.5832377076148987,0.6197943091392517,-0.021185757592320442,0.5454435348510742,0.5799108743667603,-0.002404693514108658,0.5504491925239563,0.5425319075584412,-0.02686462178826332,0.5494282841682434,0.6123703122138977,-0.02067592553794384,0.5525298118591309,0.6223892569541931,-0.010925164446234703,0.5083202123641968,0.5829817056655884,-0.008806128986179829,0.5214902758598328,0.5586206316947937,-0.01861666887998581,0.5241326689720154,0.6032922267913818,-0.008921828120946884,0.5222489833831787,0.6143127083778381,0.000514940416906029,0.0,0.0,0.0,0.0,0.0,0.0,0.0,0.0,0.0,0.0,0.0,0.0,0.0,0.0,0.0,0.0,0.0,0.0,0.0,0.0,0.0,0.0,0.0,0.0,0.0,0.0,0.0,0.0,0.0,0.0,0.0,0.0,0.0,0.0,0.0,0.0,0.0,0.0,0.0,0.0,0.0,0.0,0.0,0.0,0.0,0.0,0.0,0.0,0.0,0.0,0.0,0.0,0.0,0.0,0.0,0.0,0.0,0.0,0.0,0.0,0.0,0.0,0.0
stop,0.6015372276306152,0.7721174955368042,-5.313224846759113e-07,0.5293919444084167,0.7242124080657959,-0.0006015333929099143,0.4923248589038849,0.665591299533844,-0.0012162509374320507,0.49525415897369385,0.6097345352172852,0.0004970128065906465,0.5159478783607483,0.5841919779777527,0.004522212315350771,0.5547788143157959,0.5400952696800232,-0.0053890543058514595,0.5534679293632507,0.5308230519294739,0.011368776671588421,0.5504244565963745,0.5667133927345276,0.022981220856308937,0.5490102171897888,0.592768132686615,0.02811584435403347,0.6053764820098877,0.5451475977897644,-0.0023921187967061996,0.5925017595291138,0.5430996417999268,0.02130361646413803,0.5839929580688477,0.5760735273361206,0.029770703986287117,0.5821174383163452,0.6038463711738586,0.029188062995672226,0.641602635383606,0.5713813900947571,0.0034629316069185734,0.6180561780929565,0.5755490064620972,0.023284131661057472,0.6106003522872925,0.6014277935028076,0.02733532525599003,0.6082537770271301,0.6288235783576965,0.023414188995957375,0.668045163154602,0.6024084091186523,0.009361017495393753,0.6470595598220825,0.6011688709259033,0.02545197680592537,0.6373147368431091,0.623249888420105,0.03397351875901222,0.6321189403533936,0.645775318145752,0.03747919201850891,0.0,0.0,0.0,0.0,0.0,0.0,0.0,0.0,0.0,0.0,0.0,0.0,0.0,0.0,0.0,0.0,0.0,0.0,0.0,0.0,0.0,0.0,0.0,0.0,0.0,0.0,0.0,0.0,0.0,0.0,0.0,0.0,0.0,0.0,0.0,0.0,0.0,0.0,0.0,0.0,0.0,0.0,0.0,0.0,0.0,0.0,0.0,0.0,0.0,0.0,0.0,0.0,0.0,0.0,0.0,0.0,0.0,0.0,0.0,0.0,0.0,0.0,0.0
stop,0.5085459351539612,0.7336066961288452,-3.1097519581635424e-07,0.5789000988006592,0.6808720231056213,0.01625399850308895,0.6059079170227051,0.6145846843719482,0.018232835456728935,0.6263379454612732,0.5715731978416443,0.011411400511860847,0.6180436611175537,0.5456947088241577,0.008890978991985321,0.5289154648780823,0.49423477053642273,0.03539486601948738,0.599330484867096,0.4966728687286377,0.01557058934122324,0.5914732813835144,0.5510150194168091,-0.0018837959505617619,0.570785403251648,0.5640122890472412,-0.012690199539065361,0.5148965120315552,0.4948635399341583,0.015093543566763401,0.6023898720741272,0.4963921308517456,-0.008209118619561195,0.5904680490493774,0.5604750514030457,-0.01748361438512802,0.5643877387046814,0.5750404000282288,-0.019604789093136787,0.5113645195960999,0.5011059641838074,-0.007881460711359978,0.5968340039253235,0.5036748051643372,-0.02714783512055874,0.5864094495773315,0.5645593404769897,-0.02071288600564003,0.560889720916748,0.5771072506904602,-0.01215250976383686,0.5146679282188416,0.5157189965248108,-0.030731284990906715,0.5861477255821228,0.5212985873222351,-0.03623415529727936,0.5769951939582825,0.5656717419624329,-0.024831686168909073,0.5516807436943054,0.5752452611923218,-0.015817085281014442,0.0,0.0,0.0,0.0,0.0,0.0,0.0,0.0,0.0,0.0,0.0,0.0,0.0,0.0,0.0,0.0,0.0,0.0,0.0,0.0,0.0,0.0,0.0,0.0,0.0,0.0,0.0,0.0,0.0,0.0,0.0,0.0,0.0,0.0,0.0,0.0,0.0,0.0,0.0,0.0,0.0,0.0,0.0,0.0,0.0,0.0,0.0,0.0,0.0,0.0,0.0,0.0,0.0,0.0,0.0,0.0,0.0,0.0,0.0,0.0,0.0,0.0,0.0
stop,0.4462019205093384,0.6758673191070557,4.7907690259307856e-08,0.5212209224700928,0.645592987537384,-0.02855054661631584,0.5716743469238281,0.5859125852584839,-0.03523645177483559,0.5639388561248779,0.5106009840965271,-0.04027467593550682,0.513157844543457,0.4909432530403137,-0.03821851685643196,0.559449315071106,0.5256831049919128,0.014265941455960274,0.5619902014732361,0.46737992763519287,-0.010638460516929626,0.5399763584136963,0.5204033255577087,-0.02836044877767563,0.5374728441238403,0.5484511256217957,-0.03682723641395569,0.5195717811584473,0.5196353197097778,0.016791721805930138,0.5214171409606934,0.4617511034011841,-0.009599905461072922,0.5077247619628906,0.5274958610534668,-0.022881049662828445,0.5138976573944092,0.5445716381072998,-0.02515088953077793,0.4841599464416504,0.5172223448753357,0.011794946156442165,0.4832269549369812,0.4704360365867615,-0.01627679541707039,0.4769997000694275,0.5344479084014893,-0.0192486010491848,0.48768487572669983,0.5502874851226807,-0.012434651143848896,0.4494689106941223,0.515053391456604,0.00395330972969532,0.45608964562416077,0.4871627688407898,-0.0035159524995833635,0.45538461208343506,0.5295073986053467,0.004276988096535206,0.4569573700428009,0.5455460548400879,0.013244613073766232,0.0,0.0,0.0,0.0,0.0,0.0,0.0,0.0,0.0,0.0,0.0,0.0,0.0,0.0,0.0,0.0,0.0,0.0,0.0,0.0,0.0,0.0,0.0,0.0,0.0,0.0,0.0,0.0,0.0,0.0,0.0,0.0,0.0,0.0,0.0,0.0,0.0,0.0,0.0,0.0,0.0,0.0,0.0,0.0,0.0,0.0,0.0,0.0,0.0,0.0,0.0,0.0,0.0,0.0,0.0,0.0,0.0,0.0,0.0,0.0,0.0,0.0,0.0
stop,0.2852783799171448,0.5918319225311279,-4.8860901102898424e-08,0.35272106528282166,0.5394465923309326,-0.02445838786661625,0.4010976552963257,0.47044703364372253,-0.034051038324832916,0.38231804966926575,0.3938223123550415,-0.0432276725769043,0.32208582758903503,0.39306190609931946,-0.0462353341281414,0.3755169212818146,0.3920895457267761,0.005304527468979359,0.37077540159225464,0.33386051654815674,-0.016435476019978523,0.3593504726886749,0.39807504415512085,-0.030280455946922302,0.36353886127471924,0.42662081122398376,-0.038278087973594666,0.33511024713516235,0.3904411196708679,0.004874231293797493,0.32620763778686523,0.3366287052631378,-0.015240137465298176,0.326377272605896,0.40841802954673767,-0.019722167402505875,0.33621057868003845,0.425096720457077,-0.020022688433527946,0.2981679141521454,0.3976597487926483,-0.001910566701553762,0.29171186685562134,0.348327100276947,-0.022482458502054214,0.295821875333786,0.41565242409706116,-0.01629825495183468,0.3047093152999878,0.43669867515563965,-0.007688197307288647,0.2617420256137848,0.40844887495040894,-0.011895474046468735,0.26289546489715576,0.3743480443954468,-0.015344711020588875,0.27058666944503784,0.41492676734924316,-0.004832052160054445,0.2767820656299591,0.43414661288261414,0.003611976047977805,0.0,0.0,0.0,0.0,0.0,0.0,0.0,0.0,0.0,0.0,0.0,0.0,0.0,0.0,0.0,0.0,0.0,0.0,0.0,0.0,0.0,0.0,0.0,0.0,0.0,0.0,0.0,0.0,0.0,0.0,0.0,0.0,0.0,0.0,0.0,0.0,0.0,0.0,0.0,0.0,0.0,0.0,0.0,0.0,0.0,0.0,0.0,0.0,0.0,0.0,0.0,0.0,0.0,0.0,0.0,0.0,0.0,0.0,0.0,0.0,0.0,0.0,0.0
stop,0.12422381341457367,0.41905564069747925,4.711755963171527e-08,0.19662347435951233,0.3731289207935333,-0.029335951432585716,0.24118278920650482,0.3018247187137604,-0.04141080006957054,0.2255089432001114,0.22846190631389618,-0.05292041227221489,0.1774398237466812,0.22713936865329742,-0.05862687900662422,0.22939319908618927,0.2320561558008194,0.0023038573563098907,0.21115507185459137,0.17230266332626343,-0.022713707759976387,0.19652880728244781,0.23163293302059174,-0.03809215873479843,0.20549346506595612,0.26438143849372864,-0.0470995232462883,0.18430812656879425,0.22634387016296387,0.003271902445703745,0.16450971364974976,0.16819223761558533,-0.023498913273215294,0.16123734414577484,0.23934346437454224,-0.03040989860892296,0.1783529669046402,0.2622196078300476,-0.03036344051361084,0.1445290595293045,0.23060402274131775,-0.002917993115261197,0.12821991741657257,0.180393248796463,-0.03178292140364647,0.13146525621414185,0.24684494733810425,-0.028818875551223755,0.15138110518455505,0.2694384753704071,-0.01974654383957386,0.10870881378650665,0.24076859652996063,-0.01240463089197874,0.10197582840919495,0.20649456977844238,-0.022255634889006615,0.10672371089458466,0.24717581272125244,-0.01456781942397356,0.1187010183930397,0.26668331027030945,-0.00646559102460742,0.0,0.0,0.0,0.0,0.0,0.0,0.0,0.0,0.0,0.0,0.0,0.0,0.0,0.0,0.0,0.0,0.0,0.0,0.0,0.0,0.0,0.0,0.0,0.0,0.0,0.0,0.0,0.0,0.0,0.0,0.0,0.0,0.0,0.0,0.0,0.0,0.0,0.0,0.0,0.0,0.0,0.0,0.0,0.0,0.0,0.0,0.0,0.0,0.0,0.0,0.0,0.0,0.0,0.0,0.0,0.0,0.0,0.0,0.0,0.0,0.0,0.0,0.0
stop,0.7209765911102295,0.3615114092826843,8.229422832073396e-08,0.8386600017547607,0.342453271150589,-0.02016286738216877,0.9145708680152893,0.26495087146759033,-0.025841334834694862,0.9258670210838318,0.15517380833625793,-0.03557456657290459,0.8663371205329895,0.10573623329401016,-0.038100458681583405,0.8863779902458191,0.16637994349002838,0.039716869592666626,0.9062269926071167,0.0908859446644783,0.002422792837023735,0.8808791041374207,0.16014288365840912,-0.02617044746875763,0.8635696172714233,0.20049670338630676,-0.03942584991455078,0.83454829454422,0.15289080142974854,0.030927332118153572,0.8528039455413818,0.0710424929857254,-0.016392122954130173,0.837858259677887,0.16470135748386383,-0.044667381793260574,0.8303818702697754,0.20314034819602966,-0.05076112970709801,0.7845354080200195,0.14745551347732544,0.013816186226904392,0.8023727536201477,0.08057782053947449,-0.036022018641233444,0.7921265959739685,0.17661575973033905,-0.04188938066363335,0.788165807723999,0.2081545740365982,-0.029769498854875565,0.7315321564674377,0.14160895347595215,-0.00517009012401104,0.7592229843139648,0.11102165281772614,-0.030279017984867096,0.7516533136367798,0.17579591274261475,-0.021722713485360146,0.7416839599609375,0.20233575999736786,-0.006603599991649389,0.0,0.0,0.0,0.0,0.0,0.0,0.0,0.0,0.0,0.0,0.0,0.0,0.0,0.0,0.0,0.0,0.0,0.0,0.0,0.0,0.0,0.0,0.0,0.0,0.0,0.0,0.0,0.0,0.0,0.0,0.0,0.0,0.0,0.0,0.0,0.0,0.0,0.0,0.0,0.0,0.0,0.0,0.0,0.0,0.0,0.0,0.0,0.0,0.0,0.0,0.0,0.0,0.0,0.0,0.0,0.0,0.0,0.0,0.0,0.0,0.0,0.0,0.0
stop,0.6455177068710327,0.6793387532234192,-4.5047098495842874e-08,0.7340260148048401,0.6550916433334351,-0.02303216978907585,0.806772768497467,0.5837942361831665,-0.028816454112529755,0.8070849776268005,0.495688796043396,-0.03355521336197853,0.7480483055114746,0.46972736716270447,-0.03215629607439041,0.7726605534553528,0.4777621328830719,0.0022642677649855614,0.7872803807258606,0.428195983171463,-0.02113392949104309,0.7672027945518494,0.4966212511062622,-0.033537138253450394,0.7559458017349243,0.5196612477302551,-0.039746131747961044,0.7272202968597412,0.46770545840263367,-0.0004130351007916033,0.7389679551124573,0.423744797706604,-0.02408064529299736,0.7276330590248108,0.5073436498641968,-0.03207416459918022,0.7250673770904541,0.5176771283149719,-0.0335259884595871,0.6822988986968994,0.4702569246292114,-0.008455389179289341,0.6953842639923096,0.433192640542984,-0.03667975217103958,0.6896069049835205,0.5164920091629028,-0.03180097043514252,0.6869839429855347,0.5263112187385559,-0.022479187697172165,0.635509729385376,0.4777168333530426,-0.0184938982129097,0.6582954525947571,0.4564852714538574,-0.030530523508787155,0.6578586101531982,0.5111666917800903,-0.01877221278846264,0.6498520374298096,0.5205776691436768,-0.007809167727828026,0.0,0.0,0.0,0.0,0.0,0.0,0.0,0.0,0.0,0.0,0.0,0.0,0.0,0.0,0.0,0.0,0.0,0.0,0.0,0.0,0.0,0.0,0.0,0.0,0.0,0.0,0.0,0.0,0.0,0.0,0.0,0.0,0.0,0.0,0.0,0.0,0.0,0.0,0.0,0.0,0.0,0.0,0.0,0.0,0.0,0.0,0.0,0.0,0.0,0.0,0.0,0.0,0.0,0.0,0.0,0.0,0.0,0.0,0.0,0.0,0.0,0.0,0.0
stop,0.547417163848877,0.8067652583122253,2.6989704338120646e-07,0.6059146523475647,0.7643293142318726,-0.0179289523512125,0.6505305171012878,0.6995188593864441,-0.022126857191324234,0.6470829248428345,0.6335644125938416,-0.026792753487825394,0.612014651298523,0.6055366396903992,-0.03074619732797146,0.6198607087135315,0.6268320083618164,0.009135338477790356,0.63409823179245,0.5733608603477478,-0.005604938603937626,0.642297089099884,0.572585940361023,-0.021723555400967598,0.6490305066108704,0.5834185481071472,-0.032099492847919464,0.5857762694358826,0.6233037114143372,0.008427700027823448,0.59385085105896,0.5794103145599365,-0.004099727142602205,0.6091550588607788,0.5751728415489197,-0.017567219212651253,0.6269494295120239,0.5796571373939514,-0.02685057930648327,0.5505908727645874,0.6290428638458252,0.00276646064594388,0.5593120455741882,0.5816861987113953,-0.01319442130625248,0.578065037727356,0.5750490427017212,-0.02088536135852337,0.597599446773529,0.5811094045639038,-0.023945346474647522,0.5128781795501709,0.6395798921585083,-0.005115845240652561,0.5271164178848267,0.6014183759689331,-0.015561644919216633,0.5431135892868042,0.5923318266868591,-0.01632922887802124,0.5589886903762817,0.5936681032180786,-0.0159143079072237,0.0,0.0,0.0,0.0,0.0,0.0,0.0,0.0,0.0,0.0,0.0,0.0,0.0,0.0,0.0,0.0,0.0,0.0,0.0,0.0,0.0,0.0,0.0,0.0,0.0,0.0,0.0,0.0,0.0,0.0,0.0,0.0,0.0,0.0,0.0,0.0,0.0,0.0,0.0,0.0,0.0,0.0,0.0,0.0,0.0,0.0,0.0,0.0,0.0,0.0,0.0,0.0,0.0,0.0,0.0,0.0,0.0,0.0,0.0,0.0,0.0,0.0,0.0
stop,0.38858652114868164,0.9019824266433716,-3.116731477348367e-07,0.33123958110809326,0.8550242185592651,-0.0032934139017015696,0.30680936574935913,0.7902747988700867,-0.007850198075175285,0.32360371947288513,0.7365862131118774,-0.011904516257345676,0.35511255264282227,0.721867024898529,-0.013313217088580132,0.3271337151527405,0.7048550844192505,-0.00618558656424284,0.34714701771736145,0.6731018424034119,-0.010262061841785908,0.35247012972831726,0.700114905834198,-0.01333773322403431,0.35040977597236633,0.7275256514549255,-0.015329946763813496,0.3691462278366089,0.7026714086532593,-0.008073308505117893,0.38298657536506653,0.6815420985221863,-0.004169886466115713,0.3830452561378479,0.7059904336929321,-0.0028855169657617807,0.3797183036804199,0.7332335710525513,-0.003863456193357706,0.4079095721244812,0.7167788147926331,-0.010019584558904171,0.4122394919395447,0.7053157091140747,-0.006617664825171232,0.4105713367462158,0.727613091468811,-0.004562768619507551,0.4067707657814026,0.7546461224555969,-0.005060728173702955,0.4421689510345459,0.7382525205612183,-0.012533232569694519,0.43793022632598877,0.7309297323226929,-0.00935269333422184,0.4345318675041199,0.7518414258956909,-0.004836369771510363,0.43284136056900024,0.7754572033882141,-0.0010422066552564502,0.0,0.0,0.0,0.0,0.0,0.0,0.0,0.0,0.0,0.0,0.0,0.0,0.0,0.0,0.0,0.0,0.0,0.0,0.0,0.0,0.0,0.0,0.0,0.0,0.0,0.0,0.0,0.0,0.0,0.0,0.0,0.0,0.0,0.0,0.0,0.0,0.0,0.0,0.0,0.0,0.0,0.0,0.0,0.0,0.0,0.0,0.0,0.0,0.0,0.0,0.0,0.0,0.0,0.0,0.0,0.0,0.0,0.0,0.0,0.0,0.0,0.0,0.0
stop,0.30600613355636597,0.6465842723846436,-4.0524329847357876e-07,0.2498747855424881,0.5739164352416992,0.016962314024567604,0.23271618783473969,0.5059295892715454,0.018764641135931015,0.24826104938983917,0.4548378586769104,0.016665566712617874,0.2729681730270386,0.4328171908855438,0.0164965707808733,0.21534572541713715,0.4322715103626251,0.008518452756106853,0.24972909688949585,0.39158517122268677,0.013610870577394962,0.26577502489089966,0.4200074076652527,0.0196043960750103,0.2669612169265747,0.44926801323890686,0.023331640288233757,0.2558414936065674,0.41910743713378906,-0.0009446790209040046,0.2857104241847992,0.38992545008659363,0.013312950730323792,0.29418691992759705,0.4206531047821045,0.02087097242474556,0.29198282957077026,0.4490397870540619,0.021244488656520844,0.29913246631622314,0.42328739166259766,-0.008338138461112976,0.31731343269348145,0.4029523432254791,0.007293286267668009,0.3229212760925293,0.43354588747024536,0.014647617936134338,0.31942248344421387,0.4653974175453186,0.013312912546098232,0.34021586179733276,0.436592161655426,-0.014817492105066776,0.3451104462146759,0.4266516864299774,0.001488637295551598,0.34690767526626587,0.4540241062641144,0.012278474867343903,0.3432319462299347,0.4811882972717285,0.017160136252641678,0.0,0.0,0.0,0.0,0.0,0.0,0.0,0.0,0.0,0.0,0.0,0.0,0.0,0.0,0.0,0.0,0.0,0.0,0.0,0.0,0.0,0.0,0.0,0.0,0.0,0.0,0.0,0.0,0.0,0.0,0.0,0.0,0.0,0.0,0.0,0.0,0.0,0.0,0.0,0.0,0.0,0.0,0.0,0.0,0.0,0.0,0.0,0.0,0.0,0.0,0.0,0.0,0.0,0.0,0.0,0.0,0.0,0.0,0.0,0.0,0.0,0.0,0.0
stop,0.29040756821632385,0.5281984806060791,-4.139529607982695e-07,0.23499396443367004,0.46283870935440063,0.01856640912592411,0.2171304076910019,0.40136468410491943,0.020125269889831543,0.22665205597877502,0.3560269773006439,0.01775328256189823,0.24747508764266968,0.33609235286712646,0.016662798821926117,0.20271746814250946,0.33635419607162476,0.0032439245842397213,0.22393399477005005,0.30110785365104675,0.009394856169819832,0.241341233253479,0.32929298281669617,0.017965875566005707,0.24659943580627441,0.3577762842178345,0.023349694907665253,0.2380165308713913,0.31986290216445923,-0.006539162714034319,0.25634515285491943,0.296800822019577,0.008806792087852955,0.26425397396087646,0.3279021680355072,0.01833849586546421,0.2655183672904968,0.3549997806549072,0.01985037326812744,0.2777218520641327,0.32085317373275757,-0.013343814760446548,0.2858193814754486,0.30784693360328674,0.002561321249231696,0.29170718789100647,0.3383558988571167,0.01034767646342516,0.29156216979026794,0.36813968420028687,0.009199420921504498,0.3157752752304077,0.3311755061149597,-0.018924595788121223,0.31889012455940247,0.32624343037605286,-0.0031273590866476297,0.32182174921035767,0.35282233357429504,0.007762882858514786,0.32027962803840637,0.3785008490085602,0.01293005608022213,0.0,0.0,0.0,0.0,0.0,0.0,0.0,0.0,0.0,0.0,0.0,0.0,0.0,0.0,0.0,0.0,0.0,0.0,0.0,0.0,0.0,0.0,0.0,0.0,0.0,0.0,0.0,0.0,0.0,0.0,0.0,0.0,0.0,0.0,0.0,0.0,0.0,0.0,0.0,0.0,0.0,0.0,0.0,0.0,0.0,0.0,0.0,0.0,0.0,0.0,0.0,0.0,0.0,0.0,0.0,0.0,0.0,0.0,0.0,0.0,0.0,0.0,0.0
stop,0.42938244342803955,0.3955269157886505,-4.5277795379661256e-07,0.3686429262161255,0.36655232310295105,0.026435252279043198,0.3434140086174011,0.3173845410346985,0.03985881432890892,0.3472938537597656,0.27099353075027466,0.04996339604258537,0.36937835812568665,0.24894598126411438,0.06145903095602989,0.3498660922050476,0.2130875289440155,0.03076385334134102,0.3660244345664978,0.17189788818359375,0.05259834975004196,0.37575870752334595,0.18933457136154175,0.06828312575817108,0.37787893414497375,0.21175755560398102,0.07673150300979614,0.3910589814186096,0.19735915958881378,0.02263261191546917,0.41072288155555725,0.175990030169487,0.050964388996362686,0.41661348938941956,0.21199451386928558,0.062229353934526443,0.4166199862957001,0.2397739291191101,0.06431133300065994,0.4292283058166504,0.20408205687999725,0.01759822852909565,0.4461331367492676,0.1972665786743164,0.04275604337453842,0.44883888959884644,0.22758083045482635,0.05051559954881668,0.4489527940750122,0.257720410823822,0.04807216301560402,0.4679427146911621,0.22407600283622742,0.014574067667126656,0.4762135148048401,0.22535423934459686,0.03557403013110161,0.4772086441516876,0.25258493423461914,0.04529326781630516,0.4740091562271118,0.27776846289634705,0.048554886132478714,0.0,0.0,0.0,0.0,0.0,0.0,0.0,0.0,0.0,0.0,0.0,0.0,0.0,0.0,0.0,0.0,0.0,0.0,0.0,0.0,0.0,0.0,0.0,0.0,0.0,0.0,0.0,0.0,0.0,0.0,0.0,0.0,0.0,0.0,0.0,0.0,0.0,0.0,0.0,0.0,0.0,0.0,0.0,0.0,0.0,0.0,0.0,0.0,0.0,0.0,0.0,0.0,0.0,0.0,0.0,0.0,0.0,0.0,0.0,0.0,0.0,0.0,0.0
stop,0.8122389316558838,0.5473155975341797,-8.933577646530466e-07,0.7056676149368286,0.4616083800792694,0.03505808487534523,0.6632505059242249,0.36712121963500977,0.04955769702792168,0.6606937646865845,0.2912556231021881,0.060184378176927567,0.6860867142677307,0.2533093988895416,0.07185591757297516,0.7148455381393433,0.21124646067619324,0.033573441207408905,0.6949191689491272,0.17175838351249695,0.06761544197797775,0.7016299962997437,0.2229727804660797,0.08746564388275146,0.7120068669319153,0.26288312673568726,0.09632235020399094,0.777702808380127,0.19596576690673828,0.024284573271870613,0.7494704127311707,0.17574994266033173,0.0675034373998642,0.7422376871109009,0.2280188798904419,0.07845256477594376,0.7463864684104919,0.2712564766407013,0.07455231994390488,0.8318323493003845,0.21662645041942596,0.021826593205332756,0.8007704615592957,0.19327840209007263,0.06257808208465576,0.7915753722190857,0.23517629504203796,0.07055601477622986,0.7934896945953369,0.2842380702495575,0.06224171817302704,0.8806626796722412,0.2525463402271271,0.022277066484093666,0.8491360545158386,0.23362018167972565,0.05764276161789894,0.8353289365768433,0.27093756198883057,0.07523064315319061,0.8317663073539734,0.3118704557418823,0.08158833533525467,0.0,0.0,0.0,0.0,0.0,0.0,0.0,0.0,0.0,0.0,0.0,0.0,0.0,0.0,0.0,0.0,0.0,0.0,0.0,0.0,0.0,0.0,0.0,0.0,0.0,0.0,0.0,0.0,0.0,0.0,0.0,0.0,0.0,0.0,0.0,0.0,0.0,0.0,0.0,0.0,0.0,0.0,0.0,0.0,0.0,0.0,0.0,0.0,0.0,0.0,0.0,0.0,0.0,0.0,0.0,0.0,0.0,0.0,0.0,0.0,0.0,0.0,0.0
stop,0.7773569822311401,0.6861503720283508,-4.78286494853819e-07,0.7041308879852295,0.6051090359687805,0.011658732779324055,0.6729563474655151,0.5290340185165405,0.00842275470495224,0.688420295715332,0.4594426155090332,0.003171979682520032,0.7205923795700073,0.42824938893318176,0.0005017828661948442,0.716111958026886,0.41286206245422363,-0.007910024374723434,0.7527720928192139,0.3508493900299072,0.00017575664969626814,0.7598708868026733,0.3896520137786865,0.013425889424979687,0.7532396912574768,0.42828369140625,0.022786904126405716,0.7744865417480469,0.4114866256713867,-0.014104695990681648,0.8117546439170837,0.36046862602233887,0.004518141038715839,0.8114274740219116,0.40296587347984314,0.016016485169529915,0.8024055361747742,0.44109609723091125,0.01831069216132164,0.8291099667549133,0.4316175580024719,-0.01702282391488552,0.8528456091880798,0.3917698264122009,0.005482248961925507,0.8512257933616638,0.42941179871559143,0.01487730909138918,0.8415537476539612,0.46878260374069214,0.012580472975969315,0.877855658531189,0.4655139446258545,-0.019013240933418274,0.8886576294898987,0.43072372674942017,0.0011485731229186058,0.8833486437797546,0.45896071195602417,0.012790624983608723,0.8736387491226196,0.4910229742527008,0.017682762816548347,0.0,0.0,0.0,0.0,0.0,0.0,0.0,0.0,0.0,0.0,0.0,0.0,0.0,0.0,0.0,0.0,0.0,0.0,0.0,0.0,0.0,0.0,0.0,0.0,0.0,0.0,0.0,0.0,0.0,0.0,0.0,0.0,0.0,0.0,0.0,0.0,0.0,0.0,0.0,0.0,0.0,0.0,0.0,0.0,0.0,0.0,0.0,0.0,0.0,0.0,0.0,0.0,0.0,0.0,0.0,0.0,0.0,0.0,0.0,0.0,0.0,0.0,0.0
stop,0.569015383720398,0.6787787675857544,-4.173575405275187e-07,0.5125070810317993,0.6364285349845886,0.008629214949905872,0.48360636830329895,0.5778261423110962,0.00868908315896988,0.48016414046287537,0.5348008871078491,0.006913392338901758,0.4874809980392456,0.5144102573394775,0.005145876202732325,0.5222299695014954,0.47106096148490906,0.008113708347082138,0.4901050627231598,0.44057950377464294,0.010561644099652767,0.49202632904052734,0.47822123765945435,0.006745215971022844,0.5030853152275085,0.5092722177505493,0.0028883307240903378,0.5563143491744995,0.4643372893333435,0.002454400295391679,0.5225348472595215,0.4532272517681122,0.015389764681458473,0.5186446905136108,0.48662474751472473,0.015468097291886806,0.5274126529693604,0.5157623291015625,0.010502178221940994,0.5855762362480164,0.4768332242965698,-0.0018022953299805522,0.5548288226127625,0.46978649497032166,0.011613734066486359,0.5495904088020325,0.500443696975708,0.013461326248943806,0.5556492805480957,0.528856635093689,0.009050464257597923,0.6107486486434937,0.49782225489616394,-0.005928556900471449,0.5877761244773865,0.4885141849517822,0.005371044855564833,0.5790116786956787,0.515926718711853,0.012952787801623344,0.5794467329978943,0.5411060452461243,0.016812916845083237,0.0,0.0,0.0,0.0,0.0,0.0,0.0,0.0,0.0,0.0,0.0,0.0,0.0,0.0,0.0,0.0,0.0,0.0,0.0,0.0,0.0,0.0,0.0,0.0,0.0,0.0,0.0,0.0,0.0,0.0,0.0,0.0,0.0,0.0,0.0,0.0,0.0,0.0,0.0,0.0,0.0,0.0,0.0,0.0,0.0,0.0,0.0,0.0,0.0,0.0,0.0,0.0,0.0,0.0,0.0,0.0,0.0,0.0,0.0,0.0,0.0,0.0,0.0
stop,0.3733147978782654,0.3668481707572937,-1.2286538719763485e-07,0.40250834822654724,0.32973259687423706,-0.01313049253076315,0.420702189207077,0.28448569774627686,-0.01809922233223915,0.4011683166027069,0.23694400489330292,-0.02411888726055622,0.37211039662361145,0.21947148442268372,-0.0260892566293478,0.44444429874420166,0.24778570234775543,0.008290407247841358,0.44277632236480713,0.19875690340995789,-0.011912968009710312,0.42184409499168396,0.22077660262584686,-0.02411007322371006,0.41731947660446167,0.24279800057411194,-0.03009159117937088,0.42433297634124756,0.2376013696193695,0.005267785396426916,0.4169953465461731,0.18183550238609314,-0.017445117235183716,0.39950549602508545,0.21618790924549103,-0.02424723096191883,0.40660327672958374,0.24115632474422455,-0.023300301283597946,0.40317994356155396,0.2361535131931305,-0.0028386057820171118,0.3966131806373596,0.18593257665634155,-0.02749714069068432,0.38364025950431824,0.2222582995891571,-0.026256805285811424,0.393129825592041,0.24663613736629486,-0.018171753734350204,0.38134336471557617,0.24140673875808716,-0.012569820508360863,0.3776748776435852,0.20698052644729614,-0.025189047679305077,0.3711100220680237,0.2293400913476944,-0.021584611386060715,0.3769613206386566,0.250078946352005,-0.015281452797353268,0.0,0.0,0.0,0.0,0.0,0.0,0.0,0.0,0.0,0.0,0.0,0.0,0.0,0.0,0.0,0.0,0.0,0.0,0.0,0.0,0.0,0.0,0.0,0.0,0.0,0.0,0.0,0.0,0.0,0.0,0.0,0.0,0.0,0.0,0.0,0.0,0.0,0.0,0.0,0.0,0.0,0.0,0.0,0.0,0.0,0.0,0.0,0.0,0.0,0.0,0.0,0.0,0.0,0.0,0.0,0.0,0.0,0.0,0.0,0.0,0.0,0.0,0.0
stop,0.29844242334365845,0.3344973027706146,-1.146533890050705e-07,0.3342368006706238,0.29333189129829407,-0.020589550957083702,0.3577856719493866,0.23163902759552002,-0.023227164521813393,0.3351368308067322,0.18019592761993408,-0.024621201679110527,0.3032417297363281,0.18588875234127045,-0.020161936059594154,0.35274383425712585,0.1959855556488037,0.010902732610702515,0.34564706683158875,0.14836230874061584,-0.005848933942615986,0.33304697275161743,0.1847565919160843,-0.016255972906947136,0.33460909128189087,0.21029475331306458,-0.0204002745449543,0.3254218101501465,0.19351735711097717,0.0128372423350811,0.31225302815437317,0.14577120542526245,-0.005805029533803463,0.30648109316825867,0.1889147311449051,-0.011189671233296394,0.31530535221099854,0.21028827130794525,-0.008263209834694862,0.30096396803855896,0.19888393580913544,0.00884624570608139,0.28803399205207825,0.16203778982162476,-0.010529718361794949,0.28912782669067383,0.20050668716430664,-0.009850789792835712,0.3001081645488739,0.2187347114086151,-0.0019499543122947216,0.27863386273384094,0.2115182876586914,0.002237628912553191,0.273769736289978,0.1839032620191574,-0.004368353169411421,0.27580755949020386,0.20704399049282074,0.0008341753855347633,0.27954599261283875,0.2241378128528595,0.008194409310817719,0.0,0.0,0.0,0.0,0.0,0.0,0.0,0.0,0.0,0.0,0.0,0.0,0.0,0.0,0.0,0.0,0.0,0.0,0.0,0.0,0.0,0.0,0.0,0.0,0.0,0.0,0.0,0.0,0.0,0.0,0.0,0.0,0.0,0.0,0.0,0.0,0.0,0.0,0.0,0.0,0.0,0.0,0.0,0.0,0.0,0.0,0.0,0.0,0.0,0.0,0.0,0.0,0.0,0.0,0.0,0.0,0.0,0.0,0.0,0.0,0.0,0.0,0.0
stop,0.7865394353866577,0.3441150486469269,-6.942358936612436e-07,0.7036604881286621,0.2660908102989197,0.003510411363095045,0.6685364246368408,0.17422303557395935,0.00488855317234993,0.6855702996253967,0.0976245328783989,0.00715585658326745,0.7201565504074097,0.07099582999944687,0.011423049494624138,0.7457929253578186,0.046178050339221954,-0.00036888965405523777,0.7285868525505066,0.029095925390720367,0.015399230644106865,0.7218064069747925,0.07379411160945892,0.024616163223981857,0.7237285375595093,0.11115434765815735,0.027945756912231445,0.802527666091919,0.05368689075112343,-0.000970283814240247,0.7771563529968262,0.04496484994888306,0.023113157600164413,0.7648296356201172,0.08108554035425186,0.03019084595143795,0.763495147228241,0.11835378408432007,0.028191186487674713,0.8466378450393677,0.08473663032054901,0.001508536166511476,0.813988983631134,0.07759250700473785,0.019544504582881927,0.8030743598937988,0.10688804090023041,0.021770048886537552,0.8008407354354858,0.14603036642074585,0.016903437674045563,0.8791006803512573,0.12004591524600983,0.004299976862967014,0.8502720594406128,0.10650269687175751,0.017389416694641113,0.8381087183952332,0.13185204565525055,0.02546634152531624,0.8337506055831909,0.164786696434021,0.029751351103186607,0.0,0.0,0.0,0.0,0.0,0.0,0.0,0.0,0.0,0.0,0.0,0.0,0.0,0.0,0.0,0.0,0.0,0.0,0.0,0.0,0.0,0.0,0.0,0.0,0.0,0.0,0.0,0.0,0.0,0.0,0.0,0.0,0.0,0.0,0.0,0.0,0.0,0.0,0.0,0.0,0.0,0.0,0.0,0.0,0.0,0.0,0.0,0.0,0.0,0.0,0.0,0.0,0.0,0.0,0.0,0.0,0.0,0.0,0.0,0.0,0.0,0.0,0.0
stop,0.5368505120277405,0.6708757877349854,-8.078622499851917e-07,0.4433456063270569,0.6036458015441895,0.005503305699676275,0.3952919840812683,0.5142791271209717,0.009307682514190674,0.39592939615249634,0.43242207169532776,0.013504473492503166,0.42539918422698975,0.404384583234787,0.020827438682317734,0.4800771474838257,0.3644878566265106,0.009712650440633297,0.460519939661026,0.34215301275253296,0.029677068814635277,0.4517315626144409,0.38552194833755493,0.04227050021290779,0.45336708426475525,0.4218677282333374,0.04745158180594444,0.5377888679504395,0.3667365312576294,0.008822159841656685,0.5070260167121887,0.3443629741668701,0.030888868495821953,0.4924619793891907,0.38213789463043213,0.038715992122888565,0.4935969114303589,0.4211890399456024,0.038873761892318726,0.5811845660209656,0.3928232192993164,0.010811891406774521,0.5470749735832214,0.36225470900535583,0.02711397223174572,0.5317879915237427,0.39315012097358704,0.03221279755234718,0.530879020690918,0.43393993377685547,0.030796699225902557,0.61311936378479,0.4269372522830963,0.01339285634458065,0.5815431475639343,0.39057743549346924,0.02639332041144371,0.565199077129364,0.4143475294113159,0.036561526358127594,0.562054455280304,0.44908538460731506,0.04289025440812111,0.0,0.0,0.0,0.0,0.0,0.0,0.0,0.0,0.0,0.0,0.0,0.0,0.0,0.0,0.0,0.0,0.0,0.0,0.0,0.0,0.0,0.0,0.0,0.0,0.0,0.0,0.0,0.0,0.0,0.0,0.0,0.0,0.0,0.0,0.0,0.0,0.0,0.0,0.0,0.0,0.0,0.0,0.0,0.0,0.0,0.0,0.0,0.0,0.0,0.0,0.0,0.0,0.0,0.0,0.0,0.0,0.0,0.0,0.0,0.0,0.0,0.0,0.0
stop,0.6904826760292053,0.6622271537780762,-6.291157887972076e-07,0.602202832698822,0.5987317562103271,0.005546714644879103,0.5512374639511108,0.5181981325149536,0.007097193971276283,0.5349291563034058,0.44832563400268555,0.006237491499632597,0.546973705291748,0.4109156131744385,0.007841951213777065,0.6193491816520691,0.3807109296321869,0.027207136154174805,0.5948324203491211,0.3445514738559723,0.03532133251428604,0.585709810256958,0.3797033131122589,0.033881306648254395,0.5870994329452515,0.411460280418396,0.03163124993443489,0.6669338345527649,0.37901201844215393,0.02291351929306984,0.6413723230361938,0.34541481733322144,0.03617779538035393,0.6265544295310974,0.381621778011322,0.03261391445994377,0.6256862282752991,0.4185400903224945,0.026666253805160522,0.7064409255981445,0.39786890149116516,0.018821533769369125,0.6854487657546997,0.35882097482681274,0.03276192769408226,0.6701095104217529,0.3882073760032654,0.03366681933403015,0.6668424606323242,0.4271394610404968,0.029993178322911263,0.7432525157928467,0.43006518483161926,0.014373064041137695,0.7198467254638672,0.3926806151866913,0.030461400747299194,0.7048081755638123,0.41053396463394165,0.04027950018644333,0.70027095079422,0.43530669808387756,0.04566989466547966,0.0,0.0,0.0,0.0,0.0,0.0,0.0,0.0,0.0,0.0,0.0,0.0,0.0,0.0,0.0,0.0,0.0,0.0,0.0,0.0,0.0,0.0,0.0,0.0,0.0,0.0,0.0,0.0,0.0,0.0,0.0,0.0,0.0,0.0,0.0,0.0,0.0,0.0,0.0,0.0,0.0,0.0,0.0,0.0,0.0,0.0,0.0,0.0,0.0,0.0,0.0,0.0,0.0,0.0,0.0,0.0,0.0,0.0,0.0,0.0,0.0,0.0,0.0
stop,0.6193085312843323,0.5433841943740845,-7.147473297663964e-07,0.529922366142273,0.492167592048645,-0.0061442553997039795,0.4834584891796112,0.4111480116844177,-0.007155589293688536,0.4861152470111847,0.3353477716445923,-0.0047385673969984055,0.5145753622055054,0.30831238627433777,0.00028417471912689507,0.56464022397995,0.2657126188278198,-0.007641255855560303,0.5430485606193542,0.26074132323265076,0.009175078943371773,0.5357840657234192,0.30252087116241455,0.0195761788636446,0.538147509098053,0.3335648477077484,0.023058023303747177,0.6210910081863403,0.2721728980541229,-0.003478752914816141,0.5892423987388611,0.27119940519332886,0.016622180119156837,0.5761411786079407,0.31023913621902466,0.022621093317866325,0.5778632760047913,0.3458020091056824,0.020960019901394844,0.6618913412094116,0.3015591502189636,0.0033360763918608427,0.6268302202224731,0.29767483472824097,0.017409125342965126,0.6133108139038086,0.32828202843666077,0.019508909434080124,0.6126948595046997,0.36426612734794617,0.015701157972216606,0.6909344792366028,0.3364095091819763,0.009990650229156017,0.6610941290855408,0.32442837953567505,0.020867517217993736,0.6480104923248291,0.34837034344673157,0.028263598680496216,0.6455990672111511,0.37711068987846375,0.03203977644443512,0.0,0.0,0.0,0.0,0.0,0.0,0.0,0.0,0.0,0.0,0.0,0.0,0.0,0.0,0.0,0.0,0.0,0.0,0.0,0.0,0.0,0.0,0.0,0.0,0.0,0.0,0.0,0.0,0.0,0.0,0.0,0.0,0.0,0.0,0.0,0.0,0.0,0.0,0.0,0.0,0.0,0.0,0.0,0.0,0.0,0.0,0.0,0.0,0.0,0.0,0.0,0.0,0.0,0.0,0.0,0.0,0.0,0.0,0.0,0.0,0.0,0.0,0.0
stop,0.6442607045173645,0.558884859085083,-7.686514891247498e-07,0.5540825128555298,0.4984714984893799,-0.0006050090305507183,0.5041955709457397,0.407931923866272,-0.000926112406887114,0.5044701099395752,0.32971474528312683,-0.0005120523856021464,0.5354224443435669,0.3075239360332489,0.0015881555154919624,0.5955042243003845,0.264008104801178,0.0032970078755170107,0.5629410743713379,0.25801265239715576,0.015893666073679924,0.5546631813049316,0.3045964539051056,0.018548158928751945,0.5620831847190857,0.3381458520889282,0.016967251896858215,0.6494016647338867,0.2702880799770355,0.0029018588829785585,0.6078711152076721,0.26394203305244446,0.021326037123799324,0.5945074558258057,0.30377811193466187,0.02457510493695736,0.6010865569114685,0.3419695496559143,0.021306995302438736,0.6895257234573364,0.29984062910079956,0.004553451668471098,0.6469598412513733,0.28544020652770996,0.017840005457401276,0.6329843401908875,0.3184058368206024,0.01990174688398838,0.6364571452140808,0.35752612352371216,0.016611620783805847,0.7183599472045898,0.3360143303871155,0.005956466309726238,0.6840340495109558,0.3125992715358734,0.016820857301354408,0.6702476739883423,0.33738580346107483,0.02547982893884182,0.6707597374916077,0.3698717951774597,0.03057466447353363,0.0,0.0,0.0,0.0,0.0,0.0,0.0,0.0,0.0,0.0,0.0,0.0,0.0,0.0,0.0,0.0,0.0,0.0,0.0,0.0,0.0,0.0,0.0,0.0,0.0,0.0,0.0,0.0,0.0,0.0,0.0,0.0,0.0,0.0,0.0,0.0,0.0,0.0,0.0,0.0,0.0,0.0,0.0,0.0,0.0,0.0,0.0,0.0,0.0,0.0,0.0,0.0,0.0,0.0,0.0,0.0,0.0,0.0,0.0,0.0,0.0,0.0,0.0
stop,0.42682594060897827,0.48717641830444336,-5.12475367031584e-07,0.35237857699394226,0.4450286626815796,0.006680215243250132,0.309867262840271,0.38149794936180115,0.006942602805793285,0.31273967027664185,0.31623467803001404,0.005279176402837038,0.3357722759246826,0.2798120677471161,0.005945505574345589,0.3339434564113617,0.2393653243780136,0.012013090774416924,0.3450217545032501,0.2022406905889511,0.020934075117111206,0.35380080342292786,0.23378361761569977,0.025499418377876282,0.35660138726234436,0.2652360796928406,0.027189072221517563,0.3824266791343689,0.22513306140899658,0.006911109201610088,0.3933062255382538,0.20999029278755188,0.024297231808304787,0.3955863118171692,0.2465987652540207,0.02771233208477497,0.39580899477005005,0.2797092795372009,0.025319287553429604,0.42674896121025085,0.2359442114830017,0.0029103117994964123,0.4328714907169342,0.22923478484153748,0.016673345118761063,0.4325425326824188,0.26097992062568665,0.018392270430922508,0.4301566481590271,0.2951255142688751,0.014534101821482182,0.4667607545852661,0.2561526894569397,-0.0008680935716256499,0.46596473455429077,0.2518422603607178,0.01138293370604515,0.4617938995361328,0.2801303267478943,0.018874501809477806,0.45780351758003235,0.3095889687538147,0.022943483665585518,0.0,0.0,0.0,0.0,0.0,0.0,0.0,0.0,0.0,0.0,0.0,0.0,0.0,0.0,0.0,0.0,0.0,0.0,0.0,0.0,0.0,0.0,0.0,0.0,0.0,0.0,0.0,0.0,0.0,0.0,0.0,0.0,0.0,0.0,0.0,0.0,0.0,0.0,0.0,0.0,0.0,0.0,0.0,0.0,0.0,0.0,0.0,0.0,0.0,0.0,0.0,0.0,0.0,0.0,0.0,0.0,0.0,0.0,0.0,0.0,0.0,0.0,0.0
stop,0.4363188147544861,0.5197159647941589,-6.207363867360982e-07,0.3558668792247772,0.4760245680809021,0.004907289054244757,0.31117376685142517,0.41461068391799927,0.0017112137284129858,0.31110870838165283,0.35045337677001953,-0.00243435543961823,0.33442381024360657,0.3159603774547577,-0.004520650953054428,0.34089744091033936,0.2675457000732422,0.0008919694810174406,0.33850449323654175,0.24093660712242126,0.007498994003981352,0.34505364298820496,0.2830272614955902,0.011208638548851013,0.35094258189201355,0.3189578056335449,0.01218061801046133,0.39088159799575806,0.25371506810188293,-0.003506535431370139,0.38152971863746643,0.23999252915382385,0.013092948123812675,0.37949422001838684,0.28001630306243896,0.01814602129161358,0.38367483019828796,0.3153435289859772,0.016133639961481094,0.4349340498447418,0.26423096656799316,-0.0060179634019732475,0.41627511382102966,0.25765615701675415,0.0081922123208642,0.41376426815986633,0.29196813702583313,0.011957131326198578,0.41633886098861694,0.32831650972366333,0.008773733861744404,0.4734764099121094,0.2830447852611542,-0.008469721302390099,0.4503813087940216,0.27636221051216125,0.0048858532682061195,0.44539862871170044,0.3052057921886444,0.013921610079705715,0.4458518922328949,0.3343674838542938,0.018769415095448494,0.0,0.0,0.0,0.0,0.0,0.0,0.0,0.0,0.0,0.0,0.0,0.0,0.0,0.0,0.0,0.0,0.0,0.0,0.0,0.0,0.0,0.0,0.0,0.0,0.0,0.0,0.0,0.0,0.0,0.0,0.0,0.0,0.0,0.0,0.0,0.0,0.0,0.0,0.0,0.0,0.0,0.0,0.0,0.0,0.0,0.0,0.0,0.0,0.0,0.0,0.0,0.0,0.0,0.0,0.0,0.0,0.0,0.0,0.0,0.0,0.0,0.0,0.0
stop,0.6298956274986267,0.5408247709274292,-6.751921546310768e-07,0.5360016226768494,0.4811166524887085,-0.004905700217932463,0.483217716217041,0.39841166138648987,-0.010237263515591621,0.47616860270500183,0.3180510699748993,-0.014021573588252068,0.5040504336357117,0.2932838201522827,-0.015609054826200008,0.5695405602455139,0.239963561296463,-0.002852848032489419,0.537492036819458,0.22755688428878784,0.009383265860378742,0.5324392318725586,0.2748926877975464,0.012118766084313393,0.5413778424263,0.30767732858657837,0.010135708376765251,0.6258369088172913,0.24244064092636108,-0.0013793336693197489,0.5872888565063477,0.23334363102912903,0.015207088552415371,0.574789822101593,0.2736932337284088,0.01680692471563816,0.5804660320281982,0.3127969801425934,0.012396492063999176,0.66804039478302,0.2707986831665039,0.0025563682429492474,0.62917160987854,0.2572653591632843,0.015410181134939194,0.6157421469688416,0.288601815700531,0.017233453691005707,0.6175363659858704,0.32888302206993103,0.013581686653196812,0.697817862033844,0.30620622634887695,0.006056731101125479,0.6645616888999939,0.2864520847797394,0.017136700451374054,0.6519373655319214,0.3128806948661804,0.025887204334139824,0.652959942817688,0.34664225578308105,0.03103068098425865,0.0,0.0,0.0,0.0,0.0,0.0,0.0,0.0,0.0,0.0,0.0,0.0,0.0,0.0,0.0,0.0,0.0,0.0,0.0,0.0,0.0,0.0,0.0,0.0,0.0,0.0,0.0,0.0,0.0,0.0,0.0,0.0,0.0,0.0,0.0,0.0,0.0,0.0,0.0,0.0,0.0,0.0,0.0,0.0,0.0,0.0,0.0,0.0,0.0,0.0,0.0,0.0,0.0,0.0,0.0,0.0,0.0,0.0,0.0,0.0,0.0,0.0,0.0
stop,0.5870195627212524,0.46023494005203247,-5.968505547571112e-07,0.506649374961853,0.41615360975265503,0.0062616667710244656,0.4631296396255493,0.35940903425216675,0.008328529074788094,0.45216771960258484,0.29322144389152527,0.010891002602875233,0.467351496219635,0.25176113843917847,0.016112644225358963,0.5173219442367554,0.20181964337825775,0.014357456937432289,0.5096362829208374,0.16527563333511353,0.0360071025788784,0.509235143661499,0.20483602583408356,0.04833748936653137,0.5157318115234375,0.23756463825702667,0.054111089557409286,0.5704354643821716,0.19476807117462158,0.017412250861525536,0.5553012490272522,0.1649075299501419,0.048421621322631836,0.5444817543029785,0.2022092491388321,0.05832106992602348,0.545596182346344,0.23717720806598663,0.05798186734318733,0.6116665005683899,0.21452462673187256,0.023020625114440918,0.5911111831665039,0.19209912419319153,0.05176808312535286,0.5796555876731873,0.22263659536838531,0.05785610154271126,0.5784744620323181,0.2587401568889618,0.05350309982895851,0.6464894413948059,0.24302658438682556,0.029023855924606323,0.6230708360671997,0.2275272011756897,0.05476364493370056,0.6117970943450928,0.2537638247013092,0.06614834815263748,0.6081680655479431,0.28368183970451355,0.07028857618570328,0.0,0.0,0.0,0.0,0.0,0.0,0.0,0.0,0.0,0.0,0.0,0.0,0.0,0.0,0.0,0.0,0.0,0.0,0.0,0.0,0.0,0.0,0.0,0.0,0.0,0.0,0.0,0.0,0.0,0.0,0.0,0.0,0.0,0.0,0.0,0.0,0.0,0.0,0.0,0.0,0.0,0.0,0.0,0.0,0.0,0.0,0.0,0.0,0.0,0.0,0.0,0.0,0.0,0.0,0.0,0.0,0.0,0.0,0.0,0.0,0.0,0.0,0.0
stop,0.46232256293296814,0.4001604914665222,-5.878778210899327e-07,0.3903043568134308,0.3811984062194824,0.010954630561172962,0.35195136070251465,0.3278167247772217,0.01797228865325451,0.3520087003707886,0.2732961177825928,0.02393452078104019,0.37098899483680725,0.24563080072402954,0.031795933842659,0.3814719617366791,0.18576651811599731,0.01984742283821106,0.38627928495407104,0.1768219769001007,0.03409811109304428,0.3949785530567169,0.21287435293197632,0.039691004902124405,0.3995363414287567,0.24206966161727905,0.04031946510076523,0.42624491453170776,0.16708721220493317,0.015366330742835999,0.42890283465385437,0.17287974059581757,0.03773648664355278,0.43194952607154846,0.2125529795885086,0.04309890419244766,0.4351516664028168,0.2443949431180954,0.04132538288831711,0.4661506414413452,0.17520444095134735,0.012250655330717564,0.46438655257225037,0.18554046750068665,0.02947191148996353,0.4645631015300751,0.2189255952835083,0.032774895429611206,0.46539974212646484,0.24976760149002075,0.02911389246582985,0.5043162703514099,0.19860659539699554,0.009351051412522793,0.5014581084251404,0.2103564590215683,0.020529916509985924,0.49948152899742126,0.24052362143993378,0.02572106011211872,0.4956934452056885,0.2673930823802948,0.027820685878396034,0.0,0.0,0.0,0.0,0.0,0.0,0.0,0.0,0.0,0.0,0.0,0.0,0.0,0.0,0.0,0.0,0.0,0.0,0.0,0.0,0.0,0.0,0.0,0.0,0.0,0.0,0.0,0.0,0.0,0.0,0.0,0.0,0.0,0.0,0.0,0.0,0.0,0.0,0.0,0.0,0.0,0.0,0.0,0.0,0.0,0.0,0.0,0.0,0.0,0.0,0.0,0.0,0.0,0.0,0.0,0.0,0.0,0.0,0.0,0.0,0.0,0.0,0.0
stop,0.3295363783836365,0.3977826237678528,-5.393180799728725e-07,0.25818026065826416,0.3693411946296692,0.009602736681699753,0.2180325984954834,0.3143270015716553,0.011342352256178856,0.2216668426990509,0.25456517934799194,0.011053736321628094,0.24678641557693481,0.2254602611064911,0.012121686711907387,0.23369817435741425,0.18616031110286713,0.008343742229044437,0.2311646044254303,0.15916241705417633,0.01748141460120678,0.23868533968925476,0.19156289100646973,0.022210966795682907,0.24570901691913605,0.2211255133152008,0.02357410080730915,0.2771642804145813,0.1681121289730072,0.002576950704678893,0.27167391777038574,0.15391206741333008,0.020331252366304398,0.2724350094795227,0.1841617375612259,0.02561984956264496,0.27732130885124207,0.21352894604206085,0.024281471967697144,0.31856390833854675,0.1729251742362976,-0.001349280821159482,0.30718570947647095,0.16818824410438538,0.013992131687700748,0.3072521686553955,0.1957089602947235,0.017088262364268303,0.30996671319007874,0.22640840709209442,0.013613258488476276,0.3553154766559601,0.18929369747638702,-0.005015936680138111,0.343954861164093,0.18799346685409546,0.008033175952732563,0.34205159544944763,0.21227622032165527,0.015458409674465656,0.34233367443084717,0.2386755645275116,0.019089750945568085,0.0,0.0,0.0,0.0,0.0,0.0,0.0,0.0,0.0,0.0,0.0,0.0,0.0,0.0,0.0,0.0,0.0,0.0,0.0,0.0,0.0,0.0,0.0,0.0,0.0,0.0,0.0,0.0,0.0,0.0,0.0,0.0,0.0,0.0,0.0,0.0,0.0,0.0,0.0,0.0,0.0,0.0,0.0,0.0,0.0,0.0,0.0,0.0,0.0,0.0,0.0,0.0,0.0,0.0,0.0,0.0,0.0,0.0,0.0,0.0,0.0,0.0,0.0
stop,0.2665107250213623,0.40286052227020264,-4.921692493553564e-07,0.19308410584926605,0.37184029817581177,0.0028786526527255774,0.154285728931427,0.3240281343460083,-0.00338479015044868,0.16262806951999664,0.26981985569000244,-0.010528851300477982,0.18503326177597046,0.24163463711738586,-0.016042372211813927,0.15705983340740204,0.19149330258369446,-0.012688897550106049,0.17244228720664978,0.17223221063613892,-0.008503394201397896,0.18539808690547943,0.20427031815052032,-0.003201546845957637,0.18988218903541565,0.23410257697105408,-0.0012800926342606544,0.2017020732164383,0.16512320935726166,-0.01716102845966816,0.21675977110862732,0.16814681887626648,-0.0026428077835589647,0.22261586785316467,0.20382316410541534,0.0038438576739281416,0.22516866028308868,0.23378907144069672,0.0019247980089858174,0.24606014788150787,0.1682237684726715,-0.019399253651499748,0.2524179220199585,0.18193908035755157,-0.007381734438240528,0.2565516531467438,0.21433909237384796,-0.0043282839469611645,0.2572650611400604,0.24630610644817352,-0.008866792544722557,0.28749385476112366,0.1833048313856125,-0.02164728008210659,0.2895761728286743,0.1996413767337799,-0.011598732322454453,0.2901071310043335,0.23000675439834595,-0.005435857456177473,0.28769075870513916,0.2586337625980377,-0.0032697285059839487,0.0,0.0,0.0,0.0,0.0,0.0,0.0,0.0,0.0,0.0,0.0,0.0,0.0,0.0,0.0,0.0,0.0,0.0,0.0,0.0,0.0,0.0,0.0,0.0,0.0,0.0,0.0,0.0,0.0,0.0,0.0,0.0,0.0,0.0,0.0,0.0,0.0,0.0,0.0,0.0,0.0,0.0,0.0,0.0,0.0,0.0,0.0,0.0,0.0,0.0,0.0,0.0,0.0,0.0,0.0,0.0,0.0,0.0,0.0,0.0,0.0,0.0,0.0
stop,0.3413715362548828,0.5784200429916382,-4.838634595216718e-07,0.268028199672699,0.5491891503334045,0.007523953914642334,0.2239377200603485,0.48759886622428894,0.010564223863184452,0.22119274735450745,0.42135798931121826,0.011675873771309853,0.2397690713405609,0.38138502836227417,0.015008806250989437,0.2414766550064087,0.3709139823913574,0.012326502241194248,0.23015043139457703,0.3150857985019684,0.015094516798853874,0.2359800785779953,0.33473142981529236,0.018038630485534668,0.2454872876405716,0.368686318397522,0.021212568506598473,0.2874220013618469,0.35190388560295105,0.007791074458509684,0.2719610929489136,0.30657970905303955,0.017770323902368546,0.2685619294643402,0.3299834430217743,0.021661892533302307,0.27357926964759827,0.3613905608654022,0.022939514368772507,0.3287414312362671,0.35173410177230835,0.003709052922204137,0.3080320954322815,0.3095356523990631,0.010569320060312748,0.3002728223800659,0.3281356990337372,0.01383595634251833,0.3020555377006531,0.35811808705329895,0.014651423320174217,0.36429721117019653,0.36239832639694214,0.00021808133169542998,0.33700233697891235,0.3245212733745575,0.006949109956622124,0.32754001021385193,0.3376043140888214,0.014202350750565529,0.3288414776325226,0.3620833158493042,0.02028314583003521,0.0,0.0,0.0,0.0,0.0,0.0,0.0,0.0,0.0,0.0,0.0,0.0,0.0,0.0,0.0,0.0,0.0,0.0,0.0,0.0,0.0,0.0,0.0,0.0,0.0,0.0,0.0,0.0,0.0,0.0,0.0,0.0,0.0,0.0,0.0,0.0,0.0,0.0,0.0,0.0,0.0,0.0,0.0,0.0,0.0,0.0,0.0,0.0,0.0,0.0,0.0,0.0,0.0,0.0,0.0,0.0,0.0,0.0,0.0,0.0,0.0,0.0,0.0
stop,0.3905348479747772,0.694147527217865,-5.795387778562144e-07,0.3159748911857605,0.6439417004585266,0.01262390986084938,0.2769530713558197,0.5800021886825562,0.013154501095414162,0.282927542924881,0.5126598477363586,0.0117133017629385,0.3093379735946655,0.48100948333740234,0.01198734249919653,0.29415279626846313,0.45701971650123596,0.003913503605872393,0.3069540560245514,0.4260942041873932,0.014759515412151814,0.3162655830383301,0.4597216546535492,0.023361777886748314,0.32093051075935364,0.4921032786369324,0.027505718171596527,0.34088659286499023,0.4403122663497925,-0.0032363440841436386,0.3467511534690857,0.4213835597038269,0.01738532818853855,0.3469967246055603,0.4552856385707855,0.026323145255446434,0.34954920411109924,0.4860377311706543,0.026487529277801514,0.385252982378006,0.4483867287635803,-0.007456261198967695,0.3809806704521179,0.42738547921180725,0.010473406873643398,0.37952861189842224,0.4578309953212738,0.016925379633903503,0.37966039776802063,0.49172109365463257,0.014659613370895386,0.42464837431907654,0.4677866995334625,-0.010795737616717815,0.40985944867134094,0.44636401534080505,0.0043662916868925095,0.40500608086586,0.47204041481018066,0.014959651045501232,0.4039381444454193,0.5011506080627441,0.02047431841492653,0.0,0.0,0.0,0.0,0.0,0.0,0.0,0.0,0.0,0.0,0.0,0.0,0.0,0.0,0.0,0.0,0.0,0.0,0.0,0.0,0.0,0.0,0.0,0.0,0.0,0.0,0.0,0.0,0.0,0.0,0.0,0.0,0.0,0.0,0.0,0.0,0.0,0.0,0.0,0.0,0.0,0.0,0.0,0.0,0.0,0.0,0.0,0.0,0.0,0.0,0.0,0.0,0.0,0.0,0.0,0.0,0.0,0.0,0.0,0.0,0.0,0.0,0.0
stop,0.3925853669643402,0.7523787021636963,-4.6250625018728897e-07,0.32125502824783325,0.6905208826065063,0.011894337832927704,0.290497362613678,0.6205880641937256,0.013395183719694614,0.30324476957321167,0.5534670352935791,0.013626045547425747,0.33469706773757935,0.5249113440513611,0.016517292708158493,0.30465877056121826,0.5166919231414795,0.003566859057173133,0.3247792422771454,0.4751265048980713,0.01501517929136753,0.3346859812736511,0.5048810839653015,0.025955967605113983,0.33566814661026,0.5334632396697998,0.0320497527718544,0.3523780405521393,0.504125714302063,-0.00209800130687654,0.36831411719322205,0.47245529294013977,0.017646098509430885,0.36953502893447876,0.5019844770431519,0.027703581377863884,0.3677982687950134,0.530346155166626,0.029668884351849556,0.3976232707500458,0.5145924091339111,-0.004980333615094423,0.40195995569229126,0.4869908094406128,0.013772748410701752,0.4016335904598236,0.5133681893348694,0.02114694193005562,0.3984506130218506,0.5448253750801086,0.019692637026309967,0.43718212842941284,0.5378242135047913,-0.007008905988186598,0.4303687810897827,0.5225043892860413,0.009833930060267448,0.4260518550872803,0.5460383296012878,0.020516403019428253,0.42222297191619873,0.5728356838226318,0.025907743722200394,0.0,0.0,0.0,0.0,0.0,0.0,0.0,0.0,0.0,0.0,0.0,0.0,0.0,0.0,0.0,0.0,0.0,0.0,0.0,0.0,0.0,0.0,0.0,0.0,0.0,0.0,0.0,0.0,0.0,0.0,0.0,0.0,0.0,0.0,0.0,0.0,0.0,0.0,0.0,0.0,0.0,0.0,0.0,0.0,0.0,0.0,0.0,0.0,0.0,0.0,0.0,0.0,0.0,0.0,0.0,0.0,0.0,0.0,0.0,0.0,0.0,0.0,0.0
stop,0.43644315004348755,0.8152546286582947,-3.5696135114449135e-07,0.3665252923965454,0.7794765830039978,0.004786691162735224,0.32641464471817017,0.7154392600059509,0.003564006183296442,0.33072948455810547,0.6491959691047668,0.001027510385029018,0.3579297661781311,0.6198447942733765,0.001237473450601101,0.34042131900787354,0.6120331883430481,0.0024821460247039795,0.3688693642616272,0.5599234104156494,0.002728773280978203,0.3801886737346649,0.5903705954551697,0.0029254592955112457,0.37581315636634827,0.6199626922607422,0.0026048552244901657,0.38497546315193176,0.5985422730445862,-0.003123230766505003,0.4078305661678314,0.5555530190467834,0.006300459615886211,0.41584721207618713,0.5853986144065857,0.011681957170367241,0.41223159432411194,0.6157612204551697,0.012829630635678768,0.42881837487220764,0.601407527923584,-0.00819400791078806,0.44254523515701294,0.5666822195053101,0.0016526371473446488,0.44726794958114624,0.5952382683753967,0.00864921510219574,0.44308245182037354,0.6269255876541138,0.009886864572763443,0.469361275434494,0.6175171136856079,-0.013484349474310875,0.47333860397338867,0.5989832878112793,-0.005119129084050655,0.47388017177581787,0.624196469783783,0.0036035669036209583,0.4713813364505768,0.6515122652053833,0.009697498753666878,0.0,0.0,0.0,0.0,0.0,0.0,0.0,0.0,0.0,0.0,0.0,0.0,0.0,0.0,0.0,0.0,0.0,0.0,0.0,0.0,0.0,0.0,0.0,0.0,0.0,0.0,0.0,0.0,0.0,0.0,0.0,0.0,0.0,0.0,0.0,0.0,0.0,0.0,0.0,0.0,0.0,0.0,0.0,0.0,0.0,0.0,0.0,0.0,0.0,0.0,0.0,0.0,0.0,0.0,0.0,0.0,0.0,0.0,0.0,0.0,0.0,0.0,0.0
stop,0.5163089036941528,0.7774584293365479,-4.668690678499843e-07,0.4452822208404541,0.7206316590309143,0.013107307255268097,0.41497910022735596,0.6455438137054443,0.012367925606667995,0.42347246408462524,0.5792034268379211,0.0096760094165802,0.45444151759147644,0.5444762110710144,0.009498925879597664,0.419039785861969,0.5658934712409973,-0.0035596799571067095,0.4505085349082947,0.49286720156669617,0.00018992251716554165,0.4658361077308655,0.5221015810966492,0.009633844718337059,0.46682387590408325,0.5553997159004211,0.01593776047229767,0.46649086475372314,0.5516836643218994,-0.011701315641403198,0.4907098412513733,0.4861171841621399,-0.0015950340311974287,0.4977380037307739,0.5217185020446777,0.007709461729973555,0.495687335729599,0.5564099550247192,0.01085843238979578,0.5152012705802917,0.5553929805755615,-0.017368048429489136,0.5247882008552551,0.4992900490760803,-0.00336093339137733,0.5274232625961304,0.5287912487983704,0.007388202473521233,0.523270308971405,0.5631630420684814,0.008781683631241322,0.5606370568275452,0.572864830493927,-0.021842574700713158,0.5553584098815918,0.5302010178565979,-0.007592674344778061,0.5524942278862,0.5512480735778809,0.00422322191298008,0.5482683777809143,0.5775777101516724,0.010395457036793232,0.0,0.0,0.0,0.0,0.0,0.0,0.0,0.0,0.0,0.0,0.0,0.0,0.0,0.0,0.0,0.0,0.0,0.0,0.0,0.0,0.0,0.0,0.0,0.0,0.0,0.0,0.0,0.0,0.0,0.0,0.0,0.0,0.0,0.0,0.0,0.0,0.0,0.0,0.0,0.0,0.0,0.0,0.0,0.0,0.0,0.0,0.0,0.0,0.0,0.0,0.0,0.0,0.0,0.0,0.0,0.0,0.0,0.0,0.0,0.0,0.0,0.0,0.0
stop,0.7048812508583069,0.7373920679092407,-6.299241022134083e-07,0.626498818397522,0.6932258009910583,-0.00541121419519186,0.5797507762908936,0.6016796827316284,-0.004625669214874506,0.5744799375534058,0.5157960057258606,-0.0022031681146472692,0.6053675413131714,0.48948362469673157,0.005169379524886608,0.6782646179199219,0.5031999945640564,0.008162911981344223,0.6611873507499695,0.43696388602256775,0.015383603051304817,0.6380825042724609,0.46500176191329956,0.020533032715320587,0.6311127543449402,0.4984089732170105,0.022606978192925453,0.7271463871002197,0.5109751224517822,0.01061568409204483,0.7051846385002136,0.44169554114341736,0.019692862406373024,0.6774317026138306,0.4682444930076599,0.023418761789798737,0.6704468727111816,0.5034712553024292,0.024751560762524605,0.7652849555015564,0.5358566045761108,0.01262570545077324,0.745551347732544,0.4721875786781311,0.01937171071767807,0.715291440486908,0.4858607053756714,0.02439839020371437,0.705925464630127,0.5188426971435547,0.026188408955931664,0.801042377948761,0.5783994793891907,0.014265607111155987,0.7763513922691345,0.5223979353904724,0.022375380620360374,0.7493399977684021,0.5255126953125,0.02987215481698513,0.7376419901847839,0.5446460843086243,0.03487798571586609,0.0,0.0,0.0,0.0,0.0,0.0,0.0,0.0,0.0,0.0,0.0,0.0,0.0,0.0,0.0,0.0,0.0,0.0,0.0,0.0,0.0,0.0,0.0,0.0,0.0,0.0,0.0,0.0,0.0,0.0,0.0,0.0,0.0,0.0,0.0,0.0,0.0,0.0,0.0,0.0,0.0,0.0,0.0,0.0,0.0,0.0,0.0,0.0,0.0,0.0,0.0,0.0,0.0,0.0,0.0,0.0,0.0,0.0,0.0,0.0,0.0,0.0,0.0
stop,0.742598831653595,0.7235821485519409,-7.583063847960148e-07,0.6560868620872498,0.6322590112686157,-0.007235262542963028,0.6083777546882629,0.529249906539917,-0.017689405009150505,0.6123765110969543,0.44284865260124207,-0.026633737608790398,0.6515066623687744,0.42766907811164856,-0.03207430616021156,0.7179433107376099,0.42908555269241333,-0.02032896876335144,0.6816991567611694,0.35362547636032104,-0.018672984093427658,0.6705735325813293,0.4100068211555481,-0.015804439783096313,0.6803237795829773,0.46074381470680237,-0.015467194840312004,0.7773866653442383,0.4387427568435669,-0.01919664442539215,0.7338179349899292,0.3674166202545166,-0.013676976785063744,0.713492214679718,0.408427357673645,-0.009004250168800354,0.7189527750015259,0.4550544321537018,-0.009903421625494957,0.8195924758911133,0.46490776538848877,-0.015920424833893776,0.7766038775444031,0.3960185945034027,-0.011811178177595139,0.7570711374282837,0.42927372455596924,-0.005705185234546661,0.7596534490585327,0.4763655662536621,-0.005325633566826582,0.8487651944160461,0.4973202347755432,-0.012921072542667389,0.8132849931716919,0.43538254499435425,-0.010120971128344536,0.7939180731773376,0.4631648659706116,-0.0023509066086262465,0.7939140796661377,0.5052276253700256,0.0031629044096916914,0.0,0.0,0.0,0.0,0.0,0.0,0.0,0.0,0.0,0.0,0.0,0.0,0.0,0.0,0.0,0.0,0.0,0.0,0.0,0.0,0.0,0.0,0.0,0.0,0.0,0.0,0.0,0.0,0.0,0.0,0.0,0.0,0.0,0.0,0.0,0.0,0.0,0.0,0.0,0.0,0.0,0.0,0.0,0.0,0.0,0.0,0.0,0.0,0.0,0.0,0.0,0.0,0.0,0.0,0.0,0.0,0.0,0.0,0.0,0.0,0.0,0.0,0.0
stop,0.7512666583061218,0.5117989182472229,-5.680260528606595e-07,0.6671575903892517,0.4490237534046173,0.0008052742341533303,0.616324782371521,0.36180421710014343,-0.004768599756062031,0.6149455904960632,0.273088276386261,-0.011477243155241013,0.6465397477149963,0.24997110664844513,-0.015533775091171265,0.7006438374519348,0.22401311993598938,0.004443677142262459,0.6963990926742554,0.1709071397781372,0.008602673187851906,0.6932725310325623,0.21528998017311096,0.006760112941265106,0.6958210468292236,0.2588154673576355,0.003696243744343519,0.7579465508460999,0.225511834025383,0.0009753211634233594,0.7496713995933533,0.1792702078819275,0.015385841019451618,0.7398324608802795,0.2145415097475052,0.01627015694975853,0.7393675446510315,0.2591204047203064,0.012242228724062443,0.8064869046211243,0.25210753083229065,-0.0014503769343718886,0.7947984337806702,0.2073180079460144,0.011915399692952633,0.7836859822273254,0.23822860419750214,0.014153260737657547,0.7806987166404724,0.28225526213645935,0.010763103142380714,0.8482487201690674,0.2903043031692505,-0.004260599613189697,0.8327792286872864,0.24809923768043518,0.007167268544435501,0.819940984249115,0.2754440903663635,0.015067435801029205,0.8165955543518066,0.3142065405845642,0.01989765278995037,0.0,0.0,0.0,0.0,0.0,0.0,0.0,0.0,0.0,0.0,0.0,0.0,0.0,0.0,0.0,0.0,0.0,0.0,0.0,0.0,0.0,0.0,0.0,0.0,0.0,0.0,0.0,0.0,0.0,0.0,0.0,0.0,0.0,0.0,0.0,0.0,0.0,0.0,0.0,0.0,0.0,0.0,0.0,0.0,0.0,0.0,0.0,0.0,0.0,0.0,0.0,0.0,0.0,0.0,0.0,0.0,0.0,0.0,0.0,0.0,0.0,0.0,0.0
stop,0.7698396444320679,0.4642564058303833,-7.094441230037773e-07,0.6734464168548584,0.38660579919815063,-0.0013689370825886726,0.6256892681121826,0.28768324851989746,-0.0021311286836862564,0.6301094889640808,0.20284812152385712,-0.0006527043296955526,0.6658830642700195,0.18286411464214325,0.0031435065902769566,0.7334079742431641,0.13731147348880768,-0.000945653417147696,0.6926364898681641,0.12353520095348358,0.01889912039041519,0.6839532852172852,0.1810019314289093,0.02573726326227188,0.6937989592552185,0.22173207998275757,0.02538846805691719,0.7925763130187988,0.14514002203941345,0.002203035168349743,0.7421001195907593,0.13769030570983887,0.029227767139673233,0.7268904447555542,0.18122750520706177,0.03430065140128136,0.7340022325515747,0.2215336710214615,0.029387960210442543,0.8351587057113647,0.18005120754241943,0.008963439613580704,0.7878059148788452,0.1635473668575287,0.030148833990097046,0.7712503671646118,0.1967926323413849,0.03152746334671974,0.7728891968727112,0.2396371066570282,0.024907268583774567,0.8649658560752869,0.22061577439308167,0.01555937621742487,0.8282274007797241,0.19531086087226868,0.030259864404797554,0.812617838382721,0.2245372235774994,0.037965599447488785,0.8118780255317688,0.2626292109489441,0.04150561988353729,0.0,0.0,0.0,0.0,0.0,0.0,0.0,0.0,0.0,0.0,0.0,0.0,0.0,0.0,0.0,0.0,0.0,0.0,0.0,0.0,0.0,0.0,0.0,0.0,0.0,0.0,0.0,0.0,0.0,0.0,0.0,0.0,0.0,0.0,0.0,0.0,0.0,0.0,0.0,0.0,0.0,0.0,0.0,0.0,0.0,0.0,0.0,0.0,0.0,0.0,0.0,0.0,0.0,0.0,0.0,0.0,0.0,0.0,0.0,0.0,0.0,0.0,0.0
stop,0.36366066336631775,0.5239605903625488,-4.888098033006827e-07,0.2995079755783081,0.4771563410758972,0.020778007805347443,0.27067822217941284,0.4143208861351013,0.025985684245824814,0.27738094329833984,0.3620605766773224,0.02628142572939396,0.30078867077827454,0.3347008228302002,0.027021758258342743,0.2617303133010864,0.318755567073822,0.019100934267044067,0.2739783227443695,0.28781020641326904,0.028971988707780838,0.28855881094932556,0.3164973855018616,0.03422810509800911,0.29832732677459717,0.34328746795654297,0.036104317754507065,0.29864710569381714,0.29361492395401,0.008676213212311268,0.30840715765953064,0.2741720676422119,0.028199249878525734,0.31327229738235474,0.3056621253490448,0.03433597832918167,0.3187960088253021,0.3318861424922943,0.03273793309926987,0.34009647369384766,0.291690856218338,0.0008159832796081901,0.34197893738746643,0.27702879905700684,0.019344696775078773,0.34563130140304565,0.30752047896385193,0.023777132853865623,0.34907975792884827,0.3373066186904907,0.019955741241574287,0.3804393708705902,0.3005635142326355,-0.005727358628064394,0.3779453933238983,0.28832221031188965,0.012244656682014465,0.3788115382194519,0.31491321325302124,0.02305641397833824,0.3799715042114258,0.34178322553634644,0.027874238789081573,0.0,0.0,0.0,0.0,0.0,0.0,0.0,0.0,0.0,0.0,0.0,0.0,0.0,0.0,0.0,0.0,0.0,0.0,0.0,0.0,0.0,0.0,0.0,0.0,0.0,0.0,0.0,0.0,0.0,0.0,0.0,0.0,0.0,0.0,0.0,0.0,0.0,0.0,0.0,0.0,0.0,0.0,0.0,0.0,0.0,0.0,0.0,0.0,0.0,0.0,0.0,0.0,0.0,0.0,0.0,0.0,0.0,0.0,0.0,0.0,0.0,0.0,0.0
stop,0.32120245695114136,0.4766325354576111,-1.2312790431678877e-07,0.395133912563324,0.4649261236190796,-0.0182938314974308,0.4544571340084076,0.42821404337882996,-0.02721606381237507,0.4586256742477417,0.353790283203125,-0.03676706925034523,0.41787222027778625,0.3235112726688385,-0.04284727945923805,0.4487033188343048,0.35636788606643677,-9.313999180449173e-05,0.4613381028175354,0.3037935495376587,-0.020805716514587402,0.43837451934814453,0.3491156995296478,-0.03413081914186478,0.42821577191352844,0.38307860493659973,-0.04193640127778053,0.4116843342781067,0.33393311500549316,-0.003702904563397169,0.4217469096183777,0.2728210985660553,-0.02758665382862091,0.4021086096763611,0.33365172147750854,-0.035103216767311096,0.3953406810760498,0.36812612414360046,-0.03554876893758774,0.37475794553756714,0.32289543747901917,-0.011403276585042477,0.3822678029537201,0.2665793001651764,-0.037555839866399765,0.3691847324371338,0.33091044425964355,-0.03334042429924011,0.36440688371658325,0.3667474687099457,-0.024255191907286644,0.3355567157268524,0.31715700030326843,-0.020825490355491638,0.3458874821662903,0.2787770926952362,-0.03462361916899681,0.34100282192230225,0.3245643973350525,-0.026630684733390808,0.3376043140888214,0.3560592234134674,-0.01763055846095085,0.0,0.0,0.0,0.0,0.0,0.0,0.0,0.0,0.0,0.0,0.0,0.0,0.0,0.0,0.0,0.0,0.0,0.0,0.0,0.0,0.0,0.0,0.0,0.0,0.0,0.0,0.0,0.0,0.0,0.0,0.0,0.0,0.0,0.0,0.0,0.0,0.0,0.0,0.0,0.0,0.0,0.0,0.0,0.0,0.0,0.0,0.0,0.0,0.0,0.0,0.0,0.0,0.0,0.0,0.0,0.0,0.0,0.0,0.0,0.0,0.0,0.0,0.0
stop,0.2596421241760254,0.3590537905693054,-8.05954982752155e-08,0.3333139419555664,0.35507655143737793,-0.011871634982526302,0.3880874216556549,0.3189408481121063,-0.015969324856996536,0.3924037516117096,0.2504788637161255,-0.02305973321199417,0.36222735047340393,0.21305909752845764,-0.028124922886490822,0.3914002776145935,0.26140323281288147,0.014816420152783394,0.39728859066963196,0.20222605764865875,-0.005141849163919687,0.3709425628185272,0.2208101749420166,-0.02003346011042595,0.35955730080604553,0.25026369094848633,-0.0283763837069273,0.3579878807067871,0.23157258331775665,0.009947540238499641,0.36490440368652344,0.1698487102985382,-0.01383538730442524,0.34005188941955566,0.20047305524349213,-0.024464072659611702,0.3321840763092041,0.2329222559928894,-0.026014303788542747,0.32702627778053284,0.21529610455036163,0.0001003487705020234,0.3375737965106964,0.15875424444675446,-0.02577778324484825,0.319025456905365,0.19725540280342102,-0.026566805317997932,0.31454581022262573,0.23221132159233093,-0.01953795552253723,0.29648715257644653,0.20953479409217834,-0.011234741657972336,0.3132112920284271,0.17195577919483185,-0.02492005005478859,0.30088385939598083,0.20002435147762299,-0.01998899132013321,0.29463955760002136,0.2281215935945511,-0.012331475503742695,0.0,0.0,0.0,0.0,0.0,0.0,0.0,0.0,0.0,0.0,0.0,0.0,0.0,0.0,0.0,0.0,0.0,0.0,0.0,0.0,0.0,0.0,0.0,0.0,0.0,0.0,0.0,0.0,0.0,0.0,0.0,0.0,0.0,0.0,0.0,0.0,0.0,0.0,0.0,0.0,0.0,0.0,0.0,0.0,0.0,0.0,0.0,0.0,0.0,0.0,0.0,0.0,0.0,0.0,0.0,0.0,0.0,0.0,0.0,0.0,0.0,0.0,0.0
stop,0.2292049378156662,0.3206985294818878,-7.620733981639205e-07,0.22393293678760529,0.22812415659427643,-0.0002044315915554762,0.2474689781665802,0.16286611557006836,-0.0017967867897823453,0.28025296330451965,0.1291489601135254,-0.010004119016230106,0.30941471457481384,0.12555012106895447,-0.017868349328637123,0.3187616765499115,0.19364428520202637,0.0259366687387228,0.3380427658557892,0.13679225742816925,0.009263377636671066,0.3013123869895935,0.12661294639110565,-0.00625154422596097,0.26555442810058594,0.14561358094215393,-0.014623435214161873,0.3303076922893524,0.20969223976135254,0.01625090092420578,0.3395601212978363,0.1403263509273529,-0.004751533269882202,0.29623979330062866,0.13180294632911682,-0.020185362547636032,0.2603275179862976,0.15197822451591492,-0.025373226031661034,0.33981943130493164,0.23243919014930725,0.002659922931343317,0.3471027612686157,0.1553850769996643,-0.023980462923645973,0.2996346056461334,0.1495477855205536,-0.03133561834692955,0.2633001506328583,0.17428697645664215,-0.028788693249225616,0.34451258182525635,0.2613343596458435,-0.01082088053226471,0.3544136881828308,0.19011452794075012,-0.03221163898706436,0.31326067447662354,0.17680096626281738,-0.032780494540929794,0.27625712752342224,0.19299642741680145,-0.027475304901599884,0.0,0.0,0.0,0.0,0.0,0.0,0.0,0.0,0.0,0.0,0.0,0.0,0.0,0.0,0.0,0.0,0.0,0.0,0.0,0.0,0.0,0.0,0.0,0.0,0.0,0.0,0.0,0.0,0.0,0.0,0.0,0.0,0.0,0.0,0.0,0.0,0.0,0.0,0.0,0.0,0.0,0.0,0.0,0.0,0.0,0.0,0.0,0.0,0.0,0.0,0.0,0.0,0.0,0.0,0.0,0.0,0.0,0.0,0.0,0.0,0.0,0.0,0.0
stop,0.15597869455814362,0.3844243884086609,-1.562366058749376e-08,0.22679252922534943,0.36155158281326294,-0.026387764140963554,0.2762488126754761,0.2993723452091217,-0.036322273313999176,0.2573314607143402,0.22211694717407227,-0.044687770307064056,0.20684415102005005,0.21060705184936523,-0.04751930013298988,0.27267107367515564,0.22542692720890045,-0.0033724086824804544,0.2565211355686188,0.16812439262866974,-0.02743053436279297,0.236726313829422,0.2208959460258484,-0.04169505462050438,0.24073559045791626,0.252722829580307,-0.049527544528245926,0.23029188811779022,0.20996421575546265,-0.003297323128208518,0.21365851163864136,0.15053483843803406,-0.02695026434957981,0.20686012506484985,0.2133571207523346,-0.03241609409451485,0.2184455692768097,0.23902687430381775,-0.03209354355931282,0.19170105457305908,0.20566628873348236,-0.009401165880262852,0.17931197583675385,0.1535087674856186,-0.03571154549717903,0.1777922511100769,0.2147311270236969,-0.03343912586569786,0.19222396612167358,0.24049440026283264,-0.025511085987091064,0.1561894416809082,0.21029631793498993,-0.018365157768130302,0.15298739075660706,0.17801973223686218,-0.02845619060099125,0.15458089113235474,0.21780827641487122,-0.02146182768046856,0.16151843965053558,0.23857298493385315,-0.013849754817783833,0.0,0.0,0.0,0.0,0.0,0.0,0.0,0.0,0.0,0.0,0.0,0.0,0.0,0.0,0.0,0.0,0.0,0.0,0.0,0.0,0.0,0.0,0.0,0.0,0.0,0.0,0.0,0.0,0.0,0.0,0.0,0.0,0.0,0.0,0.0,0.0,0.0,0.0,0.0,0.0,0.0,0.0,0.0,0.0,0.0,0.0,0.0,0.0,0.0,0.0,0.0,0.0,0.0,0.0,0.0,0.0,0.0,0.0,0.0,0.0,0.0,0.0,0.0
stop,0.22139522433280945,0.5038802027702332,2.220028960664422e-08,0.2791582942008972,0.47320348024368286,-0.022307612001895905,0.32352182269096375,0.4165377914905548,-0.03205364942550659,0.31404778361320496,0.351083368062973,-0.04123080149292946,0.2620958387851715,0.34305426478385925,-0.04725364223122597,0.311953604221344,0.3284663259983063,-0.0022966826800256968,0.29876789450645447,0.279002845287323,-0.017421966418623924,0.2948729991912842,0.3266052007675171,-0.030950877815485,0.29602664709091187,0.35896092653274536,-0.03931243717670441,0.27537447214126587,0.3211575150489807,-0.0020170004572719336,0.26014119386672974,0.2670261561870575,-0.01612309366464615,0.2655254006385803,0.3146073818206787,-0.02422524429857731,0.2659320831298828,0.347005695104599,-0.027772318571805954,0.24085940420627594,0.3273911774158478,-0.005866901483386755,0.22866949439048767,0.27636635303497314,-0.020003672689199448,0.2356516420841217,0.3205525875091553,-0.022101277485489845,0.23751935362815857,0.35393890738487244,-0.02056075818836689,0.20685464143753052,0.3420857787132263,-0.01241819653660059,0.2020379602909088,0.3084692656993866,-0.017585542052984238,0.21186713874340057,0.3354034423828125,-0.015115063637495041,0.21654081344604492,0.3624308705329895,-0.012299896217882633,0.0,0.0,0.0,0.0,0.0,0.0,0.0,0.0,0.0,0.0,0.0,0.0,0.0,0.0,0.0,0.0,0.0,0.0,0.0,0.0,0.0,0.0,0.0,0.0,0.0,0.0,0.0,0.0,0.0,0.0,0.0,0.0,0.0,0.0,0.0,0.0,0.0,0.0,0.0,0.0,0.0,0.0,0.0,0.0,0.0,0.0,0.0,0.0,0.0,0.0,0.0,0.0,0.0,0.0,0.0,0.0,0.0,0.0,0.0,0.0,0.0,0.0,0.0
stop,0.31180059909820557,0.6338992118835449,-1.0717910470248171e-07,0.3915470242500305,0.6281874179840088,-0.019277464598417282,0.4546692669391632,0.5785081386566162,-0.026290059089660645,0.45598524808883667,0.4958840608596802,-0.03400103747844696,0.41823720932006836,0.4496837258338928,-0.038554124534130096,0.45573917031288147,0.5169986486434937,0.003901967778801918,0.46452194452285767,0.4582265615463257,-0.022275393828749657,0.43579694628715515,0.4829956591129303,-0.04045652225613594,0.4190671443939209,0.5109903812408447,-0.04991549625992775,0.4171614646911621,0.484554260969162,4.511848237598315e-05,0.42348945140838623,0.4204820990562439,-0.02713937684893608,0.39828458428382874,0.4690591096878052,-0.036899417638778687,0.3919566571712494,0.5064331293106079,-0.037426259368658066,0.3777972161769867,0.46608874201774597,-0.009238485246896744,0.38140183687210083,0.4102637469768524,-0.03880426287651062,0.3632977306842804,0.4673640727996826,-0.036932699382305145,0.36149609088897705,0.5046772360801697,-0.027944058179855347,0.3365236222743988,0.45766687393188477,-0.020489418879151344,0.343430757522583,0.4200347065925598,-0.0359131395816803,0.3326440453529358,0.4615381360054016,-0.028316393494606018,0.3304416239261627,0.4918628931045532,-0.018766092136502266,0.0,0.0,0.0,0.0,0.0,0.0,0.0,0.0,0.0,0.0,0.0,0.0,0.0,0.0,0.0,0.0,0.0,0.0,0.0,0.0,0.0,0.0,0.0,0.0,0.0,0.0,0.0,0.0,0.0,0.0,0.0,0.0,0.0,0.0,0.0,0.0,0.0,0.0,0.0,0.0,0.0,0.0,0.0,0.0,0.0,0.0,0.0,0.0,0.0,0.0,0.0,0.0,0.0,0.0,0.0,0.0,0.0,0.0,0.0,0.0,0.0,0.0,0.0
stop,0.49109670519828796,0.4496996998786926,-1.1714630687720273e-07,0.5519306659698486,0.4558839201927185,-0.020297732204198837,0.6158769726753235,0.432881236076355,-0.02660086378455162,0.6401475071907043,0.378262996673584,-0.031789351254701614,0.6355692148208618,0.3272082805633545,-0.033825721591711044,0.6221672296524048,0.35251933336257935,-0.004117317497730255,0.6432228684425354,0.31098711490631104,-0.0297325998544693,0.6205983757972717,0.34980329871177673,-0.046109236776828766,0.6035598516464233,0.38517245650291443,-0.05352126061916351,0.5894802808761597,0.3178684413433075,-0.004625042900443077,0.6124998331069946,0.2704072594642639,-0.028588131070137024,0.5877767205238342,0.31974995136260986,-0.03613879159092903,0.5735229253768921,0.35556596517562866,-0.036185123026371,0.553159773349762,0.29576215147972107,-0.009926826693117619,0.5702322721481323,0.25195053219795227,-0.037826862186193466,0.5499365925788879,0.3036283254623413,-0.03186442330479622,0.53978431224823,0.33834126591682434,-0.021409155800938606,0.5121511816978455,0.28004151582717896,-0.016667811200022697,0.5275276899337769,0.24933744966983795,-0.03584720566868782,0.5147156715393066,0.2913854718208313,-0.027255166321992874,0.5065877437591553,0.32159408926963806,-0.015984775498509407,0.0,0.0,0.0,0.0,0.0,0.0,0.0,0.0,0.0,0.0,0.0,0.0,0.0,0.0,0.0,0.0,0.0,0.0,0.0,0.0,0.0,0.0,0.0,0.0,0.0,0.0,0.0,0.0,0.0,0.0,0.0,0.0,0.0,0.0,0.0,0.0,0.0,0.0,0.0,0.0,0.0,0.0,0.0,0.0,0.0,0.0,0.0,0.0,0.0,0.0,0.0,0.0,0.0,0.0,0.0,0.0,0.0,0.0,0.0,0.0,0.0,0.0,0.0
stop,0.5294603109359741,0.4039657711982727,2.1318331988595673e-08,0.6054535508155823,0.3838662803173065,-0.01904057338833809,0.671005129814148,0.3310162127017975,-0.027489855885505676,0.669721245765686,0.252101331949234,-0.03616468235850334,0.6171059608459473,0.22141262888908386,-0.0430016852915287,0.6525644063949585,0.23422645032405853,-0.008064979687333107,0.6676031947135925,0.17896440625190735,-0.026460235938429832,0.6560881733894348,0.2345462292432785,-0.03912290185689926,0.6446987986564636,0.27489548921585083,-0.0465991236269474,0.6135053634643555,0.21713261306285858,-0.011775042861700058,0.6269132494926453,0.15559612214565277,-0.03180672973394394,0.6202402114868164,0.21749445796012878,-0.041186004877090454,0.6096226572990417,0.2574017643928528,-0.044518858194351196,0.5722241401672363,0.21169063448905945,-0.018582338467240334,0.5849261283874512,0.14493858814239502,-0.03989773243665695,0.5819797515869141,0.21032406389713287,-0.03774772956967354,0.5741144418716431,0.254137247800827,-0.03200119733810425,0.5255944132804871,0.21250444650650024,-0.027135852724313736,0.5397787094116211,0.16320094466209412,-0.040033839643001556,0.5437117218971252,0.21033164858818054,-0.03295375406742096,0.5395607352256775,0.24775616824626923,-0.025316985324025154,0.0,0.0,0.0,0.0,0.0,0.0,0.0,0.0,0.0,0.0,0.0,0.0,0.0,0.0,0.0,0.0,0.0,0.0,0.0,0.0,0.0,0.0,0.0,0.0,0.0,0.0,0.0,0.0,0.0,0.0,0.0,0.0,0.0,0.0,0.0,0.0,0.0,0.0,0.0,0.0,0.0,0.0,0.0,0.0,0.0,0.0,0.0,0.0,0.0,0.0,0.0,0.0,0.0,0.0,0.0,0.0,0.0,0.0,0.0,0.0,0.0,0.0,0.0
stop,0.6206405162811279,0.34865495562553406,4.2528414123665925e-10,0.6880040168762207,0.35550281405448914,-0.024275463074445724,0.7594189047813416,0.3301226496696472,-0.029558373615145683,0.8023784160614014,0.28150686621665955,-0.034335725009441376,0.8151816725730896,0.22666960954666138,-0.03562484309077263,0.7746862173080444,0.258281946182251,0.007338736206293106,0.8040826320648193,0.2248057872056961,-0.01829511672258377,0.7840849161148071,0.24288928508758545,-0.03723819926381111,0.7716907262802124,0.2674991190433502,-0.04630602151155472,0.7448205947875977,0.21386420726776123,0.009516327641904354,0.7775342464447021,0.16778109967708588,-0.01627034693956375,0.7545269727706909,0.1925315111875534,-0.02865537628531456,0.7369288802146912,0.22259816527366638,-0.031311459839344025,0.7089988589286804,0.18242982029914856,0.00524155842140317,0.7337631583213806,0.1391615867614746,-0.021877434104681015,0.7119815945625305,0.17389991879463196,-0.020059285685420036,0.6973890066146851,0.20809800922870636,-0.011888669803738594,0.669483482837677,0.1612546741962433,-0.0014132356736809015,0.6868172883987427,0.12946394085884094,-0.017542362213134766,0.6745335459709167,0.1574646234512329,-0.012232345528900623,0.6664907336235046,0.18763801455497742,-0.003653041087090969,0.0,0.0,0.0,0.0,0.0,0.0,0.0,0.0,0.0,0.0,0.0,0.0,0.0,0.0,0.0,0.0,0.0,0.0,0.0,0.0,0.0,0.0,0.0,0.0,0.0,0.0,0.0,0.0,0.0,0.0,0.0,0.0,0.0,0.0,0.0,0.0,0.0,0.0,0.0,0.0,0.0,0.0,0.0,0.0,0.0,0.0,0.0,0.0,0.0,0.0,0.0,0.0,0.0,0.0,0.0,0.0,0.0,0.0,0.0,0.0,0.0,0.0,0.0
stop,0.722693681716919,0.1966973841190338,8.599497647310272e-08,0.8255419135093689,0.19100438058376312,-0.0007250873022712767,0.8967503905296326,0.1520715206861496,0.010671133175492287,0.936177134513855,0.09373916685581207,0.01700020022690296,0.9362990856170654,0.0398530513048172,0.025711607187986374,0.8838658332824707,0.084557443857193,0.06584188342094421,0.9073250889778137,0.020822718739509583,0.06219207122921944,0.8964567184448242,0.04447139799594879,0.04597250744700432,0.884739100933075,0.0762360543012619,0.03533517196774483,0.8431048393249512,0.05910668522119522,0.062270112335681915,0.8655567169189453,-0.009491585195064545,0.05722324550151825,0.8546187877655029,0.026790067553520203,0.03598172217607498,0.8420407772064209,0.06281411647796631,0.022876081988215446,0.8016147613525391,0.03930903226137161,0.05354174226522446,0.8226180672645569,-0.02108720690011978,0.04456942901015282,0.8129258155822754,0.019076578319072723,0.03476482629776001,0.8028104901313782,0.06114501133561134,0.031239286065101624,0.7595337629318237,0.02957870066165924,0.04385757073760033,0.7776778340339661,-0.01682484894990921,0.04092809557914734,0.7710759043693542,0.013971388339996338,0.04374908655881882,0.7635910511016846,0.05035118758678436,0.047821059823036194,0.0,0.0,0.0,0.0,0.0,0.0,0.0,0.0,0.0,0.0,0.0,0.0,0.0,0.0,0.0,0.0,0.0,0.0,0.0,0.0,0.0,0.0,0.0,0.0,0.0,0.0,0.0,0.0,0.0,0.0,0.0,0.0,0.0,0.0,0.0,0.0,0.0,0.0,0.0,0.0,0.0,0.0,0.0,0.0,0.0,0.0,0.0,0.0,0.0,0.0,0.0,0.0,0.0,0.0,0.0,0.0,0.0,0.0,0.0,0.0,0.0,0.0,0.0
stop,0.7576727867126465,0.2843717932701111,-1.1305294123076237e-07,0.8544132709503174,0.2945738732814789,-0.019462810829281807,0.9363831877708435,0.2592185139656067,-0.024298112839460373,0.9769764542579651,0.18308337032794952,-0.031323984265327454,0.9612342715263367,0.12489743530750275,-0.033447179943323135,0.9323227405548096,0.13811355829238892,0.017983054742217064,0.9626002907752991,0.057761386036872864,-0.012210695073008537,0.9301822781562805,0.11730882525444031,-0.0336783342063427,0.9107431769371033,0.16198796033859253,-0.04321467876434326,0.8905799388885498,0.11497145891189575,0.015912165865302086,0.9150601625442505,0.03768334537744522,-0.015224133618175983,0.8875263333320618,0.11165985465049744,-0.02729209139943123,0.8766871094703674,0.1536748856306076,-0.028586730360984802,0.8446993231773376,0.09857819229364395,0.007052786182612181,0.8699426054954529,0.032483913004398346,-0.02688569203019142,0.8457056879997253,0.10560055077075958,-0.02175876498222351,0.8338114023208618,0.14739762246608734,-0.009103136137127876,0.7948301434516907,0.08172382414340973,-0.0038103859405964613,0.8195024728775024,0.036545880138874054,-0.022600004449486732,0.8065167665481567,0.0926406979560852,-0.012751559726893902,0.7950973510742188,0.13124242424964905,0.00024801038671284914,0.0,0.0,0.0,0.0,0.0,0.0,0.0,0.0,0.0,0.0,0.0,0.0,0.0,0.0,0.0,0.0,0.0,0.0,0.0,0.0,0.0,0.0,0.0,0.0,0.0,0.0,0.0,0.0,0.0,0.0,0.0,0.0,0.0,0.0,0.0,0.0,0.0,0.0,0.0,0.0,0.0,0.0,0.0,0.0,0.0,0.0,0.0,0.0,0.0,0.0,0.0,0.0,0.0,0.0,0.0,0.0,0.0,0.0,0.0,0.0,0.0,0.0,0.0
stop,0.7206994891166687,0.516107976436615,-1.4543738302563725e-07,0.7945947647094727,0.5266937613487244,-0.013113245368003845,0.8750272989273071,0.49881061911582947,-0.014345805160701275,0.9134311676025391,0.4465494155883789,-0.017046380788087845,0.9100725650787354,0.3896412253379822,-0.018520062789320946,0.8734068870544434,0.3968523442745209,0.0036774417385458946,0.9104079008102417,0.3595420718193054,-0.022068558260798454,0.8890494108200073,0.3858049213886261,-0.0418538935482502,0.8570303320884705,0.4127025306224823,-0.05132686719298363,0.8371179103851318,0.36132287979125977,-0.0020128388423472643,0.8718093633651733,0.2984004616737366,-0.022237038239836693,0.853432297706604,0.3406071662902832,-0.03210742026567459,0.8343921899795532,0.37984293699264526,-0.03566451370716095,0.7926974892616272,0.34079787135124207,-0.012274481356143951,0.8205668926239014,0.28227341175079346,-0.036644548177719116,0.8038619160652161,0.3337501585483551,-0.03267120569944382,0.7898075580596924,0.3730900287628174,-0.025600893422961235,0.7414191961288452,0.3286455273628235,-0.023875651881098747,0.7643860578536987,0.28705984354019165,-0.04092919081449509,0.7563486695289612,0.3290402889251709,-0.032378729432821274,0.7465177178382874,0.36358994245529175,-0.02307525835931301,0.0,0.0,0.0,0.0,0.0,0.0,0.0,0.0,0.0,0.0,0.0,0.0,0.0,0.0,0.0,0.0,0.0,0.0,0.0,0.0,0.0,0.0,0.0,0.0,0.0,0.0,0.0,0.0,0.0,0.0,0.0,0.0,0.0,0.0,0.0,0.0,0.0,0.0,0.0,0.0,0.0,0.0,0.0,0.0,0.0,0.0,0.0,0.0,0.0,0.0,0.0,0.0,0.0,0.0,0.0,0.0,0.0,0.0,0.0,0.0,0.0,0.0,0.0
stop,0.6454062461853027,0.6786959171295166,2.9128312917237054e-07,0.7169317603111267,0.6750360131263733,-0.019864521920681,0.7836930751800537,0.6406230330467224,-0.02321140468120575,0.8211462497711182,0.5987284779548645,-0.026809288188815117,0.8300334215164185,0.5476437211036682,-0.030656937509775162,0.7717572450637817,0.552913248538971,0.005003238562494516,0.7967689633369446,0.5159587264060974,-0.01474202424287796,0.8092139363288879,0.5153838396072388,-0.03483432158827782,0.8173878192901611,0.5245353579521179,-0.047600001096725464,0.7414923310279846,0.527391254901886,0.00442108791321516,0.7660759091377258,0.4800618886947632,-0.013334434479475021,0.7840331792831421,0.4695584177970886,-0.03133707866072655,0.8015050292015076,0.4733496308326721,-0.044202547520399094,0.7036647796630859,0.5101339221000671,-0.0013971331063658,0.7291768789291382,0.45917487144470215,-0.0234987735748291,0.7457839250564575,0.4549329876899719,-0.033036958426237106,0.7601222991943359,0.4674823582172394,-0.03721025213599205,0.660284161567688,0.4968077838420868,-0.009304962120950222,0.6844063997268677,0.4574061334133148,-0.026461215689778328,0.7016424536705017,0.4550707936286926,-0.02974802814424038,0.7160902619361877,0.46618980169296265,-0.030540069565176964,0.0,0.0,0.0,0.0,0.0,0.0,0.0,0.0,0.0,0.0,0.0,0.0,0.0,0.0,0.0,0.0,0.0,0.0,0.0,0.0,0.0,0.0,0.0,0.0,0.0,0.0,0.0,0.0,0.0,0.0,0.0,0.0,0.0,0.0,0.0,0.0,0.0,0.0,0.0,0.0,0.0,0.0,0.0,0.0,0.0,0.0,0.0,0.0,0.0,0.0,0.0,0.0,0.0,0.0,0.0,0.0,0.0,0.0,0.0,0.0,0.0,0.0,0.0
stop,0.6166055798530579,0.7195968627929688,1.4779821810861904e-08,0.6854473352432251,0.7134005427360535,-0.018963197246193886,0.7476373314857483,0.6766308546066284,-0.02818075194954872,0.7555798888206482,0.6094775199890137,-0.037717416882514954,0.7231338620185852,0.561732292175293,-0.04645119234919548,0.7381382584571838,0.573928952217102,-0.006700207479298115,0.7469477653503418,0.5361339449882507,-0.03007650375366211,0.7326972484588623,0.5857800841331482,-0.050410281866788864,0.7237907648086548,0.6221540570259094,-0.06294954568147659,0.7030597925186157,0.5507556200027466,-0.009870362468063831,0.7154468894004822,0.5089249610900879,-0.029323216527700424,0.7036126255989075,0.5595136880874634,-0.04092564061284065,0.693280041217804,0.5927844643592834,-0.04722946137189865,0.66419917345047,0.5412026047706604,-0.016900647431612015,0.6747724413871765,0.49930956959724426,-0.036944784224033356,0.6644750237464905,0.5497885346412659,-0.034525226801633835,0.655841052532196,0.5818445086479187,-0.029761822894215584,0.6216527819633484,0.5393370985984802,-0.02600821852684021,0.6335487961769104,0.507857084274292,-0.03611277416348457,0.631193995475769,0.5433480143547058,-0.027646703645586967,0.6260261535644531,0.5692817568778992,-0.01996493898332119,0.0,0.0,0.0,0.0,0.0,0.0,0.0,0.0,0.0,0.0,0.0,0.0,0.0,0.0,0.0,0.0,0.0,0.0,0.0,0.0,0.0,0.0,0.0,0.0,0.0,0.0,0.0,0.0,0.0,0.0,0.0,0.0,0.0,0.0,0.0,0.0,0.0,0.0,0.0,0.0,0.0,0.0,0.0,0.0,0.0,0.0,0.0,0.0,0.0,0.0,0.0,0.0,0.0,0.0,0.0,0.0,0.0,0.0,0.0,0.0,0.0,0.0,0.0
stop,0.6633743643760681,0.8636739253997803,-1.8871343598902968e-08,0.7385932803153992,0.8671801090240479,-0.015797028318047523,0.8033017516136169,0.8444549441337585,-0.025199344381690025,0.8408738374710083,0.8127947449684143,-0.03680470585823059,0.8515371680259705,0.7782449722290039,-0.04756319522857666,0.8121992945671082,0.7624359726905823,-0.005224629305303097,0.8264563083648682,0.7157987356185913,-0.03052227944135666,0.8052974343299866,0.7484821081161499,-0.05251872166991234,0.7914671301841736,0.7779152393341064,-0.06603780388832092,0.7784416675567627,0.7319474816322327,-0.010275420732796192,0.7908938527107239,0.6894276142120361,-0.032894231379032135,0.7732185125350952,0.7263321280479431,-0.04685577377676964,0.7597946524620056,0.7579501271247864,-0.055451247841119766,0.739170253276825,0.7127242684364319,-0.01930893212556839,0.7522619962692261,0.6655145287513733,-0.04084336757659912,0.7375600337982178,0.7014967799186707,-0.040523726493120193,0.7266788482666016,0.7341985702514648,-0.03789515048265457,0.698591411113739,0.6996418237686157,-0.030423210933804512,0.7043739557266235,0.6606796383857727,-0.04252798482775688,0.6984997987747192,0.6834182739257812,-0.037699609994888306,0.6931536793708801,0.7090069055557251,-0.03273181989789009,0.0,0.0,0.0,0.0,0.0,0.0,0.0,0.0,0.0,0.0,0.0,0.0,0.0,0.0,0.0,0.0,0.0,0.0,0.0,0.0,0.0,0.0,0.0,0.0,0.0,0.0,0.0,0.0,0.0,0.0,0.0,0.0,0.0,0.0,0.0,0.0,0.0,0.0,0.0,0.0,0.0,0.0,0.0,0.0,0.0,0.0,0.0,0.0,0.0,0.0,0.0,0.0,0.0,0.0,0.0,0.0,0.0,0.0,0.0,0.0,0.0,0.0,0.0
stop,0.6624482870101929,0.8477117419242859,-1.0056814403469616e-07,0.7246842980384827,0.838762640953064,-0.012863479554653168,0.7913123965263367,0.7925353050231934,-0.017346413806080818,0.8166759014129639,0.7400660514831543,-0.02292783185839653,0.7907621264457703,0.7165442705154419,-0.02660347893834114,0.7692418098449707,0.6743403077125549,-0.001043925411067903,0.7930780649185181,0.6629382967948914,-0.020476587116718292,0.7759390473365784,0.7169567346572876,-0.034788332879543304,0.7643903493881226,0.7347450852394104,-0.04375351592898369,0.7339341044425964,0.6612330675125122,-0.00607580691576004,0.7586889863014221,0.6536399126052856,-0.024247445166110992,0.7438866496086121,0.7150141000747681,-0.03159813582897186,0.7315019965171814,0.7270646095275879,-0.03515870124101639,0.6955221891403198,0.6594838500022888,-0.014464306645095348,0.7215359210968018,0.6433624625205994,-0.03582621365785599,0.7110773324966431,0.7072334885597229,-0.030428951606154442,0.6982341408729553,0.7243324518203735,-0.023673301562666893,0.6528850793838501,0.6645766496658325,-0.024053577333688736,0.6824592351913452,0.6544634699821472,-0.03650791943073273,0.6796305179595947,0.701406717300415,-0.027462216094136238,0.6693137884140015,0.7178622484207153,-0.019258011132478714,0.0,0.0,0.0,0.0,0.0,0.0,0.0,0.0,0.0,0.0,0.0,0.0,0.0,0.0,0.0,0.0,0.0,0.0,0.0,0.0,0.0,0.0,0.0,0.0,0.0,0.0,0.0,0.0,0.0,0.0,0.0,0.0,0.0,0.0,0.0,0.0,0.0,0.0,0.0,0.0,0.0,0.0,0.0,0.0,0.0,0.0,0.0,0.0,0.0,0.0,0.0,0.0,0.0,0.0,0.0,0.0,0.0,0.0,0.0,0.0,0.0,0.0,0.0
stop,0.5437342524528503,0.8228504061698914,-1.7783239059099287e-07,0.595267653465271,0.797062337398529,-0.020498031750321388,0.6548749208450317,0.7338367104530334,-0.026415672153234482,0.6584826707839966,0.6728796362876892,-0.031882788985967636,0.6118033528327942,0.669249415397644,-0.032599419355392456,0.6237019896507263,0.6358736753463745,-0.0003584867808967829,0.6420302391052246,0.5995745658874512,-0.023301979526877403,0.6327413320541382,0.6602122187614441,-0.036409102380275726,0.6274314522743225,0.6800951957702637,-0.042631492018699646,0.5902814269065857,0.6312204003334045,-0.0015279996441677213,0.6011008620262146,0.6041976809501648,-0.02347547747194767,0.596065878868103,0.668563961982727,-0.02864312008023262,0.592717707157135,0.6751584410667419,-0.02783847227692604,0.5563205480575562,0.6376892924308777,-0.007865299470722675,0.5662597417831421,0.6088935732841492,-0.02895275689661503,0.566810667514801,0.6688744425773621,-0.022131934762001038,0.5635660290718079,0.6799983978271484,-0.012868485413491726,0.5201189517974854,0.6477276086807251,-0.016563089564442635,0.5356853008270264,0.6252027750015259,-0.023452740162611008,0.5407712459564209,0.6651238203048706,-0.01253615040332079,0.5370062589645386,0.6784031391143799,-0.002452545566484332,0.0,0.0,0.0,0.0,0.0,0.0,0.0,0.0,0.0,0.0,0.0,0.0,0.0,0.0,0.0,0.0,0.0,0.0,0.0,0.0,0.0,0.0,0.0,0.0,0.0,0.0,0.0,0.0,0.0,0.0,0.0,0.0,0.0,0.0,0.0,0.0,0.0,0.0,0.0,0.0,0.0,0.0,0.0,0.0,0.0,0.0,0.0,0.0,0.0,0.0,0.0,0.0,0.0,0.0,0.0,0.0,0.0,0.0,0.0,0.0,0.0,0.0,0.0
stop,0.4641617238521576,0.8416130542755127,1.3257584363657315e-08,0.5267903804779053,0.8110665082931519,-0.025386381894350052,0.5801741480827332,0.7449144124984741,-0.033833373337984085,0.5697332620620728,0.6719106435775757,-0.03986681252717972,0.5144897699356079,0.6735180020332336,-0.04035351052880287,0.5463771224021912,0.6576153635978699,-0.0030789419542998075,0.5400327444076538,0.6113308072090149,-0.02117951028048992,0.5344656109809875,0.6731052398681641,-0.030642274767160416,0.538297712802887,0.6967700123786926,-0.03605751693248749,0.5096917748451233,0.6559113264083862,-0.0007733920938335359,0.5010000467300415,0.6132768392562866,-0.017009757459163666,0.5031368136405945,0.6852165460586548,-0.01852644793689251,0.5117903351783752,0.6946475505828857,-0.017030533403158188,0.47432777285575867,0.6643652319908142,-0.00360710546374321,0.4686371088027954,0.6264352202415466,-0.021924026310443878,0.4735879600048065,0.6912856101989746,-0.015383496880531311,0.4818677306175232,0.7025526762008667,-0.0072860089130699635,0.4386315941810608,0.6755117177963257,-0.009024306200444698,0.44105520844459534,0.6490578651428223,-0.014240549877285957,0.44867679476737976,0.6897125840187073,-0.005085403099656105,0.4536892771720886,0.7012967467308044,0.0025798073038458824,0.0,0.0,0.0,0.0,0.0,0.0,0.0,0.0,0.0,0.0,0.0,0.0,0.0,0.0,0.0,0.0,0.0,0.0,0.0,0.0,0.0,0.0,0.0,0.0,0.0,0.0,0.0,0.0,0.0,0.0,0.0,0.0,0.0,0.0,0.0,0.0,0.0,0.0,0.0,0.0,0.0,0.0,0.0,0.0,0.0,0.0,0.0,0.0,0.0,0.0,0.0,0.0,0.0,0.0,0.0,0.0,0.0,0.0,0.0,0.0,0.0,0.0,0.0
stop,0.37798839807510376,0.7231815457344055,6.447744560489355e-10,0.4394707679748535,0.7033420205116272,-0.016066431999206543,0.4768868386745453,0.653856098651886,-0.024276413023471832,0.46703028678894043,0.5943942070007324,-0.03287961706519127,0.4336628019809723,0.5649108290672302,-0.04027754068374634,0.474497526884079,0.6074500679969788,-0.004068139009177685,0.4731343984603882,0.5549800992012024,-0.024931667372584343,0.45670750737190247,0.5828872323036194,-0.040915533900260925,0.4473961293697357,0.6138174533843994,-0.04962633177638054,0.43955641984939575,0.591064453125,-0.006445593200623989,0.4394032061100006,0.5327794551849365,-0.02514714002609253,0.4267319440841675,0.5649006962776184,-0.03439243510365486,0.4211059808731079,0.5954825282096863,-0.03773454204201698,0.4059763252735138,0.5877526998519897,-0.012605197727680206,0.40481317043304443,0.5392223000526428,-0.03074517846107483,0.3982803225517273,0.5771150588989258,-0.03054599091410637,0.3981134593486786,0.6071609258651733,-0.026604343205690384,0.372880756855011,0.5941591262817383,-0.020494775846600533,0.37233319878578186,0.560044527053833,-0.028847580775618553,0.3710382580757141,0.5874449610710144,-0.02332349307835102,0.3723304867744446,0.6116511821746826,-0.017682520672678947,0.0,0.0,0.0,0.0,0.0,0.0,0.0,0.0,0.0,0.0,0.0,0.0,0.0,0.0,0.0,0.0,0.0,0.0,0.0,0.0,0.0,0.0,0.0,0.0,0.0,0.0,0.0,0.0,0.0,0.0,0.0,0.0,0.0,0.0,0.0,0.0,0.0,0.0,0.0,0.0,0.0,0.0,0.0,0.0,0.0,0.0,0.0,0.0,0.0,0.0,0.0,0.0,0.0,0.0,0.0,0.0,0.0,0.0,0.0,0.0,0.0,0.0,0.0
stop,0.335507333278656,0.6563270092010498,2.7734785135180573e-08,0.40764373540878296,0.621775209903717,-0.016792094334959984,0.4436611235141754,0.568073570728302,-0.0218665674328804,0.42153942584991455,0.5042294263839722,-0.029319986701011658,0.37327367067337036,0.4877305328845978,-0.03513255715370178,0.4397030472755432,0.5149745345115662,0.018280327320098877,0.4376063048839569,0.4555652141571045,0.000665006460621953,0.4173445999622345,0.4692457914352417,-0.016535181552171707,0.4024658799171448,0.4978107213973999,-0.026532692834734917,0.4017085134983063,0.49884355068206787,0.016302186995744705,0.39731594920158386,0.43788862228393555,-0.004002614412456751,0.3864532709121704,0.46648091077804565,-0.020355867221951485,0.3824363350868225,0.5040526390075684,-0.026881802827119827,0.36768126487731934,0.4956586956977844,0.008798984810709953,0.36383241415023804,0.4432716965675354,-0.013895959593355656,0.3615852892398834,0.4766422212123871,-0.024575665593147278,0.3629266619682312,0.5141255855560303,-0.024603605270385742,0.33648741245269775,0.503078818321228,-0.0008284892537631094,0.3399629294872284,0.4709635376930237,-0.012526530772447586,0.33939337730407715,0.4933202862739563,-0.013358458876609802,0.3407977819442749,0.5215170383453369,-0.010519050061702728,0.0,0.0,0.0,0.0,0.0,0.0,0.0,0.0,0.0,0.0,0.0,0.0,0.0,0.0,0.0,0.0,0.0,0.0,0.0,0.0,0.0,0.0,0.0,0.0,0.0,0.0,0.0,0.0,0.0,0.0,0.0,0.0,0.0,0.0,0.0,0.0,0.0,0.0,0.0,0.0,0.0,0.0,0.0,0.0,0.0,0.0,0.0,0.0,0.0,0.0,0.0,0.0,0.0,0.0,0.0,0.0,0.0,0.0,0.0,0.0,0.0,0.0,0.0
stop,0.28688740730285645,0.5096980333328247,9.516758936456426e-09,0.35407182574272156,0.48062509298324585,-0.02678675763309002,0.3998458981513977,0.42122554779052734,-0.03341953456401825,0.38415631651878357,0.35326263308525085,-0.0389108806848526,0.3406553864479065,0.3443843126296997,-0.03848975896835327,0.390187531709671,0.3687494099140167,0.007517913822084665,0.37885016202926636,0.31493574380874634,-0.015173468738794327,0.35953089594841003,0.3592499792575836,-0.029002387076616287,0.3645528256893158,0.38903456926345825,-0.036387886852025986,0.3526000380516052,0.3594611883163452,0.008215704932808876,0.3405384123325348,0.3018011450767517,-0.01779685728251934,0.3286750316619873,0.35828444361686707,-0.025925733149051666,0.33987918496131897,0.3841384947299957,-0.024668419733643532,0.3194217383861542,0.3591138422489166,0.0018190591363236308,0.31042903661727905,0.31061065196990967,-0.02816648781299591,0.3061123788356781,0.3672400116920471,-0.028219671919941902,0.32088345289230347,0.39290958642959595,-0.01897919736802578,0.28931725025177,0.3670874834060669,-0.007531860843300819,0.2901819348335266,0.3374977707862854,-0.020542781800031662,0.2895408272743225,0.3727356791496277,-0.01514387782663107,0.2947675883769989,0.3923192024230957,-0.0069445171393454075,0.0,0.0,0.0,0.0,0.0,0.0,0.0,0.0,0.0,0.0,0.0,0.0,0.0,0.0,0.0,0.0,0.0,0.0,0.0,0.0,0.0,0.0,0.0,0.0,0.0,0.0,0.0,0.0,0.0,0.0,0.0,0.0,0.0,0.0,0.0,0.0,0.0,0.0,0.0,0.0,0.0,0.0,0.0,0.0,0.0,0.0,0.0,0.0,0.0,0.0,0.0,0.0,0.0,0.0,0.0,0.0,0.0,0.0,0.0,0.0,0.0,0.0,0.0
stop,0.29337888956069946,0.41271737217903137,-2.1618163259518042e-07,0.3274776339530945,0.3824191987514496,0.001181403873488307,0.35206088423728943,0.34493860602378845,0.0021267009433358908,0.35677146911621094,0.3014305830001831,-0.0013206745497882366,0.34639421105384827,0.2715487480163574,-0.004423844628036022,0.3698180913925171,0.3134760558605194,0.02111992985010147,0.3857244551181793,0.2741781175136566,0.012022909708321095,0.37097734212875366,0.2556682825088501,0.0012928812066093087,0.35179150104522705,0.25576546788215637,-0.00519941421225667,0.36142510175704956,0.30270689725875854,0.015007009729743004,0.36575525999069214,0.25884947180747986,0.004152907989919186,0.3462834358215332,0.25862884521484375,-0.006830252707004547,0.32581743597984314,0.27730798721313477,-0.01196826621890068,0.35364237427711487,0.30361634492874146,0.006597965955734253,0.3554503917694092,0.2592671811580658,-0.004765546415001154,0.3398343622684479,0.26827868819236755,-0.009744882583618164,0.32225894927978516,0.293473482131958,-0.009922834113240242,0.3469642996788025,0.3147932291030884,-0.002233108039945364,0.3554951548576355,0.27916258573532104,-0.009275365620851517,0.34287381172180176,0.28104832768440247,-0.008215557783842087,0.32659029960632324,0.2992483973503113,-0.005359381902962923,0.0,0.0,0.0,0.0,0.0,0.0,0.0,0.0,0.0,0.0,0.0,0.0,0.0,0.0,0.0,0.0,0.0,0.0,0.0,0.0,0.0,0.0,0.0,0.0,0.0,0.0,0.0,0.0,0.0,0.0,0.0,0.0,0.0,0.0,0.0,0.0,0.0,0.0,0.0,0.0,0.0,0.0,0.0,0.0,0.0,0.0,0.0,0.0,0.0,0.0,0.0,0.0,0.0,0.0,0.0,0.0,0.0,0.0,0.0,0.0,0.0,0.0,0.0
stop,0.28841495513916016,0.4001937806606293,-5.54307916900143e-07,0.2824268937110901,0.3167325556278229,0.008173919282853603,0.2997931241989136,0.2597719728946686,0.009769399650394917,0.3204255700111389,0.22444893419742584,0.003973903600126505,0.3347620368003845,0.2080422043800354,-0.0008912539342418313,0.34769120812416077,0.25633230805397034,0.029103688895702362,0.3564673364162445,0.2052963525056839,0.015455346554517746,0.33056217432022095,0.2144993245601654,0.002937300829216838,0.31110680103302,0.24240189790725708,-0.0035661831498146057,0.358352392911911,0.2672191262245178,0.016017543151974678,0.35145890712738037,0.20737558603286743,-0.00015028099005576223,0.32388970255851746,0.22566765546798706,-0.010162313468754292,0.3085862100124359,0.25963398814201355,-0.013045067898929119,0.3681696057319641,0.28546783328056335,-8.951085328590125e-05,0.357352077960968,0.2186025232076645,-0.01737472042441368,0.3278982937335968,0.23757126927375793,-0.018612070009112358,0.31089454889297485,0.27432847023010254,-0.014969740062952042,0.3754200041294098,0.3094683289527893,-0.016322074458003044,0.3694544732570648,0.2460867464542389,-0.02767021954059601,0.3392429053783417,0.2457665205001831,-0.02415861189365387,0.3161342144012451,0.2693882882595062,-0.01836196519434452,0.0,0.0,0.0,0.0,0.0,0.0,0.0,0.0,0.0,0.0,0.0,0.0,0.0,0.0,0.0,0.0,0.0,0.0,0.0,0.0,0.0,0.0,0.0,0.0,0.0,0.0,0.0,0.0,0.0,0.0,0.0,0.0,0.0,0.0,0.0,0.0,0.0,0.0,0.0,0.0,0.0,0.0,0.0,0.0,0.0,0.0,0.0,0.0,0.0,0.0,0.0,0.0,0.0,0.0,0.0,0.0,0.0,0.0,0.0,0.0,0.0,0.0,0.0
stop,0.22342261672019958,0.34818387031555176,-2.465610009494412e-07,0.26639318466186523,0.3145224452018738,-0.002325155306607485,0.29121628403663635,0.26503637433052063,-0.005554485134780407,0.28227654099464417,0.21101278066635132,-0.012998368591070175,0.2585729658603668,0.19058012962341309,-0.019691310822963715,0.2880952060222626,0.22050678730010986,0.01534329354763031,0.28859052062034607,0.1709008663892746,0.0007254179217852652,0.2694620192050934,0.19100937247276306,-0.012376734986901283,0.2586725950241089,0.22286875545978546,-0.02043517492711544,0.2687006890773773,0.21381542086601257,0.007422952447086573,0.2625962495803833,0.15928828716278076,-0.010500520467758179,0.24734438955783844,0.1900390237569809,-0.022073058411478996,0.24126550555229187,0.22508969902992249,-0.026419220492243767,0.2550514042377472,0.21743471920490265,-0.0033636733423918486,0.2508455812931061,0.1645214706659317,-0.024884825572371483,0.23962831497192383,0.19939211010932922,-0.028288381174206734,0.2357427477836609,0.23528002202510834,-0.024991337209939957,0.24552743136882782,0.23008930683135986,-0.014437687583267689,0.2531123757362366,0.18819740414619446,-0.02890421636402607,0.23980215191841125,0.21389451622962952,-0.02581554464995861,0.23000553250312805,0.2453233152627945,-0.020198330283164978,0.0,0.0,0.0,0.0,0.0,0.0,0.0,0.0,0.0,0.0,0.0,0.0,0.0,0.0,0.0,0.0,0.0,0.0,0.0,0.0,0.0,0.0,0.0,0.0,0.0,0.0,0.0,0.0,0.0,0.0,0.0,0.0,0.0,0.0,0.0,0.0,0.0,0.0,0.0,0.0,0.0,0.0,0.0,0.0,0.0,0.0,0.0,0.0,0.0,0.0,0.0,0.0,0.0,0.0,0.0,0.0,0.0,0.0,0.0,0.0,0.0,0.0,0.0
stop,0.284725546836853,0.33767151832580566,-3.403866344342532e-07,0.2699567377567291,0.2626466453075409,-0.00025916408048942685,0.2871827185153961,0.20165064930915833,-0.002274824073538184,0.31055960059165955,0.16478581726551056,-0.00911929365247488,0.3164125382900238,0.16823533177375793,-0.01542334072291851,0.34667834639549255,0.2035076767206192,0.012574253603816032,0.36490097641944885,0.15025831758975983,-0.002723187208175659,0.33833184838294983,0.14504379034042358,-0.014911478385329247,0.3200267255306244,0.1659480184316635,-0.021700598299503326,0.3565429449081421,0.21627888083457947,0.0026211922522634268,0.369446337223053,0.15272802114486694,-0.01397146750241518,0.3371226489543915,0.14768627285957336,-0.023416711017489433,0.3197559118270874,0.1744435429573059,-0.026041995733976364,0.36145636439323425,0.23406018316745758,-0.010140499100089073,0.36754822731018066,0.16218629479408264,-0.028727758675813675,0.33459287881851196,0.15686656534671783,-0.03280562162399292,0.31981950998306274,0.18505679070949554,-0.030634984374046326,0.3600459396839142,0.2526357173919678,-0.02319042570888996,0.3560468256473541,0.1883888989686966,-0.03695761784911156,0.3255856931209564,0.18430499732494354,-0.03645915165543556,0.3085961937904358,0.21191957592964172,-0.03284260258078575,0.0,0.0,0.0,0.0,0.0,0.0,0.0,0.0,0.0,0.0,0.0,0.0,0.0,0.0,0.0,0.0,0.0,0.0,0.0,0.0,0.0,0.0,0.0,0.0,0.0,0.0,0.0,0.0,0.0,0.0,0.0,0.0,0.0,0.0,0.0,0.0,0.0,0.0,0.0,0.0,0.0,0.0,0.0,0.0,0.0,0.0,0.0,0.0,0.0,0.0,0.0,0.0,0.0,0.0,0.0,0.0,0.0,0.0,0.0,0.0,0.0,0.0,0.0
stop,0.390054851770401,0.317508339881897,-7.757234499194965e-08,0.44629594683647156,0.30587953329086304,-0.02758018486201763,0.4901960790157318,0.2573230564594269,-0.038076743483543396,0.4784342646598816,0.1940527856349945,-0.04688706994056702,0.44677427411079407,0.16446754336357117,-0.05146164074540138,0.48631811141967773,0.19226430356502533,-0.006016956176608801,0.48421069979667664,0.13541686534881592,-0.03493773192167282,0.46367567777633667,0.17247799038887024,-0.052440471947193146,0.4581466019153595,0.20888707041740417,-0.05973482504487038,0.45122265815734863,0.17591440677642822,-0.0029180790297687054,0.4483484625816345,0.12991592288017273,-0.03622300177812576,0.43094590306282043,0.18091455101966858,-0.048451319336891174,0.42977678775787354,0.21416543424129486,-0.04790854826569557,0.41994133591651917,0.17061170935630798,-0.0056739444844424725,0.4167567789554596,0.13200920820236206,-0.03898220881819725,0.40768200159072876,0.18291015923023224,-0.040183503180742264,0.4117092192173004,0.214472696185112,-0.03126874566078186,0.3905192017555237,0.1730283945798874,-0.010778510943055153,0.39106854796409607,0.15023158490657806,-0.030888672918081284,0.3865634500980377,0.1880851835012436,-0.02896380051970482,0.389041006565094,0.21515128016471863,-0.02134116366505623,0.0,0.0,0.0,0.0,0.0,0.0,0.0,0.0,0.0,0.0,0.0,0.0,0.0,0.0,0.0,0.0,0.0,0.0,0.0,0.0,0.0,0.0,0.0,0.0,0.0,0.0,0.0,0.0,0.0,0.0,0.0,0.0,0.0,0.0,0.0,0.0,0.0,0.0,0.0,0.0,0.0,0.0,0.0,0.0,0.0,0.0,0.0,0.0,0.0,0.0,0.0,0.0,0.0,0.0,0.0,0.0,0.0,0.0,0.0,0.0,0.0,0.0,0.0
stop,0.4804420471191406,0.31107014417648315,-1.9530094874653514e-08,0.542279839515686,0.3089595139026642,-0.0291903093457222,0.5962053537368774,0.2666090428829193,-0.040833815932273865,0.5923782587051392,0.19416163861751556,-0.050465233623981476,0.5581732988357544,0.15543167293071747,-0.056380994617938995,0.5960449576377869,0.1983625292778015,-0.007372610736638308,0.6049076914787292,0.14668092131614685,-0.033464279025793076,0.5836674571037292,0.18041278421878815,-0.05106991156935692,0.5729467868804932,0.2168588936328888,-0.05992426350712776,0.5608415603637695,0.17136064171791077,-0.0038730003871023655,0.5630829930305481,0.12408050149679184,-0.03350856155157089,0.5454208850860596,0.17076338827610016,-0.04674876108765602,0.5399532318115234,0.20609617233276367,-0.048822786659002304,0.527033269405365,0.15996412932872772,-0.005824219435453415,0.5278540253639221,0.11900079995393753,-0.03565766289830208,0.5173599123954773,0.16594141721725464,-0.03750859946012497,0.5163153409957886,0.1994924247264862,-0.031019337475299835,0.4937455654144287,0.1579376459121704,-0.010239522904157639,0.4973362684249878,0.13366271555423737,-0.028930598869919777,0.49124836921691895,0.1688588410615921,-0.026748085394501686,0.49011993408203125,0.19783279299736023,-0.019919954240322113,0.0,0.0,0.0,0.0,0.0,0.0,0.0,0.0,0.0,0.0,0.0,0.0,0.0,0.0,0.0,0.0,0.0,0.0,0.0,0.0,0.0,0.0,0.0,0.0,0.0,0.0,0.0,0.0,0.0,0.0,0.0,0.0,0.0,0.0,0.0,0.0,0.0,0.0,0.0,0.0,0.0,0.0,0.0,0.0,0.0,0.0,0.0,0.0,0.0,0.0,0.0,0.0,0.0,0.0,0.0,0.0,0.0,0.0,0.0,0.0,0.0,0.0,0.0
stop,0.5518513917922974,0.2836005687713623,9.172878634444714e-08,0.6067131757736206,0.2707909047603607,-0.01788090541958809,0.6590465307235718,0.22864200174808502,-0.02527591772377491,0.6579563021659851,0.16382770240306854,-0.03247226029634476,0.6179520487785339,0.13875913619995117,-0.037758681923151016,0.6420918107032776,0.1515023112297058,-0.003842537524178624,0.6600497961044312,0.1080307811498642,-0.021347828209400177,0.6536540985107422,0.13960909843444824,-0.035394132137298584,0.6470834016799927,0.16676945984363556,-0.04375981539487839,0.6108223795890808,0.13728134334087372,-0.004933779127895832,0.6262305378913879,0.09819477051496506,-0.023543741554021835,0.6236184239387512,0.13753071427345276,-0.03476576879620552,0.6162717938423157,0.1676599085330963,-0.03896179422736168,0.5793264508247375,0.13365086913108826,-0.009263413958251476,0.5945338010787964,0.09679265320301056,-0.027544887736439705,0.5941481590270996,0.1408410668373108,-0.027024999260902405,0.589157223701477,0.17246155440807343,-0.02222427725791931,0.5462723970413208,0.13849204778671265,-0.015407337807118893,0.5620646476745605,0.11535404622554779,-0.025406671687960625,0.5649845600128174,0.1448027491569519,-0.020297611132264137,0.5626157522201538,0.16721545159816742,-0.014041747897863388,0.0,0.0,0.0,0.0,0.0,0.0,0.0,0.0,0.0,0.0,0.0,0.0,0.0,0.0,0.0,0.0,0.0,0.0,0.0,0.0,0.0,0.0,0.0,0.0,0.0,0.0,0.0,0.0,0.0,0.0,0.0,0.0,0.0,0.0,0.0,0.0,0.0,0.0,0.0,0.0,0.0,0.0,0.0,0.0,0.0,0.0,0.0,0.0,0.0,0.0,0.0,0.0,0.0,0.0,0.0,0.0,0.0,0.0,0.0,0.0,0.0,0.0,0.0
stop,0.7700917720794678,0.3011441230773926,-9.706222670047282e-08,0.8346251249313354,0.3293446898460388,-0.01837947964668274,0.9053054451942444,0.31786903738975525,-0.02371361292898655,0.9439285397529602,0.26949915289878845,-0.028963755816221237,0.951974093914032,0.22528932988643646,-0.03126535192131996,0.9134724140167236,0.23324978351593018,-0.003472045296803117,0.9378513097763062,0.20188139379024506,-0.02794721908867359,0.9063618183135986,0.2346985638141632,-0.043223001062870026,0.8851022720336914,0.25733867287635803,-0.05096105858683586,0.8829586505889893,0.1975923776626587,-0.0063296034932136536,0.9059584736824036,0.15362131595611572,-0.03189488500356674,0.8756471872329712,0.201295405626297,-0.041466694325208664,0.8580910563468933,0.230183407664299,-0.04306508228182793,0.8469977974891663,0.17681214213371277,-0.013625099323689938,0.8660010099411011,0.13439419865608215,-0.042391225695610046,0.8404477834701538,0.18626482784748077,-0.039298150688409805,0.8291599750518799,0.21786266565322876,-0.031078163534402847,0.8075323104858398,0.16420981287956238,-0.0223142858594656,0.8174926042556763,0.13620290160179138,-0.04197210073471069,0.8039515614509583,0.17443948984146118,-0.037179313600063324,0.7979348301887512,0.20182839035987854,-0.029481474310159683,0.0,0.0,0.0,0.0,0.0,0.0,0.0,0.0,0.0,0.0,0.0,0.0,0.0,0.0,0.0,0.0,0.0,0.0,0.0,0.0,0.0,0.0,0.0,0.0,0.0,0.0,0.0,0.0,0.0,0.0,0.0,0.0,0.0,0.0,0.0,0.0,0.0,0.0,0.0,0.0,0.0,0.0,0.0,0.0,0.0,0.0,0.0,0.0,0.0,0.0,0.0,0.0,0.0,0.0,0.0,0.0,0.0,0.0,0.0,0.0,0.0,0.0,0.0
stop,0.7312992215156555,0.3361437916755676,-1.0643471171079e-07,0.7997596263885498,0.35887208580970764,-0.014844627119600773,0.866607666015625,0.3453558087348938,-0.021520422771573067,0.9073249697685242,0.3004894256591797,-0.028366820886731148,0.9122743010520935,0.25094667077064514,-0.030171465128660202,0.8840145468711853,0.24459698796272278,-0.006052015814930201,0.9093979001045227,0.18025822937488556,-0.03347422555088997,0.8796245455741882,0.2306065857410431,-0.047350555658340454,0.8555145263671875,0.26626768708229065,-0.05258053541183472,0.8491653800010681,0.21703064441680908,-0.01103259064257145,0.8751773834228516,0.149696484208107,-0.0375479981303215,0.8449649214744568,0.2175188511610031,-0.04143154248595238,0.8307125568389893,0.25190994143486023,-0.039528172463178635,0.8096552491188049,0.1978827863931656,-0.020201480016112328,0.8295964002609253,0.14585281908512115,-0.049775879830121994,0.8046981692314148,0.21126271784305573,-0.03983871638774872,0.7935237288475037,0.24394670128822327,-0.027085918933153152,0.7658811211585999,0.1842486560344696,-0.030676130205392838,0.7796904444694519,0.14924108982086182,-0.05012776330113411,0.7667379379272461,0.19601517915725708,-0.041303493082523346,0.7581412196159363,0.22190624475479126,-0.03057975322008133,0.0,0.0,0.0,0.0,0.0,0.0,0.0,0.0,0.0,0.0,0.0,0.0,0.0,0.0,0.0,0.0,0.0,0.0,0.0,0.0,0.0,0.0,0.0,0.0,0.0,0.0,0.0,0.0,0.0,0.0,0.0,0.0,0.0,0.0,0.0,0.0,0.0,0.0,0.0,0.0,0.0,0.0,0.0,0.0,0.0,0.0,0.0,0.0,0.0,0.0,0.0,0.0,0.0,0.0,0.0,0.0,0.0,0.0,0.0,0.0,0.0,0.0,0.0
stop,0.6677552461624146,0.4247891306877136,7.550721825566598e-09,0.7307910919189453,0.436689168214798,-0.01074444130063057,0.7935170531272888,0.41686397790908813,-0.014397055841982365,0.8285079598426819,0.3774498403072357,-0.01985660009086132,0.8374396562576294,0.33285751938819885,-0.025241360068321228,0.8055188655853271,0.35212209820747375,-0.0002565729955676943,0.8274577856063843,0.3272392153739929,-0.018619900569319725,0.8123751282691956,0.34485700726509094,-0.033914536237716675,0.8027306795120239,0.36050909757614136,-0.0439908467233181,0.7788450121879578,0.3229568302631378,-0.005920629948377609,0.7968621850013733,0.29177096486091614,-0.019364239647984505,0.7873473167419434,0.3079373240470886,-0.028875533491373062,0.7850954532623291,0.3205595910549164,-0.03605164960026741,0.7432627081871033,0.3027396500110626,-0.015089782886207104,0.7562527060508728,0.27425649762153625,-0.03144150599837303,0.7480561137199402,0.2954040467739105,-0.031317055225372314,0.7500073909759521,0.3103756904602051,-0.030678870156407356,0.703264594078064,0.28859585523605347,-0.02548684924840927,0.7091739773750305,0.2613897919654846,-0.035686444491147995,0.7044057846069336,0.2776857018470764,-0.030943330377340317,0.7040636539459229,0.2918420433998108,-0.02720922790467739,0.0,0.0,0.0,0.0,0.0,0.0,0.0,0.0,0.0,0.0,0.0,0.0,0.0,0.0,0.0,0.0,0.0,0.0,0.0,0.0,0.0,0.0,0.0,0.0,0.0,0.0,0.0,0.0,0.0,0.0,0.0,0.0,0.0,0.0,0.0,0.0,0.0,0.0,0.0,0.0,0.0,0.0,0.0,0.0,0.0,0.0,0.0,0.0,0.0,0.0,0.0,0.0,0.0,0.0,0.0,0.0,0.0,0.0,0.0,0.0,0.0,0.0,0.0
stop,0.5557939410209656,0.48841559886932373,3.644121306933812e-07,0.6178611516952515,0.48626458644866943,-0.014839154668152332,0.6801261901855469,0.4487025737762451,-0.01793716847896576,0.6969486474990845,0.3926643133163452,-0.021117500960826874,0.6755236983299255,0.354737251996994,-0.024852028116583824,0.6650364995002747,0.35269448161125183,0.0029834541492164135,0.6834849119186401,0.3137440085411072,-0.011256708763539791,0.7004222869873047,0.3113253712654114,-0.026577025651931763,0.7134143114089966,0.32187336683273315,-0.03632980212569237,0.6331306099891663,0.33281606435775757,0.0020714642014354467,0.6526169180870056,0.2928767502307892,-0.007863777689635754,0.671459972858429,0.2935411036014557,-0.018071508035063744,0.6870100498199463,0.3068111538887024,-0.025196928530931473,0.5989189147949219,0.32325369119644165,-0.002565702423453331,0.6225184202194214,0.2820046842098236,-0.016709934920072556,0.6408084630966187,0.2863168716430664,-0.021110204979777336,0.653645932674408,0.30311959981918335,-0.02198990248143673,0.561026930809021,0.32218676805496216,-0.008906083181500435,0.5859220027923584,0.2926097810268402,-0.019081149250268936,0.6033749580383301,0.29787418246269226,-0.01806429959833622,0.614584743976593,0.312591016292572,-0.01595301181077957,0.0,0.0,0.0,0.0,0.0,0.0,0.0,0.0,0.0,0.0,0.0,0.0,0.0,0.0,0.0,0.0,0.0,0.0,0.0,0.0,0.0,0.0,0.0,0.0,0.0,0.0,0.0,0.0,0.0,0.0,0.0,0.0,0.0,0.0,0.0,0.0,0.0,0.0,0.0,0.0,0.0,0.0,0.0,0.0,0.0,0.0,0.0,0.0,0.0,0.0,0.0,0.0,0.0,0.0,0.0,0.0,0.0,0.0,0.0,0.0,0.0,0.0,0.0
stop,0.5079792737960815,0.5356135964393616,1.769714543797818e-07,0.5744239091873169,0.5309158563613892,-0.026226241141557693,0.6386009454727173,0.4942893981933594,-0.03719082847237587,0.6532213687896729,0.4326533377170563,-0.04700490087270737,0.6134740710258484,0.39365461468696594,-0.05529205873608589,0.6288959383964539,0.4063052535057068,-0.010159390978515148,0.6411235332489014,0.36429262161254883,-0.032198406755924225,0.6300892233848572,0.39474812150001526,-0.05019296333193779,0.6284250020980835,0.4207203984260559,-0.06184009835124016,0.5959640741348267,0.38372740149497986,-0.009784692898392677,0.6057544946670532,0.34425732493400574,-0.030069414526224136,0.6000699996948242,0.370840460062027,-0.04282500594854355,0.6021718382835388,0.38846322894096375,-0.05011190101504326,0.5598108768463135,0.37467336654663086,-0.013990569859743118,0.570037841796875,0.33238324522972107,-0.03522467240691185,0.5652157664299011,0.36451083421707153,-0.03636103868484497,0.5678854584693909,0.3900536000728607,-0.03401346877217293,0.5218600034713745,0.3718891143798828,-0.020934905856847763,0.5297698378562927,0.3397887647151947,-0.03199443593621254,0.5307382345199585,0.36483076214790344,-0.027259228751063347,0.5326002240180969,0.3904602825641632,-0.0223641786724329,0.0,0.0,0.0,0.0,0.0,0.0,0.0,0.0,0.0,0.0,0.0,0.0,0.0,0.0,0.0,0.0,0.0,0.0,0.0,0.0,0.0,0.0,0.0,0.0,0.0,0.0,0.0,0.0,0.0,0.0,0.0,0.0,0.0,0.0,0.0,0.0,0.0,0.0,0.0,0.0,0.0,0.0,0.0,0.0,0.0,0.0,0.0,0.0,0.0,0.0,0.0,0.0,0.0,0.0,0.0,0.0,0.0,0.0,0.0,0.0,0.0,0.0,0.0
stop,0.3232797086238861,0.4818072021007538,2.4090138595056487e-07,0.384518027305603,0.4472636580467224,-0.013544648885726929,0.4203515648841858,0.39704403281211853,-0.017602642998099327,0.41527068614959717,0.33843204379081726,-0.0234990194439888,0.3775950074195862,0.32257843017578125,-0.02820761315524578,0.40508320927619934,0.3339516222476959,0.012255648151040077,0.42474251985549927,0.27778327465057373,-0.0008301884518004954,0.431841641664505,0.2837052047252655,-0.014929089695215225,0.4293749928474426,0.310497522354126,-0.02295145019888878,0.37285444140434265,0.32413944602012634,0.010446904227137566,0.3812694549560547,0.264773964881897,-0.00298337172716856,0.392750084400177,0.27787259221076965,-0.017039120197296143,0.3952353596687317,0.3105062246322632,-0.02473483420908451,0.3412599563598633,0.3264734745025635,0.004583666566759348,0.34974339604377747,0.27250444889068604,-0.010352243669331074,0.3656892478466034,0.2874603271484375,-0.021114883944392204,0.3712094724178314,0.3213365375995636,-0.024900143966078758,0.3100758492946625,0.33759593963623047,-0.0030195775907486677,0.3242412209510803,0.30552199482917786,-0.012391522526741028,0.3395448625087738,0.3156821131706238,-0.016312703490257263,0.34746962785720825,0.3412860035896301,-0.01747480221092701,0.0,0.0,0.0,0.0,0.0,0.0,0.0,0.0,0.0,0.0,0.0,0.0,0.0,0.0,0.0,0.0,0.0,0.0,0.0,0.0,0.0,0.0,0.0,0.0,0.0,0.0,0.0,0.0,0.0,0.0,0.0,0.0,0.0,0.0,0.0,0.0,0.0,0.0,0.0,0.0,0.0,0.0,0.0,0.0,0.0,0.0,0.0,0.0,0.0,0.0,0.0,0.0,0.0,0.0,0.0,0.0,0.0,0.0,0.0,0.0,0.0,0.0,0.0
stop,0.2762949466705322,0.4649149179458618,9.540200807123256e-08,0.33308160305023193,0.42261308431625366,-0.012873625382781029,0.36277174949645996,0.37026742100715637,-0.018469052389264107,0.35815170407295227,0.31488990783691406,-0.026046575978398323,0.3243074417114258,0.3021261692047119,-0.03210645169019699,0.35634392499923706,0.3164796233177185,0.00821586512029171,0.37295758724212646,0.26162731647491455,-0.0076151504181325436,0.3625960946083069,0.2618401050567627,-0.02238648757338524,0.35077235102653503,0.2844529151916504,-0.0309183057397604,0.3241893947124481,0.30657270550727844,0.004905538633465767,0.3343549072742462,0.2502046227455139,-0.010369062423706055,0.3300724923610687,0.256338894367218,-0.022432571277022362,0.32550376653671265,0.2834467887878418,-0.028590140864253044,0.29282045364379883,0.31044766306877136,-0.0024526286870241165,0.29833099246025085,0.2609052062034607,-0.017885524779558182,0.3016340136528015,0.2747633159160614,-0.025135740637779236,0.302051305770874,0.30635592341423035,-0.026653893291950226,0.26342466473579407,0.324156790971756,-0.011746653355658054,0.2727951109409332,0.2916097044944763,-0.01978304423391819,0.2776504456996918,0.3008825182914734,-0.020755086094141006,0.27895838022232056,0.3258722126483917,-0.020162273198366165,0.0,0.0,0.0,0.0,0.0,0.0,0.0,0.0,0.0,0.0,0.0,0.0,0.0,0.0,0.0,0.0,0.0,0.0,0.0,0.0,0.0,0.0,0.0,0.0,0.0,0.0,0.0,0.0,0.0,0.0,0.0,0.0,0.0,0.0,0.0,0.0,0.0,0.0,0.0,0.0,0.0,0.0,0.0,0.0,0.0,0.0,0.0,0.0,0.0,0.0,0.0,0.0,0.0,0.0,0.0,0.0,0.0,0.0,0.0,0.0,0.0,0.0,0.0
stop,0.27316662669181824,0.4703262150287628,6.814460107307241e-09,0.3289624750614166,0.42739900946617126,-0.03639472648501396,0.362930566072464,0.3617103695869446,-0.04782693088054657,0.33765745162963867,0.3017365336418152,-0.05503139644861221,0.2886801064014435,0.3009299635887146,-0.05485197901725769,0.34789443016052246,0.2882539629936218,-0.006654669065028429,0.3260241150856018,0.2408013492822647,-0.0339164063334465,0.3212115466594696,0.29781684279441833,-0.04947749525308609,0.33318352699279785,0.3236044943332672,-0.05681094899773598,0.3104703426361084,0.29024672508239746,-0.0002352251613046974,0.2884133756160736,0.24741891026496887,-0.028134210035204887,0.2945554852485657,0.31159859895706177,-0.034785155206918716,0.31156399846076965,0.3266594111919403,-0.03339603543281555,0.27744144201278687,0.2981323003768921,-0.0016734000528231263,0.25934943556785583,0.26844632625579834,-0.03090023435652256,0.26984643936157227,0.3259352445602417,-0.030501602217555046,0.29017627239227295,0.33770105242729187,-0.022514645010232925,0.24757596850395203,0.3108500838279724,-0.007018371485173702,0.24071624875068665,0.2956467270851135,-0.018007734790444374,0.2505803406238556,0.3312429189682007,-0.013869435526430607,0.26247525215148926,0.3430320620536804,-0.007649977225810289,0.0,0.0,0.0,0.0,0.0,0.0,0.0,0.0,0.0,0.0,0.0,0.0,0.0,0.0,0.0,0.0,0.0,0.0,0.0,0.0,0.0,0.0,0.0,0.0,0.0,0.0,0.0,0.0,0.0,0.0,0.0,0.0,0.0,0.0,0.0,0.0,0.0,0.0,0.0,0.0,0.0,0.0,0.0,0.0,0.0,0.0,0.0,0.0,0.0,0.0,0.0,0.0,0.0,0.0,0.0,0.0,0.0,0.0,0.0,0.0,0.0,0.0,0.0
stop,0.2649683356285095,0.419617235660553,-2.2575006752845184e-08,0.322466105222702,0.38237112760543823,-0.013455232605338097,0.3670274317264557,0.33312690258026123,-0.02030365541577339,0.3665269911289215,0.28679946064949036,-0.02806086651980877,0.3344666659832001,0.27906563878059387,-0.0334242545068264,0.35248708724975586,0.25725609064102173,-0.0005573505186475813,0.3433086574077606,0.20793849229812622,-0.018056554719805717,0.33462950587272644,0.2535891532897949,-0.0316072516143322,0.3386426270008087,0.2862056493759155,-0.04011789709329605,0.3173269033432007,0.2552359700202942,-0.003805380780249834,0.30973976850509644,0.20627379417419434,-0.019373344257473946,0.30732157826423645,0.2551320493221283,-0.024647310376167297,0.312229186296463,0.2850237786769867,-0.026938296854496002,0.28472548723220825,0.2637472152709961,-0.010585874319076538,0.27812546491622925,0.21872392296791077,-0.025842176750302315,0.2772710919380188,0.2638870179653168,-0.021984724327921867,0.282551109790802,0.29341545701026917,-0.016759756952524185,0.2535150945186615,0.2776030898094177,-0.019246291369199753,0.246590256690979,0.24268701672554016,-0.0239100381731987,0.25047802925109863,0.27086761593818665,-0.017157521098852158,0.2574000954627991,0.2930131256580353,-0.011583102867007256,0.0,0.0,0.0,0.0,0.0,0.0,0.0,0.0,0.0,0.0,0.0,0.0,0.0,0.0,0.0,0.0,0.0,0.0,0.0,0.0,0.0,0.0,0.0,0.0,0.0,0.0,0.0,0.0,0.0,0.0,0.0,0.0,0.0,0.0,0.0,0.0,0.0,0.0,0.0,0.0,0.0,0.0,0.0,0.0,0.0,0.0,0.0,0.0,0.0,0.0,0.0,0.0,0.0,0.0,0.0,0.0,0.0,0.0,0.0,0.0,0.0,0.0,0.0
stop,0.3411569595336914,0.3132783770561218,7.91984788861555e-08,0.41461220383644104,0.2955106794834137,-0.02496352419257164,0.4664635956287384,0.23342251777648926,-0.03454957902431488,0.4527740180492401,0.15454012155532837,-0.043218862265348434,0.4053010940551758,0.1292089968919754,-0.04708143323659897,0.45333045721054077,0.15032334625720978,-0.0005479963729158044,0.4450260400772095,0.09321342408657074,-0.02522144839167595,0.42859339714050293,0.14248275756835938,-0.04121425375342369,0.4295446276664734,0.17735762894153595,-0.04979720711708069,0.4117337763309479,0.1380000114440918,-0.0021594357676804066,0.4073667824268341,0.08121910691261292,-0.026779701933264732,0.40077561140060425,0.13657934963703156,-0.03561653196811676,0.40588122606277466,0.163776695728302,-0.03642706573009491,0.37323570251464844,0.13826516270637512,-0.009775359183549881,0.3707830309867859,0.09442108869552612,-0.036787066608667374,0.37000763416290283,0.15450163185596466,-0.03630802035331726,0.3797503113746643,0.18440034985542297,-0.028896965086460114,0.3369552791118622,0.14947663247585297,-0.020000174641609192,0.3421797454357147,0.12206137180328369,-0.03125322610139847,0.34417277574539185,0.16306737065315247,-0.02419307827949524,0.3487270474433899,0.18691039085388184,-0.015853367745876312,0.0,0.0,0.0,0.0,0.0,0.0,0.0,0.0,0.0,0.0,0.0,0.0,0.0,0.0,0.0,0.0,0.0,0.0,0.0,0.0,0.0,0.0,0.0,0.0,0.0,0.0,0.0,0.0,0.0,0.0,0.0,0.0,0.0,0.0,0.0,0.0,0.0,0.0,0.0,0.0,0.0,0.0,0.0,0.0,0.0,0.0,0.0,0.0,0.0,0.0,0.0,0.0,0.0,0.0,0.0,0.0,0.0,0.0,0.0,0.0,0.0,0.0,0.0
stop,0.697220504283905,0.3226885199546814,1.6476553810207406e-07,0.7723566889762878,0.34707850217819214,-0.01827303133904934,0.8425986766815186,0.33396100997924805,-0.028518276289105415,0.8803513646125793,0.2883096933364868,-0.03961139917373657,0.8816508054733276,0.2358865737915039,-0.04764214903116226,0.8533308506011963,0.22727012634277344,-0.008522285148501396,0.8847128748893738,0.15709146857261658,-0.03625645115971565,0.8760061264038086,0.19356787204742432,-0.05099017545580864,0.8565393686294556,0.22659382224082947,-0.056571755558252335,0.8191483616828918,0.20087218284606934,-0.014016220346093178,0.8516639471054077,0.13610297441482544,-0.0426781103014946,0.8291240930557251,0.19694843888282776,-0.04906883463263512,0.8126618266105652,0.23206287622451782,-0.047774020582437515,0.7791568040847778,0.18369078636169434,-0.02381005324423313,0.8068472146987915,0.1424957513809204,-0.0554170124232769,0.7838914394378662,0.20469030737876892,-0.04791250452399254,0.7697622179985046,0.23275135457515717,-0.03561628982424736,0.7341521978378296,0.16669487953186035,-0.035248249769210815,0.7590576410293579,0.143804132938385,-0.05551448464393616,0.747547447681427,0.18978239595890045,-0.0465397946536541,0.7358273863792419,0.2097199410200119,-0.03541550412774086,0.0,0.0,0.0,0.0,0.0,0.0,0.0,0.0,0.0,0.0,0.0,0.0,0.0,0.0,0.0,0.0,0.0,0.0,0.0,0.0,0.0,0.0,0.0,0.0,0.0,0.0,0.0,0.0,0.0,0.0,0.0,0.0,0.0,0.0,0.0,0.0,0.0,0.0,0.0,0.0,0.0,0.0,0.0,0.0,0.0,0.0,0.0,0.0,0.0,0.0,0.0,0.0,0.0,0.0,0.0,0.0,0.0,0.0,0.0,0.0,0.0,0.0,0.0
stop,0.8222717046737671,0.3819659948348999,-8.308551180391532e-09,0.8916918039321899,0.4123048484325409,-0.017365097999572754,0.9674892425537109,0.4047200083732605,-0.021990926936268806,1.0158486366271973,0.3734692335128784,-0.02622733823955059,1.0274980068206787,0.3283219039440155,-0.02682178094983101,0.9719489216804504,0.28203120827674866,-0.005200562067329884,0.9952841401100159,0.23515769839286804,-0.027829952538013458,0.9775815010070801,0.2784167528152466,-0.037539076060056686,0.9596759676933289,0.29869723320007324,-0.040178082883358,0.9421433806419373,0.2535359263420105,-0.007924726232886314,0.9704123735427856,0.21429842710494995,-0.031146815046668053,0.9411317110061646,0.27740776538848877,-0.03529670089483261,0.9235556721687317,0.29611098766326904,-0.033946871757507324,0.9053062796592712,0.2319495677947998,-0.014853788539767265,0.934070348739624,0.19853784143924713,-0.04271090403199196,0.907710611820221,0.2606990933418274,-0.03259788081049919,0.8920349478721619,0.276680588722229,-0.020138218998908997,0.8605062961578369,0.20838606357574463,-0.02312270738184452,0.8888500928878784,0.18872305750846863,-0.04148129001259804,0.8743038177490234,0.23300382494926453,-0.03069688193500042,0.8603742718696594,0.24407945573329926,-0.019156767055392265,0.0,0.0,0.0,0.0,0.0,0.0,0.0,0.0,0.0,0.0,0.0,0.0,0.0,0.0,0.0,0.0,0.0,0.0,0.0,0.0,0.0,0.0,0.0,0.0,0.0,0.0,0.0,0.0,0.0,0.0,0.0,0.0,0.0,0.0,0.0,0.0,0.0,0.0,0.0,0.0,0.0,0.0,0.0,0.0,0.0,0.0,0.0,0.0,0.0,0.0,0.0,0.0,0.0,0.0,0.0,0.0,0.0,0.0,0.0,0.0,0.0,0.0,0.0
stop,0.7056036591529846,0.6215298771858215,2.9342720608838135e-07,0.7761874198913574,0.6513105630874634,-0.01656229980289936,0.8445695638656616,0.6455293297767639,-0.02411815896630287,0.8843156695365906,0.6179913878440857,-0.0315646193921566,0.9012528657913208,0.5763148665428162,-0.040696095675230026,0.8448100686073303,0.5713356733322144,-0.015183269046247005,0.8757836222648621,0.5347847938537598,-0.03581922873854637,0.8944305777549744,0.5274702310562134,-0.05355182662606239,0.9108152985572815,0.5257911682128906,-0.06498175114393234,0.8190253376960754,0.5373786687850952,-0.017824305221438408,0.8455858826637268,0.4959607422351837,-0.03627865016460419,0.8683213591575623,0.49180877208709717,-0.04932427033782005,0.8907560706138611,0.49589353799819946,-0.0584346167743206,0.7870690822601318,0.508721113204956,-0.023355502635240555,0.8177376985549927,0.4640217125415802,-0.04280270263552666,0.838951587677002,0.4643741846084595,-0.04531140998005867,0.8584625124931335,0.4749847948551178,-0.04492242634296417,0.7541967034339905,0.4841609597206116,-0.030530031770467758,0.7865753173828125,0.44510361552238464,-0.043546367436647415,0.804991602897644,0.44710299372673035,-0.041245076805353165,0.8177485466003418,0.4598827064037323,-0.03827450051903725,0.0,0.0,0.0,0.0,0.0,0.0,0.0,0.0,0.0,0.0,0.0,0.0,0.0,0.0,0.0,0.0,0.0,0.0,0.0,0.0,0.0,0.0,0.0,0.0,0.0,0.0,0.0,0.0,0.0,0.0,0.0,0.0,0.0,0.0,0.0,0.0,0.0,0.0,0.0,0.0,0.0,0.0,0.0,0.0,0.0,0.0,0.0,0.0,0.0,0.0,0.0,0.0,0.0,0.0,0.0,0.0,0.0,0.0,0.0,0.0,0.0,0.0,0.0
stop,0.5974841713905334,0.6432640552520752,1.8536668733304396e-07,0.6685985326766968,0.6590874195098877,-0.02596738189458847,0.7432133555412292,0.6377978920936584,-0.038065794855356216,0.7636884450912476,0.5759840607643127,-0.04931541904807091,0.7344819903373718,0.5210282802581787,-0.06088881567120552,0.741198718547821,0.5461291670799255,-0.02014738693833351,0.7650573253631592,0.5199900269508362,-0.05109989643096924,0.7543137073516846,0.5287247896194458,-0.0753370001912117,0.7412081956863403,0.5418584942817688,-0.08974561095237732,0.7073929309844971,0.5054980516433716,-0.02255362831056118,0.7319085001945496,0.46888259053230286,-0.050185780972242355,0.7367019057273865,0.46805086731910706,-0.06934960186481476,0.7414954304695129,0.47532570362091064,-0.08163372427225113,0.6668746471405029,0.4792124629020691,-0.029370153322815895,0.6901841759681702,0.4337841272354126,-0.0578983835875988,0.6888687610626221,0.45400866866111755,-0.06442701071500778,0.6901235580444336,0.4829622209072113,-0.06545659154653549,0.6227449774742126,0.46167996525764465,-0.038594409823417664,0.6411475539207458,0.42704612016677856,-0.05762020871043205,0.6449012160301208,0.44424742460250854,-0.05772006884217262,0.6479833722114563,0.471147358417511,-0.05599050968885422,0.0,0.0,0.0,0.0,0.0,0.0,0.0,0.0,0.0,0.0,0.0,0.0,0.0,0.0,0.0,0.0,0.0,0.0,0.0,0.0,0.0,0.0,0.0,0.0,0.0,0.0,0.0,0.0,0.0,0.0,0.0,0.0,0.0,0.0,0.0,0.0,0.0,0.0,0.0,0.0,0.0,0.0,0.0,0.0,0.0,0.0,0.0,0.0,0.0,0.0,0.0,0.0,0.0,0.0,0.0,0.0,0.0,0.0,0.0,0.0,0.0,0.0,0.0
stop,0.5127963423728943,0.6030986309051514,7.138664415151652e-08,0.5760962963104248,0.5943769216537476,-0.023780997842550278,0.6381499171257019,0.555940568447113,-0.03553192690014839,0.6539775133132935,0.4997483491897583,-0.04669025167822838,0.6209567785263062,0.4616580903530121,-0.056101344525814056,0.6291869282722473,0.4594517946243286,-0.012584712356328964,0.6413973569869995,0.4221675395965576,-0.03812628611922264,0.6281890273094177,0.4619971513748169,-0.055647190660238266,0.6222177147865295,0.48691898584365845,-0.06574206799268723,0.595207154750824,0.4394989013671875,-0.014198459684848785,0.6095527410507202,0.40846091508865356,-0.03861067444086075,0.5966302752494812,0.45230451226234436,-0.048177991062402725,0.5899255275726318,0.4738723337650299,-0.05183248221874237,0.5575428009033203,0.431081086397171,-0.020355064421892166,0.5718932151794434,0.39669427275657654,-0.04571645334362984,0.5602341890335083,0.44651880860328674,-0.0415184423327446,0.5543405413627625,0.4747384786605835,-0.034364767372608185,0.5169951319694519,0.42893919348716736,-0.028896700590848923,0.5279401540756226,0.40430039167404175,-0.04386243224143982,0.5246909856796265,0.44198521971702576,-0.03708038106560707,0.5227763652801514,0.46647724509239197,-0.02959471382200718,0.0,0.0,0.0,0.0,0.0,0.0,0.0,0.0,0.0,0.0,0.0,0.0,0.0,0.0,0.0,0.0,0.0,0.0,0.0,0.0,0.0,0.0,0.0,0.0,0.0,0.0,0.0,0.0,0.0,0.0,0.0,0.0,0.0,0.0,0.0,0.0,0.0,0.0,0.0,0.0,0.0,0.0,0.0,0.0,0.0,0.0,0.0,0.0,0.0,0.0,0.0,0.0,0.0,0.0,0.0,0.0,0.0,0.0,0.0,0.0,0.0,0.0,0.0
stop,0.3759117126464844,0.5135487914085388,1.1953807188547216e-07,0.4492051899433136,0.4854942560195923,-0.016510622575879097,0.49810531735420227,0.4235346019268036,-0.02087564952671528,0.49199187755584717,0.3498709201812744,-0.026655493304133415,0.4406662583351135,0.33875012397766113,-0.029916945844888687,0.48205941915512085,0.3500552773475647,0.015518266707658768,0.48292994499206543,0.29187408089637756,0.0050087193958461285,0.47579270601272583,0.3198300004005432,-0.007607210427522659,0.46855539083480835,0.35037171840667725,-0.015899576246738434,0.4451444745063782,0.3402926027774811,0.013607805594801903,0.44190412759780884,0.2824538052082062,0.0030980934388935566,0.4435104429721832,0.3180290162563324,-0.008830755949020386,0.4409925043582916,0.34913814067840576,-0.015444560907781124,0.4098619520664215,0.3422672152519226,0.007461755536496639,0.4075499176979065,0.29456067085266113,-0.0069286515936255455,0.4132899045944214,0.33462005853652954,-0.01457359828054905,0.4132908582687378,0.3696572780609131,-0.016220787540078163,0.3736463487148285,0.35176193714141846,-0.0007880665943957865,0.3779256045818329,0.32163816690444946,-0.008736507967114449,0.383597195148468,0.3489716053009033,-0.008457120507955551,0.3849242627620697,0.37728607654571533,-0.006621370557695627,0.0,0.0,0.0,0.0,0.0,0.0,0.0,0.0,0.0,0.0,0.0,0.0,0.0,0.0,0.0,0.0,0.0,0.0,0.0,0.0,0.0,0.0,0.0,0.0,0.0,0.0,0.0,0.0,0.0,0.0,0.0,0.0,0.0,0.0,0.0,0.0,0.0,0.0,0.0,0.0,0.0,0.0,0.0,0.0,0.0,0.0,0.0,0.0,0.0,0.0,0.0,0.0,0.0,0.0,0.0,0.0,0.0,0.0,0.0,0.0,0.0,0.0,0.0
stop,0.31459325551986694,0.4118378758430481,-1.0445273801451549e-07,0.36509472131729126,0.35125261545181274,0.013118088245391846,0.383360356092453,0.2832048535346985,0.010866457596421242,0.3933917284011841,0.2346969097852707,0.0015941099263727665,0.3975570797920227,0.20084622502326965,-0.0034205785486847162,0.3191774785518646,0.19736376404762268,0.01681510917842388,0.39085543155670166,0.19510424137115479,-0.002234045183286071,0.39217841625213623,0.24344822764396667,-0.013592497445642948,0.3800599277019501,0.2645322382450104,-0.018894918262958527,0.31260204315185547,0.2053833305835724,-0.0007249506888911128,0.3936428427696228,0.21463271975517273,-0.01712409220635891,0.3931182324886322,0.2606717348098755,-0.018511932343244553,0.3789447844028473,0.27857908606529236,-0.01800115779042244,0.3154943883419037,0.22021614015102386,-0.020862145349383354,0.3954719007015228,0.24052219092845917,-0.032870255410671234,0.3933893144130707,0.2843799591064453,-0.024074411019682884,0.378549724817276,0.3014833927154541,-0.017114512622356415,0.3265490233898163,0.24145489931106567,-0.04140188917517662,0.3905576765537262,0.2585647702217102,-0.04469751566648483,0.3897223174571991,0.29320305585861206,-0.037019889801740646,0.37646162509918213,0.3060213625431061,-0.03176219388842583,0.0,0.0,0.0,0.0,0.0,0.0,0.0,0.0,0.0,0.0,0.0,0.0,0.0,0.0,0.0,0.0,0.0,0.0,0.0,0.0,0.0,0.0,0.0,0.0,0.0,0.0,0.0,0.0,0.0,0.0,0.0,0.0,0.0,0.0,0.0,0.0,0.0,0.0,0.0,0.0,0.0,0.0,0.0,0.0,0.0,0.0,0.0,0.0,0.0,0.0,0.0,0.0,0.0,0.0,0.0,0.0,0.0,0.0,0.0,0.0,0.0,0.0,0.0
stop,0.3632016181945801,0.5490771532058716,-5.040507176090614e-07,0.30873751640319824,0.48543494939804077,0.011607197113335133,0.2872632145881653,0.42777323722839355,0.00936010293662548,0.29928895831108093,0.38166695833206177,0.004600283689796925,0.3181654214859009,0.3619348704814911,0.0010868365643545985,0.3045152425765991,0.319234162569046,-0.005378352478146553,0.3187253773212433,0.290189266204834,0.00100313825532794,0.325857549905777,0.3249274790287018,0.008473784662783146,0.326349139213562,0.3567698001861572,0.012505877763032913,0.34854117035865784,0.3142848014831543,-0.012947345152497292,0.3569509983062744,0.297614723443985,0.0027281437069177628,0.3559426963329315,0.3301187753677368,0.010620278306305408,0.3537350296974182,0.3608872890472412,0.010113957338035107,0.3886987864971161,0.3307378888130188,-0.01743982546031475,0.3874712884426117,0.32270491123199463,-0.0016358316643163562,0.3861461281776428,0.3529895842075348,0.004653594456613064,0.3815041482448578,0.3869183659553528,0.0017901976825669408,0.42365556955337524,0.35510319471359253,-0.02138712629675865,0.417915403842926,0.3530600368976593,-0.0066415052860975266,0.41319963335990906,0.3795548677444458,0.003235753159970045,0.4064570963382721,0.4080379009246826,0.007514926604926586,0.0,0.0,0.0,0.0,0.0,0.0,0.0,0.0,0.0,0.0,0.0,0.0,0.0,0.0,0.0,0.0,0.0,0.0,0.0,0.0,0.0,0.0,0.0,0.0,0.0,0.0,0.0,0.0,0.0,0.0,0.0,0.0,0.0,0.0,0.0,0.0,0.0,0.0,0.0,0.0,0.0,0.0,0.0,0.0,0.0,0.0,0.0,0.0,0.0,0.0,0.0,0.0,0.0,0.0,0.0,0.0,0.0,0.0,0.0,0.0,0.0,0.0,0.0
stop,0.3403487503528595,0.4421577453613281,-4.237394932715688e-07,0.2790431082248688,0.40669840574264526,0.011449731886386871,0.24888521432876587,0.36090219020843506,0.011623917147517204,0.2532273828983307,0.31230825185775757,0.009461152367293835,0.2662923336029053,0.2848800718784332,0.008294711820781231,0.2501232326030731,0.24941246211528778,0.0019349412759765983,0.25176286697387695,0.2105097621679306,0.008496024645864964,0.2629523277282715,0.2357599288225174,0.014551959000527859,0.2706053853034973,0.26256436109542847,0.01792961359024048,0.2909020483493805,0.2303488403558731,-0.00463826535269618,0.2906385660171509,0.20230138301849365,0.011562473140656948,0.2933899760246277,0.2280140370130539,0.018825974315404892,0.29741716384887695,0.25551658868789673,0.01873590424656868,0.33124101161956787,0.2334536910057068,-0.008875946514308453,0.32552942633628845,0.21893256902694702,0.006185705773532391,0.32758066058158875,0.24433061480522156,0.010865237563848495,0.32975977659225464,0.2750184237957001,0.00796753354370594,0.36812809109687805,0.24667327105998993,-0.012463713064789772,0.3602868318557739,0.23974727094173431,0.0010976240737363696,0.35890910029411316,0.26332947611808777,0.009336015209555626,0.358096718788147,0.2901236414909363,0.013001774437725544,0.0,0.0,0.0,0.0,0.0,0.0,0.0,0.0,0.0,0.0,0.0,0.0,0.0,0.0,0.0,0.0,0.0,0.0,0.0,0.0,0.0,0.0,0.0,0.0,0.0,0.0,0.0,0.0,0.0,0.0,0.0,0.0,0.0,0.0,0.0,0.0,0.0,0.0,0.0,0.0,0.0,0.0,0.0,0.0,0.0,0.0,0.0,0.0,0.0,0.0,0.0,0.0,0.0,0.0,0.0,0.0,0.0,0.0,0.0,0.0,0.0,0.0,0.0
stop,0.413437157869339,0.3712044954299927,-3.693986627695267e-07,0.35235556960105896,0.33664095401763916,0.008070039562880993,0.32163742184638977,0.28312021493911743,0.0080381715670228,0.32711783051490784,0.22872599959373474,0.006444796919822693,0.3484676480293274,0.20147816836833954,0.0066398074850440025,0.3283519744873047,0.18255344033241272,0.002411476569250226,0.34354662895202637,0.1504839062690735,0.007878872565925121,0.3541454076766968,0.1743735373020172,0.013478095643222332,0.3562137186527252,0.19959497451782227,0.016530925408005714,0.36822178959846497,0.16679666936397552,-0.003916646353900433,0.38313454389572144,0.1446000039577484,0.0085174310952425,0.3877614736557007,0.17200349271297455,0.0139639712870121,0.3882724940776825,0.2007678896188736,0.014560092240571976,0.4080829322338104,0.1722913384437561,-0.008603574708104134,0.4173879027366638,0.1641530692577362,0.002217427594587207,0.4193715751171112,0.19008834660053253,0.006055618170648813,0.41774100065231323,0.21900328993797302,0.004719214979559183,0.44429123401641846,0.18853139877319336,-0.012805777601897717,0.44723397493362427,0.1871856153011322,-0.0025558348279446363,0.44617679715156555,0.2106594741344452,0.004729620646685362,0.44308531284332275,0.23485876619815826,0.008981292136013508,0.0,0.0,0.0,0.0,0.0,0.0,0.0,0.0,0.0,0.0,0.0,0.0,0.0,0.0,0.0,0.0,0.0,0.0,0.0,0.0,0.0,0.0,0.0,0.0,0.0,0.0,0.0,0.0,0.0,0.0,0.0,0.0,0.0,0.0,0.0,0.0,0.0,0.0,0.0,0.0,0.0,0.0,0.0,0.0,0.0,0.0,0.0,0.0,0.0,0.0,0.0,0.0,0.0,0.0,0.0,0.0,0.0,0.0,0.0,0.0,0.0,0.0,0.0
stop,0.8963353633880615,0.419830858707428,-6.656918571934511e-07,0.815091073513031,0.3275448679924011,-0.0044866641983389854,0.7812632918357849,0.2318999171257019,-0.006525550503283739,0.7913765907287598,0.1566532999277115,-0.0060162595473229885,0.8193401098251343,0.12566864490509033,-0.003351361956447363,0.8968921899795532,0.08252313733100891,0.0015603041974827647,0.8589528203010559,0.07135694473981857,0.023044098168611526,0.8459622859954834,0.11775785684585571,0.032299626618623734,0.8460667729377747,0.15825076401233673,0.034310370683670044,0.9517172574996948,0.09996967762708664,0.005943687167018652,0.9075481295585632,0.09264867752790451,0.03556925803422928,0.886551558971405,0.13298770785331726,0.03947632759809494,0.880365788936615,0.17398256063461304,0.033228687942028046,0.9861816167831421,0.13973930478096008,0.013639572076499462,0.9480296969413757,0.12519793212413788,0.04014774411916733,0.9298284649848938,0.15774910151958466,0.042744822800159454,0.9197564721107483,0.19839584827423096,0.035097748041152954,1.009499430656433,0.18672168254852295,0.020470459014177322,0.9781992435455322,0.16480182111263275,0.042594064027071,0.9606186151504517,0.19003048539161682,0.05346456542611122,0.9498018026351929,0.22023659944534302,0.05756374076008797,0.0,0.0,0.0,0.0,0.0,0.0,0.0,0.0,0.0,0.0,0.0,0.0,0.0,0.0,0.0,0.0,0.0,0.0,0.0,0.0,0.0,0.0,0.0,0.0,0.0,0.0,0.0,0.0,0.0,0.0,0.0,0.0,0.0,0.0,0.0,0.0,0.0,0.0,0.0,0.0,0.0,0.0,0.0,0.0,0.0,0.0,0.0,0.0,0.0,0.0,0.0,0.0,0.0,0.0,0.0,0.0,0.0,0.0,0.0,0.0,0.0,0.0,0.0
stop,0.8675779104232788,0.5215154886245728,-6.28155532922392e-07,0.7912151217460632,0.4272662401199341,-0.007195537444204092,0.760034441947937,0.3270123600959778,-0.013711593113839626,0.7769185900688171,0.24531134963035583,-0.01926039345562458,0.8044233918190002,0.21215210855007172,-0.021805845201015472,0.8661713600158691,0.20436981320381165,-0.00362951448187232,0.8555101752281189,0.13834629952907562,-0.00014143438602332026,0.838157057762146,0.17852787673473358,-0.0002679220342542976,0.8340239524841309,0.22619350254535675,-0.0012971260584890842,0.9249265193939209,0.2290569245815277,-0.001825647079385817,0.9086992740631104,0.16673558950424194,0.008508426137268543,0.8845266699790955,0.19880308210849762,0.009354127570986748,0.8799530267715454,0.24514737725257874,0.006134084425866604,0.9643503427505493,0.27142903208732605,0.000761193223297596,0.9465464949607849,0.21197819709777832,0.009640931151807308,0.9229037165641785,0.23637230694293976,0.01205661240965128,0.9141515493392944,0.2801661193370819,0.00975405890494585,0.9926878809928894,0.31916290521621704,0.0026004204992204905,0.9756606221199036,0.26033928990364075,0.01174352690577507,0.9549171924591064,0.27598837018013,0.019109971821308136,0.9461909532546997,0.3099367022514343,0.023540593683719635,0.0,0.0,0.0,0.0,0.0,0.0,0.0,0.0,0.0,0.0,0.0,0.0,0.0,0.0,0.0,0.0,0.0,0.0,0.0,0.0,0.0,0.0,0.0,0.0,0.0,0.0,0.0,0.0,0.0,0.0,0.0,0.0,0.0,0.0,0.0,0.0,0.0,0.0,0.0,0.0,0.0,0.0,0.0,0.0,0.0,0.0,0.0,0.0,0.0,0.0,0.0,0.0,0.0,0.0,0.0,0.0,0.0,0.0,0.0,0.0,0.0,0.0,0.0
stop,0.8113895654678345,0.6720453500747681,-7.647645929864666e-07,0.7436619997024536,0.555344820022583,-0.00745055079460144,0.7179937362670898,0.4519273042678833,-0.01821836270391941,0.7325845956802368,0.3722984790802002,-0.026583231985569,0.765432596206665,0.3438762128353119,-0.03162788972258568,0.8307637572288513,0.3551737070083618,-0.024643272161483765,0.8054566383361816,0.28995805978775024,-0.016474496573209763,0.7831857204437256,0.3361291289329529,-0.006772365886718035,0.7799919843673706,0.38321012258529663,-0.001981177134439349,0.8901526927947998,0.3848879635334015,-0.021663447842001915,0.8602285981178284,0.3183281123638153,-0.01028384082019329,0.8309516906738281,0.3512319326400757,-0.002942119725048542,0.823428750038147,0.39532068371772766,-0.0031108898110687733,0.9269407391548157,0.429695188999176,-0.015187283977866173,0.894163966178894,0.3634381592273712,-0.0056595830246806145,0.867872953414917,0.39031121134757996,0.001875395653769374,0.8578404784202576,0.43423280119895935,0.001435801270417869,0.9481900930404663,0.4743002951145172,-0.008641298860311508,0.9211350679397583,0.4145539700984955,0.0007343594916164875,0.8968518972396851,0.4330439567565918,0.011546136811375618,0.8867487907409668,0.46680784225463867,0.017817430198192596,0.0,0.0,0.0,0.0,0.0,0.0,0.0,0.0,0.0,0.0,0.0,0.0,0.0,0.0,0.0,0.0,0.0,0.0,0.0,0.0,0.0,0.0,0.0,0.0,0.0,0.0,0.0,0.0,0.0,0.0,0.0,0.0,0.0,0.0,0.0,0.0,0.0,0.0,0.0,0.0,0.0,0.0,0.0,0.0,0.0,0.0,0.0,0.0,0.0,0.0,0.0,0.0,0.0,0.0,0.0,0.0,0.0,0.0,0.0,0.0,0.0,0.0,0.0
stop,0.7998116612434387,0.7183851003646851,-7.873852041484497e-07,0.7292093634605408,0.6080494523048401,0.00027341555687598884,0.7057347297668457,0.49551764130592346,-0.002882189815863967,0.7325654029846191,0.4118177890777588,-0.004981594625860453,0.7738321423530579,0.39259782433509827,-0.005029037594795227,0.8131259083747864,0.4174467623233795,-0.010198228061199188,0.786948561668396,0.3532608151435852,-0.0013961020158603787,0.7711318731307983,0.4076829254627228,0.003140512388199568,0.7725249528884888,0.45789071917533875,0.003846133826300502,0.8684861063957214,0.43756264448165894,-0.008827772922813892,0.8325635194778442,0.38619667291641235,0.007195912301540375,0.8123464584350586,0.4257142245769501,0.01249134074896574,0.8120781779289246,0.4703502058982849,0.009473700076341629,0.9040361046791077,0.47634372115135193,-0.004270946606993675,0.8716602921485901,0.4267590343952179,0.010076859034597874,0.8532945513725281,0.4597248435020447,0.015261773020029068,0.8485108017921448,0.504568874835968,0.011885461397469044,0.9279106855392456,0.5179547071456909,0.0004217688401695341,0.9051721692085266,0.47127658128738403,0.012119722552597523,0.8853240013122559,0.4975290894508362,0.02109333872795105,0.8782961368560791,0.5355898141860962,0.02548261173069477,0.0,0.0,0.0,0.0,0.0,0.0,0.0,0.0,0.0,0.0,0.0,0.0,0.0,0.0,0.0,0.0,0.0,0.0,0.0,0.0,0.0,0.0,0.0,0.0,0.0,0.0,0.0,0.0,0.0,0.0,0.0,0.0,0.0,0.0,0.0,0.0,0.0,0.0,0.0,0.0,0.0,0.0,0.0,0.0,0.0,0.0,0.0,0.0,0.0,0.0,0.0,0.0,0.0,0.0,0.0,0.0,0.0,0.0,0.0,0.0,0.0,0.0,0.0
stop,0.5728509426116943,0.47135230898857117,-6.041613573870563e-07,0.4977709650993347,0.43016400933265686,0.006971000228077173,0.45719024538993835,0.3659932315349579,0.007546905893832445,0.45386940240859985,0.30600813031196594,0.006488335318863392,0.47674012184143066,0.27527377009391785,0.007206193637102842,0.4978002905845642,0.24703623354434967,0.008435157127678394,0.48821499943733215,0.2206379771232605,0.014228223823010921,0.4932872951030731,0.25793182849884033,0.015826836228370667,0.5012891888618469,0.29004237055778503,0.01549153309315443,0.5434951782226562,0.23735089600086212,0.0035809834953397512,0.5314877033233643,0.22545498609542847,0.018179891631007195,0.5292646288871765,0.26190537214279175,0.02105301432311535,0.5353944897651672,0.29440438747406006,0.018637407571077347,0.5844072103500366,0.24894824624061584,0.00010183345148107037,0.5670440793037415,0.24393200874328613,0.0133049376308918,0.5624904036521912,0.273477703332901,0.017373736947774887,0.5658807754516602,0.3062874972820282,0.01502505224198103,0.6206393837928772,0.2716721296310425,-0.003309213323518634,0.6030682921409607,0.26751768589019775,0.008961807936429977,0.5957170724868774,0.29467275738716125,0.018195899203419685,0.5949683785438538,0.3232552111148834,0.023504706099629402,0.0,0.0,0.0,0.0,0.0,0.0,0.0,0.0,0.0,0.0,0.0,0.0,0.0,0.0,0.0,0.0,0.0,0.0,0.0,0.0,0.0,0.0,0.0,0.0,0.0,0.0,0.0,0.0,0.0,0.0,0.0,0.0,0.0,0.0,0.0,0.0,0.0,0.0,0.0,0.0,0.0,0.0,0.0,0.0,0.0,0.0,0.0,0.0,0.0,0.0,0.0,0.0,0.0,0.0,0.0,0.0,0.0,0.0,0.0,0.0,0.0,0.0,0.0
stop,0.41875478625297546,0.4763621687889099,-4.955645067639125e-07,0.3460192084312439,0.43561965227127075,0.004173694644123316,0.3058326840400696,0.3792512118816376,-0.0014836355112493038,0.3134181797504425,0.3231341242790222,-0.008228473365306854,0.3424791991710663,0.29563108086586,-0.01278921589255333,0.3156944513320923,0.25571733713150024,-0.008650041185319424,0.3276682496070862,0.22781549394130707,-0.005416566506028175,0.3402055501937866,0.26385706663131714,-0.0008743026992306113,0.34506019949913025,0.2961829900741577,0.0011246054200455546,0.360119491815567,0.23319481313228607,-0.01390815433114767,0.37168967723846436,0.2238035351037979,-0.00029032197198830545,0.37669989466667175,0.2602115273475647,0.0062011005356907845,0.37869057059288025,0.2909511625766754,0.005372962914407253,0.40325531363487244,0.23531116545200348,-0.01713927462697029,0.40638870000839233,0.2392074465751648,-0.004884463734924793,0.4096508324146271,0.272603839635849,-0.00018247241678182036,0.41026172041893005,0.30548107624053955,-0.002769205952063203,0.4430416226387024,0.24836015701293945,-0.02042778953909874,0.4394161105155945,0.25315234065055847,-0.009797794744372368,0.4394262731075287,0.2838256359100342,-0.0017273459816351533,0.4377419948577881,0.313070148229599,0.0025810343213379383,0.0,0.0,0.0,0.0,0.0,0.0,0.0,0.0,0.0,0.0,0.0,0.0,0.0,0.0,0.0,0.0,0.0,0.0,0.0,0.0,0.0,0.0,0.0,0.0,0.0,0.0,0.0,0.0,0.0,0.0,0.0,0.0,0.0,0.0,0.0,0.0,0.0,0.0,0.0,0.0,0.0,0.0,0.0,0.0,0.0,0.0,0.0,0.0,0.0,0.0,0.0,0.0,0.0,0.0,0.0,0.0,0.0,0.0,0.0,0.0,0.0,0.0,0.0
stop,0.276403546333313,0.4128285050392151,-1.7120484585575468e-07,0.3086237609386444,0.35441523790359497,0.010167011991143227,0.3043210506439209,0.28766071796417236,0.013192017562687397,0.2759382426738739,0.2483789473772049,0.012963916175067425,0.24441175162792206,0.23431871831417084,0.011122752912342548,0.29909902811050415,0.21760427951812744,0.01741395704448223,0.2619159519672394,0.19945882260799408,0.01722508855164051,0.2571374177932739,0.22843684256076813,0.00993774738162756,0.2635042369365692,0.2542112171649933,0.0040554506704211235,0.26629912853240967,0.20823821425437927,0.010233869776129723,0.2332552969455719,0.19986757636070251,0.01655321568250656,0.22984468936920166,0.22971323132514954,0.013730889186263084,0.23831279575824738,0.25510039925575256,0.00952555239200592,0.23105508089065552,0.21771743893623352,0.003552724840119481,0.20508334040641785,0.20708830654621124,0.00828010868281126,0.20771250128746033,0.23523853719234467,0.007508610840886831,0.21913769841194153,0.25679945945739746,0.004530266392976046,0.19751419126987457,0.23586098849773407,-0.0023766246158629656,0.1796666383743286,0.22982245683670044,0.0009830932831391692,0.18475748598575592,0.255635142326355,0.006158922798931599,0.19474954903125763,0.27471232414245605,0.010093585588037968,0.0,0.0,0.0,0.0,0.0,0.0,0.0,0.0,0.0,0.0,0.0,0.0,0.0,0.0,0.0,0.0,0.0,0.0,0.0,0.0,0.0,0.0,0.0,0.0,0.0,0.0,0.0,0.0,0.0,0.0,0.0,0.0,0.0,0.0,0.0,0.0,0.0,0.0,0.0,0.0,0.0,0.0,0.0,0.0,0.0,0.0,0.0,0.0,0.0,0.0,0.0,0.0,0.0,0.0,0.0,0.0,0.0,0.0,0.0,0.0,0.0,0.0,0.0
stop,0.3597872257232666,0.5465301871299744,-4.841979261982488e-07,0.33690258860588074,0.4936836361885071,0.022460613399744034,0.32720205187797546,0.42872852087020874,0.03148866817355156,0.3252066373825073,0.37694257497787476,0.035329706966876984,0.32452690601348877,0.34372997283935547,0.0385863333940506,0.3409535884857178,0.34978997707366943,0.028803054243326187,0.3119613230228424,0.3044358789920807,0.03381766751408577,0.30568262934684753,0.32619497179985046,0.03276596963405609,0.3106524348258972,0.35072770714759827,0.032158467918634415,0.3458452820777893,0.3312515318393707,0.018605656921863556,0.3134085536003113,0.29314708709716797,0.03241268917918205,0.30353033542633057,0.3174150586128235,0.035530686378479004,0.30807313323020935,0.34459635615348816,0.03476973623037338,0.3474171459674835,0.32810652256011963,0.009901400655508041,0.3144209682941437,0.2936601936817169,0.02331884577870369,0.3082403838634491,0.3184139132499695,0.027501661330461502,0.31376907229423523,0.34501057863235474,0.026299964636564255,0.34780898690223694,0.3343738317489624,0.0026669392827898264,0.32119062542915344,0.3094826340675354,0.016084371134638786,0.3153725862503052,0.32795900106430054,0.02642819657921791,0.3176383972167969,0.34994688630104065,0.03298337757587433,0.0,0.0,0.0,0.0,0.0,0.0,0.0,0.0,0.0,0.0,0.0,0.0,0.0,0.0,0.0,0.0,0.0,0.0,0.0,0.0,0.0,0.0,0.0,0.0,0.0,0.0,0.0,0.0,0.0,0.0,0.0,0.0,0.0,0.0,0.0,0.0,0.0,0.0,0.0,0.0,0.0,0.0,0.0,0.0,0.0,0.0,0.0,0.0,0.0,0.0,0.0,0.0,0.0,0.0,0.0,0.0,0.0,0.0,0.0,0.0,0.0,0.0,0.0
stop,0.41176503896713257,0.6909115314483643,-4.876876005255326e-07,0.34355628490448,0.6436871290206909,0.013473011553287506,0.3104574680328369,0.5805126428604126,0.017178887501358986,0.3188164532184601,0.5225926041603088,0.01806606911122799,0.34231629967689514,0.49551156163215637,0.020280947908759117,0.32548758387565613,0.4649617075920105,0.015552223660051823,0.32962676882743835,0.4256047308444977,0.022840386256575584,0.3384288549423218,0.4548407793045044,0.024679312482476234,0.3440547287464142,0.4845394790172577,0.024629905819892883,0.3702784776687622,0.45158255100250244,0.007722062524408102,0.3687380254268646,0.42375779151916504,0.025622231885790825,0.3703034818172455,0.45087289810180664,0.029848404228687286,0.37267017364501953,0.4793725609779358,0.02798471227288246,0.41233551502227783,0.4584624767303467,0.0015210018027573824,0.4027262032032013,0.43774327635765076,0.017349708825349808,0.4027082026004791,0.46311891078948975,0.02046307735145092,0.4038460850715637,0.493394672870636,0.017218124121427536,0.4494546949863434,0.47644469141960144,-0.00405974080786109,0.4327049255371094,0.45617222785949707,0.009245728142559528,0.42973941564559937,0.4795016348361969,0.018076108768582344,0.43050873279571533,0.5073564648628235,0.023043978959321976,0.0,0.0,0.0,0.0,0.0,0.0,0.0,0.0,0.0,0.0,0.0,0.0,0.0,0.0,0.0,0.0,0.0,0.0,0.0,0.0,0.0,0.0,0.0,0.0,0.0,0.0,0.0,0.0,0.0,0.0,0.0,0.0,0.0,0.0,0.0,0.0,0.0,0.0,0.0,0.0,0.0,0.0,0.0,0.0,0.0,0.0,0.0,0.0,0.0,0.0,0.0,0.0,0.0,0.0,0.0,0.0,0.0,0.0,0.0,0.0,0.0,0.0,0.0
stop,0.40185874700546265,0.7289147973060608,-3.882875319050072e-07,0.34903770685195923,0.6781618595123291,0.011975705623626709,0.3216302990913391,0.6206775307655334,0.010377624072134495,0.331381618976593,0.5699636936187744,0.006174821872264147,0.3527814745903015,0.5446977615356445,0.0038829536642879248,0.32680544257164,0.5171564817428589,-0.0015703296521678567,0.3667135536670685,0.4821945130825043,0.0008339534397237003,0.37867364287376404,0.5128302574157715,0.004734160378575325,0.375307559967041,0.5400663018226624,0.006820325274020433,0.36629077792167664,0.5051976442337036,-0.010912936180830002,0.40273433923721313,0.4880182445049286,0.0016855187714099884,0.4072822034358978,0.5206836462020874,0.008951295167207718,0.39989927411079407,0.546941339969635,0.009386323392391205,0.4062860906124115,0.51219242811203,-0.01831340231001377,0.4328956604003906,0.5057664513587952,-0.004662428982555866,0.4344359040260315,0.535699188709259,0.0022902684286236763,0.4254189729690552,0.5630811452865601,0.0009521585889160633,0.44412848353385925,0.5296570062637329,-0.02529296651482582,0.4554331600666046,0.5293397903442383,-0.01277538388967514,0.45417943596839905,0.5578696727752686,-0.0038411214482039213,0.4471138119697571,0.5828112363815308,0.00043941999319940805,0.0,0.0,0.0,0.0,0.0,0.0,0.0,0.0,0.0,0.0,0.0,0.0,0.0,0.0,0.0,0.0,0.0,0.0,0.0,0.0,0.0,0.0,0.0,0.0,0.0,0.0,0.0,0.0,0.0,0.0,0.0,0.0,0.0,0.0,0.0,0.0,0.0,0.0,0.0,0.0,0.0,0.0,0.0,0.0,0.0,0.0,0.0,0.0,0.0,0.0,0.0,0.0,0.0,0.0,0.0,0.0,0.0,0.0,0.0,0.0,0.0,0.0,0.0
stop,0.23299093544483185,0.7251113653182983,-2.912271099830832e-07,0.18715117871761322,0.692483127117157,0.014586222358047962,0.1601894497871399,0.6457791328430176,0.016988059505820274,0.1502949744462967,0.6091381311416626,0.01426358986645937,0.1505444198846817,0.5871620178222656,0.01218320056796074,0.14939913153648376,0.5876653790473938,0.018052903935313225,0.1653098613023758,0.5560391545295715,0.01812213845551014,0.1824372559785843,0.5730768442153931,0.016316059976816177,0.1904086321592331,0.5927395224571228,0.01457166112959385,0.17310497164726257,0.5682404041290283,0.007166957017034292,0.1855926513671875,0.5425704717636108,0.014147229492664337,0.19844193756580353,0.5650268793106079,0.01563960313796997,0.20351698994636536,0.585445761680603,0.0131201958283782,0.20160098373889923,0.5597507953643799,-0.0036546478513628244,0.20648936927318573,0.5326113104820251,0.0026910791639238596,0.21808107197284698,0.5540979504585266,0.0048797703348100185,0.2213970422744751,0.5769669413566589,0.0026297946460545063,0.2316177487373352,0.5572984218597412,-0.013845104724168777,0.22934874892234802,0.5330363512039185,-0.008359622210264206,0.23583610355854034,0.5502570867538452,-0.0033051702193915844,0.23833416402339935,0.5701814889907837,-0.0010746937477961183,0.0,0.0,0.0,0.0,0.0,0.0,0.0,0.0,0.0,0.0,0.0,0.0,0.0,0.0,0.0,0.0,0.0,0.0,0.0,0.0,0.0,0.0,0.0,0.0,0.0,0.0,0.0,0.0,0.0,0.0,0.0,0.0,0.0,0.0,0.0,0.0,0.0,0.0,0.0,0.0,0.0,0.0,0.0,0.0,0.0,0.0,0.0,0.0,0.0,0.0,0.0,0.0,0.0,0.0,0.0,0.0,0.0,0.0,0.0,0.0,0.0,0.0,0.0
stop,0.3120165467262268,0.7713277339935303,-1.6446340111997415e-07,0.27263525128364563,0.705724835395813,0.005262961145490408,0.2634845972061157,0.6353712677955627,0.0015006422763690352,0.28855809569358826,0.5903923511505127,-0.004442393779754639,0.32450851798057556,0.5783323049545288,-0.0067892796359956264,0.2385873794555664,0.5936723947525024,-0.001189668895676732,0.2864040434360504,0.545090913772583,-0.009515399113297462,0.30429980158805847,0.5726633667945862,-0.011887617409229279,0.3027535080909729,0.5997801423072815,-0.011985969729721546,0.2680024802684784,0.5884676575660706,-0.008744632825255394,0.31556186079978943,0.5449047684669495,-0.010179318487644196,0.3280661702156067,0.5757973790168762,-0.007023924496024847,0.32254302501678467,0.6004930734634399,-0.0057525052689015865,0.30247366428375244,0.5910014510154724,-0.01660965569317341,0.34667807817459106,0.5574380159378052,-0.015158199705183506,0.3539699614048004,0.5861209630966187,-0.00817711278796196,0.344804048538208,0.6087764501571655,-0.005161514971405268,0.33681270480155945,0.6011205315589905,-0.024664083495736122,0.36932170391082764,0.5796515941619873,-0.02070433273911476,0.37431052327156067,0.605638861656189,-0.013469572179019451,0.36767932772636414,0.626624345779419,-0.008644931949675083,0.0,0.0,0.0,0.0,0.0,0.0,0.0,0.0,0.0,0.0,0.0,0.0,0.0,0.0,0.0,0.0,0.0,0.0,0.0,0.0,0.0,0.0,0.0,0.0,0.0,0.0,0.0,0.0,0.0,0.0,0.0,0.0,0.0,0.0,0.0,0.0,0.0,0.0,0.0,0.0,0.0,0.0,0.0,0.0,0.0,0.0,0.0,0.0,0.0,0.0,0.0,0.0,0.0,0.0,0.0,0.0,0.0,0.0,0.0,0.0,0.0,0.0,0.0
stop,0.3312716484069824,0.7962977290153503,-1.6812531100640626e-07,0.29179057478904724,0.7316160202026367,0.009657029993832111,0.2760004699230194,0.6656615734100342,0.005355198867619038,0.2956045866012573,0.6194428205490112,-0.0027903621084988117,0.3254181146621704,0.6018463969230652,-0.007339300587773323,0.2520545423030853,0.6166505813598633,0.0026121533010154963,0.3071349859237671,0.5639886260032654,-0.006573905702680349,0.31853315234184265,0.5928937196731567,-0.009910793974995613,0.3100859522819519,0.6203716993331909,-0.010634918697178364,0.2784827947616577,0.6160328388214111,-0.008604288101196289,0.33469367027282715,0.5704460740089417,-0.011405419558286667,0.34288290143013,0.6019720435142517,-0.008356709964573383,0.33145761489868164,0.6260058879852295,-0.0068622310645878315,0.3107665181159973,0.6225139498710632,-0.019862275570631027,0.36377647519111633,0.5835479497909546,-0.018760159611701965,0.367753803730011,0.6152551174163818,-0.00991599727421999,0.3549792766571045,0.6377404928207397,-0.005711287725716829,0.34580081701278687,0.6365679502487183,-0.03102341666817665,0.38689473271369934,0.6081337928771973,-0.02617434784770012,0.3875429332256317,0.6369316577911377,-0.016372716054320335,0.37624791264533997,0.6575978398323059,-0.009985537268221378,0.0,0.0,0.0,0.0,0.0,0.0,0.0,0.0,0.0,0.0,0.0,0.0,0.0,0.0,0.0,0.0,0.0,0.0,0.0,0.0,0.0,0.0,0.0,0.0,0.0,0.0,0.0,0.0,0.0,0.0,0.0,0.0,0.0,0.0,0.0,0.0,0.0,0.0,0.0,0.0,0.0,0.0,0.0,0.0,0.0,0.0,0.0,0.0,0.0,0.0,0.0,0.0,0.0,0.0,0.0,0.0,0.0,0.0,0.0,0.0,0.0,0.0,0.0
stop,0.4226089417934418,0.8262626528739929,-1.212472113820695e-07,0.37362006306648254,0.7909451127052307,0.00012499021249823272,0.3523842692375183,0.7333094477653503,-0.005140198860317469,0.36369144916534424,0.6818012595176697,-0.011012395843863487,0.3883410096168518,0.6543294787406921,-0.013901803642511368,0.3495888411998749,0.6808800101280212,-0.00883528869599104,0.38105571269989014,0.6176671385765076,-0.016952328383922577,0.3936792314052582,0.6337708830833435,-0.018586212769150734,0.3889175355434418,0.6604121327400208,-0.01717863418161869,0.3859695494174957,0.6790200471878052,-0.013696685433387756,0.4125629663467407,0.6195510625839233,-0.014976349659264088,0.4233463406562805,0.6381247639656067,-0.012280010618269444,0.4188178479671478,0.6662917137145996,-0.010390040464699268,0.4242308735847473,0.6862541437149048,-0.018590573221445084,0.445148229598999,0.632439374923706,-0.019104843959212303,0.45239901542663574,0.6527447700500488,-0.013392175547778606,0.4472845792770386,0.6823791861534119,-0.010042393580079079,0.46056222915649414,0.6994163990020752,-0.023423776030540466,0.4728216230869293,0.6615518927574158,-0.024797407910227776,0.47553813457489014,0.6803649067878723,-0.019132519140839577,0.4712972939014435,0.7065858244895935,-0.01378344465047121,0.0,0.0,0.0,0.0,0.0,0.0,0.0,0.0,0.0,0.0,0.0,0.0,0.0,0.0,0.0,0.0,0.0,0.0,0.0,0.0,0.0,0.0,0.0,0.0,0.0,0.0,0.0,0.0,0.0,0.0,0.0,0.0,0.0,0.0,0.0,0.0,0.0,0.0,0.0,0.0,0.0,0.0,0.0,0.0,0.0,0.0,0.0,0.0,0.0,0.0,0.0,0.0,0.0,0.0,0.0,0.0,0.0,0.0,0.0,0.0,0.0,0.0,0.0
stop,0.488259494304657,0.7646316289901733,-1.9904761927591608e-07,0.44046518206596375,0.7220901846885681,0.0020994406659156084,0.4182174503803253,0.6593931317329407,-0.0030781745444983244,0.4252661168575287,0.6081884503364563,-0.009565186686813831,0.45087185502052307,0.5817930102348328,-0.01331796869635582,0.42665135860443115,0.6056379675865173,-0.010348832234740257,0.4527474641799927,0.5330538749694824,-0.01872001402080059,0.4607003629207611,0.5495688915252686,-0.018300116062164307,0.4536333680152893,0.5812346935272217,-0.014639634639024734,0.46496933698654175,0.6070236563682556,-0.016052568331360817,0.4885552227497101,0.5368849039077759,-0.018400322645902634,0.495673269033432,0.5551722645759583,-0.01622537150979042,0.49043866991996765,0.585910439491272,-0.01416723057627678,0.5052478909492493,0.6183872818946838,-0.021179871633648872,0.5220476388931274,0.5551987886428833,-0.020625464618206024,0.5272067785263062,0.574687123298645,-0.015132011845707893,0.5225493311882019,0.6048193573951721,-0.012140825390815735,0.542730987071991,0.6360353827476501,-0.025949589908123016,0.5528581142425537,0.5862513780593872,-0.025047702714800835,0.5531051158905029,0.6038619875907898,-0.017992161214351654,0.5490604043006897,0.6306182146072388,-0.01195930689573288,0.0,0.0,0.0,0.0,0.0,0.0,0.0,0.0,0.0,0.0,0.0,0.0,0.0,0.0,0.0,0.0,0.0,0.0,0.0,0.0,0.0,0.0,0.0,0.0,0.0,0.0,0.0,0.0,0.0,0.0,0.0,0.0,0.0,0.0,0.0,0.0,0.0,0.0,0.0,0.0,0.0,0.0,0.0,0.0,0.0,0.0,0.0,0.0,0.0,0.0,0.0,0.0,0.0,0.0,0.0,0.0,0.0,0.0,0.0,0.0,0.0,0.0,0.0
stop,0.57184237241745,0.7199563384056091,-4.2110431763831e-07,0.5119336247444153,0.6479395627975464,0.008871312253177166,0.4870206415653229,0.5662451386451721,0.008077060803771019,0.5049223899841309,0.4971911311149597,0.006249078083783388,0.5420671701431274,0.4732728600502014,0.007989163510501385,0.500296413898468,0.49485424160957336,-0.0029209433123469353,0.5382111072540283,0.42680975794792175,1.694527054496575e-05,0.5459759831428528,0.45970866084098816,0.007108595222234726,0.5411030054092407,0.48752322793006897,0.01201618742197752,0.5477267503738403,0.49724656343460083,-0.008358706720173359,0.5785860419273376,0.4380998909473419,0.002533385530114174,0.5793306231498718,0.47165215015411377,0.010939559899270535,0.5713906288146973,0.500201940536499,0.013782890513539314,0.594097912311554,0.5142865777015686,-0.011977693066000938,0.6127632260322571,0.463864803314209,0.0009233165183104575,0.6116650104522705,0.4923403561115265,0.009180115535855293,0.602932870388031,0.5214509963989258,0.009983458556234837,0.6359169483184814,0.5414285063743591,-0.014783449470996857,0.6383263468742371,0.5065159797668457,-0.00252306810580194,0.632210910320282,0.5272490978240967,0.006758456584066153,0.6246120929718018,0.5504267811775208,0.011748022399842739,0.0,0.0,0.0,0.0,0.0,0.0,0.0,0.0,0.0,0.0,0.0,0.0,0.0,0.0,0.0,0.0,0.0,0.0,0.0,0.0,0.0,0.0,0.0,0.0,0.0,0.0,0.0,0.0,0.0,0.0,0.0,0.0,0.0,0.0,0.0,0.0,0.0,0.0,0.0,0.0,0.0,0.0,0.0,0.0,0.0,0.0,0.0,0.0,0.0,0.0,0.0,0.0,0.0,0.0,0.0,0.0,0.0,0.0,0.0,0.0,0.0,0.0,0.0
stop,0.6562379002571106,0.652489423751831,-5.324150720298348e-07,0.5931323170661926,0.5682624578475952,0.011262799613177776,0.5704724788665771,0.483426570892334,0.011320065706968307,0.5872411131858826,0.416036456823349,0.010597098618745804,0.6219682097434998,0.39325353503227234,0.012279103510081768,0.6098504066467285,0.3906373381614685,-0.004910517483949661,0.6253277659416199,0.3432111144065857,0.0035941400565207005,0.6298115849494934,0.37994110584259033,0.015286345034837723,0.6285429000854492,0.4170782268047333,0.022668255493044853,0.6623399257659912,0.39564839005470276,-0.01070207729935646,0.6699628829956055,0.3619198203086853,0.006276338826864958,0.6640809774398804,0.3961453437805176,0.016107315197587013,0.6608327627182007,0.43060529232025146,0.01768995262682438,0.7096397876739502,0.42228132486343384,-0.013337654061615467,0.7060120105743408,0.39477962255477905,0.0035015929024666548,0.6991100311279297,0.4255436360836029,0.011156504973769188,0.6937317252159119,0.46166345477104187,0.009521981701254845,0.7497612237930298,0.46227169036865234,-0.01482954528182745,0.7380709648132324,0.43761101365089417,0.0005295590963214636,0.7275826334953308,0.46531492471694946,0.011517945677042007,0.7211626172065735,0.4976455569267273,0.017159832641482353,0.0,0.0,0.0,0.0,0.0,0.0,0.0,0.0,0.0,0.0,0.0,0.0,0.0,0.0,0.0,0.0,0.0,0.0,0.0,0.0,0.0,0.0,0.0,0.0,0.0,0.0,0.0,0.0,0.0,0.0,0.0,0.0,0.0,0.0,0.0,0.0,0.0,0.0,0.0,0.0,0.0,0.0,0.0,0.0,0.0,0.0,0.0,0.0,0.0,0.0,0.0,0.0,0.0,0.0,0.0,0.0,0.0,0.0,0.0,0.0,0.0,0.0,0.0
stop,0.6999744176864624,0.6297939419746399,-5.653942025674041e-07,0.6370131969451904,0.5467355251312256,0.005830364767462015,0.607537031173706,0.459770143032074,0.005674860905855894,0.6209965944290161,0.3817896544933319,0.00472676195204258,0.6503077149391174,0.3475538194179535,0.00758890388533473,0.6730965375900269,0.35893967747688293,0.0032691583037376404,0.6864908933639526,0.2960798442363739,0.010831471532583237,0.6818376183509827,0.33295902609825134,0.019276082515716553,0.6737996935844421,0.37413427233695984,0.02527768909931183,0.7263374924659729,0.3691982626914978,-7.460767665179446e-05,0.7306042313575745,0.31880462169647217,0.014705818146467209,0.7206442952156067,0.34845060110092163,0.02087998203933239,0.7118765711784363,0.38515526056289673,0.021624639630317688,0.7696394324302673,0.3965246379375458,-0.001630371087230742,0.7655888199806213,0.35494372248649597,0.012176497839391232,0.755971372127533,0.3793308138847351,0.017094524577260017,0.7465988397598267,0.4158443212509155,0.015769334509968758,0.8043062686920166,0.4304884076118469,-0.0027166404761373997,0.7948465943336487,0.39874061942100525,0.009297496639192104,0.7826775312423706,0.42034080624580383,0.01798788271844387,0.7749114632606506,0.4510701894760132,0.023468641564249992,0.0,0.0,0.0,0.0,0.0,0.0,0.0,0.0,0.0,0.0,0.0,0.0,0.0,0.0,0.0,0.0,0.0,0.0,0.0,0.0,0.0,0.0,0.0,0.0,0.0,0.0,0.0,0.0,0.0,0.0,0.0,0.0,0.0,0.0,0.0,0.0,0.0,0.0,0.0,0.0,0.0,0.0,0.0,0.0,0.0,0.0,0.0,0.0,0.0,0.0,0.0,0.0,0.0,0.0,0.0,0.0,0.0,0.0,0.0,0.0,0.0,0.0,0.0
stop,0.7765969038009644,0.44504427909851074,-6.142176971479785e-07,0.707236647605896,0.36014384031295776,-0.0007470878772437572,0.6734631061553955,0.2755053639411926,-0.006899289786815643,0.6917369365692139,0.19377128779888153,-0.011995406821370125,0.727978527545929,0.1592951864004135,-0.01359639409929514,0.7408340573310852,0.16521859169006348,-0.018872762098908424,0.759128212928772,0.10336215049028397,-0.013785851188004017,0.7561019062995911,0.13763242959976196,-0.002065612468868494,0.7500991821289062,0.17729778587818146,0.0063516064547002316,0.8029942512512207,0.17352712154388428,-0.01892196014523506,0.8133155107498169,0.11589338630437851,-0.005703364033252001,0.8017595410346985,0.1461154967546463,0.004643136635422707,0.7939707040786743,0.18317772448062897,0.00730299623683095,0.8523828387260437,0.20003242790699005,-0.01638377644121647,0.8482177257537842,0.15327943861484528,-0.0025146501138806343,0.8375997543334961,0.1807887852191925,0.004670505877584219,0.8295174241065979,0.21821361780166626,0.003579992800951004,0.8907648324966431,0.23257440328598022,-0.013700342737138271,0.8787482380867004,0.1882297694683075,-0.0007602017722092569,0.8664509654045105,0.20938178896903992,0.008180339820683002,0.8586967587471008,0.23924723267555237,0.012885297648608685,0.0,0.0,0.0,0.0,0.0,0.0,0.0,0.0,0.0,0.0,0.0,0.0,0.0,0.0,0.0,0.0,0.0,0.0,0.0,0.0,0.0,0.0,0.0,0.0,0.0,0.0,0.0,0.0,0.0,0.0,0.0,0.0,0.0,0.0,0.0,0.0,0.0,0.0,0.0,0.0,0.0,0.0,0.0,0.0,0.0,0.0,0.0,0.0,0.0,0.0,0.0,0.0,0.0,0.0,0.0,0.0,0.0,0.0,0.0,0.0,0.0,0.0,0.0
stop,0.8076134920120239,0.40749266743659973,-7.015928531473037e-07,0.7327304482460022,0.3257805109024048,0.014955386519432068,0.6945880651473999,0.2502131164073944,0.020439237356185913,0.7035264372825623,0.1803506314754486,0.02529105916619301,0.7301801443099976,0.14857447147369385,0.03276265040040016,0.7733674049377441,0.10331433266401291,0.016332050785422325,0.7881799936294556,0.08001722395420074,0.043677814304828644,0.785158634185791,0.12802404165267944,0.06191248074173927,0.7784770727157593,0.1634281575679779,0.07159896939992905,0.8358299732208252,0.11056837439537048,0.016229746863245964,0.836987316608429,0.09869307279586792,0.05422019958496094,0.8242579698562622,0.14352098107337952,0.06500735133886337,0.8171647191047668,0.17755211889743805,0.06302011758089066,0.8812821507453918,0.14370377361774445,0.020704764872789383,0.8666985630989075,0.13730718195438385,0.05538608878850937,0.8563941717147827,0.17442792654037476,0.060465287417173386,0.8492841124534607,0.21350088715553284,0.05315617844462395,0.918064534664154,0.18205171823501587,0.0264569204300642,0.8975991606712341,0.17155620455741882,0.05722660571336746,0.884381115436554,0.2001662254333496,0.06982637196779251,0.8758189678192139,0.22895073890686035,0.07385265082120895,0.0,0.0,0.0,0.0,0.0,0.0,0.0,0.0,0.0,0.0,0.0,0.0,0.0,0.0,0.0,0.0,0.0,0.0,0.0,0.0,0.0,0.0,0.0,0.0,0.0,0.0,0.0,0.0,0.0,0.0,0.0,0.0,0.0,0.0,0.0,0.0,0.0,0.0,0.0,0.0,0.0,0.0,0.0,0.0,0.0,0.0,0.0,0.0,0.0,0.0,0.0,0.0,0.0,0.0,0.0,0.0,0.0,0.0,0.0,0.0,0.0,0.0,0.0
stop,0.5333608388900757,0.4475330114364624,3.4044705898850225e-07,0.6066011786460876,0.45124906301498413,-0.008650751784443855,0.6708187460899353,0.42649292945861816,-0.005325938109308481,0.7063716650009155,0.3781464099884033,-0.00441595958545804,0.7047579884529114,0.33177050948143005,-0.0026244716718792915,0.6420053243637085,0.3296586275100708,0.0370413102209568,0.673988938331604,0.2959519922733307,0.029659274965524673,0.6867471933364868,0.30543071031570435,0.015230463817715645,0.6960081458091736,0.32223695516586304,0.005322646349668503,0.6168708205223083,0.3096977770328522,0.03442464768886566,0.6501981019973755,0.27375614643096924,0.026466701179742813,0.6701768040657043,0.2738799750804901,0.00973991397768259,0.6877628564834595,0.2828812003135681,-0.002065500244498253,0.5914806723594666,0.29125407338142395,0.026375114917755127,0.6294804811477661,0.255713552236557,0.014280757866799831,0.6537138819694519,0.25641462206840515,0.004659720696508884,0.6725199818611145,0.26773348450660706,4.6771765482844785e-05,0.5631703734397888,0.2740117013454437,0.01661192625761032,0.604631781578064,0.2493748515844345,0.0083641791716218,0.6345052123069763,0.24463674426078796,0.00515736173838377,0.6604090332984924,0.24884971976280212,0.003418020438402891,0.0,0.0,0.0,0.0,0.0,0.0,0.0,0.0,0.0,0.0,0.0,0.0,0.0,0.0,0.0,0.0,0.0,0.0,0.0,0.0,0.0,0.0,0.0,0.0,0.0,0.0,0.0,0.0,0.0,0.0,0.0,0.0,0.0,0.0,0.0,0.0,0.0,0.0,0.0,0.0,0.0,0.0,0.0,0.0,0.0,0.0,0.0,0.0,0.0,0.0,0.0,0.0,0.0,0.0,0.0,0.0,0.0,0.0,0.0,0.0,0.0,0.0,0.0
stop,0.45078933238983154,0.4437122642993927,-6.060151491737997e-08,0.5262596011161804,0.44631391763687134,-0.023118076846003532,0.594940721988678,0.4067123830318451,-0.03042677976191044,0.6077123880386353,0.3271431624889374,-0.03667445480823517,0.5602813959121704,0.2900281548500061,-0.03701695427298546,0.584915041923523,0.3037768602371216,0.0020507003646343946,0.5983452200889587,0.25021305680274963,-0.019396362826228142,0.5745830535888672,0.31117671728134155,-0.030545668676495552,0.5643823742866516,0.33798739314079285,-0.03620119020342827,0.5472719669342041,0.2870408892631531,0.0015050959773361683,0.5576658844947815,0.23338855803012848,-0.020982293412089348,0.5382760763168335,0.31366026401519775,-0.025595221668481827,0.5370089411735535,0.3322710394859314,-0.024075843393802643,0.5088728070259094,0.28022900223731995,-0.00434002885594964,0.5200657248497009,0.2371823787689209,-0.0304981991648674,0.5056700110435486,0.3131292164325714,-0.023034553974866867,0.5030589699745178,0.3295561373233795,-0.01167248748242855,0.46710824966430664,0.2755333483219147,-0.012312287464737892,0.4843154549598694,0.25170353055000305,-0.02480129711329937,0.47866883873939514,0.30178317427635193,-0.014688699506223202,0.47385650873184204,0.3154276907444,-0.004183376207947731,0.0,0.0,0.0,0.0,0.0,0.0,0.0,0.0,0.0,0.0,0.0,0.0,0.0,0.0,0.0,0.0,0.0,0.0,0.0,0.0,0.0,0.0,0.0,0.0,0.0,0.0,0.0,0.0,0.0,0.0,0.0,0.0,0.0,0.0,0.0,0.0,0.0,0.0,0.0,0.0,0.0,0.0,0.0,0.0,0.0,0.0,0.0,0.0,0.0,0.0,0.0,0.0,0.0,0.0,0.0,0.0,0.0,0.0,0.0,0.0,0.0,0.0,0.0
stop,0.3517501652240753,0.31221336126327515,-4.882616977397447e-08,0.42293503880500793,0.3096582889556885,-0.017247097566723824,0.4716016352176666,0.26021960377693176,-0.024951279163360596,0.46538668870925903,0.1822255402803421,-0.0337013378739357,0.431682288646698,0.142075777053833,-0.04082481935620308,0.47142109274864197,0.2188970446586609,0.002091463189572096,0.48650407791137695,0.1707630455493927,-0.019755300134420395,0.460170716047287,0.18305693566799164,-0.037191152572631836,0.43567079305648804,0.2100362330675125,-0.046713974326848984,0.43566960096359253,0.19267579913139343,-0.0008025995921343565,0.45047450065612793,0.13399893045425415,-0.02242685668170452,0.4295135736465454,0.15824899077415466,-0.03569048270583153,0.412237286567688,0.19213621318340302,-0.04041634127497673,0.3999732434749603,0.18162058293819427,-0.008191190659999847,0.41128790378570557,0.13109350204467773,-0.030924536287784576,0.398994505405426,0.16612735390663147,-0.0352274626493454,0.38870468735694885,0.2002016007900238,-0.032234810292720795,0.3638067841529846,0.1802869290113449,-0.017240382730960846,0.37571513652801514,0.15012504160404205,-0.029965434223413467,0.36935919523239136,0.17207492887973785,-0.027489477768540382,0.36262524127960205,0.1949075162410736,-0.02291478030383587,0.0,0.0,0.0,0.0,0.0,0.0,0.0,0.0,0.0,0.0,0.0,0.0,0.0,0.0,0.0,0.0,0.0,0.0,0.0,0.0,0.0,0.0,0.0,0.0,0.0,0.0,0.0,0.0,0.0,0.0,0.0,0.0,0.0,0.0,0.0,0.0,0.0,0.0,0.0,0.0,0.0,0.0,0.0,0.0,0.0,0.0,0.0,0.0,0.0,0.0,0.0,0.0,0.0,0.0,0.0,0.0,0.0,0.0,0.0,0.0,0.0,0.0,0.0
stop,0.28286421298980713,0.381043016910553,1.8321996364534243e-08,0.3483768105506897,0.35978543758392334,-0.027217356488108635,0.39672577381134033,0.29986053705215454,-0.036528922617435455,0.3859541416168213,0.22965869307518005,-0.04405195266008377,0.3485814332962036,0.2009419947862625,-0.04728105664253235,0.3867255449295044,0.22895511984825134,-0.0033603289630264044,0.3848203122615814,0.17052137851715088,-0.030547315254807472,0.3635424077510834,0.21027642488479614,-0.04895029217004776,0.35480231046676636,0.24678486585617065,-0.05766795948147774,0.34743452072143555,0.21254399418830872,-0.001893359120003879,0.346304714679718,0.15726786851882935,-0.029625102877616882,0.3312464952468872,0.20913180708885193,-0.04079867899417877,0.3277152180671692,0.2461133897304535,-0.041506413370370865,0.3109273314476013,0.2106974720954895,-0.006565761286765337,0.31031742691993713,0.16361060738563538,-0.03553327918052673,0.3031201660633087,0.2173616886138916,-0.03618892654776573,0.30508187413215637,0.25243669748306274,-0.02847895212471485,0.27631673216819763,0.2200341671705246,-0.01386494655162096,0.2786811292171478,0.19152352213859558,-0.02996019646525383,0.2774733304977417,0.22938036918640137,-0.025934714823961258,0.2793148159980774,0.2566004991531372,-0.018221070989966393,0.0,0.0,0.0,0.0,0.0,0.0,0.0,0.0,0.0,0.0,0.0,0.0,0.0,0.0,0.0,0.0,0.0,0.0,0.0,0.0,0.0,0.0,0.0,0.0,0.0,0.0,0.0,0.0,0.0,0.0,0.0,0.0,0.0,0.0,0.0,0.0,0.0,0.0,0.0,0.0,0.0,0.0,0.0,0.0,0.0,0.0,0.0,0.0,0.0,0.0,0.0,0.0,0.0,0.0,0.0,0.0,0.0,0.0,0.0,0.0,0.0,0.0,0.0
stop,0.30229082703590393,0.44560134410858154,1.4023683547748078e-08,0.37389668822288513,0.423136830329895,-0.02337176539003849,0.42254263162612915,0.36615628004074097,-0.03180113807320595,0.4091680347919464,0.2947193384170532,-0.039810582995414734,0.36222922801971436,0.2736567258834839,-0.04386573284864426,0.41438841819763184,0.29088690876960754,0.003145560622215271,0.4070204198360443,0.2291252315044403,-0.017811626195907593,0.3913043141365051,0.2707556486129761,-0.03312727436423302,0.39094972610473633,0.30421656370162964,-0.04162443429231644,0.3756900131702423,0.27890971302986145,0.003360105212777853,0.3668031096458435,0.22202444076538086,-0.019420187920331955,0.3586450517177582,0.2742602229118347,-0.02984633296728134,0.3602421283721924,0.30648311972618103,-0.03205413371324539,0.33991581201553345,0.27825039625167847,-0.0018386743031442165,0.33285871148109436,0.22921136021614075,-0.026059025898575783,0.33008018136024475,0.2795829474925995,-0.02871113270521164,0.33430540561676025,0.31123489141464233,-0.02370862290263176,0.30615535378456116,0.28535550832748413,-0.009548605419695377,0.30576252937316895,0.2507711946964264,-0.020749783143401146,0.30645233392715454,0.2842588424682617,-0.017381301149725914,0.30943402647972107,0.3104192316532135,-0.011516045778989792,0.0,0.0,0.0,0.0,0.0,0.0,0.0,0.0,0.0,0.0,0.0,0.0,0.0,0.0,0.0,0.0,0.0,0.0,0.0,0.0,0.0,0.0,0.0,0.0,0.0,0.0,0.0,0.0,0.0,0.0,0.0,0.0,0.0,0.0,0.0,0.0,0.0,0.0,0.0,0.0,0.0,0.0,0.0,0.0,0.0,0.0,0.0,0.0,0.0,0.0,0.0,0.0,0.0,0.0,0.0,0.0,0.0,0.0,0.0,0.0,0.0,0.0,0.0
stop,0.23322466015815735,0.46202391386032104,1.0716285636647171e-08,0.2886228561401367,0.43011149764060974,-0.023115938529372215,0.33037662506103516,0.37417328357696533,-0.03208691626787186,0.32586121559143066,0.3105110824108124,-0.04041587561368942,0.29347097873687744,0.28461846709251404,-0.045666638761758804,0.3267674744129181,0.28192266821861267,0.00361444428563118,0.3147679567337036,0.2317272573709488,-0.013641588389873505,0.30817705392837524,0.2589496076107025,-0.02809343859553337,0.3091638386249542,0.2816725969314575,-0.0364517942070961,0.29117637872695923,0.27689123153686523,0.004701315425336361,0.2783217430114746,0.22681176662445068,-0.012539492920041084,0.27607467770576477,0.26556628942489624,-0.02228599414229393,0.27923810482025146,0.2929193079471588,-0.026105321943759918,0.25684523582458496,0.28441059589385986,0.0007506989641115069,0.24760164320468903,0.23990070819854736,-0.019327718764543533,0.2488182783126831,0.27842265367507935,-0.022565219551324844,0.2528035044670105,0.30644407868385315,-0.020244091749191284,0.22341957688331604,0.29938381910324097,-0.0057135713286697865,0.21867184340953827,0.26625221967697144,-0.017070477828383446,0.22201231122016907,0.2908952832221985,-0.015850292518734932,0.22780299186706543,0.3122137486934662,-0.012352431192994118,0.0,0.0,0.0,0.0,0.0,0.0,0.0,0.0,0.0,0.0,0.0,0.0,0.0,0.0,0.0,0.0,0.0,0.0,0.0,0.0,0.0,0.0,0.0,0.0,0.0,0.0,0.0,0.0,0.0,0.0,0.0,0.0,0.0,0.0,0.0,0.0,0.0,0.0,0.0,0.0,0.0,0.0,0.0,0.0,0.0,0.0,0.0,0.0,0.0,0.0,0.0,0.0,0.0,0.0,0.0,0.0,0.0,0.0,0.0,0.0,0.0,0.0,0.0
stop,0.29667389392852783,0.6155807971954346,4.8101160388114295e-08,0.3551096022129059,0.5945525765419006,-0.025397488847374916,0.40315869450569153,0.5494535565376282,-0.03741703927516937,0.4000380039215088,0.4808391034603119,-0.04875939339399338,0.35853803157806396,0.4469031095504761,-0.05665910243988037,0.39810463786125183,0.4567456841468811,-0.001518781646154821,0.39941737055778503,0.41267815232276917,-0.022445036098361015,0.3852538764476776,0.4572385549545288,-0.0382470078766346,0.38352715969085693,0.48224321007728577,-0.04719241335988045,0.3630353808403015,0.4436115324497223,-0.00018967207870446146,0.36110004782676697,0.39901190996170044,-0.019109273329377174,0.3544214367866516,0.4509061872959137,-0.027280550450086594,0.3553178906440735,0.4726870656013489,-0.029967715963721275,0.32803696393966675,0.443457692861557,-0.004123456310480833,0.32584792375564575,0.39958441257476807,-0.023661809042096138,0.3229280114173889,0.4511682391166687,-0.02080260030925274,0.3232294023036957,0.4770912528038025,-0.014755821786820889,0.29178911447525024,0.4487738013267517,-0.01079887617379427,0.29299455881118774,0.41570234298706055,-0.0182233564555645,0.29584187269210815,0.4489554762840271,-0.011115198023617268,0.2979942858219147,0.47224247455596924,-0.004049941431730986,0.0,0.0,0.0,0.0,0.0,0.0,0.0,0.0,0.0,0.0,0.0,0.0,0.0,0.0,0.0,0.0,0.0,0.0,0.0,0.0,0.0,0.0,0.0,0.0,0.0,0.0,0.0,0.0,0.0,0.0,0.0,0.0,0.0,0.0,0.0,0.0,0.0,0.0,0.0,0.0,0.0,0.0,0.0,0.0,0.0,0.0,0.0,0.0,0.0,0.0,0.0,0.0,0.0,0.0,0.0,0.0,0.0,0.0,0.0,0.0,0.0,0.0,0.0
stop,0.346929132938385,0.6900539994239807,-5.470264596851848e-08,0.41485220193862915,0.6663143634796143,-0.032521095126867294,0.4808700680732727,0.6206806302070618,-0.04461914300918579,0.48455148935317993,0.5503078699111938,-0.054162103682756424,0.43083906173706055,0.5255353450775146,-0.0585511289536953,0.4614461064338684,0.5068204998970032,-0.005836997181177139,0.4618305265903473,0.4572567343711853,-0.0286320298910141,0.4460080564022064,0.5109248757362366,-0.04327365756034851,0.4439871609210968,0.5394992232322693,-0.051136888563632965,0.4209138751029968,0.4959459900856018,-0.001869054278358817,0.41628098487854004,0.4476540684700012,-0.02494891732931137,0.40830665826797485,0.512187123298645,-0.03341121971607208,0.41136854887008667,0.5341763496398926,-0.03531559556722641,0.3829500675201416,0.496354341506958,-0.0037655916530638933,0.37597912549972534,0.4559873938560486,-0.02728402242064476,0.37462106347084045,0.5148539543151855,-0.026236116886138916,0.3804701566696167,0.5366365313529968,-0.020709406584501266,0.3456149399280548,0.499579519033432,-0.008955756202340126,0.3427054286003113,0.4705697298049927,-0.017563149333000183,0.3454135060310364,0.5098340511322021,-0.011354755610227585,0.35171037912368774,0.5308197736740112,-0.004923294764012098,0.0,0.0,0.0,0.0,0.0,0.0,0.0,0.0,0.0,0.0,0.0,0.0,0.0,0.0,0.0,0.0,0.0,0.0,0.0,0.0,0.0,0.0,0.0,0.0,0.0,0.0,0.0,0.0,0.0,0.0,0.0,0.0,0.0,0.0,0.0,0.0,0.0,0.0,0.0,0.0,0.0,0.0,0.0,0.0,0.0,0.0,0.0,0.0,0.0,0.0,0.0,0.0,0.0,0.0,0.0,0.0,0.0,0.0,0.0,0.0,0.0,0.0,0.0
stop,0.5530431866645813,0.6940444707870483,2.9669902801288117e-07,0.622761607170105,0.6966614723205566,-0.016976643353700638,0.6884703040122986,0.6738804578781128,-0.01827199198305607,0.7244718074798584,0.6387054324150085,-0.019342977553606033,0.7231195569038391,0.5944101214408875,-0.020969903096556664,0.6676071286201477,0.5960737466812134,0.007708005607128143,0.6912877559661865,0.5639312267303467,-0.004008237738162279,0.7033525705337524,0.5533060431480408,-0.01902269944548607,0.7137110233306885,0.5503507852554321,-0.029475802555680275,0.6360781192779541,0.5730172395706177,0.007761573884636164,0.6559364199638367,0.5366611480712891,-0.0014610124053433537,0.6733797788619995,0.5212925672531128,-0.016098832711577415,0.6923035979270935,0.5165332555770874,-0.02783682942390442,0.6004695892333984,0.558398962020874,0.0035302401520311832,0.6211868524551392,0.520248293876648,-0.00992077961564064,0.6409838199615479,0.5073201060295105,-0.019046105444431305,0.6596099138259888,0.5074357390403748,-0.024704301729798317,0.5625985264778137,0.5477184057235718,-0.0025499127805233,0.5823184251785278,0.514712929725647,-0.012180132791399956,0.6005684733390808,0.5052763223648071,-0.013585716485977173,0.6169931292533875,0.5087664127349854,-0.014511005952954292,0.0,0.0,0.0,0.0,0.0,0.0,0.0,0.0,0.0,0.0,0.0,0.0,0.0,0.0,0.0,0.0,0.0,0.0,0.0,0.0,0.0,0.0,0.0,0.0,0.0,0.0,0.0,0.0,0.0,0.0,0.0,0.0,0.0,0.0,0.0,0.0,0.0,0.0,0.0,0.0,0.0,0.0,0.0,0.0,0.0,0.0,0.0,0.0,0.0,0.0,0.0,0.0,0.0,0.0,0.0,0.0,0.0,0.0,0.0,0.0,0.0,0.0,0.0
stop,0.6037517189979553,0.623499870300293,-6.022306564545943e-08,0.664557158946991,0.6258785128593445,-0.020426390692591667,0.7385254502296448,0.5976331233978271,-0.027905195951461792,0.7633615136146545,0.5379403829574585,-0.0352875180542469,0.7344141006469727,0.49138665199279785,-0.03972984850406647,0.7339163422584534,0.4905260503292084,-0.004585247952491045,0.7596746683120728,0.46583330631256104,-0.031159672886133194,0.7368408441543579,0.518318772315979,-0.04715775325894356,0.7262029051780701,0.5408650040626526,-0.05517632141709328,0.6996943354606628,0.4639263451099396,-0.007808888331055641,0.723185658454895,0.4422667920589447,-0.03098703920841217,0.6995059251785278,0.50007164478302,-0.03653931990265846,0.6925209760665894,0.5118930339813232,-0.03705457225441933,0.6588321924209595,0.44902071356773376,-0.01622585393488407,0.6841186285018921,0.4225558936595917,-0.04219701141119003,0.6639661192893982,0.4810919761657715,-0.03241199254989624,0.6557382345199585,0.49483993649482727,-0.02146965079009533,0.6114736795425415,0.4373924732208252,-0.026564136147499084,0.6344396471977234,0.42157500982284546,-0.040445420891046524,0.6256101727485657,0.4659467339515686,-0.028061185032129288,0.6185662150382996,0.47985878586769104,-0.016564887017011642,0.0,0.0,0.0,0.0,0.0,0.0,0.0,0.0,0.0,0.0,0.0,0.0,0.0,0.0,0.0,0.0,0.0,0.0,0.0,0.0,0.0,0.0,0.0,0.0,0.0,0.0,0.0,0.0,0.0,0.0,0.0,0.0,0.0,0.0,0.0,0.0,0.0,0.0,0.0,0.0,0.0,0.0,0.0,0.0,0.0,0.0,0.0,0.0,0.0,0.0,0.0,0.0,0.0,0.0,0.0,0.0,0.0,0.0,0.0,0.0,0.0,0.0,0.0
stop,0.6547199487686157,0.5235722064971924,-1.7316278899670579e-07,0.7273013591766357,0.5334208607673645,-0.01586083695292473,0.7960574626922607,0.5032110214233398,-0.02410319074988365,0.8275427222251892,0.4458829462528229,-0.03224628046154976,0.819814145565033,0.3985733091831207,-0.03649016097187996,0.7910100817680359,0.39039233326911926,-0.014853019267320633,0.8152347803115845,0.3276703953742981,-0.03997805714607239,0.7957946062088013,0.3876321613788605,-0.05146274343132973,0.7734013795852661,0.42758405208587646,-0.055262912064790726,0.7524627447128296,0.36710798740386963,-0.01871640793979168,0.7764045596122742,0.31037256121635437,-0.040419094264507294,0.7540045380592346,0.38544028997421265,-0.039669111371040344,0.7410739064216614,0.4157337546348572,-0.035887181758880615,0.7111231088638306,0.3523448407649994,-0.026151008903980255,0.7353917956352234,0.3066650629043579,-0.05067203938961029,0.7169129848480225,0.3776988983154297,-0.0357404462993145,0.7042103409767151,0.40669092535972595,-0.02142595313489437,0.6654636859893799,0.3417660593986511,-0.03515404835343361,0.6855974793434143,0.3132822513580322,-0.05198756605386734,0.6783215403556824,0.36628106236457825,-0.03972186520695686,0.6676062345504761,0.3901202082633972,-0.02759733982384205,0.0,0.0,0.0,0.0,0.0,0.0,0.0,0.0,0.0,0.0,0.0,0.0,0.0,0.0,0.0,0.0,0.0,0.0,0.0,0.0,0.0,0.0,0.0,0.0,0.0,0.0,0.0,0.0,0.0,0.0,0.0,0.0,0.0,0.0,0.0,0.0,0.0,0.0,0.0,0.0,0.0,0.0,0.0,0.0,0.0,0.0,0.0,0.0,0.0,0.0,0.0,0.0,0.0,0.0,0.0,0.0,0.0,0.0,0.0,0.0,0.0,0.0,0.0
stop,0.7985132932662964,0.35573622584342957,1.5861817814766255e-07,0.8783502578735352,0.36767855286598206,-0.016322601586580276,0.9572468400001526,0.3367060422897339,-0.019534947350621223,0.9877324104309082,0.28305286169052124,-0.023962967097759247,0.968645453453064,0.2276039570569992,-0.028678305447101593,0.9438192248344421,0.22599029541015625,0.001830175518989563,0.9659067392349243,0.16736894845962524,-0.01933789625763893,0.9762365221977234,0.17290344834327698,-0.037984248250722885,0.9718086123466492,0.18755760788917542,-0.04915463551878929,0.9058933854103088,0.20311397314071655,-0.0021068365313112736,0.9256402850151062,0.13669739663600922,-0.024184660986065865,0.9201352000236511,0.1812661588191986,-0.03594944626092911,0.909267783164978,0.2182598114013672,-0.040483053773641586,0.8611328601837158,0.19242781400680542,-0.010180370882153511,0.8808932900428772,0.13385552167892456,-0.03534625843167305,0.8763145208358765,0.18373917043209076,-0.03488214686512947,0.8687873482704163,0.2169717252254486,-0.02981664426624775,0.8116449117660522,0.1860375702381134,-0.020032741129398346,0.8315919637680054,0.15002906322479248,-0.03671535477042198,0.8299863338470459,0.1859435886144638,-0.031707990914583206,0.8232005834579468,0.21136344969272614,-0.02555725909769535,0.0,0.0,0.0,0.0,0.0,0.0,0.0,0.0,0.0,0.0,0.0,0.0,0.0,0.0,0.0,0.0,0.0,0.0,0.0,0.0,0.0,0.0,0.0,0.0,0.0,0.0,0.0,0.0,0.0,0.0,0.0,0.0,0.0,0.0,0.0,0.0,0.0,0.0,0.0,0.0,0.0,0.0,0.0,0.0,0.0,0.0,0.0,0.0,0.0,0.0,0.0,0.0,0.0,0.0,0.0,0.0,0.0,0.0,0.0,0.0,0.0,0.0,0.0
stop,0.8104919195175171,0.29201003909111023,-7.637586207920322e-08,0.9024319052696228,0.3016880452632904,-0.011948068626224995,0.9868361353874207,0.2655221223831177,-0.007159546948969364,1.0272326469421387,0.2063429057598114,-0.004858638625591993,1.0225690603256226,0.16300231218338013,0.002084522508084774,0.9820855259895325,0.16283221542835236,0.03297237306833267,1.0066529512405396,0.1253909170627594,0.005487955641001463,0.9793773889541626,0.17752408981323242,-0.016832513734698296,0.9682931900024414,0.20929157733917236,-0.02840743400156498,0.944482147693634,0.1343122273683548,0.028073731809854507,0.9694240689277649,0.07768599689006805,-0.004167438950389624,0.94120854139328,0.1414744108915329,-0.021704591810703278,0.9286360144615173,0.1764828860759735,-0.025668563321232796,0.900968611240387,0.1151287853717804,0.016503268852829933,0.9232141375541687,0.06455665081739426,-0.018882587552070618,0.8973545432090759,0.12859797477722168,-0.016860781237483025,0.8872212171554565,0.16139230132102966,-0.005632387474179268,0.8528841733932495,0.09770746529102325,0.003635992296040058,0.8711960315704346,0.0705757886171341,-0.01555661577731371,0.8561851382255554,0.11612580716609955,-0.007173183839768171,0.8497678637504578,0.14405083656311035,0.004665015731006861,0.0,0.0,0.0,0.0,0.0,0.0,0.0,0.0,0.0,0.0,0.0,0.0,0.0,0.0,0.0,0.0,0.0,0.0,0.0,0.0,0.0,0.0,0.0,0.0,0.0,0.0,0.0,0.0,0.0,0.0,0.0,0.0,0.0,0.0,0.0,0.0,0.0,0.0,0.0,0.0,0.0,0.0,0.0,0.0,0.0,0.0,0.0,0.0,0.0,0.0,0.0,0.0,0.0,0.0,0.0,0.0,0.0,0.0,0.0,0.0,0.0,0.0,0.0
stop,0.7050098180770874,0.30307501554489136,3.003052313488297e-07,0.7811254858970642,0.29362788796424866,-0.017241347581148148,0.8476173281669617,0.26226353645324707,-0.02060961164534092,0.8784518241882324,0.20393045246601105,-0.025572732090950012,0.8759599924087524,0.14645151793956757,-0.0302010215818882,0.8438958525657654,0.17634980380535126,0.02345934510231018,0.8714861273765564,0.14308097958564758,0.0049800146371126175,0.8830413818359375,0.14540481567382812,-0.017772609367966652,0.8891680836677551,0.15968936681747437,-0.032437603920698166,0.8135697841644287,0.1488216072320938,0.02219715341925621,0.8434370756149292,0.09910246729850769,0.005926596932113171,0.8597005009651184,0.09181643277406693,-0.014810343272984028,0.8702853918075562,0.10023370385169983,-0.029273323714733124,0.7761664986610413,0.129865825176239,0.014772715978324413,0.8086411356925964,0.07550887763500214,-0.007396150380373001,0.8222739100456238,0.07549354434013367,-0.018189111724495888,0.8272371292114258,0.09260188043117523,-0.022121604532003403,0.7324010133743286,0.11454683542251587,0.00535476254299283,0.7654550075531006,0.0727764219045639,-0.012361451983451843,0.7822079062461853,0.07082858681678772,-0.016016725450754166,0.7936787605285645,0.08125533908605576,-0.016283368691802025,0.0,0.0,0.0,0.0,0.0,0.0,0.0,0.0,0.0,0.0,0.0,0.0,0.0,0.0,0.0,0.0,0.0,0.0,0.0,0.0,0.0,0.0,0.0,0.0,0.0,0.0,0.0,0.0,0.0,0.0,0.0,0.0,0.0,0.0,0.0,0.0,0.0,0.0,0.0,0.0,0.0,0.0,0.0,0.0,0.0,0.0,0.0,0.0,0.0,0.0,0.0,0.0,0.0,0.0,0.0,0.0,0.0,0.0,0.0,0.0,0.0,0.0,0.0
stop,0.5560362339019775,0.38827425241470337,2.252942579161754e-07,0.6126130819320679,0.3856000304222107,-0.016696618869900703,0.6739912629127502,0.34712687134742737,-0.017100097611546516,0.7071369290351868,0.3012128472328186,-0.017189115285873413,0.7184471487998962,0.26101455092430115,-0.016933808103203773,0.6758239269256592,0.27563923597335815,0.008693176321685314,0.6989920139312744,0.23590539395809174,-0.00010442466737003997,0.7091386318206787,0.21869467198848724,-0.010873700492084026,0.7175437211990356,0.2104129046201706,-0.01875942014157772,0.6484159231185913,0.2515468895435333,0.011288968846201897,0.6675724983215332,0.21439006924629211,0.0016643929993733764,0.6675927042961121,0.21623441576957703,-0.008313864469528198,0.6674960255622864,0.22365902364253998,-0.014286202378571033,0.6172233819961548,0.23820000886917114,0.01013386994600296,0.6343623399734497,0.2000453621149063,-0.0033809232991188765,0.6319080591201782,0.21572771668434143,-0.005223065614700317,0.6305538415908813,0.23580186069011688,-0.003664652118459344,0.5857295393943787,0.23352700471878052,0.007208698894828558,0.6034626960754395,0.2014470398426056,-0.0022670081816613674,0.6041960716247559,0.2128821611404419,0.0001635001681279391,0.6031306982040405,0.23059654235839844,0.004019339568912983,0.0,0.0,0.0,0.0,0.0,0.0,0.0,0.0,0.0,0.0,0.0,0.0,0.0,0.0,0.0,0.0,0.0,0.0,0.0,0.0,0.0,0.0,0.0,0.0,0.0,0.0,0.0,0.0,0.0,0.0,0.0,0.0,0.0,0.0,0.0,0.0,0.0,0.0,0.0,0.0,0.0,0.0,0.0,0.0,0.0,0.0,0.0,0.0,0.0,0.0,0.0,0.0,0.0,0.0,0.0,0.0,0.0,0.0,0.0,0.0,0.0,0.0,0.0
stop,0.46298810839653015,0.3817204535007477,-1.454593956395911e-07,0.5132752060890198,0.37226346135139465,-0.002742261625826359,0.5597885847091675,0.3470708429813385,-0.003653980325907469,0.5726309418678284,0.30807843804359436,-0.008367210626602173,0.5597643256187439,0.2768716514110565,-0.01219017244875431,0.5731236934661865,0.30623412132263184,0.013800396583974361,0.5955670475959778,0.2658367455005646,-0.00041305794729851186,0.576687216758728,0.2688920795917511,-0.013554702512919903,0.555493950843811,0.2940380573272705,-0.021283041685819626,0.5518049597740173,0.2833637595176697,0.0075627281330525875,0.5671913623809814,0.23690709471702576,-0.006165853701531887,0.5484777092933655,0.24639157950878143,-0.01676786318421364,0.532676637172699,0.27700096368789673,-0.02162371575832367,0.5294028520584106,0.2747938930988312,-0.0013786079362034798,0.5425549149513245,0.22594541311264038,-0.017593812197446823,0.5250986814498901,0.24412724375724792,-0.019447797909379005,0.5110286474227905,0.27864620089530945,-0.016805585473775864,0.5056847929954529,0.277597039937973,-0.010986357927322388,0.5191230773925781,0.24086281657218933,-0.023365195840597153,0.5064085721969604,0.25327068567276,-0.02107825316488743,0.49338340759277344,0.28061044216156006,-0.01641690731048584,0.0,0.0,0.0,0.0,0.0,0.0,0.0,0.0,0.0,0.0,0.0,0.0,0.0,0.0,0.0,0.0,0.0,0.0,0.0,0.0,0.0,0.0,0.0,0.0,0.0,0.0,0.0,0.0,0.0,0.0,0.0,0.0,0.0,0.0,0.0,0.0,0.0,0.0,0.0,0.0,0.0,0.0,0.0,0.0,0.0,0.0,0.0,0.0,0.0,0.0,0.0,0.0,0.0,0.0,0.0,0.0,0.0,0.0,0.0,0.0,0.0,0.0,0.0
stop,0.2536545395851135,0.3634917140007019,-7.907252808081466e-08,0.30157625675201416,0.33793577551841736,-0.006576548796147108,0.33210229873657227,0.2978760004043579,-0.010943058878183365,0.3338627219200134,0.25115615129470825,-0.018438110128045082,0.32068273425102234,0.21652401983737946,-0.025494253262877464,0.3335103690624237,0.24349358677864075,0.007360539399087429,0.35032325983047485,0.20173771679401398,-0.01136530376970768,0.33506813645362854,0.18959200382232666,-0.026879891753196716,0.3170163035392761,0.19589434564113617,-0.035416051745414734,0.30783843994140625,0.2298552691936493,0.001930423197336495,0.3186053931713104,0.1848929524421692,-0.017087725922465324,0.30359503626823425,0.19362911581993103,-0.027750564739108086,0.28961923718452454,0.21836254000663757,-0.03156407177448273,0.2821647822856903,0.2281784862279892,-0.00671364227309823,0.2891872823238373,0.18871620297431946,-0.025289643555879593,0.2819841504096985,0.2123716175556183,-0.025607652962207794,0.27406182885169983,0.24426472187042236,-0.021163465455174446,0.2572982907295227,0.23574842512607574,-0.016524216160178185,0.26785796880722046,0.20461556315422058,-0.027862148359417915,0.26499301195144653,0.22000610828399658,-0.024630941450595856,0.26035335659980774,0.2433025985956192,-0.01932472363114357,0.0,0.0,0.0,0.0,0.0,0.0,0.0,0.0,0.0,0.0,0.0,0.0,0.0,0.0,0.0,0.0,0.0,0.0,0.0,0.0,0.0,0.0,0.0,0.0,0.0,0.0,0.0,0.0,0.0,0.0,0.0,0.0,0.0,0.0,0.0,0.0,0.0,0.0,0.0,0.0,0.0,0.0,0.0,0.0,0.0,0.0,0.0,0.0,0.0,0.0,0.0,0.0,0.0,0.0,0.0,0.0,0.0,0.0,0.0,0.0,0.0,0.0,0.0
stop,0.21796423196792603,0.3778594136238098,-1.3848917568282104e-09,0.27813947200775146,0.3516210913658142,-0.01457996666431427,0.31736722588539124,0.29708757996559143,-0.022056588903069496,0.3098032474517822,0.23133058845996857,-0.03042997233569622,0.2715001404285431,0.20405328273773193,-0.036708686500787735,0.31369513273239136,0.23578931391239166,0.0016305097378790379,0.3057458698749542,0.18257546424865723,-0.015140884555876255,0.2954401671886444,0.22420625388622284,-0.02937949448823929,0.29208457469940186,0.2593960464000702,-0.037880245596170425,0.2805459201335907,0.22554531693458557,-0.0008469863096252084,0.27389803528785706,0.17119547724723816,-0.01781271956861019,0.26943469047546387,0.21763429045677185,-0.026273367926478386,0.2660631537437439,0.2521713376045227,-0.02932806685566902,0.24886316061019897,0.22449718415737152,-0.006842514965683222,0.24497784674167633,0.17655056715011597,-0.02454787865281105,0.2444075345993042,0.2235356718301773,-0.02510468102991581,0.2429494559764862,0.2583681344985962,-0.021317726001143456,0.21698102355003357,0.22935636341571808,-0.01450395118445158,0.21889719367027283,0.19468197226524353,-0.02361060306429863,0.22174519300460815,0.22652527689933777,-0.019809944555163383,0.22172904014587402,0.2553360164165497,-0.014876216650009155,0.0,0.0,0.0,0.0,0.0,0.0,0.0,0.0,0.0,0.0,0.0,0.0,0.0,0.0,0.0,0.0,0.0,0.0,0.0,0.0,0.0,0.0,0.0,0.0,0.0,0.0,0.0,0.0,0.0,0.0,0.0,0.0,0.0,0.0,0.0,0.0,0.0,0.0,0.0,0.0,0.0,0.0,0.0,0.0,0.0,0.0,0.0,0.0,0.0,0.0,0.0,0.0,0.0,0.0,0.0,0.0,0.0,0.0,0.0,0.0,0.0,0.0,0.0
stop,0.30931058526039124,0.5441648364067078,5.244277545557452e-08,0.3845374584197998,0.49783197045326233,0.0002920605184044689,0.41059958934783936,0.44334501028060913,-0.01084497757256031,0.4284311830997467,0.4097084701061249,-0.0278851967304945,0.43416181206703186,0.3885287344455719,-0.03958577662706375,0.34362977743148804,0.32433897256851196,0.007574326358735561,0.4182080030441284,0.3281981945037842,-0.019079336896538734,0.4194662272930145,0.37202131748199463,-0.03781388700008392,0.40621116757392883,0.390786349773407,-0.04744606837630272,0.335120290517807,0.33497464656829834,-0.00618516281247139,0.4210555851459503,0.34892579913139343,-0.029844973236322403,0.41478684544563293,0.3922891318798065,-0.03653772175312042,0.39847061038017273,0.40299004316329956,-0.03789674490690231,0.33698204159736633,0.355327308177948,-0.023656899109482765,0.41556909680366516,0.3814498484134674,-0.04035288840532303,0.4087504744529724,0.4212668240070343,-0.03417159616947174,0.39100709557533264,0.42996641993522644,-0.027135757729411125,0.34640178084373474,0.38392478227615356,-0.042990583926439285,0.4063074588775635,0.40889713168144226,-0.04553006589412689,0.40271320939064026,0.4374481439590454,-0.03668322414159775,0.3870616555213928,0.4409071207046509,-0.030189424753189087,0.0,0.0,0.0,0.0,0.0,0.0,0.0,0.0,0.0,0.0,0.0,0.0,0.0,0.0,0.0,0.0,0.0,0.0,0.0,0.0,0.0,0.0,0.0,0.0,0.0,0.0,0.0,0.0,0.0,0.0,0.0,0.0,0.0,0.0,0.0,0.0,0.0,0.0,0.0,0.0,0.0,0.0,0.0,0.0,0.0,0.0,0.0,0.0,0.0,0.0,0.0,0.0,0.0,0.0,0.0,0.0,0.0,0.0,0.0,0.0,0.0,0.0,0.0
stop,0.3777494430541992,0.6399297714233398,-4.4023374812240945e-07,0.3298356533050537,0.5734466314315796,0.011491368524730206,0.319428026676178,0.5060387253761292,0.01473443116992712,0.33350610733032227,0.45170196890830994,0.016110030934214592,0.3508482277393341,0.42331379652023315,0.018242331221699715,0.3391939699649811,0.4276365041732788,0.006674975156784058,0.3378121852874756,0.3900666832923889,0.013592109084129333,0.34466591477394104,0.41861191391944885,0.01921827159821987,0.3510286509990692,0.44850215315818787,0.02239634469151497,0.37846243381500244,0.42231833934783936,0.0013010326074436307,0.3744587302207947,0.3987700343132019,0.017033569514751434,0.3716311454772949,0.42511093616485596,0.023311084136366844,0.37271618843078613,0.4507119059562683,0.022968649864196777,0.4137386679649353,0.4360814690589905,-0.0019510836573317647,0.40388190746307373,0.41637489199638367,0.012502809055149555,0.39825335144996643,0.4413565695285797,0.01712300442159176,0.39628928899765015,0.4689105153083801,0.014663449488580227,0.44415804743766785,0.45773449540138245,-0.004524580202996731,0.4297543168067932,0.44207876920700073,0.00855870172381401,0.4227144420146942,0.46414515376091003,0.017010033130645752,0.4186214804649353,0.4880135655403137,0.021214501932263374,0.0,0.0,0.0,0.0,0.0,0.0,0.0,0.0,0.0,0.0,0.0,0.0,0.0,0.0,0.0,0.0,0.0,0.0,0.0,0.0,0.0,0.0,0.0,0.0,0.0,0.0,0.0,0.0,0.0,0.0,0.0,0.0,0.0,0.0,0.0,0.0,0.0,0.0,0.0,0.0,0.0,0.0,0.0,0.0,0.0,0.0,0.0,0.0,0.0,0.0,0.0,0.0,0.0,0.0,0.0,0.0,0.0,0.0,0.0,0.0,0.0,0.0,0.0
stop,0.4489426910877228,0.6658816933631897,-4.605857100159483e-07,0.3914760947227478,0.6041239500045776,0.011415855959057808,0.3605927526950836,0.5424998998641968,0.009631752967834473,0.3629993796348572,0.4977298378944397,0.005156989209353924,0.38546833395957947,0.4858531653881073,0.0022161181550472975,0.3848382234573364,0.4274234473705292,-0.0019501789938658476,0.4096340239048004,0.3955717980861664,0.0027687461115419865,0.41745543479919434,0.42788413166999817,0.007223710883408785,0.41337090730667114,0.4579933285713196,0.009353972971439362,0.4328556954860687,0.4235985279083252,-0.011198258027434349,0.45131582021713257,0.41232457756996155,0.002681977581232786,0.45241451263427734,0.4464089572429657,0.007327099796384573,0.44603580236434937,0.47728389501571655,0.0059945834800601006,0.47690489888191223,0.439890593290329,-0.017733566462993622,0.4845711588859558,0.43816056847572327,-0.002869380172342062,0.48353204131126404,0.46778854727745056,0.0023634948302060366,0.4756114184856415,0.4980745017528534,0.00010368238145019859,0.5134795904159546,0.46507978439331055,-0.023838339373469353,0.5143992900848389,0.4687437415122986,-0.01016330812126398,0.5089650750160217,0.4952940344810486,-0.00023871110170148313,0.5006150603294373,0.520839512348175,0.005268613807857037,0.0,0.0,0.0,0.0,0.0,0.0,0.0,0.0,0.0,0.0,0.0,0.0,0.0,0.0,0.0,0.0,0.0,0.0,0.0,0.0,0.0,0.0,0.0,0.0,0.0,0.0,0.0,0.0,0.0,0.0,0.0,0.0,0.0,0.0,0.0,0.0,0.0,0.0,0.0,0.0,0.0,0.0,0.0,0.0,0.0,0.0,0.0,0.0,0.0,0.0,0.0,0.0,0.0,0.0,0.0,0.0,0.0,0.0,0.0,0.0,0.0,0.0,0.0
stop,0.6160127520561218,0.5031743049621582,-4.80422727378027e-07,0.550445020198822,0.43226858973503113,0.006482214201241732,0.5169655084609985,0.36834394931793213,0.002673281356692314,0.5177760124206543,0.3158000111579895,-0.0017496274085715413,0.5418167114257812,0.2922843098640442,-0.0035012171138077974,0.567488431930542,0.2418675720691681,-0.003332960419356823,0.5863098502159119,0.22289635241031647,0.0075821708887815475,0.5899024605751038,0.26251909136772156,0.016988204792141914,0.5859904289245605,0.29118046164512634,0.021663304418325424,0.616441547870636,0.24601620435714722,-0.008195839822292328,0.6352211236953735,0.2361406683921814,0.01108752004802227,0.6300120949745178,0.2745476961135864,0.019147371873259544,0.6219403147697449,0.3081569969654083,0.019334977492690086,0.6569799780845642,0.2729749381542206,-0.010320276021957397,0.665398120880127,0.2764982581138611,0.008169653825461864,0.65847247838974,0.30738866329193115,0.014648322016000748,0.6486433148384094,0.34007498621940613,0.012324439361691475,0.6918807625770569,0.3091048002243042,-0.012189839035272598,0.6928264498710632,0.3130449950695038,0.0051780324429273605,0.6824634075164795,0.3395934998989105,0.016346586868166924,0.6716936826705933,0.3641364872455597,0.021912651136517525,0.0,0.0,0.0,0.0,0.0,0.0,0.0,0.0,0.0,0.0,0.0,0.0,0.0,0.0,0.0,0.0,0.0,0.0,0.0,0.0,0.0,0.0,0.0,0.0,0.0,0.0,0.0,0.0,0.0,0.0,0.0,0.0,0.0,0.0,0.0,0.0,0.0,0.0,0.0,0.0,0.0,0.0,0.0,0.0,0.0,0.0,0.0,0.0,0.0,0.0,0.0,0.0,0.0,0.0,0.0,0.0,0.0,0.0,0.0,0.0,0.0,0.0,0.0
stop,0.3594902753829956,0.41967082023620605,1.0139967088207413e-07,0.4910598695278168,0.42862942814826965,-0.018688013777136803,0.60245281457901,0.35966581106185913,-0.018289098516106606,0.6369194984436035,0.24071721732616425,-0.021138612180948257,0.5655269026756287,0.17862731218338013,-0.020329266786575317,0.5666929483413696,0.2070385068655014,0.03002166748046875,0.591734766960144,0.11272251605987549,0.007736134808510542,0.5868537425994873,0.16048753261566162,-0.0075343274511396885,0.5738522410392761,0.19888204336166382,-0.01612885855138302,0.5073250532150269,0.1721721589565277,0.021913226693868637,0.5375717878341675,0.08884048461914062,-0.012875106185674667,0.5073727369308472,0.20632238686084747,-0.026888860389590263,0.4904642105102539,0.26235225796699524,-0.025645161047577858,0.44582945108413696,0.1545446515083313,0.007570698857307434,0.47292178869247437,0.0805579125881195,-0.03531557321548462,0.4492904245853424,0.1994304656982422,-0.030726104974746704,0.4352971315383911,0.24682942032814026,-0.01432182639837265,0.3742069602012634,0.1425705999135971,-0.008318863809108734,0.41050249338150024,0.09019005298614502,-0.03293421119451523,0.40130600333213806,0.1737874150276184,-0.020221879705786705,0.39068788290023804,0.2173691689968109,-0.0038612266071140766,0.0,0.0,0.0,0.0,0.0,0.0,0.0,0.0,0.0,0.0,0.0,0.0,0.0,0.0,0.0,0.0,0.0,0.0,0.0,0.0,0.0,0.0,0.0,0.0,0.0,0.0,0.0,0.0,0.0,0.0,0.0,0.0,0.0,0.0,0.0,0.0,0.0,0.0,0.0,0.0,0.0,0.0,0.0,0.0,0.0,0.0,0.0,0.0,0.0,0.0,0.0,0.0,0.0,0.0,0.0,0.0,0.0,0.0,0.0,0.0,0.0,0.0,0.0
stop,0.386921763420105,0.5702592730522156,-7.292028669780848e-08,0.488916277885437,0.5655069351196289,-0.027188915759325027,0.5841831564903259,0.48559877276420593,-0.03406915068626404,0.6172614693641663,0.376905620098114,-0.039864327758550644,0.5771651864051819,0.30747735500335693,-0.039545632898807526,0.547918975353241,0.3386223614215851,-0.004454562906175852,0.5625843405723572,0.257540762424469,-0.03858056664466858,0.5404061675071716,0.33823761343955994,-0.055079661309719086,0.5214897394180298,0.3854313790798187,-0.060614246875047684,0.49409088492393494,0.3209061026573181,-0.00777838472276926,0.5104448795318604,0.24069446325302124,-0.043608158826828,0.49373432993888855,0.34924447536468506,-0.051709532737731934,0.48150187730789185,0.395351380109787,-0.04886693134903908,0.4383988082408905,0.3183806538581848,-0.01749497652053833,0.45675379037857056,0.24633005261421204,-0.05799634009599686,0.44802534580230713,0.35317644476890564,-0.04844050109386444,0.4383907616138458,0.3962200880050659,-0.03143732249736786,0.37690469622612,0.32358068227767944,-0.02928907237946987,0.4026971459388733,0.27289074659347534,-0.05431053042411804,0.40206241607666016,0.34641245007514954,-0.0419924259185791,0.3944929838180542,0.38283783197402954,-0.026111150160431862,0.0,0.0,0.0,0.0,0.0,0.0,0.0,0.0,0.0,0.0,0.0,0.0,0.0,0.0,0.0,0.0,0.0,0.0,0.0,0.0,0.0,0.0,0.0,0.0,0.0,0.0,0.0,0.0,0.0,0.0,0.0,0.0,0.0,0.0,0.0,0.0,0.0,0.0,0.0,0.0,0.0,0.0,0.0,0.0,0.0,0.0,0.0,0.0,0.0,0.0,0.0,0.0,0.0,0.0,0.0,0.0,0.0,0.0,0.0,0.0,0.0,0.0,0.0
stop,0.47615480422973633,0.2978108525276184,6.06261778557382e-08,0.6235746145248413,0.301748126745224,-0.021442819386720657,0.732628583908081,0.23324954509735107,-0.01529997494071722,0.7917043566703796,0.13699236512184143,-0.01341012679040432,0.7725939750671387,0.05922752618789673,-0.0073226094245910645,0.7188845276832581,0.13047176599502563,0.05957219749689102,0.7416988015174866,0.02550417184829712,0.029204105958342552,0.7036529779434204,0.07943861931562424,-0.0016682103741914034,0.6783826351165771,0.14342138171195984,-0.01799430139362812,0.653978168964386,0.09662468731403351,0.05598527565598488,0.6796311140060425,-0.00832076370716095,0.016078360378742218,0.6420197486877441,0.06888826191425323,-0.018136385828256607,0.6180866956710815,0.13543647527694702,-0.030952835455536842,0.5863651633262634,0.06896032392978668,0.04317903518676758,0.6026380658149719,-0.021212711930274963,-0.0015869870549067855,0.5741303563117981,0.06165187060832977,-0.015568051487207413,0.5587307810783386,0.1300038993358612,-0.010428057052195072,0.5180081725120544,0.04926231503486633,0.028400961309671402,0.5306242108345032,-0.016451090574264526,0.004609269555658102,0.5146310925483704,0.040199264883995056,0.007435294799506664,0.5066248178482056,0.09758871793746948,0.017881663516163826,0.0,0.0,0.0,0.0,0.0,0.0,0.0,0.0,0.0,0.0,0.0,0.0,0.0,0.0,0.0,0.0,0.0,0.0,0.0,0.0,0.0,0.0,0.0,0.0,0.0,0.0,0.0,0.0,0.0,0.0,0.0,0.0,0.0,0.0,0.0,0.0,0.0,0.0,0.0,0.0,0.0,0.0,0.0,0.0,0.0,0.0,0.0,0.0,0.0,0.0,0.0,0.0,0.0,0.0,0.0,0.0,0.0,0.0,0.0,0.0,0.0,0.0,0.0
stop,0.37198442220687866,0.41471531987190247,1.7560031650987185e-08,0.4323073625564575,0.39904284477233887,-0.016114989295601845,0.465768039226532,0.3512374758720398,-0.023951232433319092,0.449476420879364,0.2888733446598053,-0.032310061156749725,0.4137219488620758,0.26413750648498535,-0.03855429217219353,0.4585980772972107,0.30437523126602173,0.0003724494599737227,0.458619087934494,0.2640994191169739,-0.019135592505335808,0.4393227696418762,0.28316977620124817,-0.03397000953555107,0.42885273694992065,0.30490484833717346,-0.042663827538490295,0.4273916780948639,0.2880845367908478,-0.0022704938892275095,0.4265093207359314,0.2421460747718811,-0.023047620430588722,0.41393983364105225,0.276861310005188,-0.033173564821481705,0.41156530380249023,0.3048929274082184,-0.03586341813206673,0.3983423113822937,0.28155145049095154,-0.009034007787704468,0.39523017406463623,0.24156150221824646,-0.03000764548778534,0.39056962728500366,0.28322282433509827,-0.03169303759932518,0.39472562074661255,0.31186631321907043,-0.027409961447119713,0.37084484100341797,0.2841382324695587,-0.017609715461730957,0.37175583839416504,0.2596729099750519,-0.02755744196474552,0.37049317359924316,0.28891927003860474,-0.023733649402856827,0.3733653724193573,0.3110620975494385,-0.018609298393130302,0.0,0.0,0.0,0.0,0.0,0.0,0.0,0.0,0.0,0.0,0.0,0.0,0.0,0.0,0.0,0.0,0.0,0.0,0.0,0.0,0.0,0.0,0.0,0.0,0.0,0.0,0.0,0.0,0.0,0.0,0.0,0.0,0.0,0.0,0.0,0.0,0.0,0.0,0.0,0.0,0.0,0.0,0.0,0.0,0.0,0.0,0.0,0.0,0.0,0.0,0.0,0.0,0.0,0.0,0.0,0.0,0.0,0.0,0.0,0.0,0.0,0.0,0.0
stop,0.4049617648124695,0.4312342703342438,7.355148046173099e-09,0.44617587327957153,0.40620261430740356,-0.015726687386631966,0.4737256169319153,0.36625349521636963,-0.022534238174557686,0.45840853452682495,0.32426750659942627,-0.028738968074321747,0.42766958475112915,0.31922444701194763,-0.031182438135147095,0.45655912160873413,0.3002236783504486,-0.0024281295482069254,0.4504483640193939,0.2650949954986572,-0.01885933242738247,0.4422200918197632,0.3042181432247162,-0.027882574126124382,0.44677403569221497,0.32303011417388916,-0.032688822597265244,0.4289226830005646,0.29711732268333435,-0.0033808511216193438,0.4241752326488495,0.2662384808063507,-0.020198851823806763,0.422419011592865,0.3073517084121704,-0.023956818506121635,0.42903029918670654,0.3185725808143616,-0.02329208143055439,0.40534406900405884,0.30252522230148315,-0.00812179408967495,0.4006001353263855,0.27906882762908936,-0.02441161312162876,0.4020001292228699,0.31733694672584534,-0.020506415516138077,0.4113844931125641,0.32773295044898987,-0.014168806374073029,0.3845037817955017,0.3139360845088959,-0.01476424653083086,0.3825249671936035,0.29937583208084106,-0.019846858456730843,0.3863293528556824,0.3246089816093445,-0.013424971140921116,0.39353328943252563,0.33455049991607666,-0.007301392965018749,0.0,0.0,0.0,0.0,0.0,0.0,0.0,0.0,0.0,0.0,0.0,0.0,0.0,0.0,0.0,0.0,0.0,0.0,0.0,0.0,0.0,0.0,0.0,0.0,0.0,0.0,0.0,0.0,0.0,0.0,0.0,0.0,0.0,0.0,0.0,0.0,0.0,0.0,0.0,0.0,0.0,0.0,0.0,0.0,0.0,0.0,0.0,0.0,0.0,0.0,0.0,0.0,0.0,0.0,0.0,0.0,0.0,0.0,0.0,0.0,0.0,0.0,0.0
stop,0.5138567686080933,0.4893723726272583,-2.7474351327327895e-07,0.5330146551132202,0.4485522210597992,-0.010096062906086445,0.5528932809829712,0.4067583680152893,-0.015881793573498726,0.5677563548088074,0.3729017376899719,-0.023802658542990685,0.5767128467559814,0.3565731644630432,-0.029883842915296555,0.5856282114982605,0.3754686117172241,0.00915471650660038,0.5915021300315857,0.34295329451560974,-0.006614460609853268,0.5679329633712769,0.3519572913646698,-0.020491164177656174,0.5522540807723999,0.36791402101516724,-0.02827276661992073,0.5871788263320923,0.37999632954597473,0.006617184262722731,0.5900675058364868,0.3432767689228058,-0.01217580121010542,0.5660877227783203,0.3535139560699463,-0.02429496869444847,0.5474507808685303,0.36978089809417725,-0.02816869132220745,0.5868895649909973,0.3938426375389099,0.0006388999172486365,0.5892149209976196,0.3546842336654663,-0.018461206927895546,0.5667057037353516,0.3628946542739868,-0.022238805890083313,0.5484838485717773,0.37768495082855225,-0.019340647384524345,0.5855657458305359,0.41475895047187805,-0.006379351019859314,0.5926598906517029,0.3841516375541687,-0.01755404844880104,0.575563907623291,0.3867681920528412,-0.016079720109701157,0.5606878995895386,0.3979174494743347,-0.011556180194020271,0.0,0.0,0.0,0.0,0.0,0.0,0.0,0.0,0.0,0.0,0.0,0.0,0.0,0.0,0.0,0.0,0.0,0.0,0.0,0.0,0.0,0.0,0.0,0.0,0.0,0.0,0.0,0.0,0.0,0.0,0.0,0.0,0.0,0.0,0.0,0.0,0.0,0.0,0.0,0.0,0.0,0.0,0.0,0.0,0.0,0.0,0.0,0.0,0.0,0.0,0.0,0.0,0.0,0.0,0.0,0.0,0.0,0.0,0.0,0.0,0.0,0.0,0.0
stop,0.5307567715644836,0.4639219641685486,-4.0047672200671514e-07,0.4819910526275635,0.41839292645454407,0.000722935947123915,0.4582299590110779,0.37680283188819885,-0.004578427877277136,0.46577462553977966,0.34876906871795654,-0.009858670644462109,0.4829751253128052,0.34408456087112427,-0.014420737512409687,0.5072413682937622,0.2756831645965576,-0.011706904508173466,0.5136221051216125,0.2678636908531189,-0.00591680221259594,0.5110529065132141,0.2965560853481293,-0.0006092539406381547,0.5073250532150269,0.3201482892036438,0.0015480956062674522,0.5469692945480347,0.28105926513671875,-0.013246131129562855,0.5462213158607483,0.28164801001548767,0.0003441271255724132,0.5378081202507019,0.306391179561615,0.005222056061029434,0.5330898761749268,0.32970482110977173,0.0033773460891097784,0.5769062042236328,0.3060033619403839,-0.012566381134092808,0.5671712756156921,0.31096959114074707,2.277012936247047e-05,0.5590229034423828,0.33262214064598083,0.0021537221036851406,0.5517826676368713,0.355908066034317,-0.0019811152014881372,0.599023163318634,0.3359854817390442,-0.011969588696956635,0.5899478793144226,0.3427087664604187,-0.0011456513311713934,0.5799828171730042,0.3603549599647522,0.004534860607236624,0.5706570744514465,0.37836551666259766,0.0064928410574793816,0.0,0.0,0.0,0.0,0.0,0.0,0.0,0.0,0.0,0.0,0.0,0.0,0.0,0.0,0.0,0.0,0.0,0.0,0.0,0.0,0.0,0.0,0.0,0.0,0.0,0.0,0.0,0.0,0.0,0.0,0.0,0.0,0.0,0.0,0.0,0.0,0.0,0.0,0.0,0.0,0.0,0.0,0.0,0.0,0.0,0.0,0.0,0.0,0.0,0.0,0.0,0.0,0.0,0.0,0.0,0.0,0.0,0.0,0.0,0.0,0.0,0.0,0.0
stop,0.6343422532081604,0.4052744507789612,-3.5636503525893204e-07,0.5816938877105713,0.3541441857814789,0.007504467852413654,0.5584071278572083,0.29848039150238037,0.007171242032200098,0.5624197125434875,0.2586963474750519,0.005566119682043791,0.5835398435592651,0.246177077293396,0.005693401210010052,0.6058417558670044,0.19776499271392822,0.0073885368183255196,0.6191468238830566,0.17671826481819153,0.015466047450900078,0.6194030046463013,0.20438534021377563,0.020284630358219147,0.6160237789154053,0.22805719077587128,0.022130396217107773,0.6444048285484314,0.20024104416370392,0.002603105967864394,0.6539052724838257,0.19206714630126953,0.017638258635997772,0.647986114025116,0.2224610149860382,0.022305704653263092,0.6420761942863464,0.2493627667427063,0.021665776148438454,0.6758347153663635,0.22042065858840942,-0.0006950429524295032,0.6763404011726379,0.21744677424430847,0.013708997517824173,0.6710678339004517,0.2437916100025177,0.01823226921260357,0.6649938225746155,0.2713887393474579,0.016495009884238243,0.7034409046173096,0.24926230311393738,-0.0038728094659745693,0.6993107795715332,0.24600544571876526,0.008928202092647552,0.6923620700836182,0.2694876790046692,0.017009533941745758,0.6857526898384094,0.29181304574012756,0.02135758101940155,0.0,0.0,0.0,0.0,0.0,0.0,0.0,0.0,0.0,0.0,0.0,0.0,0.0,0.0,0.0,0.0,0.0,0.0,0.0,0.0,0.0,0.0,0.0,0.0,0.0,0.0,0.0,0.0,0.0,0.0,0.0,0.0,0.0,0.0,0.0,0.0,0.0,0.0,0.0,0.0,0.0,0.0,0.0,0.0,0.0,0.0,0.0,0.0,0.0,0.0,0.0,0.0,0.0,0.0,0.0,0.0,0.0,0.0,0.0,0.0,0.0,0.0,0.0
stop,0.5358622670173645,0.3755253851413727,-1.9874839551903278e-07,0.5957092046737671,0.38202428817749023,-0.00286510749720037,0.6410230994224548,0.3626967668533325,-0.002277803374454379,0.6577262878417969,0.3178868293762207,-0.005437314976006746,0.6545549035072327,0.2823738157749176,-0.007774669677019119,0.6371433734893799,0.30599692463874817,0.020363546907901764,0.6508613228797913,0.2697765827178955,0.00555033702403307,0.6275087594985962,0.28142890334129333,-0.007416567299515009,0.6105360984802246,0.3041507303714752,-0.014369678683578968,0.6175834536552429,0.28206688165664673,0.015051404945552349,0.6291415691375732,0.24714834988117218,-0.0028804324101656675,0.6043952703475952,0.27226489782333374,-0.013137233443558216,0.5923493504524231,0.30272242426872253,-0.015471325255930424,0.598344087600708,0.2683870792388916,0.0064996094442903996,0.6108011603355408,0.23548808693885803,-0.014070872217416763,0.5891651511192322,0.26649439334869385,-0.014350650832057,0.5791642069816589,0.2985285520553589,-0.008445736020803452,0.578143835067749,0.2620270848274231,-0.0023757382296025753,0.5910561084747314,0.23787975311279297,-0.014954610727727413,0.574883222579956,0.26140835881233215,-0.010046813637018204,0.5654487609863281,0.2871263027191162,-0.0023882375098764896,0.0,0.0,0.0,0.0,0.0,0.0,0.0,0.0,0.0,0.0,0.0,0.0,0.0,0.0,0.0,0.0,0.0,0.0,0.0,0.0,0.0,0.0,0.0,0.0,0.0,0.0,0.0,0.0,0.0,0.0,0.0,0.0,0.0,0.0,0.0,0.0,0.0,0.0,0.0,0.0,0.0,0.0,0.0,0.0,0.0,0.0,0.0,0.0,0.0,0.0,0.0,0.0,0.0,0.0,0.0,0.0,0.0,0.0,0.0,0.0,0.0,0.0,0.0
stop,0.4022020399570465,0.39614856243133545,-4.106004212189873e-07,0.3989526629447937,0.3477168679237366,0.013011385686695576,0.40860283374786377,0.3047138452529907,0.01980571448802948,0.41924887895584106,0.2709028124809265,0.02033740095794201,0.4253818988800049,0.2445748746395111,0.020277395844459534,0.44515666365623474,0.27883201837539673,0.033848825842142105,0.44603654742240906,0.23540231585502625,0.030197100713849068,0.43054428696632385,0.22551587224006653,0.021327558904886246,0.41574716567993164,0.23242759704589844,0.01604769378900528,0.4531068205833435,0.27748146653175354,0.02331395447254181,0.44718649983406067,0.22888460755348206,0.020292360335588455,0.42825576663017273,0.22502748668193817,0.010714116506278515,0.41092610359191895,0.23924247920513153,0.004828434903174639,0.46087315678596497,0.28272882103919983,0.01141259167343378,0.45259401202201843,0.2312341034412384,0.008772716857492924,0.43328791856765747,0.23041188716888428,0.003823053790256381,0.41689828038215637,0.24856780469417572,0.0008302776841446757,0.46883624792099,0.29407429695129395,-0.00025393962278030813,0.462626188993454,0.24768425524234772,-0.0016031923005357385,0.4462910592556,0.24116522073745728,-0.0006840347195975482,0.43177416920661926,0.2525154948234558,0.0006830471102148294,0.0,0.0,0.0,0.0,0.0,0.0,0.0,0.0,0.0,0.0,0.0,0.0,0.0,0.0,0.0,0.0,0.0,0.0,0.0,0.0,0.0,0.0,0.0,0.0,0.0,0.0,0.0,0.0,0.0,0.0,0.0,0.0,0.0,0.0,0.0,0.0,0.0,0.0,0.0,0.0,0.0,0.0,0.0,0.0,0.0,0.0,0.0,0.0,0.0,0.0,0.0,0.0,0.0,0.0,0.0,0.0,0.0,0.0,0.0,0.0,0.0,0.0,0.0
stop,0.35872381925582886,0.3809446692466736,-6.889550974165104e-08,0.40614596009254456,0.3408733308315277,-0.017242925241589546,0.4352712035179138,0.285165935754776,-0.021609347313642502,0.41553372144699097,0.2291778177022934,-0.0257592611014843,0.38182488083839417,0.22817879915237427,-0.025475503876805305,0.4188825190067291,0.23683756589889526,0.009444283321499825,0.4056840240955353,0.19582441449165344,-0.005779138766229153,0.39847132563591003,0.2358171045780182,-0.015902331098914146,0.40442952513694763,0.25670719146728516,-0.02103557623922825,0.3891438841819763,0.2364351749420166,0.009918767027556896,0.37333837151527405,0.19550694525241852,-0.008109590038657188,0.3750499486923218,0.24055255949497223,-0.014990915544331074,0.3854946792125702,0.2557631731033325,-0.015151547268033028,0.36474668979644775,0.24197392165660858,0.005707572214305401,0.3516119718551636,0.2072599083185196,-0.013647831976413727,0.357643187046051,0.24965116381645203,-0.013767121359705925,0.3709179162979126,0.26478251814842224,-0.008007650263607502,0.34352412819862366,0.2513127028942108,-0.0003810334310401231,0.33997878432273865,0.2248297780752182,-0.006772330962121487,0.3438199758529663,0.25350746512413025,-0.0010798771400004625,0.3496115803718567,0.27010491490364075,0.0057477159425616264,0.0,0.0,0.0,0.0,0.0,0.0,0.0,0.0,0.0,0.0,0.0,0.0,0.0,0.0,0.0,0.0,0.0,0.0,0.0,0.0,0.0,0.0,0.0,0.0,0.0,0.0,0.0,0.0,0.0,0.0,0.0,0.0,0.0,0.0,0.0,0.0,0.0,0.0,0.0,0.0,0.0,0.0,0.0,0.0,0.0,0.0,0.0,0.0,0.0,0.0,0.0,0.0,0.0,0.0,0.0,0.0,0.0,0.0,0.0,0.0,0.0,0.0,0.0
stop,0.397661417722702,0.40304800868034363,-1.0565288022235109e-07,0.43576955795288086,0.38226354122161865,-0.011897549964487553,0.4647463858127594,0.34178176522254944,-0.015204128809273243,0.46489420533180237,0.2971743643283844,-0.019121045246720314,0.45387405157089233,0.2724105715751648,-0.021852759644389153,0.4663815498352051,0.2973893880844116,0.006723346188664436,0.46736305952072144,0.25396788120269775,-0.007245989982038736,0.45040327310562134,0.2646990418434143,-0.019433092325925827,0.4384075999259949,0.2857512831687927,-0.025503018870949745,0.44237372279167175,0.286869078874588,0.006936491001397371,0.4423661231994629,0.24246907234191895,-0.007542725186794996,0.42829617857933044,0.2576404809951782,-0.01780945248901844,0.41793370246887207,0.27899396419525146,-0.02123580500483513,0.42066308856010437,0.28721287846565247,0.003969376441091299,0.4204776883125305,0.24979984760284424,-0.012164282612502575,0.4115202724933624,0.2704469561576843,-0.016354672610759735,0.40421366691589355,0.2925413250923157,-0.014308245852589607,0.4009166359901428,0.29537901282310486,-0.00010763751924969256,0.40390607714653015,0.26776647567749023,-0.010971006937325,0.3983578681945801,0.28479957580566406,-0.010723453015089035,0.39402732253074646,0.3038787841796875,-0.007195867598056793,0.0,0.0,0.0,0.0,0.0,0.0,0.0,0.0,0.0,0.0,0.0,0.0,0.0,0.0,0.0,0.0,0.0,0.0,0.0,0.0,0.0,0.0,0.0,0.0,0.0,0.0,0.0,0.0,0.0,0.0,0.0,0.0,0.0,0.0,0.0,0.0,0.0,0.0,0.0,0.0,0.0,0.0,0.0,0.0,0.0,0.0,0.0,0.0,0.0,0.0,0.0,0.0,0.0,0.0,0.0,0.0,0.0,0.0,0.0,0.0,0.0,0.0,0.0
stop,0.47633251547813416,0.4149876534938812,-2.8415017894189987e-08,0.511789858341217,0.3870357871055603,-0.008135935291647911,0.5395849943161011,0.34763607382774353,-0.011366603896021843,0.5432063937187195,0.30366039276123047,-0.016249246895313263,0.531043291091919,0.2757357656955719,-0.02043623849749565,0.5397788882255554,0.29143255949020386,0.007496934849768877,0.540591299533844,0.24679677188396454,-0.005500774830579758,0.5340933203697205,0.2511690855026245,-0.01822500489652157,0.5263878703117371,0.2676176428794861,-0.02494879439473152,0.517320990562439,0.2853524088859558,0.005155074875801802,0.5159540176391602,0.24069374799728394,-0.006931220181286335,0.5105130076408386,0.25439292192459106,-0.017252294346690178,0.5044388771057129,0.27713701128959656,-0.022248635068535805,0.49506038427352905,0.28937527537345886,0.00018025041208602488,0.49415549635887146,0.2475445717573166,-0.011719994246959686,0.4925958514213562,0.26250046491622925,-0.016322866082191467,0.4879566431045532,0.2859734892845154,-0.01662020944058895,0.47195330262184143,0.30031120777130127,-0.0059174164198338985,0.4718129634857178,0.26717880368232727,-0.013510110788047314,0.47339290380477905,0.2771284580230713,-0.013961211778223515,0.47313955426216125,0.2967231571674347,-0.012315735220909119,0.0,0.0,0.0,0.0,0.0,0.0,0.0,0.0,0.0,0.0,0.0,0.0,0.0,0.0,0.0,0.0,0.0,0.0,0.0,0.0,0.0,0.0,0.0,0.0,0.0,0.0,0.0,0.0,0.0,0.0,0.0,0.0,0.0,0.0,0.0,0.0,0.0,0.0,0.0,0.0,0.0,0.0,0.0,0.0,0.0,0.0,0.0,0.0,0.0,0.0,0.0,0.0,0.0,0.0,0.0,0.0,0.0,0.0,0.0,0.0,0.0,0.0,0.0
stop,0.5380846858024597,0.40273788571357727,-2.06648039124957e-07,0.5473107099533081,0.34709641337394714,0.005173490382730961,0.5747786164283752,0.30667343735694885,0.0004920929786749184,0.6061633229255676,0.2948898673057556,-0.007501806598156691,0.6318534016609192,0.2996717691421509,-0.012612570077180862,0.5931304693222046,0.2508619427680969,0.0019142029341310263,0.6385031938552856,0.27224332094192505,-0.010629294440150261,0.6331189870834351,0.30128926038742065,-0.018132204189896584,0.6182293891906738,0.3135526478290558,-0.021542930975556374,0.607653021812439,0.2664991021156311,-0.006856026127934456,0.646994411945343,0.29727932810783386,-0.013538719154894352,0.6376346945762634,0.3230503797531128,-0.015089769847691059,0.6231982111930847,0.3296199440956116,-0.01631728745996952,0.6221676468849182,0.2911197543144226,-0.016457220539450645,0.6562730073928833,0.32513192296028137,-0.02024078741669655,0.6453671455383301,0.3475615084171295,-0.015710070729255676,0.630207359790802,0.3515167832374573,-0.013250420801341534,0.6347346901893616,0.32059285044670105,-0.02639000490307808,0.6587416529655457,0.35229548811912537,-0.025349874049425125,0.6479570865631104,0.37234991788864136,-0.019359130412340164,0.633867621421814,0.3761915862560272,-0.014859888702630997,0.0,0.0,0.0,0.0,0.0,0.0,0.0,0.0,0.0,0.0,0.0,0.0,0.0,0.0,0.0,0.0,0.0,0.0,0.0,0.0,0.0,0.0,0.0,0.0,0.0,0.0,0.0,0.0,0.0,0.0,0.0,0.0,0.0,0.0,0.0,0.0,0.0,0.0,0.0,0.0,0.0,0.0,0.0,0.0,0.0,0.0,0.0,0.0,0.0,0.0,0.0,0.0,0.0,0.0,0.0,0.0,0.0,0.0,0.0,0.0,0.0,0.0,0.0
stop,0.462842732667923,0.4196261167526245,-3.262815084781323e-07,0.41335082054138184,0.3818571865558624,0.011056732386350632,0.39191049337387085,0.340311199426651,0.01235824916511774,0.39805859327316284,0.3038319945335388,0.012065454386174679,0.41289258003234863,0.28902846574783325,0.01284435298293829,0.41189146041870117,0.23707297444343567,0.0036855037324130535,0.42790260910987854,0.21283657848834991,0.012563384138047695,0.4323304295539856,0.2364732325077057,0.01907752826809883,0.43092361092567444,0.2577296197414398,0.022140076383948326,0.4501135051250458,0.23199674487113953,-0.0025397022254765034,0.46185579895973206,0.2139032483100891,0.013699914328753948,0.4592529535293579,0.23781812191009521,0.02010919712483883,0.4556266963481903,0.26221662759780884,0.02034829370677471,0.4842945635318756,0.2454780638217926,-0.006385871209204197,0.4890819191932678,0.23702533543109894,0.009497648105025291,0.4856865108013153,0.25811702013015747,0.013807956129312515,0.4806797504425049,0.28300225734710693,0.011203816160559654,0.5126689672470093,0.2679676115512848,-0.0095570283010602,0.5108965039253235,0.2663542628288269,0.0037145765963941813,0.5059713125228882,0.2858394682407379,0.011133844964206219,0.5006013512611389,0.3065749704837799,0.014519999735057354,0.0,0.0,0.0,0.0,0.0,0.0,0.0,0.0,0.0,0.0,0.0,0.0,0.0,0.0,0.0,0.0,0.0,0.0,0.0,0.0,0.0,0.0,0.0,0.0,0.0,0.0,0.0,0.0,0.0,0.0,0.0,0.0,0.0,0.0,0.0,0.0,0.0,0.0,0.0,0.0,0.0,0.0,0.0,0.0,0.0,0.0,0.0,0.0,0.0,0.0,0.0,0.0,0.0,0.0,0.0,0.0,0.0,0.0,0.0,0.0,0.0,0.0,0.0
stop,0.4106750190258026,0.5424420237541199,-8.107947024882378e-08,0.4651066064834595,0.5304508805274963,-0.009066181257367134,0.5083016753196716,0.5047053694725037,-0.012637535110116005,0.5189275145530701,0.45665207505226135,-0.017797309905290604,0.5015031695365906,0.4259760081768036,-0.021351421251893044,0.5091038942337036,0.46192073822021484,0.01022818498313427,0.5213268399238586,0.42301541566848755,-0.003951324615627527,0.507104754447937,0.43781164288520813,-0.016606997698545456,0.49430495500564575,0.4553616940975189,-0.023481113836169243,0.4863419234752655,0.4460819959640503,0.006992143578827381,0.49388229846954346,0.4064629077911377,-0.009908361360430717,0.4797126054763794,0.43951383233070374,-0.020738543942570686,0.46745896339416504,0.4656091034412384,-0.02384507842361927,0.462754487991333,0.4371912479400635,0.0009503100882284343,0.4685792922973633,0.4037191867828369,-0.01732325740158558,0.458312064409256,0.44283223152160645,-0.018530774861574173,0.4477093815803528,0.47033900022506714,-0.013807169161736965,0.43647849559783936,0.43345528841018677,-0.0060465349815785885,0.44918546080589294,0.4104538559913635,-0.017510930076241493,0.4427739083766937,0.43827489018440247,-0.01380867324769497,0.4342646300792694,0.4589879512786865,-0.007397985551506281,0.0,0.0,0.0,0.0,0.0,0.0,0.0,0.0,0.0,0.0,0.0,0.0,0.0,0.0,0.0,0.0,0.0,0.0,0.0,0.0,0.0,0.0,0.0,0.0,0.0,0.0,0.0,0.0,0.0,0.0,0.0,0.0,0.0,0.0,0.0,0.0,0.0,0.0,0.0,0.0,0.0,0.0,0.0,0.0,0.0,0.0,0.0,0.0,0.0,0.0,0.0,0.0,0.0,0.0,0.0,0.0,0.0,0.0,0.0,0.0,0.0,0.0,0.0
stop,0.19251719117164612,0.3701348900794983,-1.3109108465414465e-07,0.23786023259162903,0.3383086323738098,-0.01758892461657524,0.2673056125640869,0.2810487747192383,-0.020421737805008888,0.2536674737930298,0.22538231313228607,-0.022273806855082512,0.225261390209198,0.2096937596797943,-0.019114725291728973,0.26430636644363403,0.24224326014518738,0.008069425821304321,0.2525179088115692,0.1963757574558258,-0.009678035974502563,0.23744700849056244,0.23480422794818878,-0.020130906254053116,0.23978707194328308,0.2583177983760834,-0.024315237998962402,0.2370148003101349,0.23577478528022766,0.008689568378031254,0.22062107920646667,0.19509777426719666,-0.009841724298894405,0.21270450949668884,0.240195631980896,-0.015233727172017097,0.22118154168128967,0.25601378083229065,-0.013465371914207935,0.2125958502292633,0.2358711063861847,0.004183125216513872,0.19850170612335205,0.20219823718070984,-0.016388149932026863,0.1966256946325302,0.24608618021011353,-0.015413129702210426,0.2086193561553955,0.2615223526954651,-0.008074695244431496,0.18993273377418518,0.24228113889694214,-0.002196182496845722,0.18411898612976074,0.2159986048936844,-0.010550127364695072,0.18363431096076965,0.2462623119354248,-0.004540718626230955,0.1880076378583908,0.2622055113315582,0.00359222199767828,0.0,0.0,0.0,0.0,0.0,0.0,0.0,0.0,0.0,0.0,0.0,0.0,0.0,0.0,0.0,0.0,0.0,0.0,0.0,0.0,0.0,0.0,0.0,0.0,0.0,0.0,0.0,0.0,0.0,0.0,0.0,0.0,0.0,0.0,0.0,0.0,0.0,0.0,0.0,0.0,0.0,0.0,0.0,0.0,0.0,0.0,0.0,0.0,0.0,0.0,0.0,0.0,0.0,0.0,0.0,0.0,0.0,0.0,0.0,0.0,0.0,0.0,0.0
stop,0.21418744325637817,0.3930583596229553,-2.8968293008801993e-07,0.22299914062023163,0.34502357244491577,-0.006173411849886179,0.23678138852119446,0.29998892545700073,-0.00859128125011921,0.2382565587759018,0.25652822852134705,-0.013851692900061607,0.23322877287864685,0.22763143479824066,-0.017909958958625793,0.2770189940929413,0.2788371443748474,0.014424393884837627,0.2850143611431122,0.2349189817905426,0.0025791877415031195,0.2631288468837738,0.21803590655326843,-0.009552710689604282,0.24297045171260834,0.21652236580848694,-0.01677423156797886,0.2693261206150055,0.27159273624420166,0.010668119415640831,0.27070626616477966,0.21714529395103455,-0.0033855484798550606,0.24696479737758636,0.20893222093582153,-0.015413698740303516,0.23064765334129333,0.21599388122558594,-0.020514320582151413,0.26161402463912964,0.2751155197620392,0.003783398773521185,0.2597935199737549,0.22242535650730133,-0.012602788396179676,0.23737740516662598,0.21632662415504456,-0.01992465741932392,0.22059932351112366,0.22429034113883972,-0.020490339025855064,0.2532179057598114,0.2876051068305969,-0.0038336480502039194,0.25422799587249756,0.24782228469848633,-0.014490635134279728,0.23737788200378418,0.23273539543151855,-0.01572418585419655,0.2212444394826889,0.2313518524169922,-0.013873593881726265,0.0,0.0,0.0,0.0,0.0,0.0,0.0,0.0,0.0,0.0,0.0,0.0,0.0,0.0,0.0,0.0,0.0,0.0,0.0,0.0,0.0,0.0,0.0,0.0,0.0,0.0,0.0,0.0,0.0,0.0,0.0,0.0,0.0,0.0,0.0,0.0,0.0,0.0,0.0,0.0,0.0,0.0,0.0,0.0,0.0,0.0,0.0,0.0,0.0,0.0,0.0,0.0,0.0,0.0,0.0,0.0,0.0,0.0,0.0,0.0,0.0,0.0,0.0
stop,0.21195180714130402,0.5366723537445068,-1.1122907039862184e-07,0.2607533037662506,0.5090765953063965,-0.021837038919329643,0.29696375131607056,0.4565793573856354,-0.02668924257159233,0.28411275148391724,0.4020983576774597,-0.02957764081656933,0.2579585015773773,0.3876049518585205,-0.026849791407585144,0.2933294475078583,0.40107426047325134,0.000978516531176865,0.28676778078079224,0.3528682291507721,-0.021290944889187813,0.26756563782691956,0.3926980197429657,-0.0334382988512516,0.2658383846282959,0.4165573716163635,-0.03835039958357811,0.2600882053375244,0.39102357625961304,0.0022402715403586626,0.24989157915115356,0.3480984568595886,-0.02002982422709465,0.24055595695972443,0.40045878291130066,-0.024680649861693382,0.24859033524990082,0.4210529625415802,-0.021854186430573463,0.22990447282791138,0.39058518409729004,-0.0023726248182356358,0.2207379788160324,0.3587931990623474,-0.026723520830273628,0.21761082112789154,0.4087488055229187,-0.024762729182839394,0.2292131632566452,0.4244545102119446,-0.016344834119081497,0.20173995196819305,0.39943864941596985,-0.009286248125135899,0.1984809786081314,0.3815380930900574,-0.020033493638038635,0.19889894127845764,0.41491326689720154,-0.01476749125868082,0.20490990579128265,0.4285646975040436,-0.007220335304737091,0.0,0.0,0.0,0.0,0.0,0.0,0.0,0.0,0.0,0.0,0.0,0.0,0.0,0.0,0.0,0.0,0.0,0.0,0.0,0.0,0.0,0.0,0.0,0.0,0.0,0.0,0.0,0.0,0.0,0.0,0.0,0.0,0.0,0.0,0.0,0.0,0.0,0.0,0.0,0.0,0.0,0.0,0.0,0.0,0.0,0.0,0.0,0.0,0.0,0.0,0.0,0.0,0.0,0.0,0.0,0.0,0.0,0.0,0.0,0.0,0.0,0.0,0.0
stop,0.2798801064491272,0.5558686852455139,-4.8048470091544004e-08,0.3278844356536865,0.51422518491745,-0.022535311058163643,0.3578622043132782,0.458991140127182,-0.03133884444832802,0.3520667552947998,0.4073023200035095,-0.03986245021224022,0.3245413899421692,0.4022039473056793,-0.0443296954035759,0.342271625995636,0.3935854434967041,0.006096893455833197,0.35231250524520874,0.35299694538116455,-0.010669784620404243,0.3378337621688843,0.3835333585739136,-0.024594545364379883,0.3327851891517639,0.4052249789237976,-0.0326039083302021,0.31515660881996155,0.39203158020973206,0.009252853691577911,0.32466253638267517,0.3549487590789795,-0.011148197576403618,0.3161853551864624,0.38640090823173523,-0.02300272509455681,0.31360650062561035,0.40524137020111084,-0.026521991938352585,0.2925306260585785,0.3975274860858917,0.007456599734723568,0.30203109979629517,0.36679911613464355,-0.012699252925813198,0.29822638630867004,0.39637139439582825,-0.015774885192513466,0.2966981530189514,0.41451942920684814,-0.011805330403149128,0.2749166488647461,0.40735000371932983,0.003332417458295822,0.2917368412017822,0.3843030631542206,-0.003260187804698944,0.2892661690711975,0.4051517844200134,0.0011593097588047385,0.2855462431907654,0.4217831790447235,0.006947032641619444,0.0,0.0,0.0,0.0,0.0,0.0,0.0,0.0,0.0,0.0,0.0,0.0,0.0,0.0,0.0,0.0,0.0,0.0,0.0,0.0,0.0,0.0,0.0,0.0,0.0,0.0,0.0,0.0,0.0,0.0,0.0,0.0,0.0,0.0,0.0,0.0,0.0,0.0,0.0,0.0,0.0,0.0,0.0,0.0,0.0,0.0,0.0,0.0,0.0,0.0,0.0,0.0,0.0,0.0,0.0,0.0,0.0,0.0,0.0,0.0,0.0,0.0,0.0
stop,0.5324103236198425,0.5091878771781921,-8.474823509629914e-09,0.5902020335197449,0.5161669254302979,-0.016505341976881027,0.6371898055076599,0.4821482002735138,-0.021599696949124336,0.6393336653709412,0.4204539954662323,-0.026667650789022446,0.6129748821258545,0.3883049488067627,-0.027619967237114906,0.6404053568840027,0.43208593130111694,0.003428771859034896,0.6431663632392883,0.38779616355895996,-0.016102641820907593,0.6201419830322266,0.41993820667266846,-0.027951713651418686,0.6157316565513611,0.4452354311943054,-0.034012239426374435,0.6130974888801575,0.4101639986038208,0.0018829746404662728,0.6082937121391296,0.3715657889842987,-0.017483586445450783,0.5912046432495117,0.4152907133102417,-0.02374245598912239,0.5970038175582886,0.435253381729126,-0.023999538272619247,0.5868679881095886,0.396300345659256,-0.004396932199597359,0.5826738476753235,0.365872323513031,-0.026449942961335182,0.5703644752502441,0.41197657585144043,-0.025799235329031944,0.5791357755661011,0.4338096082210541,-0.01965268887579441,0.5616888403892517,0.3907189965248108,-0.01239799801260233,0.5630855560302734,0.3740216791629791,-0.022608991712331772,0.554492712020874,0.4062020480632782,-0.017047710716724396,0.5561316013336182,0.42258840799331665,-0.00993920024484396,0.0,0.0,0.0,0.0,0.0,0.0,0.0,0.0,0.0,0.0,0.0,0.0,0.0,0.0,0.0,0.0,0.0,0.0,0.0,0.0,0.0,0.0,0.0,0.0,0.0,0.0,0.0,0.0,0.0,0.0,0.0,0.0,0.0,0.0,0.0,0.0,0.0,0.0,0.0,0.0,0.0,0.0,0.0,0.0,0.0,0.0,0.0,0.0,0.0,0.0,0.0,0.0,0.0,0.0,0.0,0.0,0.0,0.0,0.0,0.0,0.0,0.0,0.0
stop,0.4467923641204834,0.4413904547691345,-9.320275218271945e-09,0.4939959645271301,0.42128267884254456,-0.010218136012554169,0.5345884561538696,0.38578149676322937,-0.014157223515212536,0.551429271697998,0.3416607677936554,-0.01960361935198307,0.5364890694618225,0.30716997385025024,-0.02360818348824978,0.5228248238563538,0.3187217116355896,0.006424960680305958,0.5320885181427002,0.28607839345932007,-0.00902208499610424,0.5261382460594177,0.31755149364471436,-0.022852089256048203,0.5228109359741211,0.342464804649353,-0.03079027682542801,0.4999379515647888,0.30726000666618347,0.0036659070756286383,0.5073847770690918,0.27451401948928833,-0.00935144443064928,0.5026558041572571,0.3069680631160736,-0.01769018918275833,0.4994611442089081,0.3287041485309601,-0.02157849259674549,0.4742615818977356,0.3033784031867981,-0.0022931392304599285,0.48236358165740967,0.26953601837158203,-0.014757389202713966,0.479404479265213,0.3009031414985657,-0.012393777258694172,0.47716227173805237,0.32147717475891113,-0.008226682431995869,0.44625377655029297,0.3049263656139374,-0.009746018797159195,0.45690998435020447,0.2777014374732971,-0.014689079485833645,0.4576188623905182,0.2987830638885498,-0.007754933089017868,0.45574212074279785,0.3160841763019562,-0.0011739114997908473,0.0,0.0,0.0,0.0,0.0,0.0,0.0,0.0,0.0,0.0,0.0,0.0,0.0,0.0,0.0,0.0,0.0,0.0,0.0,0.0,0.0,0.0,0.0,0.0,0.0,0.0,0.0,0.0,0.0,0.0,0.0,0.0,0.0,0.0,0.0,0.0,0.0,0.0,0.0,0.0,0.0,0.0,0.0,0.0,0.0,0.0,0.0,0.0,0.0,0.0,0.0,0.0,0.0,0.0,0.0,0.0,0.0,0.0,0.0,0.0,0.0,0.0,0.0
stop,0.30652421712875366,0.4206630289554596,-1.8255430234148662e-07,0.3356529772281647,0.3741281032562256,-0.008795102126896381,0.35075899958610535,0.3175028860569,-0.012886920012533665,0.3363806903362274,0.269900381565094,-0.019302234053611755,0.31894761323928833,0.25813406705856323,-0.023676253855228424,0.3568388521671295,0.2810128331184387,0.01186433620750904,0.34497305750846863,0.2357468605041504,-0.0029121742118149996,0.3289121985435486,0.26190343499183655,-0.014231791719794273,0.3282279074192047,0.2895577847957611,-0.02134784869849682,0.3414642810821533,0.276426762342453,0.0075028459541499615,0.3256140947341919,0.22534826397895813,-0.012139242142438889,0.3112770915031433,0.261393666267395,-0.021718285977840424,0.31362152099609375,0.2915385365486145,-0.023856302723288536,0.3298074007034302,0.2812798321247101,-0.0005321481148712337,0.31666120886802673,0.22759616374969482,-0.024463042616844177,0.3050210773944855,0.2651556134223938,-0.026730641722679138,0.3080664277076721,0.29668566584587097,-0.021635856479406357,0.32048100233078003,0.2945074439048767,-0.009381765499711037,0.31385889649391174,0.250393271446228,-0.025796784088015556,0.301952987909317,0.27698802947998047,-0.02431773953139782,0.29944971203804016,0.3057112395763397,-0.01903441920876503,0.0,0.0,0.0,0.0,0.0,0.0,0.0,0.0,0.0,0.0,0.0,0.0,0.0,0.0,0.0,0.0,0.0,0.0,0.0,0.0,0.0,0.0,0.0,0.0,0.0,0.0,0.0,0.0,0.0,0.0,0.0,0.0,0.0,0.0,0.0,0.0,0.0,0.0,0.0,0.0,0.0,0.0,0.0,0.0,0.0,0.0,0.0,0.0,0.0,0.0,0.0,0.0,0.0,0.0,0.0,0.0,0.0,0.0,0.0,0.0,0.0,0.0,0.0
stop,0.5413894057273865,0.4473179876804352,-5.099852096179802e-09,0.6023655533790588,0.42652201652526855,-0.01186369638890028,0.6431041359901428,0.378206729888916,-0.016060100868344307,0.6356532573699951,0.3164202868938446,-0.021608959883451462,0.600342333316803,0.2966817021369934,-0.025024930015206337,0.6280517578125,0.3214767873287201,0.00741238659247756,0.6403697729110718,0.2754213213920593,-0.0060388739220798016,0.6267756223678589,0.3048849403858185,-0.018400294706225395,0.6165011525154114,0.33464083075523376,-0.02569890208542347,0.5971552133560181,0.30917927622795105,0.004706237465143204,0.6059281826019287,0.26060447096824646,-0.009446860291063786,0.5986595749855042,0.2928064167499542,-0.01995360665023327,0.5915328860282898,0.3222616910934448,-0.02427675761282444,0.5684473514556885,0.3074876070022583,-0.0011294223368167877,0.5746938586235046,0.2672146260738373,-0.015791181474924088,0.5732812881469727,0.3035472333431244,-0.01868312619626522,0.5700210928916931,0.3350406289100647,-0.016572769731283188,0.5403246283531189,0.31343942880630493,-0.008424348197877407,0.5485131144523621,0.28591275215148926,-0.015472834929823875,0.5495479106903076,0.3117227554321289,-0.012268093414604664,0.5465739369392395,0.3375126123428345,-0.00797191634774208,0.0,0.0,0.0,0.0,0.0,0.0,0.0,0.0,0.0,0.0,0.0,0.0,0.0,0.0,0.0,0.0,0.0,0.0,0.0,0.0,0.0,0.0,0.0,0.0,0.0,0.0,0.0,0.0,0.0,0.0,0.0,0.0,0.0,0.0,0.0,0.0,0.0,0.0,0.0,0.0,0.0,0.0,0.0,0.0,0.0,0.0,0.0,0.0,0.0,0.0,0.0,0.0,0.0,0.0,0.0,0.0,0.0,0.0,0.0,0.0,0.0,0.0,0.0
stop,0.6361084580421448,0.4057549238204956,1.2134806048891278e-08,0.7068784832954407,0.4013492166996002,-0.014971073716878891,0.7608324289321899,0.3560856282711029,-0.01956787146627903,0.760974645614624,0.28995880484580994,-0.025940321385860443,0.7240928411483765,0.2625805735588074,-0.02833929844200611,0.756907045841217,0.31924688816070557,0.013652944937348366,0.7667454481124878,0.2714909315109253,-0.004550929181277752,0.740003228187561,0.2951694428920746,-0.0168918427079916,0.7288795709609985,0.3209307789802551,-0.023694857954978943,0.7262389063835144,0.2971760630607605,0.009422612376511097,0.7283439040184021,0.24233825504779816,-0.010724849067628384,0.7077356576919556,0.2819156050682068,-0.01943119242787361,0.7082821726799011,0.3106730580329895,-0.02016165293753147,0.6945798397064209,0.2867428660392761,0.0001320586452493444,0.692635178565979,0.2420005202293396,-0.02400893345475197,0.6794803142547607,0.2901126444339752,-0.025848837569355965,0.684260904788971,0.3215992748737335,-0.0196907427161932,0.6635198593139648,0.28515195846557617,-0.010686061345040798,0.6674461364746094,0.2556418478488922,-0.021970627829432487,0.6582837104797363,0.28772857785224915,-0.016700319945812225,0.6571849584579468,0.31270909309387207,-0.009188545867800713,0.0,0.0,0.0,0.0,0.0,0.0,0.0,0.0,0.0,0.0,0.0,0.0,0.0,0.0,0.0,0.0,0.0,0.0,0.0,0.0,0.0,0.0,0.0,0.0,0.0,0.0,0.0,0.0,0.0,0.0,0.0,0.0,0.0,0.0,0.0,0.0,0.0,0.0,0.0,0.0,0.0,0.0,0.0,0.0,0.0,0.0,0.0,0.0,0.0,0.0,0.0,0.0,0.0,0.0,0.0,0.0,0.0,0.0,0.0,0.0,0.0,0.0,0.0
stop,0.5439362525939941,0.402992844581604,1.0771699976430682e-08,0.5957059860229492,0.37682580947875977,-0.009794709272682667,0.6393341422080994,0.33909592032432556,-0.014572495594620705,0.6484899520874023,0.2862509489059448,-0.021028541028499603,0.6257001757621765,0.2571794390678406,-0.025185566395521164,0.6283608078956604,0.26870548725128174,0.00802413746714592,0.6454581022262573,0.23714950680732727,-0.007554075680673122,0.6370895504951477,0.27077120542526245,-0.02015123888850212,0.6321211457252502,0.2907758057117462,-0.0273080226033926,0.6022220849990845,0.2602382302284241,0.003588081570342183,0.6186662912368774,0.2292075902223587,-0.01065635122358799,0.6127291321754456,0.266712486743927,-0.018374960869550705,0.6080418229103088,0.2838424742221832,-0.02124468795955181,0.5752368569374084,0.26037436723709106,-0.004248316399753094,0.5905322432518005,0.23556959629058838,-0.018427077680826187,0.5865384340286255,0.2735908329486847,-0.01498540211468935,0.581217348575592,0.29125097393989563,-0.009383666329085827,0.54594886302948,0.2659473717212677,-0.01354042999446392,0.5638243556022644,0.24602597951889038,-0.018124312162399292,0.5645174980163574,0.27161067724227905,-0.00970426481217146,0.560581624507904,0.2854855954647064,-0.002038841135799885,0.0,0.0,0.0,0.0,0.0,0.0,0.0,0.0,0.0,0.0,0.0,0.0,0.0,0.0,0.0,0.0,0.0,0.0,0.0,0.0,0.0,0.0,0.0,0.0,0.0,0.0,0.0,0.0,0.0,0.0,0.0,0.0,0.0,0.0,0.0,0.0,0.0,0.0,0.0,0.0,0.0,0.0,0.0,0.0,0.0,0.0,0.0,0.0,0.0,0.0,0.0,0.0,0.0,0.0,0.0,0.0,0.0,0.0,0.0,0.0,0.0,0.0,0.0
stop,0.44492918252944946,0.46102407574653625,-3.363001610523497e-08,0.498496413230896,0.4301265478134155,-0.008993840776383877,0.5308362245559692,0.38087716698646545,-0.011941934004426003,0.525450587272644,0.32312101125717163,-0.01640825718641281,0.4993901550769806,0.29482942819595337,-0.01936233416199684,0.5251356363296509,0.3291475176811218,0.009431048296391964,0.5255841016769409,0.2842119336128235,-0.0024700521025806665,0.5154813528060913,0.3159271478652954,-0.013850726187229156,0.5120835304260254,0.3400331139564514,-0.020314382389187813,0.4975951611995697,0.32249122858047485,0.007454703561961651,0.49846261739730835,0.277726411819458,-0.002234081272035837,0.4920441210269928,0.31033483147621155,-0.009297478012740612,0.487914115190506,0.331971138715744,-0.012673608027398586,0.4714229702949524,0.32440459728240967,0.0025108358822762966,0.4727694094181061,0.28198474645614624,-0.0051101497374475,0.4695996046066284,0.3124394416809082,-0.003501031780615449,0.4659440517425537,0.33315664529800415,-0.0006728736916556954,0.4442048668861389,0.33150655031204224,-0.003909710794687271,0.4459562599658966,0.2979139983654022,-0.004184215795248747,0.4471784234046936,0.31690412759780884,0.0025034903082996607,0.4452272951602936,0.33376967906951904,0.008015411905944347,0.0,0.0,0.0,0.0,0.0,0.0,0.0,0.0,0.0,0.0,0.0,0.0,0.0,0.0,0.0,0.0,0.0,0.0,0.0,0.0,0.0,0.0,0.0,0.0,0.0,0.0,0.0,0.0,0.0,0.0,0.0,0.0,0.0,0.0,0.0,0.0,0.0,0.0,0.0,0.0,0.0,0.0,0.0,0.0,0.0,0.0,0.0,0.0,0.0,0.0,0.0,0.0,0.0,0.0,0.0,0.0,0.0,0.0,0.0,0.0,0.0,0.0,0.0
stop,0.3665175139904022,0.3697761297225952,-7.561593662330779e-08,0.41966384649276733,0.3378937542438507,-0.011300449259579182,0.44895538687705994,0.29003360867500305,-0.014391057193279266,0.4373319745063782,0.2354247272014618,-0.01919149048626423,0.40852925181388855,0.21701419353485107,-0.02198692411184311,0.438967227935791,0.2496318519115448,0.013553493656218052,0.438069611787796,0.20439158380031586,0.0003614986198954284,0.42269259691238403,0.22976122796535492,-0.011376118287444115,0.41676875948905945,0.2579895853996277,-0.018131408840417862,0.409351646900177,0.24101059138774872,0.011409597471356392,0.40828901529312134,0.19048315286636353,-0.004917406942695379,0.39750322699546814,0.22163361310958862,-0.015598002821207047,0.3947489559650421,0.24990764260292053,-0.01878287084400654,0.3836144804954529,0.2417956441640854,0.005557097960263491,0.3816474378108978,0.19870227575302124,-0.012575539760291576,0.37905240058898926,0.2330172061920166,-0.016419267281889915,0.3809239864349365,0.2613547742366791,-0.013339469209313393,0.3606509268283844,0.24965479969978333,-0.0015349354362115264,0.36434322595596313,0.2188526690006256,-0.011280873790383339,0.36357957124710083,0.2432144284248352,-0.00899582076817751,0.3636692464351654,0.26727432012557983,-0.004258888773620129,0.0,0.0,0.0,0.0,0.0,0.0,0.0,0.0,0.0,0.0,0.0,0.0,0.0,0.0,0.0,0.0,0.0,0.0,0.0,0.0,0.0,0.0,0.0,0.0,0.0,0.0,0.0,0.0,0.0,0.0,0.0,0.0,0.0,0.0,0.0,0.0,0.0,0.0,0.0,0.0,0.0,0.0,0.0,0.0,0.0,0.0,0.0,0.0,0.0,0.0,0.0,0.0,0.0,0.0,0.0,0.0,0.0,0.0,0.0,0.0,0.0,0.0,0.0
stop,0.36796146631240845,0.44034042954444885,-7.195212248234384e-08,0.4147736430168152,0.40609273314476013,-0.01693987473845482,0.4431358277797699,0.34434595704078674,-0.018897896632552147,0.42438772320747375,0.2871512174606323,-0.020355451852083206,0.39186787605285645,0.2817284166812897,-0.016981609165668488,0.43746644258499146,0.3110780715942383,0.011844892986118793,0.43412336707115173,0.26198726892471313,-0.003730238415300846,0.41827043890953064,0.29767975211143494,-0.013836539350450039,0.41564854979515076,0.32624074816703796,-0.017939116805791855,0.4079168140888214,0.3037657141685486,0.012365071102976799,0.402106374502182,0.2543521821498871,-0.004483390599489212,0.3934563398361206,0.2948610782623291,-0.011049932800233364,0.3956018090248108,0.320112407207489,-0.009667099453508854,0.3809935748577118,0.3061562180519104,0.007794462144374847,0.3740125000476837,0.2667452096939087,-0.010626504197716713,0.37391072511672974,0.3064725697040558,-0.011867339722812176,0.3809208571910858,0.32947325706481934,-0.005987922661006451,0.35600659251213074,0.3164384663105011,0.001301990239880979,0.35293132066726685,0.29038190841674805,-0.006847932934761047,0.354740709066391,0.31702449917793274,-0.003534929594025016,0.35883766412734985,0.3369820713996887,0.002377738943323493,0.0,0.0,0.0,0.0,0.0,0.0,0.0,0.0,0.0,0.0,0.0,0.0,0.0,0.0,0.0,0.0,0.0,0.0,0.0,0.0,0.0,0.0,0.0,0.0,0.0,0.0,0.0,0.0,0.0,0.0,0.0,0.0,0.0,0.0,0.0,0.0,0.0,0.0,0.0,0.0,0.0,0.0,0.0,0.0,0.0,0.0,0.0,0.0,0.0,0.0,0.0,0.0,0.0,0.0,0.0,0.0,0.0,0.0,0.0,0.0,0.0,0.0,0.0
stop,0.4136696457862854,0.5934982895851135,-2.8757565218029413e-08,0.47076037526130676,0.5663330554962158,-0.015924649313092232,0.5088468194007874,0.5203812718391418,-0.02005068212747574,0.4910517930984497,0.4668172597885132,-0.025083359330892563,0.45218536257743835,0.45628297328948975,-0.02725127711892128,0.5004363656044006,0.4650731682777405,0.01056553702801466,0.5060406923294067,0.4158608913421631,-0.006879190914332867,0.4838600158691406,0.4329507350921631,-0.0202498622238636,0.47235429286956787,0.4556613266468048,-0.027257472276687622,0.46728408336639404,0.4525824785232544,0.008953258395195007,0.46877846121788025,0.40812602639198303,-0.012637041509151459,0.4539068043231964,0.4395534098148346,-0.02533531002700329,0.4512012004852295,0.46519964933395386,-0.027923237532377243,0.4386287331581116,0.45110055804252625,0.002857215004041791,0.4353121519088745,0.42101579904556274,-0.019463539123535156,0.4306976795196533,0.4577856957912445,-0.02544593997299671,0.43531906604766846,0.4832976162433624,-0.0223100446164608,0.41328132152557373,0.45826593041419983,-0.004994616378098726,0.41383373737335205,0.4427941143512726,-0.01623164862394333,0.4113476276397705,0.46954551339149475,-0.015086771920323372,0.4143544137477875,0.4908234477043152,-0.010441861115396023,0.0,0.0,0.0,0.0,0.0,0.0,0.0,0.0,0.0,0.0,0.0,0.0,0.0,0.0,0.0,0.0,0.0,0.0,0.0,0.0,0.0,0.0,0.0,0.0,0.0,0.0,0.0,0.0,0.0,0.0,0.0,0.0,0.0,0.0,0.0,0.0,0.0,0.0,0.0,0.0,0.0,0.0,0.0,0.0,0.0,0.0,0.0,0.0,0.0,0.0,0.0,0.0,0.0,0.0,0.0,0.0,0.0,0.0,0.0,0.0,0.0,0.0,0.0
stop,0.3441739082336426,0.5623388886451721,-4.579065304710639e-08,0.3883136510848999,0.5234128832817078,-0.005864912178367376,0.41391199827194214,0.47622355818748474,-0.007691985461860895,0.4134245812892914,0.4321865141391754,-0.01179370004683733,0.39566728472709656,0.40621137619018555,-0.01521857175976038,0.415575236082077,0.4334433972835541,0.013141831383109093,0.41367268562316895,0.3887368142604828,0.0011475997744128108,0.40371063351631165,0.39825934171676636,-0.011175992898643017,0.39524173736572266,0.4129357933998108,-0.017683105543255806,0.39014095067977905,0.4292124807834625,0.010165317915380001,0.38386404514312744,0.38796839118003845,3.892740551236784e-06,0.3758743703365326,0.4095625877380371,-0.008809881284832954,0.37113451957702637,0.43090564012527466,-0.01297850627452135,0.3647124469280243,0.4337470233440399,0.004381914157420397,0.35934385657310486,0.3966744542121887,-0.004514395724982023,0.35457101464271545,0.41749027371406555,-0.0061976113356649876,0.3500712215900421,0.4370303153991699,-0.005119604524224997,0.3383203148841858,0.4443518817424774,-0.0026226702611893415,0.33382031321525574,0.41672372817993164,-0.005672392901033163,0.33308935165405273,0.4292583465576172,-0.0025955785531550646,0.3322623074054718,0.4443809986114502,0.001011040061712265,0.0,0.0,0.0,0.0,0.0,0.0,0.0,0.0,0.0,0.0,0.0,0.0,0.0,0.0,0.0,0.0,0.0,0.0,0.0,0.0,0.0,0.0,0.0,0.0,0.0,0.0,0.0,0.0,0.0,0.0,0.0,0.0,0.0,0.0,0.0,0.0,0.0,0.0,0.0,0.0,0.0,0.0,0.0,0.0,0.0,0.0,0.0,0.0,0.0,0.0,0.0,0.0,0.0,0.0,0.0,0.0,0.0,0.0,0.0,0.0,0.0,0.0,0.0
stop,0.33765557408332825,0.47010600566864014,-5.947698156205661e-08,0.3874477446079254,0.43712615966796875,-0.02372124418616295,0.41821005940437317,0.3770161271095276,-0.029856011271476746,0.39502453804016113,0.32340893149375916,-0.03414678946137428,0.35606712102890015,0.3260251581668854,-0.032698001712560654,0.40626636147499084,0.32956722378730774,0.0006679871585220098,0.3923535943031311,0.28274276852607727,-0.02136908657848835,0.37902548909187317,0.3269639313220978,-0.03330601006746292,0.3830391466617584,0.3539789915084839,-0.037995677441358566,0.3737735450267792,0.3275255858898163,0.0022863049525767565,0.35699599981307983,0.2847600281238556,-0.021791409701108932,0.35287293791770935,0.33602374792099,-0.02831057272851467,0.3628873825073242,0.3556920886039734,-0.025806449353694916,0.34588947892189026,0.3332459628582001,-0.0019254062790423632,0.3311396837234497,0.30241459608078003,-0.02857361175119877,0.3348831534385681,0.35063180327415466,-0.029652578756213188,0.34944963455200195,0.3683967590332031,-0.02175387367606163,0.3217705488204956,0.3455424904823303,-0.008471832610666752,0.3175840377807617,0.3242661654949188,-0.02085040509700775,0.322528600692749,0.35693925619125366,-0.01719548925757408,0.3294527530670166,0.3755326271057129,-0.00995742715895176,0.0,0.0,0.0,0.0,0.0,0.0,0.0,0.0,0.0,0.0,0.0,0.0,0.0,0.0,0.0,0.0,0.0,0.0,0.0,0.0,0.0,0.0,0.0,0.0,0.0,0.0,0.0,0.0,0.0,0.0,0.0,0.0,0.0,0.0,0.0,0.0,0.0,0.0,0.0,0.0,0.0,0.0,0.0,0.0,0.0,0.0,0.0,0.0,0.0,0.0,0.0,0.0,0.0,0.0,0.0,0.0,0.0,0.0,0.0,0.0,0.0,0.0,0.0
stop,0.2550715208053589,0.3998083472251892,-2.157960565796202e-08,0.30702075362205505,0.3634095788002014,-0.0186211708933115,0.3361351788043976,0.30790382623672485,-0.023689862340688705,0.3118442893028259,0.2607157826423645,-0.028552021831274033,0.27290859818458557,0.2642692029476166,-0.02992914617061615,0.32131704688072205,0.2591775953769684,0.004162455443292856,0.3143956959247589,0.21333175897598267,-0.013450446538627148,0.3015799820423126,0.24534966051578522,-0.02567092329263687,0.2997148334980011,0.27208518981933594,-0.031667690724134445,0.28733670711517334,0.2556069791316986,0.004405575338751078,0.2781184911727905,0.21517300605773926,-0.015725409612059593,0.2733660042285919,0.2547120451927185,-0.02574487030506134,0.276925265789032,0.27923688292503357,-0.02735939435660839,0.2591938078403473,0.2604678273200989,-5.4085332521935925e-05,0.25264960527420044,0.22756175696849823,-0.021728551015257835,0.2554556727409363,0.2641967535018921,-0.027367988601326942,0.2632008194923401,0.28502169251441956,-0.02429286018013954,0.2348538488149643,0.2726217806339264,-0.006418876349925995,0.23752769827842712,0.24995413422584534,-0.016528835520148277,0.24108511209487915,0.2731977701187134,-0.015514912083745003,0.24452587962150574,0.2910362482070923,-0.011359309777617455,0.0,0.0,0.0,0.0,0.0,0.0,0.0,0.0,0.0,0.0,0.0,0.0,0.0,0.0,0.0,0.0,0.0,0.0,0.0,0.0,0.0,0.0,0.0,0.0,0.0,0.0,0.0,0.0,0.0,0.0,0.0,0.0,0.0,0.0,0.0,0.0,0.0,0.0,0.0,0.0,0.0,0.0,0.0,0.0,0.0,0.0,0.0,0.0,0.0,0.0,0.0,0.0,0.0,0.0,0.0,0.0,0.0,0.0,0.0,0.0,0.0,0.0,0.0
stop,0.32120203971862793,0.625261127948761,-5.502327127260287e-08,0.36750584840774536,0.593756914138794,-0.016042109578847885,0.40238723158836365,0.5473315119743347,-0.021456439048051834,0.3837879002094269,0.49608996510505676,-0.027217619121074677,0.3439255356788635,0.4901723265647888,-0.029518375173211098,0.38954776525497437,0.47640401124954224,0.007086136378347874,0.39591705799102783,0.4370320439338684,-0.009623841382563114,0.3817208707332611,0.4659135043621063,-0.021551111713051796,0.3766162097454071,0.48618364334106445,-0.027945218607783318,0.3576086759567261,0.46809473633766174,0.004921932704746723,0.3584732711315155,0.42805013060569763,-0.012420237995684147,0.35134488344192505,0.46480900049209595,-0.020694736391305923,0.3527114987373352,0.4827670454978943,-0.02231525257229805,0.3290135860443115,0.47138717770576477,-0.0016335365362465382,0.3243217468261719,0.44554010033607483,-0.01890704035758972,0.3251359462738037,0.48390066623687744,-0.019440164789557457,0.3308603763580322,0.5013039708137512,-0.015293929725885391,0.3018680512905121,0.4822201430797577,-0.010196864604949951,0.29912588000297546,0.4640827476978302,-0.015991317108273506,0.3020375967025757,0.4901975989341736,-0.01075937319546938,0.3082149624824524,0.5058464407920837,-0.0050416262820363045,0.0,0.0,0.0,0.0,0.0,0.0,0.0,0.0,0.0,0.0,0.0,0.0,0.0,0.0,0.0,0.0,0.0,0.0,0.0,0.0,0.0,0.0,0.0,0.0,0.0,0.0,0.0,0.0,0.0,0.0,0.0,0.0,0.0,0.0,0.0,0.0,0.0,0.0,0.0,0.0,0.0,0.0,0.0,0.0,0.0,0.0,0.0,0.0,0.0,0.0,0.0,0.0,0.0,0.0,0.0,0.0,0.0,0.0,0.0,0.0,0.0,0.0,0.0
stop,0.3746119439601898,0.6487306952476501,-4.491978344844938e-08,0.4213791787624359,0.6340913772583008,-0.016628604382276535,0.4595337510108948,0.6016494631767273,-0.023037070408463478,0.44653964042663574,0.5508877038955688,-0.028942670673131943,0.413860023021698,0.5259143710136414,-0.033041004091501236,0.4518844187259674,0.529441773891449,-0.0014371880097314715,0.46013298630714417,0.4885638654232025,-0.020256860181689262,0.44531384110450745,0.49887338280677795,-0.03440025821328163,0.43390434980392456,0.5146875977516174,-0.04185295104980469,0.42151209712028503,0.514680027961731,-0.0023893259931355715,0.4279942214488983,0.4743199050426483,-0.020997783169150352,0.4140429198741913,0.5053858757019043,-0.030672628432512283,0.41115233302116394,0.5282963514328003,-0.03311309963464737,0.3937435746192932,0.5105247497558594,-0.006915373727679253,0.3935217261314392,0.4783659279346466,-0.02532673068344593,0.3863108456134796,0.5123375654220581,-0.026174573227763176,0.38728615641593933,0.5332103967666626,-0.022332744672894478,0.3656223714351654,0.5136699676513672,-0.013196141459047794,0.36412161588668823,0.48810768127441406,-0.022138362750411034,0.36243218183517456,0.514380156993866,-0.017563587054610252,0.36547788977622986,0.5343999862670898,-0.011886746622622013,0.0,0.0,0.0,0.0,0.0,0.0,0.0,0.0,0.0,0.0,0.0,0.0,0.0,0.0,0.0,0.0,0.0,0.0,0.0,0.0,0.0,0.0,0.0,0.0,0.0,0.0,0.0,0.0,0.0,0.0,0.0,0.0,0.0,0.0,0.0,0.0,0.0,0.0,0.0,0.0,0.0,0.0,0.0,0.0,0.0,0.0,0.0,0.0,0.0,0.0,0.0,0.0,0.0,0.0,0.0,0.0,0.0,0.0,0.0,0.0,0.0,0.0,0.0
stop,0.3987136483192444,0.41254106163978577,-3.2892575774212673e-08,0.4419270157814026,0.4015774428844452,-0.01635020226240158,0.4714241623878479,0.36379334330558777,-0.026349443942308426,0.4718077480792999,0.31659460067749023,-0.03569899499416351,0.45999786257743835,0.2896696925163269,-0.04483415186405182,0.48346856236457825,0.3192199468612671,-0.013023408129811287,0.49300113320350647,0.2894456684589386,-0.03222592920064926,0.4699569344520569,0.29221341013908386,-0.04803778603672981,0.4511394500732422,0.30360639095306396,-0.05774843692779541,0.4599875509738922,0.3080759048461914,-0.01391635276377201,0.47166678309440613,0.27275606989860535,-0.03178228810429573,0.4538019001483917,0.2793671190738678,-0.04244250804185867,0.4369908571243286,0.2949819564819336,-0.047439154237508774,0.4347701668739319,0.3071551024913788,-0.017444051802158356,0.44112804532051086,0.27182838320732117,-0.03522774204611778,0.4281831383705139,0.28867149353027344,-0.036179106682538986,0.4168834686279297,0.3084051012992859,-0.03341343253850937,0.4092843532562256,0.313676655292511,-0.02232781983911991,0.41253337264060974,0.28943759202957153,-0.03415088355541229,0.40610602498054504,0.30274587869644165,-0.031094519421458244,0.40108826756477356,0.31754037737846375,-0.026592757552862167,0.0,0.0,0.0,0.0,0.0,0.0,0.0,0.0,0.0,0.0,0.0,0.0,0.0,0.0,0.0,0.0,0.0,0.0,0.0,0.0,0.0,0.0,0.0,0.0,0.0,0.0,0.0,0.0,0.0,0.0,0.0,0.0,0.0,0.0,0.0,0.0,0.0,0.0,0.0,0.0,0.0,0.0,0.0,0.0,0.0,0.0,0.0,0.0,0.0,0.0,0.0,0.0,0.0,0.0,0.0,0.0,0.0,0.0,0.0,0.0,0.0,0.0,0.0
stop,0.5250549912452698,0.3632526099681854,1.1552231171663152e-07,0.5757451057434082,0.3505079746246338,-0.016740044578909874,0.6237046718597412,0.3171706795692444,-0.022197119891643524,0.6398212313652039,0.26836133003234863,-0.02772095613181591,0.6267018914222717,0.23312760889530182,-0.03229088336229324,0.6144928932189941,0.24864834547042847,-0.00010650323383742943,0.6294224858283997,0.20581413805484772,-0.013628117740154266,0.626918613910675,0.21954630315303802,-0.026552066206932068,0.6263570785522461,0.2425161749124527,-0.03478929400444031,0.586469292640686,0.23387502133846283,0.00031296879751607776,0.5994005799293518,0.19488587975502014,-0.013301466591656208,0.6013571619987488,0.2080232799053192,-0.023940248414874077,0.6039332747459412,0.23006847500801086,-0.029911864548921585,0.5576120018959045,0.22804240882396698,-0.0027860242407768965,0.571940541267395,0.1863340437412262,-0.01723579503595829,0.5763140916824341,0.1993960291147232,-0.0203557051718235,0.5813170075416565,0.2221384048461914,-0.019953088834881783,0.5277578234672546,0.22791433334350586,-0.007729487493634224,0.5409830212593079,0.19618535041809082,-0.01679364964365959,0.5468143224716187,0.20457252860069275,-0.015331709757447243,0.5515220761299133,0.22207273542881012,-0.01253573503345251,0.0,0.0,0.0,0.0,0.0,0.0,0.0,0.0,0.0,0.0,0.0,0.0,0.0,0.0,0.0,0.0,0.0,0.0,0.0,0.0,0.0,0.0,0.0,0.0,0.0,0.0,0.0,0.0,0.0,0.0,0.0,0.0,0.0,0.0,0.0,0.0,0.0,0.0,0.0,0.0,0.0,0.0,0.0,0.0,0.0,0.0,0.0,0.0,0.0,0.0,0.0,0.0,0.0,0.0,0.0,0.0,0.0,0.0,0.0,0.0,0.0,0.0,0.0
stop,0.5970747470855713,0.3470044434070587,3.09910532791946e-08,0.6789870262145996,0.35487014055252075,-0.019380180165171623,0.7441185116767883,0.31085681915283203,-0.02666471153497696,0.7538400292396545,0.22894889116287231,-0.03494494408369064,0.7175499796867371,0.18090057373046875,-0.038532521575689316,0.7493721842765808,0.2607264220714569,0.010787595994770527,0.759168803691864,0.20942068099975586,-0.011643948033452034,0.7276138663291931,0.24072802066802979,-0.026929659768939018,0.7141653299331665,0.26682475209236145,-0.035224150866270065,0.7136202454566956,0.23062068223953247,0.006157499272376299,0.7191964387893677,0.1715654581785202,-0.016568634659051895,0.6941289901733398,0.22139079868793488,-0.026356177404522896,0.6933051347732544,0.24948662519454956,-0.0280548594892025,0.6753764748573303,0.21017706394195557,-0.00433862442150712,0.6757768988609314,0.16054002940654755,-0.031120136380195618,0.6565303802490234,0.2194044589996338,-0.03167114779353142,0.6607198715209961,0.25276458263397217,-0.02473062463104725,0.6362558007240295,0.19787107408046722,-0.016798604279756546,0.639761209487915,0.1643097698688507,-0.02826732024550438,0.6276490092277527,0.20220470428466797,-0.02061673253774643,0.6271272897720337,0.22643491625785828,-0.011737878434360027,0.0,0.0,0.0,0.0,0.0,0.0,0.0,0.0,0.0,0.0,0.0,0.0,0.0,0.0,0.0,0.0,0.0,0.0,0.0,0.0,0.0,0.0,0.0,0.0,0.0,0.0,0.0,0.0,0.0,0.0,0.0,0.0,0.0,0.0,0.0,0.0,0.0,0.0,0.0,0.0,0.0,0.0,0.0,0.0,0.0,0.0,0.0,0.0,0.0,0.0,0.0,0.0,0.0,0.0,0.0,0.0,0.0,0.0,0.0,0.0,0.0,0.0,0.0
stop,0.6863836646080017,0.3522500991821289,-2.8848788247159973e-08,0.7488309741020203,0.3614283800125122,-0.013905656524002552,0.8125879168510437,0.33293330669403076,-0.01917177252471447,0.837652862071991,0.2775067389011383,-0.025373559445142746,0.8293823599815369,0.23153002560138702,-0.03003702312707901,0.8158791065216064,0.2538849711418152,-0.002567589981481433,0.8374353051185608,0.2172057032585144,-0.02158273383975029,0.8178470134735107,0.24818778038024902,-0.03538648784160614,0.8079715967178345,0.2687828540802002,-0.04378297179937363,0.7865152359008789,0.22928348183631897,-0.006471539381891489,0.8054720163345337,0.18992702662944794,-0.026081597432494164,0.7912200689315796,0.22734662890434265,-0.03581036999821663,0.783604621887207,0.2450874298810959,-0.04048037901520729,0.7529001235961914,0.21284599602222443,-0.013671532273292542,0.7741720676422119,0.16869550943374634,-0.03563050553202629,0.7578267455101013,0.21404574811458588,-0.032480787485837936,0.7480978965759277,0.24024397134780884,-0.02653178945183754,0.715530276298523,0.20005790889263153,-0.022213123738765717,0.7332726120948792,0.16802376508712769,-0.03602469339966774,0.7253633141517639,0.199537992477417,-0.030112795531749725,0.7180047631263733,0.2211562842130661,-0.023530522361397743,0.0,0.0,0.0,0.0,0.0,0.0,0.0,0.0,0.0,0.0,0.0,0.0,0.0,0.0,0.0,0.0,0.0,0.0,0.0,0.0,0.0,0.0,0.0,0.0,0.0,0.0,0.0,0.0,0.0,0.0,0.0,0.0,0.0,0.0,0.0,0.0,0.0,0.0,0.0,0.0,0.0,0.0,0.0,0.0,0.0,0.0,0.0,0.0,0.0,0.0,0.0,0.0,0.0,0.0,0.0,0.0,0.0,0.0,0.0,0.0,0.0,0.0,0.0
stop,0.522498369216919,0.3259924054145813,1.7699046850339073e-07,0.5745207071304321,0.3070511817932129,-0.012453834526240826,0.6204861998558044,0.26776325702667236,-0.015563318505883217,0.6229119896888733,0.21313905715942383,-0.019502369686961174,0.5902916193008423,0.19385457038879395,-0.022918706759810448,0.605600118637085,0.21004833281040192,0.0057044122368097305,0.6220872402191162,0.16721326112747192,-0.004775114357471466,0.6228406429290771,0.1671827882528305,-0.016155730932950974,0.6201274394989014,0.17968468368053436,-0.023951727896928787,0.5766271352767944,0.1960359662771225,0.004095752257853746,0.5873403549194336,0.16038428246974945,-0.006926148198544979,0.5912306308746338,0.17255957424640656,-0.017071062698960304,0.594196081161499,0.19355475902557373,-0.022859865799546242,0.5473513007164001,0.1934320628643036,-0.00044451706344261765,0.5573342442512512,0.1518787443637848,-0.013698475435376167,0.5639428496360779,0.167546346783638,-0.018265830352902412,0.5701625347137451,0.19079355895519257,-0.019138820469379425,0.5170484781265259,0.19857564568519592,-0.006408388260751963,0.5275372862815857,0.16970393061637878,-0.015478434972465038,0.5342868566513062,0.18486610054969788,-0.014609531499445438,0.5388723015785217,0.20822834968566895,-0.012564103119075298,0.0,0.0,0.0,0.0,0.0,0.0,0.0,0.0,0.0,0.0,0.0,0.0,0.0,0.0,0.0,0.0,0.0,0.0,0.0,0.0,0.0,0.0,0.0,0.0,0.0,0.0,0.0,0.0,0.0,0.0,0.0,0.0,0.0,0.0,0.0,0.0,0.0,0.0,0.0,0.0,0.0,0.0,0.0,0.0,0.0,0.0,0.0,0.0,0.0,0.0,0.0,0.0,0.0,0.0,0.0,0.0,0.0,0.0,0.0,0.0,0.0,0.0,0.0
stop,0.45631420612335205,0.39940565824508667,1.4945984005976243e-08,0.5203313827514648,0.3993973731994629,-0.015597986057400703,0.5596987009048462,0.3576091527938843,-0.02332456409931183,0.5485802888870239,0.290685772895813,-0.03136580064892769,0.5146543383598328,0.25761327147483826,-0.03830469027161598,0.5596430897712708,0.3178515136241913,-0.000768084661103785,0.5707862973213196,0.2785007655620575,-0.018818307667970657,0.5461268424987793,0.28690728545188904,-0.03484838828444481,0.5246347188949585,0.30695289373397827,-0.044007133692502975,0.5296937823295593,0.2933235168457031,-0.002398761222139001,0.5433363318443298,0.24563440680503845,-0.017616162076592445,0.5282158255577087,0.2560206949710846,-0.029879366979002953,0.514022946357727,0.2752937972545624,-0.03607814759016037,0.5001965761184692,0.2812403440475464,-0.0075964718125760555,0.5101489424705505,0.24001142382621765,-0.02274993620812893,0.5017966628074646,0.266742080450058,-0.02757912501692772,0.4937470257282257,0.2939445972442627,-0.02714325487613678,0.47043275833129883,0.27892258763313293,-0.014433314092457294,0.48080283403396606,0.2549046277999878,-0.020856505259871483,0.4769563674926758,0.27406758069992065,-0.01767975464463234,0.4710445702075958,0.2945385277271271,-0.014120596460998058,0.0,0.0,0.0,0.0,0.0,0.0,0.0,0.0,0.0,0.0,0.0,0.0,0.0,0.0,0.0,0.0,0.0,0.0,0.0,0.0,0.0,0.0,0.0,0.0,0.0,0.0,0.0,0.0,0.0,0.0,0.0,0.0,0.0,0.0,0.0,0.0,0.0,0.0,0.0,0.0,0.0,0.0,0.0,0.0,0.0,0.0,0.0,0.0,0.0,0.0,0.0,0.0,0.0,0.0,0.0,0.0,0.0,0.0,0.0,0.0,0.0,0.0,0.0
stop,0.4508007764816284,0.5429294109344482,-3.7757538962068793e-07,0.4694421887397766,0.5026740431785583,-0.012276246212422848,0.49738508462905884,0.46289241313934326,-0.017329204827547073,0.5153172016143799,0.42640918493270874,-0.023335564881563187,0.5187027454376221,0.40151384472846985,-0.02885942906141281,0.5466550588607788,0.4653812348842621,0.0029811235144734383,0.5578629374504089,0.4194684326648712,-0.011604598723351955,0.5316063761711121,0.3989088237285614,-0.025774231180548668,0.505013644695282,0.4000701904296875,-0.03377652168273926,0.5489841103553772,0.460766077041626,0.0023024175316095352,0.5635955333709717,0.40469518303871155,-0.012956495396792889,0.5385884642601013,0.3802033066749573,-0.024890298023819923,0.5109512209892273,0.3776181638240814,-0.029706887900829315,0.5477989912033081,0.46433764696121216,-0.0014278099406510592,0.5587684512138367,0.4090709686279297,-0.016476325690746307,0.5349981784820557,0.39076411724090576,-0.022478321567177773,0.511447548866272,0.39318138360977173,-0.022650135681033134,0.5434150099754333,0.4779840111732483,-0.006349422503262758,0.5545513033866882,0.43375298380851746,-0.015939459204673767,0.5340389013290405,0.41856226325035095,-0.015041316859424114,0.5129878520965576,0.41997814178466797,-0.011576279066503048,0.0,0.0,0.0,0.0,0.0,0.0,0.0,0.0,0.0,0.0,0.0,0.0,0.0,0.0,0.0,0.0,0.0,0.0,0.0,0.0,0.0,0.0,0.0,0.0,0.0,0.0,0.0,0.0,0.0,0.0,0.0,0.0,0.0,0.0,0.0,0.0,0.0,0.0,0.0,0.0,0.0,0.0,0.0,0.0,0.0,0.0,0.0,0.0,0.0,0.0,0.0,0.0,0.0,0.0,0.0,0.0,0.0,0.0,0.0,0.0,0.0,0.0,0.0
stop,0.37320393323898315,0.39653050899505615,1.467267196630928e-09,0.436853289604187,0.37438514828681946,-0.019594591110944748,0.4769708216190338,0.3174045979976654,-0.023999514058232307,0.46000492572784424,0.25361168384552,-0.02775500901043415,0.41474542021751404,0.2456454634666443,-0.026509329676628113,0.4615386128425598,0.2670941650867462,0.00587703799828887,0.45641693472862244,0.21149691939353943,-0.013296429999172688,0.44111064076423645,0.25944703817367554,-0.025438738986849785,0.4430061876773834,0.2878771424293518,-0.031352367252111435,0.4284486472606659,0.2629735469818115,0.006097840610891581,0.41993606090545654,0.21358320116996765,-0.010301829315721989,0.41403859853744507,0.2681995928287506,-0.014799971133470535,0.42295029759407043,0.28836360573768616,-0.014294981956481934,0.39817583560943604,0.26436758041381836,0.0007418724708259106,0.39179733395576477,0.22304798662662506,-0.01842256635427475,0.39249709248542786,0.27452000975608826,-0.017372693866491318,0.4032331109046936,0.296420156955719,-0.010951211676001549,0.369570255279541,0.26988524198532104,-0.0068438369780778885,0.3709903955459595,0.23981831967830658,-0.013978580012917519,0.3738439679145813,0.2734143137931824,-0.007915626280009747,0.37623724341392517,0.29323890805244446,-0.0008752740104682744,0.0,0.0,0.0,0.0,0.0,0.0,0.0,0.0,0.0,0.0,0.0,0.0,0.0,0.0,0.0,0.0,0.0,0.0,0.0,0.0,0.0,0.0,0.0,0.0,0.0,0.0,0.0,0.0,0.0,0.0,0.0,0.0,0.0,0.0,0.0,0.0,0.0,0.0,0.0,0.0,0.0,0.0,0.0,0.0,0.0,0.0,0.0,0.0,0.0,0.0,0.0,0.0,0.0,0.0,0.0,0.0,0.0,0.0,0.0,0.0,0.0,0.0,0.0
stop,0.3758646249771118,0.4428335428237915,-4.632230599099785e-08,0.4337274730205536,0.4260525703430176,-0.014490419998764992,0.472429096698761,0.3825036883354187,-0.01902506873011589,0.460489422082901,0.3264310657978058,-0.02466764487326145,0.42667144536972046,0.3076377511024475,-0.027809062972664833,0.4642851948738098,0.33323436975479126,0.009075822308659554,0.4666205048561096,0.2867470383644104,-0.007974022999405861,0.44849222898483276,0.3130241334438324,-0.021214503794908524,0.4391827881336212,0.33972427248954773,-0.027823153883218765,0.43415844440460205,0.3203006088733673,0.007582945749163628,0.4342002868652344,0.2774020731449127,-0.012778276577591896,0.42111894488334656,0.3142341673374176,-0.024657364934682846,0.41635310649871826,0.34220635890960693,-0.02699199691414833,0.4072915315628052,0.3174348771572113,0.0020682318136096,0.4063307046890259,0.28226518630981445,-0.0185315553098917,0.4012838900089264,0.3198241591453552,-0.02338556759059429,0.4015800356864929,0.34740206599235535,-0.019752470776438713,0.38232606649398804,0.3219633996486664,-0.0049417633563280106,0.3858322501182556,0.29930728673934937,-0.014866498298943043,0.38321453332901,0.32475584745407104,-0.012861917726695538,0.38240692019462585,0.34677597880363464,-0.007684782613068819,0.0,0.0,0.0,0.0,0.0,0.0,0.0,0.0,0.0,0.0,0.0,0.0,0.0,0.0,0.0,0.0,0.0,0.0,0.0,0.0,0.0,0.0,0.0,0.0,0.0,0.0,0.0,0.0,0.0,0.0,0.0,0.0,0.0,0.0,0.0,0.0,0.0,0.0,0.0,0.0,0.0,0.0,0.0,0.0,0.0,0.0,0.0,0.0,0.0,0.0,0.0,0.0,0.0,0.0,0.0,0.0,0.0,0.0,0.0,0.0,0.0,0.0,0.0
stop,0.2770135998725891,0.4077845811843872,-4.1380371840205044e-07,0.25576433539390564,0.34587761759757996,0.0001279270654777065,0.2544044852256775,0.29837238788604736,-0.004120086785405874,0.2563701868057251,0.26631996035575867,-0.013341359794139862,0.2615017294883728,0.24934585392475128,-0.022445447742938995,0.30676865577697754,0.2678006887435913,0.016603566706180573,0.30370065569877625,0.22572052478790283,0.0034640198573470116,0.2839379608631134,0.2358454167842865,-0.009754395112395287,0.27138370275497437,0.2583618462085724,-0.01821834407746792,0.31989315152168274,0.2718758285045624,0.006791968364268541,0.3148895800113678,0.21616069972515106,-0.009089597500860691,0.28944945335388184,0.22912834584712982,-0.020174873992800713,0.2745712399482727,0.2549351155757904,-0.02445785515010357,0.3307827115058899,0.28379568457603455,-0.00585805531591177,0.32280057668685913,0.22262471914291382,-0.025844989344477654,0.29565030336380005,0.23819082975387573,-0.030770376324653625,0.2810368835926056,0.26765164732933044,-0.029501549899578094,0.33742785453796387,0.30148401856422424,-0.01866338960826397,0.32289090752601624,0.24674151837825775,-0.03484401851892471,0.2937133312225342,0.2531245946884155,-0.03559257090091705,0.2735525965690613,0.2769075632095337,-0.03278631344437599,0.0,0.0,0.0,0.0,0.0,0.0,0.0,0.0,0.0,0.0,0.0,0.0,0.0,0.0,0.0,0.0,0.0,0.0,0.0,0.0,0.0,0.0,0.0,0.0,0.0,0.0,0.0,0.0,0.0,0.0,0.0,0.0,0.0,0.0,0.0,0.0,0.0,0.0,0.0,0.0,0.0,0.0,0.0,0.0,0.0,0.0,0.0,0.0,0.0,0.0,0.0,0.0,0.0,0.0,0.0,0.0,0.0,0.0,0.0,0.0,0.0,0.0,0.0
stop,0.3724707067012787,0.5831049680709839,-9.841161130452747e-08,0.419500470161438,0.5530480146408081,-0.017782047390937805,0.4530271887779236,0.5083518624305725,-0.022280754521489143,0.43320977687835693,0.45738619565963745,-0.026461606845259666,0.3948984146118164,0.4541270136833191,-0.026445921510457993,0.4511301815509796,0.45504310727119446,0.010055030696094036,0.45354703068733215,0.41546475887298584,-0.0058649806305766106,0.4353516399860382,0.43750429153442383,-0.01764346845448017,0.4288414716720581,0.45392748713493347,-0.023758934810757637,0.4212763011455536,0.44466468691825867,0.009912732057273388,0.4137200713157654,0.405327707529068,-0.009240645915269852,0.4046131670475006,0.4407813847064972,-0.018422935158014297,0.40901273488998413,0.45863351225852966,-0.019114689901471138,0.39487171173095703,0.4441457986831665,0.004873435478657484,0.3865355849266052,0.41347211599349976,-0.013882165774703026,0.38564532995224,0.44624248147010803,-0.01708725281059742,0.3936963677406311,0.45985665917396545,-0.013235691003501415,0.3712645173072815,0.4516550302505493,-0.0023092664778232574,0.36853060126304626,0.4313462972640991,-0.009051973931491375,0.36880213022232056,0.45451074838638306,-0.005663295276463032,0.3734467923641205,0.47015580534935,-0.0003079799353145063,0.0,0.0,0.0,0.0,0.0,0.0,0.0,0.0,0.0,0.0,0.0,0.0,0.0,0.0,0.0,0.0,0.0,0.0,0.0,0.0,0.0,0.0,0.0,0.0,0.0,0.0,0.0,0.0,0.0,0.0,0.0,0.0,0.0,0.0,0.0,0.0,0.0,0.0,0.0,0.0,0.0,0.0,0.0,0.0,0.0,0.0,0.0,0.0,0.0,0.0,0.0,0.0,0.0,0.0,0.0,0.0,0.0,0.0,0.0,0.0,0.0,0.0,0.0
stop,0.37398645281791687,0.5465494394302368,1.1313022518777416e-08,0.4229835271835327,0.5186410546302795,-0.010768475010991096,0.4545137882232666,0.4806557893753052,-0.013531429693102837,0.4445425570011139,0.4339720606803894,-0.017885183915495872,0.412983775138855,0.4231910705566406,-0.02106662280857563,0.45086416602134705,0.4310429096221924,0.013324717991054058,0.46156975626945496,0.38852840662002563,0.0024027933832257986,0.44456830620765686,0.3824394941329956,-0.009446772746741772,0.4282761514186859,0.38843607902526855,-0.016630688682198524,0.4226265847682953,0.42131850123405457,0.011488184332847595,0.425851434469223,0.38003817200660706,-0.0012222308432683349,0.41515716910362244,0.39391571283340454,-0.013139269314706326,0.40820765495300293,0.4136037230491638,-0.01846330612897873,0.39726942777633667,0.4223679006099701,0.006403117440640926,0.3969697952270508,0.38829511404037476,-0.006882443092763424,0.39365679025650024,0.4084443151950836,-0.013219313696026802,0.39075711369514465,0.4305630922317505,-0.013565232045948505,0.37358376383781433,0.4303130507469177,-0.0001767109934007749,0.3759705424308777,0.40603694319725037,-0.006476564798504114,0.37477177381515503,0.4193279445171356,-0.005951481405645609,0.37442120909690857,0.43758532404899597,-0.0036212431732565165,0.0,0.0,0.0,0.0,0.0,0.0,0.0,0.0,0.0,0.0,0.0,0.0,0.0,0.0,0.0,0.0,0.0,0.0,0.0,0.0,0.0,0.0,0.0,0.0,0.0,0.0,0.0,0.0,0.0,0.0,0.0,0.0,0.0,0.0,0.0,0.0,0.0,0.0,0.0,0.0,0.0,0.0,0.0,0.0,0.0,0.0,0.0,0.0,0.0,0.0,0.0,0.0,0.0,0.0,0.0,0.0,0.0,0.0,0.0,0.0,0.0,0.0,0.0
stop,0.319447785615921,0.4684588313102722,-2.358088835308081e-07,0.3291112184524536,0.4180179834365845,-0.009954288601875305,0.34102219343185425,0.37099993228912354,-0.01602667011320591,0.3307186961174011,0.3344116508960724,-0.024529429152607918,0.3159787058830261,0.3205316364765167,-0.03101888857781887,0.38144224882125854,0.3420650362968445,0.009485645219683647,0.3819606900215149,0.2998139262199402,-0.005897090770304203,0.3570936918258667,0.3081483244895935,-0.018381424248218536,0.34407731890678406,0.3262942135334015,-0.026386193931102753,0.3726906478404999,0.3395403325557709,0.004692682530730963,0.3665277063846588,0.28780168294906616,-0.015686729922890663,0.3414870798587799,0.3059467375278473,-0.02636617235839367,0.3361671566963196,0.32932132482528687,-0.02919129841029644,0.3623858094215393,0.3467496931552887,-0.003950510174036026,0.3568320870399475,0.2952207326889038,-0.027568623423576355,0.3335140645503998,0.31455910205841064,-0.03073950670659542,0.3291163444519043,0.33667129278182983,-0.026624739170074463,0.35145118832588196,0.3612931966781616,-0.013632286339998245,0.3478083610534668,0.32065337896347046,-0.02971094474196434,0.32949334383010864,0.33163440227508545,-0.02887609414756298,0.32320380210876465,0.35012897849082947,-0.024423127993941307,0.0,0.0,0.0,0.0,0.0,0.0,0.0,0.0,0.0,0.0,0.0,0.0,0.0,0.0,0.0,0.0,0.0,0.0,0.0,0.0,0.0,0.0,0.0,0.0,0.0,0.0,0.0,0.0,0.0,0.0,0.0,0.0,0.0,0.0,0.0,0.0,0.0,0.0,0.0,0.0,0.0,0.0,0.0,0.0,0.0,0.0,0.0,0.0,0.0,0.0,0.0,0.0,0.0,0.0,0.0,0.0,0.0,0.0,0.0,0.0,0.0,0.0,0.0
stop,0.26020073890686035,0.4839230179786682,-9.680657342414634e-08,0.305320143699646,0.45025914907455444,-0.01677665300667286,0.3321574330329895,0.4029814302921295,-0.021991660818457603,0.31344467401504517,0.35903871059417725,-0.02690134011209011,0.28281015157699585,0.35146090388298035,-0.029243847355246544,0.3238069415092468,0.3507021963596344,0.00264054536819458,0.32197633385658264,0.3151441216468811,-0.01382236834615469,0.29915452003479004,0.33381158113479614,-0.026154177263379097,0.2899819612503052,0.35243842005729675,-0.033033084124326706,0.2928101420402527,0.3433126211166382,0.00260191410779953,0.28947094082832336,0.3065648674964905,-0.017611689865589142,0.27382680773735046,0.33424806594848633,-0.028367148712277412,0.27111104130744934,0.3557136058807373,-0.03043387085199356,0.267090767621994,0.3473285138607025,-0.0012752985348924994,0.2615176737308502,0.31816452741622925,-0.02158587984740734,0.2565121054649353,0.34658706188201904,-0.026288442313671112,0.26013079285621643,0.3661489486694336,-0.023200098425149918,0.24553823471069336,0.36014798283576965,-0.006805309094488621,0.2435626983642578,0.3385312855243683,-0.017273440957069397,0.2435154914855957,0.35764819383621216,-0.01634984090924263,0.24839377403259277,0.37487584352493286,-0.012230602093040943,0.0,0.0,0.0,0.0,0.0,0.0,0.0,0.0,0.0,0.0,0.0,0.0,0.0,0.0,0.0,0.0,0.0,0.0,0.0,0.0,0.0,0.0,0.0,0.0,0.0,0.0,0.0,0.0,0.0,0.0,0.0,0.0,0.0,0.0,0.0,0.0,0.0,0.0,0.0,0.0,0.0,0.0,0.0,0.0,0.0,0.0,0.0,0.0,0.0,0.0,0.0,0.0,0.0,0.0,0.0,0.0,0.0,0.0,0.0,0.0,0.0,0.0,0.0
stop,0.2215869426727295,0.44060730934143066,-1.0213618395482627e-07,0.25254619121551514,0.4042510986328125,-0.014663904905319214,0.26532384753227234,0.35718008875846863,-0.02073690854012966,0.2409856617450714,0.3150545358657837,-0.027101198211312294,0.21577122807502747,0.3033197522163391,-0.030462682247161865,0.27431735396385193,0.3186601996421814,0.0011832730378955603,0.27064049243927,0.27222129702568054,-0.017902329564094543,0.24813801050186157,0.2906755208969116,-0.03032982163131237,0.23966485261917114,0.3148579001426697,-0.036549437791109085,0.2514670491218567,0.31123897433280945,3.418000051169656e-05,0.24172468483448029,0.2625897526741028,-0.021059708669781685,0.22541972994804382,0.2899039685726166,-0.029733266681432724,0.2271152138710022,0.3152056038379669,-0.030547235161066055,0.23034343123435974,0.3140641152858734,-0.00523798493668437,0.21983018517494202,0.2693201005458832,-0.02801119163632393,0.21039563417434692,0.29990410804748535,-0.02933582291007042,0.21554288268089294,0.32563865184783936,-0.023429270833730698,0.2099890410900116,0.3255636990070343,-0.012021955102682114,0.2034088671207428,0.29347217082977295,-0.025903983041644096,0.198038250207901,0.31272092461586,-0.024118876084685326,0.20068281888961792,0.3343697488307953,-0.018740113824605942,0.0,0.0,0.0,0.0,0.0,0.0,0.0,0.0,0.0,0.0,0.0,0.0,0.0,0.0,0.0,0.0,0.0,0.0,0.0,0.0,0.0,0.0,0.0,0.0,0.0,0.0,0.0,0.0,0.0,0.0,0.0,0.0,0.0,0.0,0.0,0.0,0.0,0.0,0.0,0.0,0.0,0.0,0.0,0.0,0.0,0.0,0.0,0.0,0.0,0.0,0.0,0.0,0.0,0.0,0.0,0.0,0.0,0.0,0.0,0.0,0.0,0.0,0.0
stop,0.24667955935001373,0.5693527460098267,-3.237286705370934e-07,0.2438162863254547,0.5213860273361206,-0.006406867876648903,0.25040367245674133,0.4743431806564331,-0.011571678332984447,0.2533283531665802,0.44039398431777954,-0.019100196659564972,0.2576836943626404,0.4149605333805084,-0.02540396712720394,0.29454413056373596,0.43844839930534363,0.0036161993630230427,0.30336621403694153,0.39298245310783386,-0.0149414436891675,0.2758684754371643,0.3817654550075531,-0.030025437474250793,0.2533319890499115,0.3882136046886444,-0.03826725482940674,0.29474735260009766,0.44276517629623413,-0.002075561322271824,0.2960386872291565,0.38883158564567566,-0.020006738603115082,0.26588115096092224,0.3798666000366211,-0.03125987574458122,0.24573379755020142,0.38878676295280457,-0.035883497446775436,0.2915867269039154,0.45445531606674194,-0.010788136161863804,0.2854645550251007,0.3994789719581604,-0.028475753962993622,0.2576353847980499,0.3979753851890564,-0.03186653181910515,0.24027666449546814,0.41048669815063477,-0.030626190826296806,0.285962849855423,0.4728797674179077,-0.02032860741019249,0.2713571786880493,0.42751529812812805,-0.03305933251976967,0.2519632875919342,0.4293045103549957,-0.03230610489845276,0.24188175797462463,0.4451901912689209,-0.028780050575733185,0.0,0.0,0.0,0.0,0.0,0.0,0.0,0.0,0.0,0.0,0.0,0.0,0.0,0.0,0.0,0.0,0.0,0.0,0.0,0.0,0.0,0.0,0.0,0.0,0.0,0.0,0.0,0.0,0.0,0.0,0.0,0.0,0.0,0.0,0.0,0.0,0.0,0.0,0.0,0.0,0.0,0.0,0.0,0.0,0.0,0.0,0.0,0.0,0.0,0.0,0.0,0.0,0.0,0.0,0.0,0.0,0.0,0.0,0.0,0.0,0.0,0.0,0.0
stop,0.26561087369918823,0.647187352180481,-9.3216627305992e-08,0.3030429780483246,0.6103099584579468,-0.022999275475740433,0.32580387592315674,0.5602977275848389,-0.02995794452726841,0.30051010847091675,0.520691990852356,-0.03458428755402565,0.26603007316589355,0.5224772691726685,-0.034269191324710846,0.3179301619529724,0.5047455430030823,-0.004212365951389074,0.31758055090904236,0.4701046049594879,-0.02486010454595089,0.30095434188842773,0.49718019366264343,-0.0358784943819046,0.29764577746391296,0.5080737471580505,-0.04080473631620407,0.28802773356437683,0.4984253942966461,-0.002408983651548624,0.2767065465450287,0.4691188633441925,-0.02472626604139805,0.27157706022262573,0.513245165348053,-0.029427431523799896,0.2804528772830963,0.5243589878082275,-0.026920592412352562,0.26190197467803955,0.5015144348144531,-0.00604573218151927,0.2476080060005188,0.4819054901599884,-0.028481941670179367,0.2515345811843872,0.5241750478744507,-0.027684183791279793,0.26517534255981445,0.5324271321296692,-0.02090987004339695,0.23852601647377014,0.5132236480712891,-0.012085641734302044,0.2270222306251526,0.4991134703159332,-0.020799417048692703,0.23369179666042328,0.526447057723999,-0.016663361340761185,0.24496036767959595,0.5379695892333984,-0.01074144709855318,0.0,0.0,0.0,0.0,0.0,0.0,0.0,0.0,0.0,0.0,0.0,0.0,0.0,0.0,0.0,0.0,0.0,0.0,0.0,0.0,0.0,0.0,0.0,0.0,0.0,0.0,0.0,0.0,0.0,0.0,0.0,0.0,0.0,0.0,0.0,0.0,0.0,0.0,0.0,0.0,0.0,0.0,0.0,0.0,0.0,0.0,0.0,0.0,0.0,0.0,0.0,0.0,0.0,0.0,0.0,0.0,0.0,0.0,0.0,0.0,0.0,0.0,0.0
stop,0.3146657645702362,0.47643911838531494,-3.355354039058511e-08,0.36449503898620605,0.46828019618988037,-0.01701899617910385,0.40034720301628113,0.4291849434375763,-0.025244224816560745,0.39170607924461365,0.3727409541606903,-0.03307845816016197,0.3660905659198761,0.3420184254646301,-0.03948821499943733,0.4019765853881836,0.37832701206207275,-0.003811357542872429,0.40357157588005066,0.3419506549835205,-0.021340278908610344,0.3858312666416168,0.3622588813304901,-0.03542517498135567,0.3755723834037781,0.3863832354545593,-0.04371480643749237,0.37296155095100403,0.3596040904521942,-0.00465882383286953,0.3758528530597687,0.3207835257053375,-0.023131541907787323,0.36120283603668213,0.3483457565307617,-0.03394070267677307,0.3526889681816101,0.3739592730998993,-0.03776762634515762,0.344852089881897,0.3539159893989563,-0.00883079320192337,0.34496545791625977,0.3196223974227905,-0.027391765266656876,0.336663156747818,0.35070082545280457,-0.030146745964884758,0.33333104848861694,0.37556108832359314,-0.027603240683674812,0.3174179196357727,0.35719266533851624,-0.014583280310034752,0.31730613112449646,0.33501994609832764,-0.025378407910466194,0.3130321502685547,0.357513427734375,-0.02318890579044819,0.3121448755264282,0.3777259588241577,-0.019153129309415817,0.0,0.0,0.0,0.0,0.0,0.0,0.0,0.0,0.0,0.0,0.0,0.0,0.0,0.0,0.0,0.0,0.0,0.0,0.0,0.0,0.0,0.0,0.0,0.0,0.0,0.0,0.0,0.0,0.0,0.0,0.0,0.0,0.0,0.0,0.0,0.0,0.0,0.0,0.0,0.0,0.0,0.0,0.0,0.0,0.0,0.0,0.0,0.0,0.0,0.0,0.0,0.0,0.0,0.0,0.0,0.0,0.0,0.0,0.0,0.0,0.0,0.0,0.0
stop,0.22774922847747803,0.3482919931411743,-4.816326963918982e-07,0.21076136827468872,0.28223031759262085,-0.0008647411596029997,0.2095394730567932,0.2309403419494629,-0.0057379016652703285,0.21434354782104492,0.19807705283164978,-0.016192175447940826,0.2255735844373703,0.18336719274520874,-0.02483808435499668,0.2576785087585449,0.21755766868591309,0.012213524430990219,0.25831493735313416,0.16987496614456177,-0.0062941452488303185,0.2379189431667328,0.19334587454795837,-0.017331169918179512,0.23479750752449036,0.22059105336666107,-0.022868625819683075,0.27128908038139343,0.22555261850357056,0.0020894946064800024,0.25796961784362793,0.17009419202804565,-0.020603466778993607,0.23681996762752533,0.20012187957763672,-0.027452608570456505,0.24233373999595642,0.22693182528018951,-0.027394136413931847,0.286053329706192,0.23925894498825073,-0.01169675961136818,0.27264291048049927,0.17846404016017914,-0.03660253807902336,0.2477184683084488,0.20574787259101868,-0.03468316048383713,0.24866187572479248,0.23256689310073853,-0.02725595235824585,0.3009934723377228,0.2590482831001282,-0.02598300762474537,0.29593130946159363,0.2037811577320099,-0.04098578169941902,0.26840925216674805,0.21367478370666504,-0.035884637385606766,0.2564701437950134,0.23533180356025696,-0.028210613876581192,0.0,0.0,0.0,0.0,0.0,0.0,0.0,0.0,0.0,0.0,0.0,0.0,0.0,0.0,0.0,0.0,0.0,0.0,0.0,0.0,0.0,0.0,0.0,0.0,0.0,0.0,0.0,0.0,0.0,0.0,0.0,0.0,0.0,0.0,0.0,0.0,0.0,0.0,0.0,0.0,0.0,0.0,0.0,0.0,0.0,0.0,0.0,0.0,0.0,0.0,0.0,0.0,0.0,0.0,0.0,0.0,0.0,0.0,0.0,0.0,0.0,0.0,0.0
stop,0.3190566301345825,0.3539018929004669,-3.38653137532674e-07,0.32509252429008484,0.3095368444919586,-0.00039590103551745415,0.34053707122802734,0.2674228847026825,-0.001277151983231306,0.35205286741256714,0.23592162132263184,-0.005612785462290049,0.3540498912334442,0.21135151386260986,-0.00938616693019867,0.37608158588409424,0.25016945600509644,0.008973855525255203,0.38950419425964355,0.20622797310352325,-0.005612581502646208,0.3703506886959076,0.18496811389923096,-0.017993589863181114,0.3491424322128296,0.18081580102443695,-0.02406378835439682,0.3783005475997925,0.25366976857185364,0.003094581887125969,0.3832746148109436,0.20626816153526306,-0.009916008450090885,0.3607530891895294,0.1884223371744156,-0.01920025609433651,0.3394743800163269,0.19013148546218872,-0.023008204996585846,0.3792406916618347,0.2631414234638214,-0.005015613045543432,0.381529837846756,0.21514472365379333,-0.017101386561989784,0.3594292402267456,0.19814512133598328,-0.02135063149034977,0.3386687934398651,0.20093360543251038,-0.021230679005384445,0.3786460757255554,0.27988728880882263,-0.013672352768480778,0.3798117935657501,0.24185554683208466,-0.021364819258451462,0.36351969838142395,0.2235962450504303,-0.021745240315794945,0.3458278179168701,0.22143632173538208,-0.019773337990045547,0.0,0.0,0.0,0.0,0.0,0.0,0.0,0.0,0.0,0.0,0.0,0.0,0.0,0.0,0.0,0.0,0.0,0.0,0.0,0.0,0.0,0.0,0.0,0.0,0.0,0.0,0.0,0.0,0.0,0.0,0.0,0.0,0.0,0.0,0.0,0.0,0.0,0.0,0.0,0.0,0.0,0.0,0.0,0.0,0.0,0.0,0.0,0.0,0.0,0.0,0.0,0.0,0.0,0.0,0.0,0.0,0.0,0.0,0.0,0.0,0.0,0.0,0.0
stop,0.4040871560573578,0.3714728057384491,-5.802259650522501e-08,0.4573253393173218,0.34908047318458557,-0.011269088834524155,0.491883248090744,0.30965831875801086,-0.016455747187137604,0.49114975333213806,0.25959891080856323,-0.02322796918451786,0.4699951112270355,0.234555184841156,-0.02943093329668045,0.4819512665271759,0.2529428005218506,0.003496060613542795,0.4902642071247101,0.20355048775672913,-0.011260471306741238,0.4709015190601349,0.20968440175056458,-0.02445228397846222,0.457112193107605,0.23184514045715332,-0.03215730935335159,0.45141151547431946,0.24113750457763672,0.0015872367657721043,0.4571031332015991,0.19168756902217865,-0.01561387162655592,0.4426114559173584,0.20431149005889893,-0.027613582089543343,0.43077847361564636,0.23075304925441742,-0.03246139734983444,0.4252627193927765,0.24126198887825012,-0.003134471131488681,0.4319973587989807,0.19291776418685913,-0.02071497030556202,0.424089252948761,0.21042943000793457,-0.02480928972363472,0.41569024324417114,0.2388945072889328,-0.022766534239053726,0.40356191992759705,0.25059810280799866,-0.009026188403367996,0.41430437564849854,0.2135578989982605,-0.01979820802807808,0.40969958901405334,0.22660553455352783,-0.01834893971681595,0.40321242809295654,0.24941998720169067,-0.014355134218931198,0.0,0.0,0.0,0.0,0.0,0.0,0.0,0.0,0.0,0.0,0.0,0.0,0.0,0.0,0.0,0.0,0.0,0.0,0.0,0.0,0.0,0.0,0.0,0.0,0.0,0.0,0.0,0.0,0.0,0.0,0.0,0.0,0.0,0.0,0.0,0.0,0.0,0.0,0.0,0.0,0.0,0.0,0.0,0.0,0.0,0.0,0.0,0.0,0.0,0.0,0.0,0.0,0.0,0.0,0.0,0.0,0.0,0.0,0.0,0.0,0.0,0.0,0.0
